walk_id	walk_cn	circular	order	node_id	chrom	start	end	strand
1	0.02	FALSE	1	590	chr7	38750000	40550000	+
1	0.02	FALSE	2	591	chr7	40550000	52100000	+
1	0.02	FALSE	3	592	chr7	52100000	52150000	+
1	0.02	FALSE	4	593	chr7	52150000	53200000	+
1	0.02	FALSE	5	594	chr7	53200000	53950000	+
1	0.02	FALSE	6	595	chr7	53950000	56050000	+
1	0.02	FALSE	7	596	chr7	56050000	56950000	+
1	0.02	FALSE	8	597	chr7	56950000	58050000	+
1	0.02	FALSE	9	598	chr7	58050000	58100000	+
1	0.02	FALSE	10	599	chr7	58100000	58150000	+
1	0.02	FALSE	11	600	chr7	58150000	60800000	+
1	0.02	FALSE	12	601	chr7	60800000	60850000	+
1	0.02	FALSE	13	602	chr7	60850000	60900000	+
1	0.02	FALSE	14	603	chr7	60900000	62250000	+
1	0.02	FALSE	15	604	chr7	62250000	63450000	+
1	0.02	FALSE	16	605	chr7	63450000	63750000	+
1	0.02	FALSE	17	606	chr7	63750000	63850000	+
1	0.02	FALSE	18	607	chr7	63850000	64250000	+
1	0.02	FALSE	19	608	chr7	64250000	65050000	+
1	0.02	FALSE	20	609	chr7	65050000	67300000	+
1	0.02	FALSE	21	610	chr7	67300000	67350000	+
1	0.02	FALSE	22	611	chr7	67350000	70100000	+
1	0.02	FALSE	23	612	chr7	70100000	70400000	+
1	0.02	FALSE	24	613	chr7	70400000	72500000	+
1	0.02	FALSE	25	614	chr7	72500000	76450000	+
1	0.02	FALSE	26	615	chr7	76450000	77200000	+
1	0.02	FALSE	27	616	chr7	77200000	79350000	+
1	0.02	FALSE	28	617	chr7	79350000	83700000	+
1	0.02	FALSE	29	618	chr7	83700000	85350000	+
1	0.02	FALSE	30	619	chr7	85350000	86950000	+
1	0.02	FALSE	31	620	chr7	86950000	87150000	+
1	0.02	FALSE	32	621	chr7	87150000	87200000	+
1	0.02	FALSE	33	622	chr7	87200000	91900000	+
1	0.02	FALSE	34	623	chr7	91900000	94250000	+
1	0.02	FALSE	35	624	chr7	94250000	98200000	+
1	0.02	FALSE	36	625	chr7	98200000	102300000	+
1	0.02	FALSE	37	626	chr7	102300000	102700000	+
1	0.02	FALSE	38	627	chr7	102700000	142800000	+
1	0.02	FALSE	39	628	chr7	142800000	148500000	+
1	0.02	FALSE	40	629	chr7	148500000	151050000	+
1	0.02	FALSE	41	630	chr7	151050000	151450000	+
1	0.02	FALSE	42	631	chr7	151450000	152850000	+
1	0.02	FALSE	43	632	chr7	152850000	153400000	+
1	0.02	FALSE	44	633	chr7	153400000	154900000	+
1	0.02	FALSE	45	634	chr7	154900000	155600000	+
1	0.02	FALSE	46	635	chr7	155600000	157550000	+
1	0.02	FALSE	47	636	chr7	157550000	158600000	+
1	0.02	FALSE	48	637	chr7	158600000	159345973	+
2	0.78	FALSE	1	152	chr13	18150000	18600000	+
2	0.78	FALSE	2	153	chr13	18600000	19200000	+
2	0.78	FALSE	3	154	chr13	19200000	40800000	+
2	0.78	FALSE	4	155	chr13	40800000	42250000	+
2	0.78	FALSE	5	156	chr13	42250000	48500000	+
2	0.78	FALSE	6	157	chr13	48500000	48700000	+
2	0.78	FALSE	7	158	chr13	48700000	49550000	+
2	0.78	FALSE	8	159	chr13	49550000	49600000	+
2	0.78	FALSE	9	160	chr13	49600000	50900000	+
2	0.78	FALSE	10	161	chr13	50900000	52700000	+
2	0.78	FALSE	11	162	chr13	52700000	60050000	+
2	0.78	FALSE	12	163	chr13	60050000	60550000	+
2	0.78	FALSE	13	164	chr13	60550000	71150000	+
2	0.78	FALSE	14	165	chr13	71150000	81700000	+
2	0.78	FALSE	15	166	chr13	81700000	81750000	+
2	0.78	FALSE	16	167	chr13	81750000	94550000	+
2	0.78	FALSE	17	168	chr13	94550000	98100000	+
2	0.78	FALSE	18	169	chr13	98100000	114364328	+
3	0.03	FALSE	1	299	chr18	79850000	80373285	-
3	0.03	FALSE	2	298	chr18	79000000	79850000	-
3	0.03	FALSE	3	297	chr18	77550000	79000000	-
3	0.03	FALSE	4	296	chr18	72000000	77550000	-
3	0.03	FALSE	5	295	chr18	71950000	72000000	-
3	0.03	FALSE	6	294	chr18	71250000	71950000	-
3	0.03	FALSE	7	293	chr18	70200000	71250000	-
3	0.03	FALSE	8	292	chr18	70150000	70200000	-
3	0.03	FALSE	9	291	chr18	69850000	70150000	-
3	0.03	FALSE	10	290	chr18	65800000	69850000	-
3	0.03	FALSE	11	289	chr18	65750000	65800000	-
3	0.03	FALSE	12	288	chr18	65000000	65750000	-
3	0.03	FALSE	13	287	chr18	64700000	65000000	-
3	0.03	FALSE	14	286	chr18	64500000	64700000	-
3	0.03	FALSE	15	285	chr18	52600000	64500000	-
3	0.03	FALSE	16	284	chr18	52550000	52600000	-
3	0.03	FALSE	17	283	chr18	50550000	52550000	-
3	0.03	FALSE	18	282	chr18	49850000	50550000	-
3	0.03	FALSE	19	281	chr18	49750000	49850000	-
3	0.03	FALSE	20	280	chr18	48050000	49750000	-
3	0.03	FALSE	21	279	chr18	47050000	48050000	-
3	0.03	FALSE	22	278	chr18	46600000	47050000	-
3	0.03	FALSE	23	277	chr18	42050000	46600000	-
3	0.03	FALSE	24	276	chr18	42000000	42050000	-
3	0.03	FALSE	25	275	chr18	41550000	42000000	-
3	0.03	FALSE	26	274	chr18	41500000	41550000	-
3	0.03	FALSE	27	273	chr18	39700000	41500000	-
3	0.03	FALSE	28	272	chr18	39650000	39700000	-
3	0.03	FALSE	29	271	chr18	39450000	39650000	-
3	0.03	FALSE	30	270	chr18	37800000	39450000	-
3	0.03	FALSE	31	269	chr18	37300000	37800000	-
3	0.03	FALSE	32	268	chr18	37250000	37300000	-
3	0.03	FALSE	33	267	chr18	37150000	37250000	-
3	0.03	FALSE	34	266	chr18	31450000	37150000	-
3	0.03	FALSE	35	265	chr18	31050000	31450000	-
3	0.03	FALSE	36	264	chr18	29600000	31050000	-
3	0.03	FALSE	37	263	chr18	29450000	29600000	-
3	0.03	FALSE	38	262	chr18	29350000	29450000	-
3	0.03	FALSE	39	261	chr18	28350000	29350000	-
3	0.03	FALSE	40	260	chr18	28300000	28350000	-
3	0.03	FALSE	41	259	chr18	28250000	28300000	-
3	0.03	FALSE	42	258	chr18	27500000	28250000	-
3	0.03	FALSE	43	257	chr18	26400000	27500000	-
3	0.03	FALSE	44	256	chr18	26000000	26400000	-
3	0.03	FALSE	45	255	chr18	25600000	26000000	-
3	0.03	FALSE	46	254	chr18	24550000	25600000	-
3	0.03	FALSE	47	253	chr18	22950000	24550000	-
3	0.03	FALSE	48	252	chr18	15400000	22950000	-
3	0.03	FALSE	49	251	chr18	0	15400000	-
4	0.11	FALSE	1	173	chr14	26400000	27050000	+
4	0.11	FALSE	2	174	chr14	27050000	29800000	+
4	0.11	FALSE	3	175	chr14	29800000	39750000	+
4	0.11	FALSE	4	176	chr14	39750000	43550000	+
4	0.11	FALSE	5	177	chr14	43550000	49450000	+
4	0.11	FALSE	6	178	chr14	49450000	53100000	+
4	0.11	FALSE	7	179	chr14	53100000	63250000	+
4	0.11	FALSE	8	180	chr14	63250000	63550000	+
4	0.11	FALSE	9	181	chr14	63550000	65000000	+
4	0.11	FALSE	10	182	chr14	65000000	66800000	+
4	0.11	FALSE	11	183	chr14	66800000	71000000	+
4	0.11	FALSE	12	184	chr14	71000000	73500000	+
4	0.11	FALSE	13	185	chr14	73500000	73700000	+
4	0.11	FALSE	14	186	chr14	73700000	77850000	+
4	0.11	FALSE	15	187	chr14	77850000	78150000	+
4	0.11	FALSE	16	188	chr14	78150000	79800000	+
4	0.11	FALSE	17	189	chr14	79800000	80050000	+
4	0.11	FALSE	18	190	chr14	80050000	81600000	+
4	0.11	FALSE	19	191	chr14	81600000	87550000	+
4	0.11	FALSE	20	192	chr14	87550000	88350000	+
4	0.11	FALSE	21	193	chr14	88350000	88800000	+
4	0.11	FALSE	22	194	chr14	88800000	97050000	+
5	0.37	FALSE	1	758	chrX	89250000	92850000	+
5	0.37	FALSE	2	759	chrX	92850000	118000000	+
5	0.37	FALSE	3	760	chrX	118000000	118250000	+
5	0.37	FALSE	4	761	chrX	118250000	119000000	+
5	0.37	FALSE	5	762	chrX	119000000	119100000	+
5	0.37	FALSE	6	763	chrX	119100000	119150000	+
5	0.37	FALSE	7	764	chrX	119150000	122700000	+
5	0.37	FALSE	8	765	chrX	122700000	122750000	+
5	0.37	FALSE	9	766	chrX	122750000	126100000	+
5	0.37	FALSE	10	767	chrX	126100000	126150000	+
5	0.37	FALSE	11	768	chrX	126150000	130050000	+
5	0.37	FALSE	12	769	chrX	130050000	130100000	+
5	0.37	FALSE	13	770	chrX	130100000	131250000	+
5	0.37	FALSE	14	771	chrX	131250000	131950000	+
5	0.37	FALSE	15	772	chrX	131950000	132000000	+
5	0.37	FALSE	16	773	chrX	132000000	137200000	+
5	0.37	FALSE	17	774	chrX	137200000	142000000	+
5	0.37	FALSE	18	775	chrX	142000000	143000000	+
5	0.37	FALSE	19	776	chrX	143000000	143050000	+
5	0.37	FALSE	20	777	chrX	143050000	144650000	+
5	0.37	FALSE	21	778	chrX	144650000	144700000	+
5	0.37	FALSE	22	779	chrX	144700000	146500000	+
5	0.37	FALSE	23	780	chrX	146500000	154050000	+
5	0.37	FALSE	24	781	chrX	154050000	154300000	+
5	0.37	FALSE	25	782	chrX	154300000	156040895	+
6	0.1	FALSE	1	495	chr3	127850000	129650000	+
6	0.1	FALSE	2	496	chr3	129650000	134600000	+
6	0.1	FALSE	3	497	chr3	134600000	135750000	+
6	0.1	FALSE	4	498	chr3	135750000	135800000	+
6	0.1	FALSE	5	499	chr3	135800000	137250000	+
6	0.1	FALSE	6	500	chr3	137250000	137900000	+
6	0.1	FALSE	7	501	chr3	137900000	139650000	+
6	0.1	FALSE	8	502	chr3	139650000	141300000	+
6	0.1	FALSE	9	503	chr3	141300000	142900000	+
6	0.1	FALSE	10	504	chr3	142900000	148650000	+
6	0.1	FALSE	11	505	chr3	148650000	154050000	+
6	0.1	FALSE	12	506	chr3	154050000	156700000	+
6	0.1	FALSE	13	507	chr3	156700000	156750000	+
6	0.1	FALSE	14	508	chr3	156750000	156900000	+
6	0.1	FALSE	15	509	chr3	156900000	157100000	+
6	0.1	FALSE	16	510	chr3	157100000	159600000	+
6	0.1	FALSE	17	511	chr3	159600000	159750000	+
6	0.1	FALSE	18	512	chr3	159750000	160050000	+
6	0.1	FALSE	19	513	chr3	160050000	160650000	+
6	0.1	FALSE	20	514	chr3	160650000	168300000	+
6	0.1	FALSE	21	515	chr3	168300000	173100000	+
6	0.1	FALSE	22	516	chr3	173100000	174600000	+
6	0.1	FALSE	23	517	chr3	174600000	174850000	+
6	0.1	FALSE	24	518	chr3	174850000	181950000	+
6	0.1	FALSE	25	519	chr3	181950000	182800000	+
6	0.1	FALSE	26	520	chr3	182800000	183050000	+
6	0.1	FALSE	27	521	chr3	183050000	183250000	+
6	0.1	FALSE	28	522	chr3	183250000	183300000	+
6	0.1	FALSE	29	523	chr3	183300000	183500000	+
7	0.47	FALSE	1	671	chr8	85850000	88050000	+
7	0.47	FALSE	2	672	chr8	88050000	91450000	+
7	0.47	FALSE	3	673	chr8	91450000	93550000	+
7	0.47	FALSE	4	674	chr8	93550000	95550000	+
7	0.47	FALSE	5	675	chr8	95550000	97500000	+
7	0.47	FALSE	6	676	chr8	97500000	100100000	+
7	0.47	FALSE	7	677	chr8	100100000	107000000	+
7	0.47	FALSE	8	678	chr8	107000000	113850000	+
7	0.47	FALSE	9	679	chr8	113850000	114350000	+
7	0.47	FALSE	10	680	chr8	114350000	114400000	+
7	0.47	FALSE	11	681	chr8	114400000	114450000	+
7	0.47	FALSE	12	682	chr8	114450000	114750000	+
7	0.47	FALSE	13	683	chr8	114750000	114800000	+
7	0.47	FALSE	14	684	chr8	114800000	132100000	+
7	0.47	FALSE	15	685	chr8	132100000	132550000	+
7	0.47	FALSE	16	686	chr8	132550000	133100000	+
7	0.47	FALSE	17	687	chr8	133100000	134450000	+
7	0.47	FALSE	18	688	chr8	134450000	134500000	+
7	0.47	FALSE	19	689	chr8	134500000	134900000	+
8	0.43	FALSE	1	700	chr9	4350000	7400000	+
8	0.43	FALSE	2	701	chr9	7400000	7500000	+
8	0.43	FALSE	3	702	chr9	7500000	9850000	+
8	0.43	FALSE	4	703	chr9	9850000	19050000	+
8	0.43	FALSE	5	704	chr9	19050000	20350000	+
8	0.43	FALSE	6	705	chr9	20350000	22950000	+
8	0.43	FALSE	7	706	chr9	22950000	30550000	+
8	0.43	FALSE	8	707	chr9	30550000	38000000	+
8	0.43	FALSE	9	708	chr9	38000000	38450000	+
8	0.43	FALSE	10	709	chr9	38450000	38900000	+
8	0.43	FALSE	11	710	chr9	38900000	39050000	+
8	0.43	FALSE	12	711	chr9	39050000	39600000	+
8	0.43	FALSE	13	712	chr9	39600000	40700000	+
8	0.43	FALSE	14	713	chr9	40700000	41300000	+
8	0.43	FALSE	15	714	chr9	41300000	41600000	+
8	0.43	FALSE	16	715	chr9	41600000	42700000	+
8	0.43	FALSE	17	716	chr9	42700000	43150000	+
8	0.43	FALSE	18	717	chr9	43150000	43200000	+
8	0.43	FALSE	19	718	chr9	43200000	43300000	+
8	0.43	FALSE	20	719	chr9	43300000	45550000	+
9	0.09	FALSE	1	578	chr7	0	100000	+
9	0.09	FALSE	2	579	chr7	100000	5650000	+
9	0.09	FALSE	3	580	chr7	5650000	5950000	+
9	0.09	FALSE	4	581	chr7	5950000	6700000	+
9	0.09	FALSE	5	582	chr7	6700000	32500000	+
9	0.09	FALSE	6	583	chr7	32500000	32850000	+
9	0.09	FALSE	7	584	chr7	32850000	33950000	+
9	0.09	FALSE	8	585	chr7	33950000	34900000	+
9	0.09	FALSE	9	586	chr7	34900000	35250000	+
10	0.04	FALSE	1	124	chr12	99550000	102350000	+
10	0.04	FALSE	2	125	chr12	102350000	103200000	+
10	0.04	FALSE	3	126	chr12	103200000	103800000	+
10	0.04	FALSE	4	127	chr12	103800000	105300000	+
10	0.04	FALSE	5	128	chr12	105300000	107850000	+
10	0.04	FALSE	6	129	chr12	107850000	108650000	+
10	0.04	FALSE	7	130	chr12	108650000	113000000	+
10	0.04	FALSE	8	131	chr12	113000000	113950000	+
10	0.04	FALSE	9	132	chr12	113950000	114500000	+
10	0.04	FALSE	10	133	chr12	114500000	115950000	+
10	0.04	FALSE	11	134	chr12	115950000	116350000	+
10	0.04	FALSE	12	135	chr12	116350000	117000000	+
10	0.04	FALSE	13	136	chr12	117000000	117900000	+
10	0.04	FALSE	14	137	chr12	117900000	118400000	+
10	0.04	FALSE	15	138	chr12	118400000	118700000	+
10	0.04	FALSE	16	139	chr12	118700000	119550000	+
10	0.04	FALSE	17	140	chr12	119550000	124200000	+
10	0.04	FALSE	18	141	chr12	124200000	127700000	+
10	0.04	FALSE	19	142	chr12	127700000	127950000	+
10	0.04	FALSE	20	143	chr12	127950000	129950000	+
10	0.04	FALSE	21	144	chr12	129950000	130700000	+
10	0.04	FALSE	22	145	chr12	130700000	131700000	+
10	0.04	FALSE	23	146	chr12	131700000	132100000	+
10	0.04	FALSE	24	147	chr12	132100000	133275309	+
11	0.32	FALSE	1	78	chr11	100650000	100800000	+
11	0.32	FALSE	2	79	chr11	100800000	100850000	+
11	0.32	FALSE	3	80	chr11	100850000	101350000	+
11	0.32	FALSE	4	81	chr11	101350000	101400000	+
11	0.32	FALSE	5	82	chr11	101400000	101800000	+
11	0.32	FALSE	6	83	chr11	101800000	102700000	+
11	0.32	FALSE	7	84	chr11	102700000	103500000	+
11	0.32	FALSE	8	85	chr11	103500000	113850000	+
11	0.32	FALSE	9	86	chr11	113850000	114750000	+
11	0.32	FALSE	10	87	chr11	114750000	116650000	+
11	0.32	FALSE	11	88	chr11	116650000	119500000	+
11	0.32	FALSE	12	89	chr11	119500000	119550000	+
11	0.32	FALSE	13	90	chr11	119550000	126400000	+
12	0.23	FALSE	1	437	chr22	35050000	35650000	+
12	0.23	FALSE	2	438	chr22	35650000	36250000	+
12	0.23	FALSE	3	439	chr22	36250000	37200000	+
12	0.23	FALSE	4	440	chr22	37200000	38050000	+
12	0.23	FALSE	5	441	chr22	38050000	38650000	+
12	0.23	FALSE	6	442	chr22	38650000	39750000	+
12	0.23	FALSE	7	443	chr22	39750000	41200000	+
12	0.23	FALSE	8	444	chr22	41200000	42150000	+
12	0.23	FALSE	9	445	chr22	42150000	42200000	+
12	0.23	FALSE	10	446	chr22	42200000	42800000	+
12	0.23	FALSE	11	447	chr22	42800000	45650000	+
12	0.23	FALSE	12	448	chr22	45650000	45800000	+
12	0.23	FALSE	13	449	chr22	45800000	46050000	+
12	0.23	FALSE	14	450	chr22	46050000	47100000	+
12	0.23	FALSE	15	451	chr22	47100000	48250000	+
12	0.23	FALSE	16	452	chr22	48250000	49700000	+
12	0.23	FALSE	17	453	chr22	49700000	50200000	+
13	0.28	FALSE	1	408	chr21	12950000	13250000	+
13	0.28	FALSE	2	409	chr21	13250000	19650000	+
13	0.28	FALSE	3	410	chr21	19650000	22500000	+
13	0.28	FALSE	4	411	chr21	22500000	23250000	+
13	0.28	FALSE	5	412	chr21	23250000	23750000	+
13	0.28	FALSE	6	413	chr21	23750000	24300000	+
13	0.28	FALSE	7	414	chr21	24300000	25000000	+
14	0.45	FALSE	1	657	chr8	53650000	54050000	+
15	0.06	FALSE	1	782	chrX	154300000	156040895	-
15	0.06	FALSE	2	781	chrX	154050000	154300000	-
15	0.06	FALSE	3	780	chrX	146500000	154050000	-
15	0.06	FALSE	4	779	chrX	144700000	146500000	-
15	0.06	FALSE	5	778	chrX	144650000	144700000	-
15	0.06	FALSE	6	777	chrX	143050000	144650000	-
15	0.06	FALSE	7	776	chrX	143000000	143050000	-
15	0.06	FALSE	8	775	chrX	142000000	143000000	-
15	0.06	FALSE	9	774	chrX	137200000	142000000	-
15	0.06	FALSE	10	773	chrX	132000000	137200000	-
15	0.06	FALSE	11	772	chrX	131950000	132000000	-
15	0.06	FALSE	12	771	chrX	131250000	131950000	-
15	0.06	FALSE	13	770	chrX	130100000	131250000	-
15	0.06	FALSE	14	769	chrX	130050000	130100000	-
15	0.06	FALSE	15	768	chrX	126150000	130050000	-
15	0.06	FALSE	16	767	chrX	126100000	126150000	-
15	0.06	FALSE	17	766	chrX	122750000	126100000	-
15	0.06	FALSE	18	765	chrX	122700000	122750000	-
15	0.06	FALSE	19	764	chrX	119150000	122700000	-
15	0.06	FALSE	20	763	chrX	119100000	119150000	-
15	0.06	FALSE	21	762	chrX	119000000	119100000	-
15	0.06	FALSE	22	761	chrX	118250000	119000000	-
15	0.06	FALSE	23	760	chrX	118000000	118250000	-
15	0.06	FALSE	24	759	chrX	92850000	118000000	-
15	0.06	FALSE	25	758	chrX	89250000	92850000	-
15	0.06	FALSE	26	757	chrX	62450000	89250000	-
15	0.06	FALSE	27	756	chrX	62400000	62450000	-
15	0.06	FALSE	28	755	chrX	55600000	62400000	-
15	0.06	FALSE	29	754	chrX	55000000	55600000	-
15	0.06	FALSE	30	753	chrX	54000000	55000000	-
15	0.06	FALSE	31	752	chrX	53700000	54000000	-
15	0.06	FALSE	32	751	chrX	52650000	53700000	-
15	0.06	FALSE	33	750	chrX	52200000	52650000	-
15	0.06	FALSE	34	749	chrX	51950000	52200000	-
15	0.06	FALSE	35	748	chrX	50550000	51950000	-
15	0.06	FALSE	36	747	chrX	50500000	50550000	-
15	0.06	FALSE	37	746	chrX	48000000	50500000	-
15	0.06	FALSE	38	745	chrX	40550000	48000000	-
15	0.06	FALSE	39	744	chrX	38300000	40550000	-
15	0.06	FALSE	40	743	chrX	24450000	38300000	-
15	0.06	FALSE	41	742	chrX	11300000	24450000	-
15	0.06	FALSE	42	741	chrX	10900000	11300000	-
15	0.06	FALSE	43	740	chrX	7650000	10900000	-
15	0.06	FALSE	44	739	chrX	7250000	7650000	-
15	0.06	FALSE	45	738	chrX	3700000	7250000	-
15	0.06	FALSE	46	737	chrX	2750000	3700000	-
16	0.56	FALSE	1	561	chr5	47350000	49650000	+
16	0.56	FALSE	2	562	chr5	49650000	49700000	+
16	0.56	FALSE	3	563	chr5	49700000	50400000	+
16	0.56	FALSE	4	564	chr5	50400000	52750000	+
16	0.56	FALSE	5	565	chr5	52750000	52800000	+
16	0.56	FALSE	6	566	chr5	52800000	59850000	+
16	0.56	FALSE	7	567	chr5	59850000	69800000	+
16	0.56	FALSE	8	568	chr5	69800000	71300000	+
16	0.56	FALSE	9	569	chr5	71300000	114250000	+
16	0.56	FALSE	10	570	chr5	114250000	181538259	+
17	0.09	FALSE	1	595	chr7	53950000	56050000	+
17	0.09	FALSE	2	596	chr7	56050000	56950000	+
17	0.09	FALSE	3	597	chr7	56950000	58050000	+
17	0.09	FALSE	4	598	chr7	58050000	58100000	+
17	0.09	FALSE	5	599	chr7	58100000	58150000	+
17	0.09	FALSE	6	600	chr7	58150000	60800000	+
17	0.09	FALSE	7	601	chr7	60800000	60850000	+
17	0.09	FALSE	8	602	chr7	60850000	60900000	+
17	0.09	FALSE	9	603	chr7	60900000	62250000	+
17	0.09	FALSE	10	604	chr7	62250000	63450000	+
17	0.09	FALSE	11	605	chr7	63450000	63750000	+
17	0.09	FALSE	12	606	chr7	63750000	63850000	+
17	0.09	FALSE	13	607	chr7	63850000	64250000	+
17	0.09	FALSE	14	608	chr7	64250000	65050000	+
17	0.09	FALSE	15	609	chr7	65050000	67300000	+
17	0.09	FALSE	16	610	chr7	67300000	67350000	+
17	0.09	FALSE	17	611	chr7	67350000	70100000	+
17	0.09	FALSE	18	612	chr7	70100000	70400000	+
17	0.09	FALSE	19	613	chr7	70400000	72500000	+
17	0.09	FALSE	20	614	chr7	72500000	76450000	+
17	0.09	FALSE	21	615	chr7	76450000	77200000	+
17	0.09	FALSE	22	616	chr7	77200000	79350000	+
17	0.09	FALSE	23	617	chr7	79350000	83700000	+
17	0.09	FALSE	24	618	chr7	83700000	85350000	+
17	0.09	FALSE	25	619	chr7	85350000	86950000	+
17	0.09	FALSE	26	620	chr7	86950000	87150000	+
17	0.09	FALSE	27	621	chr7	87150000	87200000	+
17	0.09	FALSE	28	622	chr7	87200000	91900000	+
17	0.09	FALSE	29	623	chr7	91900000	94250000	+
17	0.09	FALSE	30	624	chr7	94250000	98200000	+
17	0.09	FALSE	31	625	chr7	98200000	102300000	+
17	0.09	FALSE	32	626	chr7	102300000	102700000	+
17	0.09	FALSE	33	627	chr7	102700000	142800000	+
17	0.09	FALSE	34	628	chr7	142800000	148500000	+
17	0.09	FALSE	35	629	chr7	148500000	151050000	+
17	0.09	FALSE	36	630	chr7	151050000	151450000	+
17	0.09	FALSE	37	631	chr7	151450000	152850000	+
17	0.09	FALSE	38	632	chr7	152850000	153400000	+
17	0.09	FALSE	39	633	chr7	153400000	154900000	+
17	0.09	FALSE	40	634	chr7	154900000	155600000	+
17	0.09	FALSE	41	635	chr7	155600000	157550000	+
17	0.09	FALSE	42	636	chr7	157550000	158600000	+
17	0.09	FALSE	43	637	chr7	158600000	159345973	+
18	0.25	FALSE	1	154	chr13	19200000	40800000	+
18	0.25	FALSE	2	155	chr13	40800000	42250000	+
18	0.25	FALSE	3	156	chr13	42250000	48500000	+
18	0.25	FALSE	4	157	chr13	48500000	48700000	+
18	0.25	FALSE	5	158	chr13	48700000	49550000	+
18	0.25	FALSE	6	159	chr13	49550000	49600000	+
18	0.25	FALSE	7	160	chr13	49600000	50900000	+
18	0.25	FALSE	8	161	chr13	50900000	52700000	+
18	0.25	FALSE	9	162	chr13	52700000	60050000	+
18	0.25	FALSE	10	163	chr13	60050000	60550000	+
18	0.25	FALSE	11	164	chr13	60550000	71150000	+
18	0.25	FALSE	12	165	chr13	71150000	81700000	+
18	0.25	FALSE	13	166	chr13	81700000	81750000	+
18	0.25	FALSE	14	167	chr13	81750000	94550000	+
18	0.25	FALSE	15	168	chr13	94550000	98100000	+
18	0.25	FALSE	16	169	chr13	98100000	114364328	+
19	0.11	FALSE	1	174	chr14	27050000	29800000	+
19	0.11	FALSE	2	175	chr14	29800000	39750000	+
19	0.11	FALSE	3	176	chr14	39750000	43550000	+
19	0.11	FALSE	4	177	chr14	43550000	49450000	+
19	0.11	FALSE	5	178	chr14	49450000	53100000	+
19	0.11	FALSE	6	179	chr14	53100000	63250000	+
19	0.11	FALSE	7	180	chr14	63250000	63550000	+
19	0.11	FALSE	8	181	chr14	63550000	65000000	+
19	0.11	FALSE	9	182	chr14	65000000	66800000	+
19	0.11	FALSE	10	183	chr14	66800000	71000000	+
19	0.11	FALSE	11	184	chr14	71000000	73500000	+
19	0.11	FALSE	12	185	chr14	73500000	73700000	+
19	0.11	FALSE	13	186	chr14	73700000	77850000	+
19	0.11	FALSE	14	187	chr14	77850000	78150000	+
19	0.11	FALSE	15	188	chr14	78150000	79800000	+
19	0.11	FALSE	16	189	chr14	79800000	80050000	+
19	0.11	FALSE	17	190	chr14	80050000	81600000	+
19	0.11	FALSE	18	191	chr14	81600000	87550000	+
19	0.11	FALSE	19	192	chr14	87550000	88350000	+
19	0.11	FALSE	20	193	chr14	88350000	88800000	+
19	0.11	FALSE	21	194	chr14	88800000	97050000	+
20	0.14	FALSE	1	55	chr11	65250000	66300000	+
20	0.14	FALSE	2	56	chr11	66300000	67450000	+
20	0.14	FALSE	3	57	chr11	67450000	67850000	+
20	0.14	FALSE	4	58	chr11	67850000	67950000	+
20	0.14	FALSE	5	59	chr11	67950000	68050000	+
20	0.14	FALSE	6	60	chr11	68050000	68500000	+
20	0.14	FALSE	7	61	chr11	68500000	68950000	+
20	0.14	FALSE	8	62	chr11	68950000	69000000	+
20	0.14	FALSE	9	63	chr11	69000000	69150000	+
20	0.14	FALSE	10	64	chr11	69150000	69550000	+
20	0.14	FALSE	11	65	chr11	69550000	71350000	+
20	0.14	FALSE	12	66	chr11	71350000	71400000	+
20	0.14	FALSE	13	67	chr11	71400000	72200000	+
20	0.14	FALSE	14	68	chr11	72200000	72250000	+
20	0.14	FALSE	15	69	chr11	72250000	74900000	+
20	0.14	FALSE	16	70	chr11	74900000	77800000	+
20	0.14	FALSE	17	71	chr11	77800000	78600000	+
20	0.14	FALSE	18	72	chr11	78600000	80550000	+
20	0.14	FALSE	19	73	chr11	80550000	85550000	+
20	0.14	FALSE	20	74	chr11	85550000	90200000	+
20	0.14	FALSE	21	75	chr11	90200000	93750000	+
20	0.14	FALSE	22	76	chr11	93750000	96600000	+
20	0.14	FALSE	23	77	chr11	96600000	100650000	+
20	0.14	FALSE	24	78	chr11	100650000	100800000	+
20	0.14	FALSE	25	79	chr11	100800000	100850000	+
20	0.14	FALSE	26	80	chr11	100850000	101350000	+
20	0.14	FALSE	27	81	chr11	101350000	101400000	+
20	0.14	FALSE	28	82	chr11	101400000	101800000	+
20	0.14	FALSE	29	83	chr11	101800000	102700000	+
20	0.14	FALSE	30	84	chr11	102700000	103500000	+
20	0.14	FALSE	31	85	chr11	103500000	113850000	+
20	0.14	FALSE	32	86	chr11	113850000	114750000	+
20	0.14	FALSE	33	87	chr11	114750000	116650000	+
20	0.14	FALSE	34	88	chr11	116650000	119500000	+
20	0.14	FALSE	35	89	chr11	119500000	119550000	+
20	0.14	FALSE	36	90	chr11	119550000	126400000	+
20	0.14	FALSE	37	91	chr11	126400000	127300000	+
20	0.14	FALSE	38	92	chr11	127300000	128100000	+
20	0.14	FALSE	39	93	chr11	128100000	128150000	+
20	0.14	FALSE	40	94	chr11	128150000	130300000	+
20	0.14	FALSE	41	95	chr11	130300000	131050000	+
20	0.14	FALSE	42	96	chr11	131050000	132600000	+
20	0.14	FALSE	43	97	chr11	132600000	132750000	+
20	0.14	FALSE	44	98	chr11	132750000	132800000	+
20	0.14	FALSE	45	99	chr11	132800000	134050000	+
20	0.14	FALSE	46	100	chr11	134050000	134350000	+
20	0.14	FALSE	47	101	chr11	134350000	135086622	+
21	0.07	FALSE	1	299	chr18	79850000	80373285	-
21	0.07	FALSE	2	298	chr18	79000000	79850000	-
21	0.07	FALSE	3	297	chr18	77550000	79000000	-
21	0.07	FALSE	4	296	chr18	72000000	77550000	-
21	0.07	FALSE	5	295	chr18	71950000	72000000	-
21	0.07	FALSE	6	294	chr18	71250000	71950000	-
21	0.07	FALSE	7	293	chr18	70200000	71250000	-
21	0.07	FALSE	8	292	chr18	70150000	70200000	-
21	0.07	FALSE	9	291	chr18	69850000	70150000	-
21	0.07	FALSE	10	277	chr18	42050000	46600000	-
21	0.07	FALSE	11	276	chr18	42000000	42050000	-
21	0.07	FALSE	12	275	chr18	41550000	42000000	-
21	0.07	FALSE	13	274	chr18	41500000	41550000	-
21	0.07	FALSE	14	273	chr18	39700000	41500000	-
21	0.07	FALSE	15	272	chr18	39650000	39700000	-
21	0.07	FALSE	16	271	chr18	39450000	39650000	-
21	0.07	FALSE	17	270	chr18	37800000	39450000	-
21	0.07	FALSE	18	269	chr18	37300000	37800000	-
21	0.07	FALSE	19	268	chr18	37250000	37300000	-
21	0.07	FALSE	20	267	chr18	37150000	37250000	-
21	0.07	FALSE	21	266	chr18	31450000	37150000	-
21	0.07	FALSE	22	265	chr18	31050000	31450000	-
21	0.07	FALSE	23	264	chr18	29600000	31050000	-
21	0.07	FALSE	24	263	chr18	29450000	29600000	-
21	0.07	FALSE	25	262	chr18	29350000	29450000	-
21	0.07	FALSE	26	261	chr18	28350000	29350000	-
21	0.07	FALSE	27	260	chr18	28300000	28350000	-
21	0.07	FALSE	28	259	chr18	28250000	28300000	-
21	0.07	FALSE	29	258	chr18	27500000	28250000	-
21	0.07	FALSE	30	257	chr18	26400000	27500000	-
21	0.07	FALSE	31	256	chr18	26000000	26400000	-
21	0.07	FALSE	32	255	chr18	25600000	26000000	-
21	0.07	FALSE	33	254	chr18	24550000	25600000	-
21	0.07	FALSE	34	253	chr18	22950000	24550000	-
21	0.07	FALSE	35	252	chr18	15400000	22950000	-
21	0.07	FALSE	36	251	chr18	0	15400000	-
22	0.02	FALSE	1	672	chr8	88050000	91450000	+
22	0.02	FALSE	2	673	chr8	91450000	93550000	+
22	0.02	FALSE	3	674	chr8	93550000	95550000	+
22	0.02	FALSE	4	675	chr8	95550000	97500000	+
22	0.02	FALSE	5	676	chr8	97500000	100100000	+
22	0.02	FALSE	6	677	chr8	100100000	107000000	+
22	0.02	FALSE	7	678	chr8	107000000	113850000	+
22	0.02	FALSE	8	679	chr8	113850000	114350000	+
22	0.02	FALSE	9	680	chr8	114350000	114400000	+
22	0.02	FALSE	10	681	chr8	114400000	114450000	+
22	0.02	FALSE	11	682	chr8	114450000	114750000	+
22	0.02	FALSE	12	683	chr8	114750000	114800000	+
22	0.02	FALSE	13	684	chr8	114800000	132100000	+
22	0.02	FALSE	14	685	chr8	132100000	132550000	+
22	0.02	FALSE	15	686	chr8	132550000	133100000	+
22	0.02	FALSE	16	687	chr8	133100000	134450000	+
22	0.02	FALSE	17	688	chr8	134450000	134500000	+
22	0.02	FALSE	18	689	chr8	134500000	134900000	+
23	0.51	FALSE	1	538	chr5	0	500000	+
23	0.51	FALSE	2	539	chr5	500000	1650000	+
23	0.51	FALSE	3	540	chr5	1650000	2500000	+
23	0.51	FALSE	4	541	chr5	2500000	2600000	+
23	0.51	FALSE	5	542	chr5	2600000	2950000	+
23	0.51	FALSE	6	543	chr5	2950000	3650000	+
23	0.51	FALSE	7	544	chr5	3650000	4150000	+
23	0.51	FALSE	8	545	chr5	4150000	4350000	+
23	0.51	FALSE	9	546	chr5	4350000	9900000	+
23	0.51	FALSE	10	547	chr5	9900000	11850000	+
23	0.51	FALSE	11	548	chr5	11850000	12100000	+
23	0.51	FALSE	12	549	chr5	12100000	15000000	+
23	0.51	FALSE	13	550	chr5	15000000	15300000	+
23	0.51	FALSE	14	551	chr5	15300000	16300000	+
23	0.51	FALSE	15	552	chr5	16300000	17100000	+
23	0.51	FALSE	16	553	chr5	17100000	29750000	+
23	0.51	FALSE	17	554	chr5	29750000	41200000	+
23	0.51	FALSE	18	555	chr5	41200000	43400000	+
23	0.51	FALSE	19	556	chr5	43400000	43800000	+
23	0.51	FALSE	20	557	chr5	43800000	44150000	+
23	0.51	FALSE	21	558	chr5	44150000	45950000	+
24	0.04	FALSE	1	501	chr3	137900000	139650000	+
24	0.04	FALSE	2	502	chr3	139650000	141300000	+
24	0.04	FALSE	3	503	chr3	141300000	142900000	+
24	0.04	FALSE	4	504	chr3	142900000	148650000	+
24	0.04	FALSE	5	505	chr3	148650000	154050000	+
24	0.04	FALSE	6	506	chr3	154050000	156700000	+
24	0.04	FALSE	7	507	chr3	156700000	156750000	+
24	0.04	FALSE	8	508	chr3	156750000	156900000	+
24	0.04	FALSE	9	509	chr3	156900000	157100000	+
24	0.04	FALSE	10	510	chr3	157100000	159600000	+
24	0.04	FALSE	11	511	chr3	159600000	159750000	+
24	0.04	FALSE	12	512	chr3	159750000	160050000	+
24	0.04	FALSE	13	513	chr3	160050000	160650000	+
24	0.04	FALSE	14	514	chr3	160650000	168300000	+
24	0.04	FALSE	15	515	chr3	168300000	173100000	+
24	0.04	FALSE	16	516	chr3	173100000	174600000	+
24	0.04	FALSE	17	517	chr3	174600000	174850000	+
24	0.04	FALSE	18	518	chr3	174850000	181950000	+
24	0.04	FALSE	19	519	chr3	181950000	182800000	+
24	0.04	FALSE	20	520	chr3	182800000	183050000	+
24	0.04	FALSE	21	521	chr3	183050000	183250000	+
24	0.04	FALSE	22	522	chr3	183250000	183300000	+
24	0.04	FALSE	23	523	chr3	183300000	183500000	+
25	0.11	FALSE	1	700	chr9	4350000	7400000	+
25	0.11	FALSE	2	701	chr9	7400000	7500000	+
25	0.11	FALSE	3	702	chr9	7500000	9850000	+
25	0.11	FALSE	4	703	chr9	9850000	19050000	+
25	0.11	FALSE	5	704	chr9	19050000	20350000	+
25	0.11	FALSE	6	705	chr9	20350000	22950000	+
25	0.11	FALSE	7	706	chr9	22950000	30550000	+
25	0.11	FALSE	8	707	chr9	30550000	38000000	+
25	0.11	FALSE	9	708	chr9	38000000	38450000	+
25	0.11	FALSE	10	709	chr9	38450000	38900000	+
25	0.11	FALSE	11	710	chr9	38900000	39050000	+
25	0.11	FALSE	12	711	chr9	39050000	39600000	+
25	0.11	FALSE	13	712	chr9	39600000	40700000	+
25	0.11	FALSE	14	713	chr9	40700000	41300000	+
26	0.01	FALSE	1	661	chr8	66300000	67300000	-
26	0.01	FALSE	2	660	chr8	55950000	66300000	-
26	0.01	FALSE	3	659	chr8	55450000	55950000	-
26	0.01	FALSE	4	658	chr8	54050000	55450000	-
26	0.01	FALSE	5	657	chr8	53650000	54050000	-
26	0.01	FALSE	6	656	chr8	53100000	53650000	-
26	0.01	FALSE	7	655	chr8	46550000	53100000	-
26	0.01	FALSE	8	654	chr8	45900000	46550000	-
27	0.2	FALSE	1	133	chr12	114500000	115950000	+
27	0.2	FALSE	2	134	chr12	115950000	116350000	+
27	0.2	FALSE	3	135	chr12	116350000	117000000	+
27	0.2	FALSE	4	136	chr12	117000000	117900000	+
27	0.2	FALSE	5	137	chr12	117900000	118400000	+
27	0.2	FALSE	6	138	chr12	118400000	118700000	+
27	0.2	FALSE	7	139	chr12	118700000	119550000	+
27	0.2	FALSE	8	140	chr12	119550000	124200000	+
27	0.2	FALSE	9	141	chr12	124200000	127700000	+
27	0.2	FALSE	10	142	chr12	127700000	127950000	+
27	0.2	FALSE	11	143	chr12	127950000	129950000	+
27	0.2	FALSE	12	144	chr12	129950000	130700000	+
27	0.2	FALSE	13	145	chr12	130700000	131700000	+
27	0.2	FALSE	14	146	chr12	131700000	132100000	+
27	0.2	FALSE	15	147	chr12	132100000	133275309	+
28	0.13	FALSE	1	436	chr22	34550000	35050000	+
28	0.13	FALSE	2	437	chr22	35050000	35650000	+
28	0.13	FALSE	3	438	chr22	35650000	36250000	+
28	0.13	FALSE	4	439	chr22	36250000	37200000	+
28	0.13	FALSE	5	440	chr22	37200000	38050000	+
28	0.13	FALSE	6	441	chr22	38050000	38650000	+
28	0.13	FALSE	7	442	chr22	38650000	39750000	+
28	0.13	FALSE	8	443	chr22	39750000	41200000	+
28	0.13	FALSE	9	444	chr22	41200000	42150000	+
28	0.13	FALSE	10	445	chr22	42150000	42200000	+
28	0.13	FALSE	11	446	chr22	42200000	42800000	+
28	0.13	FALSE	12	447	chr22	42800000	45650000	+
28	0.13	FALSE	13	448	chr22	45650000	45800000	+
28	0.13	FALSE	14	449	chr22	45800000	46050000	+
28	0.13	FALSE	15	450	chr22	46050000	47100000	+
28	0.13	FALSE	16	451	chr22	47100000	48250000	+
28	0.13	FALSE	17	452	chr22	48250000	49700000	+
28	0.13	FALSE	18	453	chr22	49700000	50200000	+
29	0.93	FALSE	1	414	chr21	24300000	25000000	+
30	0.41	FALSE	1	586	chr7	34900000	35250000	+
31	0.26	FALSE	1	782	chrX	154300000	156040895	-
31	0.26	FALSE	2	781	chrX	154050000	154300000	-
31	0.26	FALSE	3	780	chrX	146500000	154050000	-
31	0.26	FALSE	4	779	chrX	144700000	146500000	-
31	0.26	FALSE	5	778	chrX	144650000	144700000	-
31	0.26	FALSE	6	777	chrX	143050000	144650000	-
31	0.26	FALSE	7	776	chrX	143000000	143050000	-
31	0.26	FALSE	8	775	chrX	142000000	143000000	-
31	0.26	FALSE	9	774	chrX	137200000	142000000	-
31	0.26	FALSE	10	773	chrX	132000000	137200000	-
31	0.26	FALSE	11	772	chrX	131950000	132000000	-
31	0.26	FALSE	12	771	chrX	131250000	131950000	-
31	0.26	FALSE	13	770	chrX	130100000	131250000	-
31	0.26	FALSE	14	769	chrX	130050000	130100000	-
31	0.26	FALSE	15	768	chrX	126150000	130050000	-
31	0.26	FALSE	16	767	chrX	126100000	126150000	-
31	0.26	FALSE	17	766	chrX	122750000	126100000	-
31	0.26	FALSE	18	765	chrX	122700000	122750000	-
31	0.26	FALSE	19	764	chrX	119150000	122700000	-
31	0.26	FALSE	20	763	chrX	119100000	119150000	-
31	0.26	FALSE	21	762	chrX	119000000	119100000	-
31	0.26	FALSE	22	761	chrX	118250000	119000000	-
31	0.26	FALSE	23	760	chrX	118000000	118250000	-
31	0.26	FALSE	24	759	chrX	92850000	118000000	-
31	0.26	FALSE	25	758	chrX	89250000	92850000	-
31	0.26	FALSE	26	757	chrX	62450000	89250000	-
32	1.2	FALSE	1	331	chr2	0	8700000	+
32	1.2	FALSE	2	332	chr2	8700000	10000000	+
32	1.2	FALSE	3	333	chr2	10000000	10350000	+
32	1.2	FALSE	4	334	chr2	10350000	11900000	+
32	1.2	FALSE	5	335	chr2	11900000	11950000	+
32	1.2	FALSE	6	336	chr2	11950000	20850000	+
32	1.2	FALSE	7	337	chr2	20850000	23700000	+
32	1.2	FALSE	8	338	chr2	23700000	30650000	+
32	1.2	FALSE	9	339	chr2	30650000	31800000	+
32	1.2	FALSE	10	340	chr2	31800000	48750000	+
32	1.2	FALSE	11	341	chr2	48750000	50650000	+
32	1.2	FALSE	12	342	chr2	50650000	50700000	+
32	1.2	FALSE	13	343	chr2	50700000	53550000	+
32	1.2	FALSE	14	344	chr2	53550000	76850000	+
32	1.2	FALSE	15	345	chr2	76850000	78900000	+
32	1.2	FALSE	16	346	chr2	78900000	79900000	+
32	1.2	FALSE	17	347	chr2	79900000	81300000	+
32	1.2	FALSE	18	348	chr2	81300000	85050000	+
32	1.2	FALSE	19	349	chr2	85050000	85650000	+
32	1.2	FALSE	20	350	chr2	85650000	86500000	+
32	1.2	FALSE	21	351	chr2	86500000	88100000	+
32	1.2	FALSE	22	352	chr2	88100000	88250000	+
32	1.2	FALSE	23	353	chr2	88250000	90450000	+
33	0.6	FALSE	1	197	chr15	17000000	19750000	+
33	0.6	FALSE	2	198	chr15	19750000	20300000	+
33	0.6	FALSE	3	199	chr15	20300000	20400000	+
33	0.6	FALSE	4	200	chr15	20400000	20700000	+
33	0.6	FALSE	5	201	chr15	20700000	22250000	+
33	0.6	FALSE	6	202	chr15	22250000	22550000	+
33	0.6	FALSE	7	203	chr15	22550000	23250000	+
33	0.6	FALSE	8	204	chr15	23250000	28450000	+
33	0.6	FALSE	9	205	chr15	28450000	75750000	+
33	0.6	FALSE	10	206	chr15	75750000	81000000	+
33	0.6	FALSE	11	207	chr15	81000000	100050000	+
33	0.6	FALSE	12	208	chr15	100050000	101550000	+
33	0.6	FALSE	13	209	chr15	101550000	101600000	+
33	0.6	FALSE	14	210	chr15	101600000	101850000	+
33	0.6	FALSE	15	211	chr15	101850000	101991189	+
34	0.37	FALSE	1	355	chr2	91400000	94850000	+
34	0.37	FALSE	2	356	chr2	94850000	169850000	+
34	0.37	FALSE	3	357	chr2	169850000	170950000	+
34	0.37	FALSE	4	358	chr2	170950000	176050000	+
35	0.14	FALSE	1	615	chr7	76450000	77200000	+
35	0.14	FALSE	2	616	chr7	77200000	79350000	+
35	0.14	FALSE	3	617	chr7	79350000	83700000	+
35	0.14	FALSE	4	618	chr7	83700000	85350000	+
35	0.14	FALSE	5	619	chr7	85350000	86950000	+
35	0.14	FALSE	6	620	chr7	86950000	87150000	+
35	0.14	FALSE	7	621	chr7	87150000	87200000	+
35	0.14	FALSE	8	622	chr7	87200000	91900000	+
35	0.14	FALSE	9	623	chr7	91900000	94250000	+
35	0.14	FALSE	10	624	chr7	94250000	98200000	+
35	0.14	FALSE	11	625	chr7	98200000	102300000	+
35	0.14	FALSE	12	626	chr7	102300000	102700000	+
35	0.14	FALSE	13	627	chr7	102700000	142800000	+
35	0.14	FALSE	14	628	chr7	142800000	148500000	+
35	0.14	FALSE	15	629	chr7	148500000	151050000	+
35	0.14	FALSE	16	630	chr7	151050000	151450000	+
35	0.14	FALSE	17	631	chr7	151450000	152850000	+
35	0.14	FALSE	18	632	chr7	152850000	153400000	+
35	0.14	FALSE	19	633	chr7	153400000	154900000	+
35	0.14	FALSE	20	634	chr7	154900000	155600000	+
35	0.14	FALSE	21	635	chr7	155600000	157550000	+
35	0.14	FALSE	22	636	chr7	157550000	158600000	+
35	0.14	FALSE	23	637	chr7	158600000	159345973	+
36	0.43	FALSE	1	455	chr3	0	800000	+
36	0.43	FALSE	2	456	chr3	800000	2550000	+
36	0.43	FALSE	3	457	chr3	2550000	4250000	+
36	0.43	FALSE	4	458	chr3	4250000	5250000	+
36	0.43	FALSE	5	459	chr3	5250000	11100000	+
36	0.43	FALSE	6	460	chr3	11100000	12800000	+
36	0.43	FALSE	7	461	chr3	12800000	14950000	+
36	0.43	FALSE	8	462	chr3	14950000	26150000	+
36	0.43	FALSE	9	463	chr3	26150000	40300000	+
36	0.43	FALSE	10	464	chr3	40300000	40350000	+
36	0.43	FALSE	11	465	chr3	40350000	53650000	+
36	0.43	FALSE	12	466	chr3	53650000	56100000	+
36	0.43	FALSE	13	467	chr3	56100000	57200000	+
36	0.43	FALSE	14	468	chr3	57200000	57950000	+
36	0.43	FALSE	15	469	chr3	57950000	59900000	+
36	0.43	FALSE	16	470	chr3	59900000	61000000	+
36	0.43	FALSE	17	471	chr3	61000000	73000000	+
36	0.43	FALSE	18	472	chr3	73000000	73050000	+
37	0.11	FALSE	1	360	chr2	176200000	182150000	+
37	0.11	FALSE	2	361	chr2	182150000	183050000	+
37	0.11	FALSE	3	362	chr2	183050000	189000000	+
37	0.11	FALSE	4	363	chr2	189000000	192450000	+
37	0.11	FALSE	5	364	chr2	192450000	195700000	+
37	0.11	FALSE	6	365	chr2	195700000	198900000	+
37	0.11	FALSE	7	366	chr2	198900000	203000000	+
37	0.11	FALSE	8	367	chr2	203000000	216500000	+
37	0.11	FALSE	9	368	chr2	216500000	221950000	+
37	0.11	FALSE	10	369	chr2	221950000	234950000	+
37	0.11	FALSE	11	370	chr2	234950000	242193529	+
38	0.02	FALSE	1	152	chr13	18150000	18600000	+
38	0.02	FALSE	2	153	chr13	18600000	19200000	+
38	0.02	FALSE	3	154	chr13	19200000	40800000	+
38	0.02	FALSE	4	155	chr13	40800000	42250000	+
38	0.02	FALSE	5	156	chr13	42250000	48500000	+
38	0.02	FALSE	6	157	chr13	48500000	48700000	+
38	0.02	FALSE	7	158	chr13	48700000	49550000	+
38	0.02	FALSE	8	159	chr13	49550000	49600000	+
38	0.02	FALSE	9	160	chr13	49600000	50900000	+
38	0.02	FALSE	10	161	chr13	50900000	52700000	+
38	0.02	FALSE	11	162	chr13	52700000	60050000	+
38	0.02	FALSE	12	163	chr13	60050000	60550000	+
38	0.02	FALSE	13	164	chr13	60550000	71150000	+
38	0.02	FALSE	14	165	chr13	71150000	81700000	+
38	0.02	FALSE	15	166	chr13	81700000	81750000	+
39	0.51	FALSE	1	737	chrX	2750000	3700000	+
39	0.51	FALSE	2	738	chrX	3700000	7250000	+
39	0.51	FALSE	3	739	chrX	7250000	7650000	+
39	0.51	FALSE	4	740	chrX	7650000	10900000	+
39	0.51	FALSE	5	741	chrX	10900000	11300000	+
39	0.51	FALSE	6	742	chrX	11300000	24450000	+
39	0.51	FALSE	7	743	chrX	24450000	38300000	+
39	0.51	FALSE	8	744	chrX	38300000	40550000	+
39	0.51	FALSE	9	745	chrX	40550000	48000000	+
39	0.51	FALSE	10	746	chrX	48000000	50500000	+
39	0.51	FALSE	11	747	chrX	50500000	50550000	+
39	0.51	FALSE	12	748	chrX	50550000	51950000	+
39	0.51	FALSE	13	749	chrX	51950000	52200000	+
39	0.51	FALSE	14	750	chrX	52200000	52650000	+
39	0.51	FALSE	15	751	chrX	52650000	53700000	+
39	0.51	FALSE	16	752	chrX	53700000	54000000	+
39	0.51	FALSE	17	753	chrX	54000000	55000000	+
39	0.51	FALSE	18	754	chrX	55000000	55600000	+
40	0.12	FALSE	1	39	chr11	0	3350000	+
40	0.12	FALSE	2	40	chr11	3350000	19350000	+
40	0.12	FALSE	3	41	chr11	19350000	24900000	+
40	0.12	FALSE	4	42	chr11	24900000	29500000	+
40	0.12	FALSE	5	43	chr11	29500000	31000000	+
40	0.12	FALSE	6	44	chr11	31000000	36700000	+
40	0.12	FALSE	7	45	chr11	36700000	39100000	+
40	0.12	FALSE	8	46	chr11	39100000	43300000	+
40	0.12	FALSE	9	47	chr11	43300000	48900000	+
40	0.12	FALSE	10	48	chr11	48900000	49750000	+
40	0.12	FALSE	11	49	chr11	49750000	50300000	+
41	0.13	FALSE	1	178	chr14	49450000	53100000	+
41	0.13	FALSE	2	179	chr14	53100000	63250000	+
41	0.13	FALSE	3	180	chr14	63250000	63550000	+
41	0.13	FALSE	4	181	chr14	63550000	65000000	+
41	0.13	FALSE	5	182	chr14	65000000	66800000	+
41	0.13	FALSE	6	183	chr14	66800000	71000000	+
41	0.13	FALSE	7	184	chr14	71000000	73500000	+
41	0.13	FALSE	8	185	chr14	73500000	73700000	+
41	0.13	FALSE	9	186	chr14	73700000	77850000	+
41	0.13	FALSE	10	187	chr14	77850000	78150000	+
41	0.13	FALSE	11	188	chr14	78150000	79800000	+
41	0.13	FALSE	12	189	chr14	79800000	80050000	+
41	0.13	FALSE	13	190	chr14	80050000	81600000	+
41	0.13	FALSE	14	191	chr14	81600000	87550000	+
41	0.13	FALSE	15	192	chr14	87550000	88350000	+
41	0.13	FALSE	16	193	chr14	88350000	88800000	+
41	0.13	FALSE	17	194	chr14	88800000	97050000	+
42	0.35	FALSE	1	538	chr5	0	500000	+
42	0.35	FALSE	2	539	chr5	500000	1650000	+
42	0.35	FALSE	3	540	chr5	1650000	2500000	+
42	0.35	FALSE	4	541	chr5	2500000	2600000	+
42	0.35	FALSE	5	542	chr5	2600000	2950000	+
42	0.35	FALSE	6	543	chr5	2950000	3650000	+
42	0.35	FALSE	7	544	chr5	3650000	4150000	+
42	0.35	FALSE	8	545	chr5	4150000	4350000	+
42	0.35	FALSE	9	546	chr5	4350000	9900000	+
42	0.35	FALSE	10	547	chr5	9900000	11850000	+
42	0.35	FALSE	11	548	chr5	11850000	12100000	+
42	0.35	FALSE	12	549	chr5	12100000	15000000	+
42	0.35	FALSE	13	550	chr5	15000000	15300000	+
42	0.35	FALSE	14	551	chr5	15300000	16300000	+
42	0.35	FALSE	15	552	chr5	16300000	17100000	+
42	0.35	FALSE	16	553	chr5	17100000	29750000	+
42	0.35	FALSE	17	554	chr5	29750000	41200000	+
42	0.35	FALSE	18	555	chr5	41200000	43400000	+
42	0.35	FALSE	19	556	chr5	43400000	43800000	+
43	0.06	FALSE	1	674	chr8	93550000	95550000	+
43	0.06	FALSE	2	675	chr8	95550000	97500000	+
43	0.06	FALSE	3	676	chr8	97500000	100100000	+
43	0.06	FALSE	4	677	chr8	100100000	107000000	+
43	0.06	FALSE	5	678	chr8	107000000	113850000	+
43	0.06	FALSE	6	679	chr8	113850000	114350000	+
43	0.06	FALSE	7	680	chr8	114350000	114400000	+
43	0.06	FALSE	8	681	chr8	114400000	114450000	+
43	0.06	FALSE	9	682	chr8	114450000	114750000	+
43	0.06	FALSE	10	683	chr8	114750000	114800000	+
43	0.06	FALSE	11	684	chr8	114800000	132100000	+
43	0.06	FALSE	12	685	chr8	132100000	132550000	+
43	0.06	FALSE	13	686	chr8	132550000	133100000	+
43	0.06	FALSE	14	687	chr8	133100000	134450000	+
43	0.06	FALSE	15	688	chr8	134450000	134500000	+
43	0.06	FALSE	16	689	chr8	134500000	134900000	+
44	0.31	FALSE	1	669	chr8	82350000	85650000	-
44	0.31	FALSE	2	668	chr8	79300000	82350000	-
44	0.31	FALSE	3	667	chr8	79250000	79300000	-
44	0.31	FALSE	4	666	chr8	79150000	79250000	-
44	0.31	FALSE	5	665	chr8	78300000	79150000	-
44	0.31	FALSE	6	664	chr8	75550000	78300000	-
44	0.31	FALSE	7	663	chr8	73200000	75550000	-
44	0.31	FALSE	8	662	chr8	67300000	73200000	-
44	0.31	FALSE	9	661	chr8	66300000	67300000	-
44	0.31	FALSE	10	660	chr8	55950000	66300000	-
44	0.31	FALSE	11	659	chr8	55450000	55950000	-
44	0.31	FALSE	12	658	chr8	54050000	55450000	-
44	0.31	FALSE	13	657	chr8	53650000	54050000	-
44	0.31	FALSE	14	656	chr8	53100000	53650000	-
44	0.31	FALSE	15	655	chr8	46550000	53100000	-
44	0.31	FALSE	16	654	chr8	45900000	46550000	-
45	0.01	FALSE	1	272	chr18	39650000	39700000	-
45	0.01	FALSE	2	271	chr18	39450000	39650000	-
45	0.01	FALSE	3	270	chr18	37800000	39450000	-
45	0.01	FALSE	4	269	chr18	37300000	37800000	-
45	0.01	FALSE	5	268	chr18	37250000	37300000	-
45	0.01	FALSE	6	267	chr18	37150000	37250000	-
45	0.01	FALSE	7	266	chr18	31450000	37150000	-
45	0.01	FALSE	8	265	chr18	31050000	31450000	-
45	0.01	FALSE	9	264	chr18	29600000	31050000	-
45	0.01	FALSE	10	263	chr18	29450000	29600000	-
45	0.01	FALSE	11	262	chr18	29350000	29450000	-
45	0.01	FALSE	12	261	chr18	28350000	29350000	-
45	0.01	FALSE	13	260	chr18	28300000	28350000	-
45	0.01	FALSE	14	259	chr18	28250000	28300000	-
45	0.01	FALSE	15	258	chr18	27500000	28250000	-
45	0.01	FALSE	16	257	chr18	26400000	27500000	-
45	0.01	FALSE	17	256	chr18	26000000	26400000	-
45	0.01	FALSE	18	255	chr18	25600000	26000000	-
45	0.01	FALSE	19	254	chr18	24550000	25600000	-
45	0.01	FALSE	20	253	chr18	22950000	24550000	-
45	0.01	FALSE	21	252	chr18	15400000	22950000	-
45	0.01	FALSE	22	251	chr18	0	15400000	-
46	1.4	FALSE	1	212	chr16	0	5300000	+
46	1.4	FALSE	2	213	chr16	5300000	7800000	+
46	1.4	FALSE	3	214	chr16	7800000	8600000	+
46	1.4	FALSE	4	215	chr16	8600000	9350000	+
46	1.4	FALSE	5	216	chr16	9350000	10250000	+
46	1.4	FALSE	6	217	chr16	10250000	11700000	+
46	1.4	FALSE	7	218	chr16	11700000	12100000	+
46	1.4	FALSE	8	219	chr16	12100000	12500000	+
46	1.4	FALSE	9	220	chr16	12500000	12850000	+
46	1.4	FALSE	10	221	chr16	12850000	13550000	+
46	1.4	FALSE	11	222	chr16	13550000	13850000	+
46	1.4	FALSE	12	223	chr16	13850000	14800000	+
46	1.4	FALSE	13	224	chr16	14800000	15350000	+
46	1.4	FALSE	14	225	chr16	15350000	15400000	+
46	1.4	FALSE	15	226	chr16	15400000	18150000	+
46	1.4	FALSE	16	227	chr16	18150000	18550000	+
46	1.4	FALSE	17	228	chr16	18550000	21750000	+
46	1.4	FALSE	18	229	chr16	21750000	22550000	+
46	1.4	FALSE	19	230	chr16	22550000	32150000	+
46	1.4	FALSE	20	231	chr16	32150000	33600000	+
46	1.4	FALSE	21	232	chr16	33600000	34550000	+
46	1.4	FALSE	22	233	chr16	34550000	34750000	+
46	1.4	FALSE	23	234	chr16	34750000	36050000	+
46	1.4	FALSE	24	235	chr16	36050000	38300000	+
47	0.2	FALSE	1	588	chr7	35600000	36750000	-
47	0.2	FALSE	2	587	chr7	35250000	35600000	-
47	0.2	FALSE	3	586	chr7	34900000	35250000	-
47	0.2	FALSE	4	585	chr7	33950000	34900000	-
47	0.2	FALSE	5	584	chr7	32850000	33950000	-
47	0.2	FALSE	6	583	chr7	32500000	32850000	-
47	0.2	FALSE	7	582	chr7	6700000	32500000	-
47	0.2	FALSE	8	581	chr7	5950000	6700000	-
47	0.2	FALSE	9	580	chr7	5650000	5950000	-
47	0.2	FALSE	10	579	chr7	100000	5650000	-
47	0.2	FALSE	11	578	chr7	0	100000	-
48	0.01	FALSE	1	523	chr3	183300000	183500000	-
48	0.01	FALSE	2	522	chr3	183250000	183300000	-
48	0.01	FALSE	3	521	chr3	183050000	183250000	-
48	0.01	FALSE	4	520	chr3	182800000	183050000	-
48	0.01	FALSE	5	519	chr3	181950000	182800000	-
48	0.01	FALSE	6	518	chr3	174850000	181950000	-
48	0.01	FALSE	7	517	chr3	174600000	174850000	-
48	0.01	FALSE	8	516	chr3	173100000	174600000	-
48	0.01	FALSE	9	515	chr3	168300000	173100000	-
48	0.01	FALSE	10	514	chr3	160650000	168300000	-
48	0.01	FALSE	11	513	chr3	160050000	160650000	-
48	0.01	FALSE	12	512	chr3	159750000	160050000	-
48	0.01	FALSE	13	511	chr3	159600000	159750000	-
48	0.01	FALSE	14	510	chr3	157100000	159600000	-
48	0.01	FALSE	15	509	chr3	156900000	157100000	-
48	0.01	FALSE	16	508	chr3	156750000	156900000	-
48	0.01	FALSE	17	507	chr3	156700000	156750000	-
48	0.01	FALSE	18	246	chr17	78150000	78750000	+
48	0.01	FALSE	19	247	chr17	78750000	79700000	+
48	0.01	FALSE	20	248	chr17	79700000	81250000	+
48	0.01	FALSE	21	249	chr17	81250000	82950000	+
48	0.01	FALSE	22	250	chr17	82950000	83257441	+
49	0.01	FALSE	1	102	chr12	0	1800000	+
49	0.01	FALSE	2	103	chr12	1800000	6450000	+
49	0.01	FALSE	3	104	chr12	6450000	7000000	+
49	0.01	FALSE	4	105	chr12	7000000	9450000	+
49	0.01	FALSE	5	106	chr12	9450000	9600000	+
49	0.01	FALSE	6	107	chr12	9600000	13150000	+
49	0.01	FALSE	7	108	chr12	13150000	14400000	+
49	0.01	FALSE	8	109	chr12	14400000	17400000	+
49	0.01	FALSE	9	110	chr12	17400000	17450000	+
49	0.01	FALSE	10	111	chr12	17450000	22700000	+
49	0.01	FALSE	11	112	chr12	22700000	24100000	+
50	0.04	FALSE	1	134	chr12	115950000	116350000	+
50	0.04	FALSE	2	135	chr12	116350000	117000000	+
50	0.04	FALSE	3	136	chr12	117000000	117900000	+
50	0.04	FALSE	4	137	chr12	117900000	118400000	+
50	0.04	FALSE	5	138	chr12	118400000	118700000	+
50	0.04	FALSE	6	139	chr12	118700000	119550000	+
50	0.04	FALSE	7	140	chr12	119550000	124200000	+
50	0.04	FALSE	8	141	chr12	124200000	127700000	+
50	0.04	FALSE	9	142	chr12	127700000	127950000	+
50	0.04	FALSE	10	143	chr12	127950000	129950000	+
50	0.04	FALSE	11	144	chr12	129950000	130700000	+
50	0.04	FALSE	12	145	chr12	130700000	131700000	+
50	0.04	FALSE	13	146	chr12	131700000	132100000	+
50	0.04	FALSE	14	147	chr12	132100000	133275309	+
51	0.08	FALSE	1	78	chr11	100650000	100800000	+
51	0.08	FALSE	2	79	chr11	100800000	100850000	+
51	0.08	FALSE	3	80	chr11	100850000	101350000	+
51	0.08	FALSE	4	81	chr11	101350000	101400000	+
51	0.08	FALSE	5	82	chr11	101400000	101800000	+
51	0.08	FALSE	6	83	chr11	101800000	102700000	+
51	0.08	FALSE	7	84	chr11	102700000	103500000	+
51	0.08	FALSE	8	85	chr11	103500000	113850000	+
51	0.08	FALSE	9	86	chr11	113850000	114750000	+
52	0.47	FALSE	1	443	chr22	39750000	41200000	+
52	0.47	FALSE	2	444	chr22	41200000	42150000	+
52	0.47	FALSE	3	445	chr22	42150000	42200000	+
52	0.47	FALSE	4	446	chr22	42200000	42800000	+
52	0.47	FALSE	5	447	chr22	42800000	45650000	+
52	0.47	FALSE	6	448	chr22	45650000	45800000	+
52	0.47	FALSE	7	449	chr22	45800000	46050000	+
52	0.47	FALSE	8	450	chr22	46050000	47100000	+
52	0.47	FALSE	9	451	chr22	47100000	48250000	+
52	0.47	FALSE	10	452	chr22	48250000	49700000	+
52	0.47	FALSE	11	453	chr22	49700000	50200000	+
53	1.15	FALSE	1	417	chr21	33200000	34150000	+
53	1.15	FALSE	2	418	chr21	34150000	42500000	+
54	0.52	FALSE	1	561	chr5	47350000	49650000	+
54	0.52	FALSE	2	562	chr5	49650000	49700000	+
54	0.52	FALSE	3	563	chr5	49700000	50400000	+
54	0.52	FALSE	4	564	chr5	50400000	52750000	+
54	0.52	FALSE	5	565	chr5	52750000	52800000	+
55	0.69	FALSE	1	700	chr9	4350000	7400000	+
56	0.45	FALSE	1	595	chr7	53950000	56050000	+
57	0.12	FALSE	1	590	chr7	38750000	40550000	+
58	0.58	FALSE	1	122	chr12	98750000	98800000	-
58	0.58	FALSE	2	121	chr12	38550000	98750000	-
58	0.58	FALSE	3	120	chr12	38500000	38550000	-
58	0.58	FALSE	4	119	chr12	37300000	38500000	-
58	0.58	FALSE	5	118	chr12	34200000	37300000	-
58	0.58	FALSE	6	117	chr12	31100000	34200000	-
58	0.58	FALSE	7	116	chr12	31000000	31100000	-
58	0.58	FALSE	8	115	chr12	28550000	31000000	-
58	0.58	FALSE	9	114	chr12	26350000	28550000	-
58	0.58	FALSE	10	113	chr12	24100000	26350000	-
58	0.58	FALSE	11	112	chr12	22700000	24100000	-
58	0.58	FALSE	12	111	chr12	17450000	22700000	-
58	0.58	FALSE	13	110	chr12	17400000	17450000	-
58	0.58	FALSE	14	109	chr12	14400000	17400000	-
58	0.58	FALSE	15	108	chr12	13150000	14400000	-
58	0.58	FALSE	16	107	chr12	9600000	13150000	-
58	0.58	FALSE	17	106	chr12	9450000	9600000	-
58	0.58	FALSE	18	105	chr12	7000000	9450000	-
58	0.58	FALSE	19	104	chr12	6450000	7000000	-
58	0.58	FALSE	20	103	chr12	1800000	6450000	-
58	0.58	FALSE	21	102	chr12	0	1800000	-
59	0.07	FALSE	1	608	chr7	64250000	65050000	+
59	0.07	FALSE	2	609	chr7	65050000	67300000	+
59	0.07	FALSE	3	610	chr7	67300000	67350000	+
59	0.07	FALSE	4	611	chr7	67350000	70100000	+
59	0.07	FALSE	5	612	chr7	70100000	70400000	+
59	0.07	FALSE	6	613	chr7	70400000	72500000	+
59	0.07	FALSE	7	614	chr7	72500000	76450000	+
59	0.07	FALSE	8	615	chr7	76450000	77200000	+
59	0.07	FALSE	9	616	chr7	77200000	79350000	+
59	0.07	FALSE	10	617	chr7	79350000	83700000	+
59	0.07	FALSE	11	618	chr7	83700000	85350000	+
59	0.07	FALSE	12	619	chr7	85350000	86950000	+
59	0.07	FALSE	13	620	chr7	86950000	87150000	+
59	0.07	FALSE	14	621	chr7	87150000	87200000	+
59	0.07	FALSE	15	622	chr7	87200000	91900000	+
59	0.07	FALSE	16	623	chr7	91900000	94250000	+
59	0.07	FALSE	17	624	chr7	94250000	98200000	+
59	0.07	FALSE	18	625	chr7	98200000	102300000	+
59	0.07	FALSE	19	626	chr7	102300000	102700000	+
59	0.07	FALSE	20	627	chr7	102700000	142800000	+
59	0.07	FALSE	21	628	chr7	142800000	148500000	+
59	0.07	FALSE	22	629	chr7	148500000	151050000	+
59	0.07	FALSE	23	630	chr7	151050000	151450000	+
59	0.07	FALSE	24	631	chr7	151450000	152850000	+
59	0.07	FALSE	25	632	chr7	152850000	153400000	+
59	0.07	FALSE	26	633	chr7	153400000	154900000	+
59	0.07	FALSE	27	634	chr7	154900000	155600000	+
59	0.07	FALSE	28	635	chr7	155600000	157550000	+
59	0.07	FALSE	29	636	chr7	157550000	158600000	+
59	0.07	FALSE	30	637	chr7	158600000	159345973	+
60	1.09	FALSE	1	240	chr17	0	22750000	+
60	1.09	FALSE	2	241	chr17	22750000	26600000	+
60	1.09	FALSE	3	242	chr17	26600000	26900000	+
60	1.09	FALSE	4	243	chr17	26900000	59900000	+
60	1.09	FALSE	5	244	chr17	59900000	78100000	+
60	1.09	FALSE	6	245	chr17	78100000	78150000	+
60	1.09	FALSE	7	246	chr17	78150000	78750000	+
60	1.09	FALSE	8	247	chr17	78750000	79700000	+
60	1.09	FALSE	9	248	chr17	79700000	81250000	+
60	1.09	FALSE	10	249	chr17	81250000	82950000	+
60	1.09	FALSE	11	250	chr17	82950000	83257441	+
61	0.34	FALSE	1	198	chr15	19750000	20300000	+
61	0.34	FALSE	2	199	chr15	20300000	20400000	+
61	0.34	FALSE	3	200	chr15	20400000	20700000	+
61	0.34	FALSE	4	201	chr15	20700000	22250000	+
61	0.34	FALSE	5	202	chr15	22250000	22550000	+
61	0.34	FALSE	6	203	chr15	22550000	23250000	+
61	0.34	FALSE	7	204	chr15	23250000	28450000	+
61	0.34	FALSE	8	205	chr15	28450000	75750000	+
61	0.34	FALSE	9	206	chr15	75750000	81000000	+
61	0.34	FALSE	10	207	chr15	81000000	100050000	+
61	0.34	FALSE	11	208	chr15	100050000	101550000	+
61	0.34	FALSE	12	209	chr15	101550000	101600000	+
61	0.34	FALSE	13	210	chr15	101600000	101850000	+
61	0.34	FALSE	14	211	chr15	101850000	101991189	+
62	0.03	FALSE	1	332	chr2	8700000	10000000	+
62	0.03	FALSE	2	333	chr2	10000000	10350000	+
62	0.03	FALSE	3	334	chr2	10350000	11900000	+
62	0.03	FALSE	4	335	chr2	11900000	11950000	+
62	0.03	FALSE	5	336	chr2	11950000	20850000	+
62	0.03	FALSE	6	337	chr2	20850000	23700000	+
62	0.03	FALSE	7	338	chr2	23700000	30650000	+
62	0.03	FALSE	8	339	chr2	30650000	31800000	+
62	0.03	FALSE	9	340	chr2	31800000	48750000	+
62	0.03	FALSE	10	341	chr2	48750000	50650000	+
62	0.03	FALSE	11	342	chr2	50650000	50700000	+
62	0.03	FALSE	12	343	chr2	50700000	53550000	+
62	0.03	FALSE	13	344	chr2	53550000	76850000	+
62	0.03	FALSE	14	345	chr2	76850000	78900000	+
62	0.03	FALSE	15	346	chr2	78900000	79900000	+
62	0.03	FALSE	16	347	chr2	79900000	81300000	+
62	0.03	FALSE	17	348	chr2	81300000	85050000	+
62	0.03	FALSE	18	349	chr2	85050000	85650000	+
62	0.03	FALSE	19	350	chr2	85650000	86500000	+
62	0.03	FALSE	20	351	chr2	86500000	88100000	+
62	0.03	FALSE	21	352	chr2	88100000	88250000	+
62	0.03	FALSE	22	353	chr2	88250000	90450000	+
63	0.36	FALSE	1	578	chr7	0	100000	+
63	0.36	FALSE	2	579	chr7	100000	5650000	+
63	0.36	FALSE	3	580	chr7	5650000	5950000	+
63	0.36	FALSE	4	581	chr7	5950000	6700000	+
63	0.36	FALSE	5	582	chr7	6700000	32500000	+
63	0.36	FALSE	6	583	chr7	32500000	32850000	+
63	0.36	FALSE	7	584	chr7	32850000	33950000	+
63	0.36	FALSE	8	585	chr7	33950000	34900000	+
63	0.36	FALSE	9	586	chr7	34900000	35250000	+
63	0.36	FALSE	10	587	chr7	35250000	35600000	+
63	0.36	FALSE	11	588	chr7	35600000	36750000	+
63	0.36	FALSE	12	589	chr7	36750000	38750000	+
63	0.36	FALSE	13	590	chr7	38750000	40550000	+
63	0.36	FALSE	14	591	chr7	40550000	52100000	+
63	0.36	FALSE	15	592	chr7	52100000	52150000	+
63	0.36	FALSE	16	593	chr7	52150000	53200000	+
63	0.36	FALSE	17	594	chr7	53200000	53950000	+
63	0.36	FALSE	18	595	chr7	53950000	56050000	+
63	0.36	FALSE	19	596	chr7	56050000	56950000	+
63	0.36	FALSE	20	597	chr7	56950000	58050000	+
63	0.36	FALSE	21	598	chr7	58050000	58100000	+
63	0.36	FALSE	22	599	chr7	58100000	58150000	+
63	0.36	FALSE	23	600	chr7	58150000	60800000	+
64	0.19	FALSE	1	455	chr3	0	800000	+
64	0.19	FALSE	2	456	chr3	800000	2550000	+
64	0.19	FALSE	3	457	chr3	2550000	4250000	+
64	0.19	FALSE	4	458	chr3	4250000	5250000	+
64	0.19	FALSE	5	459	chr3	5250000	11100000	+
64	0.19	FALSE	6	460	chr3	11100000	12800000	+
64	0.19	FALSE	7	461	chr3	12800000	14950000	+
64	0.19	FALSE	8	462	chr3	14950000	26150000	+
64	0.19	FALSE	9	463	chr3	26150000	40300000	+
64	0.19	FALSE	10	464	chr3	40300000	40350000	+
64	0.19	FALSE	11	465	chr3	40350000	53650000	+
64	0.19	FALSE	12	466	chr3	53650000	56100000	+
64	0.19	FALSE	13	467	chr3	56100000	57200000	+
64	0.19	FALSE	14	468	chr3	57200000	57950000	+
65	0.47	FALSE	1	251	chr18	0	15400000	+
65	0.47	FALSE	2	252	chr18	15400000	22950000	+
65	0.47	FALSE	3	253	chr18	22950000	24550000	+
65	0.47	FALSE	4	254	chr18	24550000	25600000	+
65	0.47	FALSE	5	255	chr18	25600000	26000000	+
65	0.47	FALSE	6	256	chr18	26000000	26400000	+
65	0.47	FALSE	7	257	chr18	26400000	27500000	+
65	0.47	FALSE	8	258	chr18	27500000	28250000	+
65	0.47	FALSE	9	259	chr18	28250000	28300000	+
65	0.47	FALSE	10	260	chr18	28300000	28350000	+
65	0.47	FALSE	11	261	chr18	28350000	29350000	+
65	0.47	FALSE	12	262	chr18	29350000	29450000	+
65	0.47	FALSE	13	263	chr18	29450000	29600000	+
65	0.47	FALSE	14	264	chr18	29600000	31050000	+
65	0.47	FALSE	15	265	chr18	31050000	31450000	+
65	0.47	FALSE	16	266	chr18	31450000	37150000	+
65	0.47	FALSE	17	267	chr18	37150000	37250000	+
65	0.47	FALSE	18	268	chr18	37250000	37300000	+
65	0.47	FALSE	19	269	chr18	37300000	37800000	+
65	0.47	FALSE	20	270	chr18	37800000	39450000	+
65	0.47	FALSE	21	271	chr18	39450000	39650000	+
65	0.47	FALSE	22	272	chr18	39650000	39700000	+
65	0.47	FALSE	23	273	chr18	39700000	41500000	+
65	0.47	FALSE	24	274	chr18	41500000	41550000	+
65	0.47	FALSE	25	275	chr18	41550000	42000000	+
65	0.47	FALSE	26	276	chr18	42000000	42050000	+
65	0.47	FALSE	27	277	chr18	42050000	46600000	+
65	0.47	FALSE	28	291	chr18	69850000	70150000	+
65	0.47	FALSE	29	292	chr18	70150000	70200000	+
65	0.47	FALSE	30	293	chr18	70200000	71250000	+
65	0.47	FALSE	31	294	chr18	71250000	71950000	+
65	0.47	FALSE	32	295	chr18	71950000	72000000	+
65	0.47	FALSE	33	296	chr18	72000000	77550000	+
65	0.47	FALSE	34	297	chr18	77550000	79000000	+
65	0.47	FALSE	35	298	chr18	79000000	79850000	+
66	0.01	FALSE	1	758	chrX	89250000	92850000	+
66	0.01	FALSE	2	759	chrX	92850000	118000000	+
66	0.01	FALSE	3	760	chrX	118000000	118250000	+
66	0.01	FALSE	4	761	chrX	118250000	119000000	+
66	0.01	FALSE	5	762	chrX	119000000	119100000	+
66	0.01	FALSE	6	763	chrX	119100000	119150000	+
66	0.01	FALSE	7	764	chrX	119150000	122700000	+
66	0.01	FALSE	8	765	chrX	122700000	122750000	+
66	0.01	FALSE	9	766	chrX	122750000	126100000	+
66	0.01	FALSE	10	767	chrX	126100000	126150000	+
66	0.01	FALSE	11	768	chrX	126150000	130050000	+
66	0.01	FALSE	12	769	chrX	130050000	130100000	+
66	0.01	FALSE	13	775	chrX	142000000	143000000	+
66	0.01	FALSE	14	776	chrX	143000000	143050000	+
66	0.01	FALSE	15	777	chrX	143050000	144650000	+
66	0.01	FALSE	16	778	chrX	144650000	144700000	+
66	0.01	FALSE	17	779	chrX	144700000	146500000	+
66	0.01	FALSE	18	780	chrX	146500000	154050000	+
66	0.01	FALSE	19	781	chrX	154050000	154300000	+
66	0.01	FALSE	20	782	chrX	154300000	156040895	+
67	0.01	FALSE	1	30	chr10	45700000	48200000	-
67	0.01	FALSE	2	29	chr10	39500000	45700000	-
67	0.01	FALSE	3	28	chr10	39400000	39500000	-
67	0.01	FALSE	4	27	chr10	38550000	39400000	-
67	0.01	FALSE	5	26	chr10	38450000	38550000	-
67	0.01	FALSE	6	25	chr10	37800000	38450000	-
67	0.01	FALSE	7	24	chr10	37750000	37800000	-
67	0.01	FALSE	8	23	chr10	35550000	37750000	-
67	0.01	FALSE	9	22	chr10	21550000	35550000	-
67	0.01	FALSE	10	21	chr10	0	21550000	-
68	0.4	FALSE	1	499	chr3	135800000	137250000	+
68	0.4	FALSE	2	500	chr3	137250000	137900000	+
68	0.4	FALSE	3	501	chr3	137900000	139650000	+
68	0.4	FALSE	4	502	chr3	139650000	141300000	+
68	0.4	FALSE	5	503	chr3	141300000	142900000	+
68	0.4	FALSE	6	504	chr3	142900000	148650000	+
68	0.4	FALSE	7	505	chr3	148650000	154050000	+
68	0.4	FALSE	8	506	chr3	154050000	156700000	+
68	0.4	FALSE	9	507	chr3	156700000	156750000	+
68	0.4	FALSE	10	508	chr3	156750000	156900000	+
68	0.4	FALSE	11	509	chr3	156900000	157100000	+
68	0.4	FALSE	12	510	chr3	157100000	159600000	+
68	0.4	FALSE	13	511	chr3	159600000	159750000	+
68	0.4	FALSE	14	512	chr3	159750000	160050000	+
68	0.4	FALSE	15	513	chr3	160050000	160650000	+
68	0.4	FALSE	16	514	chr3	160650000	168300000	+
68	0.4	FALSE	17	515	chr3	168300000	173100000	+
68	0.4	FALSE	18	516	chr3	173100000	174600000	+
68	0.4	FALSE	19	517	chr3	174600000	174850000	+
68	0.4	FALSE	20	518	chr3	174850000	181950000	+
68	0.4	FALSE	21	519	chr3	181950000	182800000	+
68	0.4	FALSE	22	520	chr3	182800000	183050000	+
68	0.4	FALSE	23	521	chr3	183050000	183250000	+
68	0.4	FALSE	24	522	chr3	183250000	183300000	+
68	0.4	FALSE	25	523	chr3	183300000	183500000	+
69	0.02	FALSE	1	40	chr11	3350000	19350000	+
69	0.02	FALSE	2	41	chr11	19350000	24900000	+
69	0.02	FALSE	3	42	chr11	24900000	29500000	+
69	0.02	FALSE	4	43	chr11	29500000	31000000	+
69	0.02	FALSE	5	44	chr11	31000000	36700000	+
69	0.02	FALSE	6	45	chr11	36700000	39100000	+
69	0.02	FALSE	7	46	chr11	39100000	43300000	+
69	0.02	FALSE	8	47	chr11	43300000	48900000	+
69	0.02	FALSE	9	48	chr11	48900000	49750000	+
69	0.02	FALSE	10	49	chr11	49750000	50300000	+
70	0.2	FALSE	1	696	chr9	0	200000	+
70	0.2	FALSE	2	697	chr9	200000	3550000	+
70	0.2	FALSE	3	698	chr9	3550000	3600000	+
70	0.2	FALSE	4	699	chr9	3600000	4350000	+
70	0.2	FALSE	5	700	chr9	4350000	7400000	+
70	0.2	FALSE	6	701	chr9	7400000	7500000	+
70	0.2	FALSE	7	702	chr9	7500000	9850000	+
70	0.2	FALSE	8	703	chr9	9850000	19050000	+
70	0.2	FALSE	9	704	chr9	19050000	20350000	+
70	0.2	FALSE	10	705	chr9	20350000	22950000	+
70	0.2	FALSE	11	706	chr9	22950000	30550000	+
70	0.2	FALSE	12	707	chr9	30550000	38000000	+
70	0.2	FALSE	13	708	chr9	38000000	38450000	+
70	0.2	FALSE	14	709	chr9	38450000	38900000	+
70	0.2	FALSE	15	710	chr9	38900000	39050000	+
70	0.2	FALSE	16	711	chr9	39050000	39600000	+
70	0.2	FALSE	17	712	chr9	39600000	40700000	+
70	0.2	FALSE	18	713	chr9	40700000	41300000	+
70	0.2	FALSE	19	714	chr9	41300000	41600000	+
70	0.2	FALSE	20	715	chr9	41600000	42700000	+
70	0.2	FALSE	21	716	chr9	42700000	43150000	+
70	0.2	FALSE	22	717	chr9	43150000	43200000	+
70	0.2	FALSE	23	718	chr9	43200000	43300000	+
70	0.2	FALSE	24	719	chr9	43300000	45550000	+
71	0.59	FALSE	1	669	chr8	82350000	85650000	-
71	0.59	FALSE	2	668	chr8	79300000	82350000	-
71	0.59	FALSE	3	667	chr8	79250000	79300000	-
71	0.59	FALSE	4	666	chr8	79150000	79250000	-
71	0.59	FALSE	5	665	chr8	78300000	79150000	-
71	0.59	FALSE	6	664	chr8	75550000	78300000	-
71	0.59	FALSE	7	663	chr8	73200000	75550000	-
71	0.59	FALSE	8	662	chr8	67300000	73200000	-
71	0.59	FALSE	9	661	chr8	66300000	67300000	-
71	0.59	FALSE	10	660	chr8	55950000	66300000	-
71	0.59	FALSE	11	659	chr8	55450000	55950000	-
71	0.59	FALSE	12	658	chr8	54050000	55450000	-
71	0.59	FALSE	13	657	chr8	53650000	54050000	-
71	0.59	FALSE	14	656	chr8	53100000	53650000	-
71	0.59	FALSE	15	655	chr8	46550000	53100000	-
71	0.59	FALSE	16	654	chr8	45900000	46550000	-
71	0.59	FALSE	17	653	chr8	42850000	45900000	-
71	0.59	FALSE	18	652	chr8	42200000	42850000	-
71	0.59	FALSE	19	651	chr8	40800000	42200000	-
71	0.59	FALSE	20	650	chr8	40400000	40800000	-
72	0.1	FALSE	1	737	chrX	2750000	3700000	+
72	0.1	FALSE	2	738	chrX	3700000	7250000	+
72	0.1	FALSE	3	739	chrX	7250000	7650000	+
72	0.1	FALSE	4	740	chrX	7650000	10900000	+
72	0.1	FALSE	5	741	chrX	10900000	11300000	+
72	0.1	FALSE	6	742	chrX	11300000	24450000	+
72	0.1	FALSE	7	743	chrX	24450000	38300000	+
72	0.1	FALSE	8	744	chrX	38300000	40550000	+
72	0.1	FALSE	9	745	chrX	40550000	48000000	+
73	0.06	FALSE	1	155	chr13	40800000	42250000	+
73	0.06	FALSE	2	156	chr13	42250000	48500000	+
73	0.06	FALSE	3	157	chr13	48500000	48700000	+
73	0.06	FALSE	4	158	chr13	48700000	49550000	+
73	0.06	FALSE	5	159	chr13	49550000	49600000	+
73	0.06	FALSE	6	160	chr13	49600000	50900000	+
73	0.06	FALSE	7	161	chr13	50900000	52700000	+
73	0.06	FALSE	8	162	chr13	52700000	60050000	+
73	0.06	FALSE	9	163	chr13	60050000	60550000	+
73	0.06	FALSE	10	164	chr13	60550000	71150000	+
73	0.06	FALSE	11	165	chr13	71150000	81700000	+
73	0.06	FALSE	12	166	chr13	81700000	81750000	+
74	0.23	FALSE	1	676	chr8	97500000	100100000	+
74	0.23	FALSE	2	677	chr8	100100000	107000000	+
74	0.23	FALSE	3	678	chr8	107000000	113850000	+
74	0.23	FALSE	4	679	chr8	113850000	114350000	+
74	0.23	FALSE	5	680	chr8	114350000	114400000	+
74	0.23	FALSE	6	681	chr8	114400000	114450000	+
74	0.23	FALSE	7	682	chr8	114450000	114750000	+
74	0.23	FALSE	8	683	chr8	114750000	114800000	+
74	0.23	FALSE	9	684	chr8	114800000	132100000	+
74	0.23	FALSE	10	685	chr8	132100000	132550000	+
74	0.23	FALSE	11	686	chr8	132550000	133100000	+
74	0.23	FALSE	12	687	chr8	133100000	134450000	+
74	0.23	FALSE	13	688	chr8	134450000	134500000	+
74	0.23	FALSE	14	689	chr8	134500000	134900000	+
75	0.01	FALSE	1	378	chr20	24650000	28500000	+
75	0.01	FALSE	2	379	chr20	28500000	28800000	+
75	0.01	FALSE	3	380	chr20	28800000	28850000	+
75	0.01	FALSE	4	381	chr20	28850000	29250000	+
75	0.01	FALSE	5	382	chr20	29250000	30450000	+
75	0.01	FALSE	6	383	chr20	30450000	30600000	+
75	0.01	FALSE	7	384	chr20	30600000	31000000	+
75	0.01	FALSE	8	385	chr20	31000000	31050000	+
75	0.01	FALSE	9	386	chr20	31050000	31100000	+
75	0.01	FALSE	10	387	chr20	31100000	31300000	+
75	0.01	FALSE	11	388	chr20	31300000	33600000	+
75	0.01	FALSE	12	389	chr20	33600000	35450000	+
75	0.01	FALSE	13	390	chr20	35450000	35550000	+
75	0.01	FALSE	14	391	chr20	35550000	36100000	+
75	0.01	FALSE	15	392	chr20	36100000	41900000	+
75	0.01	FALSE	16	393	chr20	41900000	43350000	+
75	0.01	FALSE	17	394	chr20	43350000	45900000	+
75	0.01	FALSE	18	395	chr20	45900000	46350000	+
75	0.01	FALSE	19	396	chr20	46350000	54650000	+
75	0.01	FALSE	20	397	chr20	54650000	56350000	+
75	0.01	FALSE	21	398	chr20	56350000	60250000	+
76	0.02	FALSE	1	180	chr14	63250000	63550000	+
76	0.02	FALSE	2	181	chr14	63550000	65000000	+
76	0.02	FALSE	3	182	chr14	65000000	66800000	+
76	0.02	FALSE	4	183	chr14	66800000	71000000	+
76	0.02	FALSE	5	184	chr14	71000000	73500000	+
76	0.02	FALSE	6	185	chr14	73500000	73700000	+
76	0.02	FALSE	7	186	chr14	73700000	77850000	+
76	0.02	FALSE	8	187	chr14	77850000	78150000	+
76	0.02	FALSE	9	188	chr14	78150000	79800000	+
76	0.02	FALSE	10	189	chr14	79800000	80050000	+
76	0.02	FALSE	11	190	chr14	80050000	81600000	+
76	0.02	FALSE	12	191	chr14	81600000	87550000	+
76	0.02	FALSE	13	192	chr14	87550000	88350000	+
76	0.02	FALSE	14	193	chr14	88350000	88800000	+
76	0.02	FALSE	15	194	chr14	88800000	97050000	+
77	1.02	FALSE	1	305	chr19	27200000	27400000	+
77	1.02	FALSE	2	306	chr19	27400000	27900000	+
77	1.02	FALSE	3	307	chr19	27900000	28450000	+
77	1.02	FALSE	4	308	chr19	28450000	29050000	+
77	1.02	FALSE	5	309	chr19	29050000	29150000	+
77	1.02	FALSE	6	310	chr19	29150000	29250000	+
77	1.02	FALSE	7	311	chr19	29250000	30500000	+
77	1.02	FALSE	8	312	chr19	30500000	30550000	+
77	1.02	FALSE	9	313	chr19	30550000	31250000	+
77	1.02	FALSE	10	314	chr19	31250000	32300000	+
77	1.02	FALSE	11	315	chr19	32300000	33100000	+
77	1.02	FALSE	12	316	chr19	33100000	36450000	+
77	1.02	FALSE	13	317	chr19	36450000	36500000	+
77	1.02	FALSE	14	318	chr19	36500000	38150000	+
77	1.02	FALSE	15	319	chr19	38150000	38200000	+
77	1.02	FALSE	16	320	chr19	38200000	39350000	+
77	1.02	FALSE	17	321	chr19	39350000	42200000	+
77	1.02	FALSE	18	322	chr19	42200000	42250000	+
77	1.02	FALSE	19	323	chr19	42250000	43350000	+
77	1.02	FALSE	20	324	chr19	43350000	48900000	+
77	1.02	FALSE	21	325	chr19	48900000	50050000	+
77	1.02	FALSE	22	326	chr19	50050000	56350000	+
77	1.02	FALSE	23	327	chr19	56350000	57150000	+
77	1.02	FALSE	24	328	chr19	57150000	57750000	+
77	1.02	FALSE	25	329	chr19	57750000	57950000	+
77	1.02	FALSE	26	330	chr19	57950000	58617616	+
78	0.09	FALSE	1	215	chr16	8600000	9350000	+
78	0.09	FALSE	2	216	chr16	9350000	10250000	+
78	0.09	FALSE	3	217	chr16	10250000	11700000	+
78	0.09	FALSE	4	218	chr16	11700000	12100000	+
78	0.09	FALSE	5	219	chr16	12100000	12500000	+
78	0.09	FALSE	6	220	chr16	12500000	12850000	+
78	0.09	FALSE	7	221	chr16	12850000	13550000	+
78	0.09	FALSE	8	222	chr16	13550000	13850000	+
78	0.09	FALSE	9	223	chr16	13850000	14800000	+
78	0.09	FALSE	10	224	chr16	14800000	15350000	+
78	0.09	FALSE	11	225	chr16	15350000	15400000	+
78	0.09	FALSE	12	226	chr16	15400000	18150000	+
78	0.09	FALSE	13	227	chr16	18150000	18550000	+
78	0.09	FALSE	14	228	chr16	18550000	21750000	+
78	0.09	FALSE	15	229	chr16	21750000	22550000	+
78	0.09	FALSE	16	230	chr16	22550000	32150000	+
78	0.09	FALSE	17	231	chr16	32150000	33600000	+
78	0.09	FALSE	18	232	chr16	33600000	34550000	+
78	0.09	FALSE	19	233	chr16	34550000	34750000	+
78	0.09	FALSE	20	234	chr16	34750000	36050000	+
78	0.09	FALSE	21	235	chr16	36050000	38300000	+
79	0.02	FALSE	1	76	chr11	93750000	96600000	+
79	0.02	FALSE	2	77	chr11	96600000	100650000	+
79	0.02	FALSE	3	78	chr11	100650000	100800000	+
79	0.02	FALSE	4	79	chr11	100800000	100850000	+
79	0.02	FALSE	5	80	chr11	100850000	101350000	+
79	0.02	FALSE	6	81	chr11	101350000	101400000	+
79	0.02	FALSE	7	82	chr11	101400000	101800000	+
79	0.02	FALSE	8	83	chr11	101800000	102700000	+
79	0.02	FALSE	9	84	chr11	102700000	103500000	+
79	0.02	FALSE	10	85	chr11	103500000	113850000	+
79	0.02	FALSE	11	86	chr11	113850000	114750000	+
80	0.08	FALSE	1	134	chr12	115950000	116350000	+
80	0.08	FALSE	2	135	chr12	116350000	117000000	+
80	0.08	FALSE	3	136	chr12	117000000	117900000	+
80	0.08	FALSE	4	137	chr12	117900000	118400000	+
80	0.08	FALSE	5	138	chr12	118400000	118700000	+
80	0.08	FALSE	6	139	chr12	118700000	119550000	+
80	0.08	FALSE	7	140	chr12	119550000	124200000	+
80	0.08	FALSE	8	141	chr12	124200000	127700000	+
80	0.08	FALSE	9	142	chr12	127700000	127950000	+
80	0.08	FALSE	10	143	chr12	127950000	129950000	+
80	0.08	FALSE	11	144	chr12	129950000	130700000	+
80	0.08	FALSE	12	145	chr12	130700000	131700000	+
80	0.08	FALSE	13	146	chr12	131700000	132100000	+
81	0.46	FALSE	1	453	chr22	49700000	50200000	-
81	0.46	FALSE	2	452	chr22	48250000	49700000	-
81	0.46	FALSE	3	451	chr22	47100000	48250000	-
81	0.46	FALSE	4	450	chr22	46050000	47100000	-
81	0.46	FALSE	5	449	chr22	45800000	46050000	-
81	0.46	FALSE	6	448	chr22	45650000	45800000	-
81	0.46	FALSE	7	447	chr22	42800000	45650000	-
81	0.46	FALSE	8	446	chr22	42200000	42800000	-
81	0.46	FALSE	9	445	chr22	42150000	42200000	-
81	0.46	FALSE	10	444	chr22	41200000	42150000	-
81	0.46	FALSE	11	443	chr22	39750000	41200000	-
81	0.46	FALSE	12	442	chr22	38650000	39750000	-
81	0.46	FALSE	13	441	chr22	38050000	38650000	-
82	0.39	FALSE	1	55	chr11	65250000	66300000	+
82	0.39	FALSE	2	56	chr11	66300000	67450000	+
82	0.39	FALSE	3	57	chr11	67450000	67850000	+
82	0.39	FALSE	4	58	chr11	67850000	67950000	+
82	0.39	FALSE	5	59	chr11	67950000	68050000	+
82	0.39	FALSE	6	60	chr11	68050000	68500000	+
82	0.39	FALSE	7	61	chr11	68500000	68950000	+
82	0.39	FALSE	8	62	chr11	68950000	69000000	+
82	0.39	FALSE	9	63	chr11	69000000	69150000	+
82	0.39	FALSE	10	64	chr11	69150000	69550000	+
82	0.39	FALSE	11	65	chr11	69550000	71350000	+
82	0.39	FALSE	12	66	chr11	71350000	71400000	+
82	0.39	FALSE	13	67	chr11	71400000	72200000	+
83	0.35	FALSE	1	360	chr2	176200000	182150000	+
84	0.13	FALSE	1	358	chr2	170950000	176050000	+
85	2.41	FALSE	1	561	chr5	47350000	49650000	+
86	0.98	FALSE	1	558	chr5	44150000	45950000	+
87	0.71	FALSE	1	417	chr21	33200000	34150000	+
88	0.32	FALSE	1	556	chr5	43400000	43800000	+
89	0.02	FALSE	1	1	chr1	0	600000	+
89	0.02	FALSE	2	2	chr1	600000	3900000	+
89	0.02	FALSE	3	3	chr1	3900000	5900000	+
89	0.02	FALSE	4	4	chr1	5900000	38300000	+
89	0.02	FALSE	5	5	chr1	38300000	120650000	+
89	0.02	FALSE	6	6	chr1	120650000	121550000	+
89	0.02	FALSE	7	7	chr1	121550000	122500000	+
89	0.02	FALSE	8	8	chr1	122500000	124750000	+
89	0.02	FALSE	9	9	chr1	124750000	125050000	+
89	0.02	FALSE	10	10	chr1	125050000	125150000	+
89	0.02	FALSE	11	11	chr1	125150000	143150000	+
89	0.02	FALSE	12	12	chr1	143150000	146300000	+
89	0.02	FALSE	13	13	chr1	146300000	149350000	+
89	0.02	FALSE	14	14	chr1	149350000	157150000	+
89	0.02	FALSE	15	15	chr1	157150000	159800000	+
89	0.02	FALSE	16	16	chr1	159800000	193000000	+
89	0.02	FALSE	17	17	chr1	193000000	193500000	+
89	0.02	FALSE	18	18	chr1	193500000	242500000	+
89	0.02	FALSE	19	19	chr1	242500000	242550000	+
89	0.02	FALSE	20	20	chr1	242550000	248956422	+
90	1.14	FALSE	1	355	chr2	91400000	94850000	+
90	1.14	FALSE	2	356	chr2	94850000	169850000	+
90	1.14	FALSE	3	357	chr2	169850000	170950000	+
90	1.14	FALSE	4	358	chr2	170950000	176050000	+
90	1.14	FALSE	5	359	chr2	176050000	176200000	+
90	1.14	FALSE	6	360	chr2	176200000	182150000	+
90	1.14	FALSE	7	361	chr2	182150000	183050000	+
90	1.14	FALSE	8	362	chr2	183050000	189000000	+
90	1.14	FALSE	9	363	chr2	189000000	192450000	+
90	1.14	FALSE	10	364	chr2	192450000	195700000	+
90	1.14	FALSE	11	365	chr2	195700000	198900000	+
90	1.14	FALSE	12	366	chr2	198900000	203000000	+
90	1.14	FALSE	13	367	chr2	203000000	216500000	+
90	1.14	FALSE	14	368	chr2	216500000	221950000	+
90	1.14	FALSE	15	369	chr2	221950000	234950000	+
90	1.14	FALSE	16	370	chr2	234950000	242193529	+
91	0.01	FALSE	1	533	chr4	99800000	102350000	+
91	0.01	FALSE	2	534	chr4	102350000	130100000	+
91	0.01	FALSE	3	535	chr4	130100000	137450000	+
91	0.01	FALSE	4	536	chr4	137450000	186900000	+
92	0.15	FALSE	1	111	chr12	17450000	22700000	+
92	0.15	FALSE	2	112	chr12	22700000	24100000	+
92	0.15	FALSE	3	113	chr12	24100000	26350000	+
92	0.15	FALSE	4	114	chr12	26350000	28550000	+
92	0.15	FALSE	5	115	chr12	28550000	31000000	+
92	0.15	FALSE	6	116	chr12	31000000	31100000	+
92	0.15	FALSE	7	117	chr12	31100000	34200000	+
92	0.15	FALSE	8	118	chr12	34200000	37300000	+
92	0.15	FALSE	9	119	chr12	37300000	38500000	+
92	0.15	FALSE	10	120	chr12	38500000	38550000	+
92	0.15	FALSE	11	121	chr12	38550000	98750000	+
92	0.15	FALSE	12	122	chr12	98750000	98800000	+
93	0.52	FALSE	1	203	chr15	22550000	23250000	+
93	0.52	FALSE	2	204	chr15	23250000	28450000	+
93	0.52	FALSE	3	205	chr15	28450000	75750000	+
93	0.52	FALSE	4	206	chr15	75750000	81000000	+
93	0.52	FALSE	5	207	chr15	81000000	100050000	+
93	0.52	FALSE	6	208	chr15	100050000	101550000	+
93	0.52	FALSE	7	209	chr15	101550000	101600000	+
93	0.52	FALSE	8	210	chr15	101600000	101850000	+
93	0.52	FALSE	9	211	chr15	101850000	101991189	+
94	0.11	FALSE	1	338	chr2	23700000	30650000	+
94	0.11	FALSE	2	339	chr2	30650000	31800000	+
94	0.11	FALSE	3	340	chr2	31800000	48750000	+
94	0.11	FALSE	4	341	chr2	48750000	50650000	+
94	0.11	FALSE	5	342	chr2	50650000	50700000	+
94	0.11	FALSE	6	343	chr2	50700000	53550000	+
94	0.11	FALSE	7	344	chr2	53550000	76850000	+
94	0.11	FALSE	8	345	chr2	76850000	78900000	+
94	0.11	FALSE	9	346	chr2	78900000	79900000	+
94	0.11	FALSE	10	347	chr2	79900000	81300000	+
94	0.11	FALSE	11	348	chr2	81300000	85050000	+
94	0.11	FALSE	12	349	chr2	85050000	85650000	+
94	0.11	FALSE	13	350	chr2	85650000	86500000	+
94	0.11	FALSE	14	351	chr2	86500000	88100000	+
94	0.11	FALSE	15	352	chr2	88100000	88250000	+
94	0.11	FALSE	16	353	chr2	88250000	90450000	+
95	0.12	FALSE	1	40	chr11	3350000	19350000	+
95	0.12	FALSE	2	41	chr11	19350000	24900000	+
95	0.12	FALSE	3	42	chr11	24900000	29500000	+
95	0.12	FALSE	4	43	chr11	29500000	31000000	+
95	0.12	FALSE	5	44	chr11	31000000	36700000	+
95	0.12	FALSE	6	45	chr11	36700000	39100000	+
95	0.12	FALSE	7	46	chr11	39100000	43300000	+
95	0.12	FALSE	8	47	chr11	43300000	48900000	+
95	0.12	FALSE	9	48	chr11	48900000	49750000	+
95	0.12	FALSE	10	49	chr11	49750000	50300000	+
95	0.12	FALSE	11	50	chr11	50300000	55150000	+
95	0.12	FALSE	12	51	chr11	55150000	61650000	+
95	0.12	FALSE	13	52	chr11	61650000	62550000	+
96	0.02	FALSE	1	779	chrX	144700000	146500000	-
96	0.02	FALSE	2	778	chrX	144650000	144700000	-
96	0.02	FALSE	3	777	chrX	143050000	144650000	-
96	0.02	FALSE	4	776	chrX	143000000	143050000	-
96	0.02	FALSE	5	775	chrX	142000000	143000000	-
96	0.02	FALSE	6	774	chrX	137200000	142000000	-
96	0.02	FALSE	7	773	chrX	132000000	137200000	-
96	0.02	FALSE	8	772	chrX	131950000	132000000	-
96	0.02	FALSE	9	771	chrX	131250000	131950000	-
96	0.02	FALSE	10	770	chrX	130100000	131250000	-
96	0.02	FALSE	11	769	chrX	130050000	130100000	-
96	0.02	FALSE	12	768	chrX	126150000	130050000	-
96	0.02	FALSE	13	767	chrX	126100000	126150000	-
96	0.02	FALSE	14	766	chrX	122750000	126100000	-
96	0.02	FALSE	15	765	chrX	122700000	122750000	-
96	0.02	FALSE	16	764	chrX	119150000	122700000	-
96	0.02	FALSE	17	763	chrX	119100000	119150000	-
96	0.02	FALSE	18	762	chrX	119000000	119100000	-
96	0.02	FALSE	19	761	chrX	118250000	119000000	-
96	0.02	FALSE	20	760	chrX	118000000	118250000	-
96	0.02	FALSE	21	759	chrX	92850000	118000000	-
96	0.02	FALSE	22	758	chrX	89250000	92850000	-
97	0.02	FALSE	1	580	chr7	5650000	5950000	+
97	0.02	FALSE	2	581	chr7	5950000	6700000	+
97	0.02	FALSE	3	582	chr7	6700000	32500000	+
97	0.02	FALSE	4	583	chr7	32500000	32850000	+
97	0.02	FALSE	5	584	chr7	32850000	33950000	+
97	0.02	FALSE	6	585	chr7	33950000	34900000	+
97	0.02	FALSE	7	586	chr7	34900000	35250000	+
97	0.02	FALSE	8	587	chr7	35250000	35600000	+
97	0.02	FALSE	9	588	chr7	35600000	36750000	+
97	0.02	FALSE	10	589	chr7	36750000	38750000	+
97	0.02	FALSE	11	590	chr7	38750000	40550000	+
97	0.02	FALSE	12	591	chr7	40550000	52100000	+
97	0.02	FALSE	13	592	chr7	52100000	52150000	+
97	0.02	FALSE	14	593	chr7	52150000	53200000	+
97	0.02	FALSE	15	594	chr7	53200000	53950000	+
97	0.02	FALSE	16	595	chr7	53950000	56050000	+
97	0.02	FALSE	17	596	chr7	56050000	56950000	+
97	0.02	FALSE	18	597	chr7	56950000	58050000	+
97	0.02	FALSE	19	598	chr7	58050000	58100000	+
97	0.02	FALSE	20	599	chr7	58100000	58150000	+
97	0.02	FALSE	21	600	chr7	58150000	60800000	+
98	0.13	FALSE	1	455	chr3	0	800000	+
98	0.13	FALSE	2	456	chr3	800000	2550000	+
98	0.13	FALSE	3	457	chr3	2550000	4250000	+
98	0.13	FALSE	4	458	chr3	4250000	5250000	+
98	0.13	FALSE	5	459	chr3	5250000	11100000	+
98	0.13	FALSE	6	460	chr3	11100000	12800000	+
98	0.13	FALSE	7	461	chr3	12800000	14950000	+
98	0.13	FALSE	8	462	chr3	14950000	26150000	+
98	0.13	FALSE	9	463	chr3	26150000	40300000	+
98	0.13	FALSE	10	464	chr3	40300000	40350000	+
98	0.13	FALSE	11	465	chr3	40350000	53650000	+
99	0.89	FALSE	1	538	chr5	0	500000	+
99	0.89	FALSE	2	539	chr5	500000	1650000	+
99	0.89	FALSE	3	540	chr5	1650000	2500000	+
99	0.89	FALSE	4	541	chr5	2500000	2600000	+
99	0.89	FALSE	5	542	chr5	2600000	2950000	+
99	0.89	FALSE	6	543	chr5	2950000	3650000	+
99	0.89	FALSE	7	544	chr5	3650000	4150000	+
99	0.89	FALSE	8	545	chr5	4150000	4350000	+
99	0.89	FALSE	9	546	chr5	4350000	9900000	+
99	0.89	FALSE	10	547	chr5	9900000	11850000	+
99	0.89	FALSE	11	548	chr5	11850000	12100000	+
99	0.89	FALSE	12	549	chr5	12100000	15000000	+
99	0.89	FALSE	13	550	chr5	15000000	15300000	+
99	0.89	FALSE	14	551	chr5	15300000	16300000	+
99	0.89	FALSE	15	552	chr5	16300000	17100000	+
99	0.89	FALSE	16	553	chr5	17100000	29750000	+
99	0.89	FALSE	17	554	chr5	29750000	41200000	+
99	0.89	FALSE	18	555	chr5	41200000	43400000	+
99	0.89	FALSE	19	556	chr5	43400000	43800000	+
99	0.89	FALSE	20	557	chr5	43800000	44150000	+
99	0.89	FALSE	21	558	chr5	44150000	45950000	+
99	0.89	FALSE	22	559	chr5	45950000	47200000	+
99	0.89	FALSE	23	560	chr5	47200000	47350000	+
99	0.89	FALSE	24	561	chr5	47350000	49650000	+
99	0.89	FALSE	25	562	chr5	49650000	49700000	+
99	0.89	FALSE	26	563	chr5	49700000	50400000	+
99	0.89	FALSE	27	564	chr5	50400000	52750000	+
99	0.89	FALSE	28	565	chr5	52750000	52800000	+
100	0.14	FALSE	1	96	chr11	131050000	132600000	-
100	0.14	FALSE	2	95	chr11	130300000	131050000	-
100	0.14	FALSE	3	94	chr11	128150000	130300000	-
100	0.14	FALSE	4	93	chr11	128100000	128150000	-
100	0.14	FALSE	5	92	chr11	127300000	128100000	-
100	0.14	FALSE	6	91	chr11	126400000	127300000	-
100	0.14	FALSE	7	90	chr11	119550000	126400000	-
100	0.14	FALSE	8	89	chr11	119500000	119550000	-
100	0.14	FALSE	9	88	chr11	116650000	119500000	-
100	0.14	FALSE	10	87	chr11	114750000	116650000	-
100	0.14	FALSE	11	86	chr11	113850000	114750000	-
100	0.14	FALSE	12	85	chr11	103500000	113850000	-
100	0.14	FALSE	13	84	chr11	102700000	103500000	-
100	0.14	FALSE	14	83	chr11	101800000	102700000	-
100	0.14	FALSE	15	82	chr11	101400000	101800000	-
100	0.14	FALSE	16	81	chr11	101350000	101400000	-
100	0.14	FALSE	17	80	chr11	100850000	101350000	-
100	0.14	FALSE	18	79	chr11	100800000	100850000	-
100	0.14	FALSE	19	78	chr11	100650000	100800000	-
100	0.14	FALSE	20	77	chr11	96600000	100650000	-
100	0.14	FALSE	21	76	chr11	93750000	96600000	-
100	0.14	FALSE	22	75	chr11	90200000	93750000	-
100	0.14	FALSE	23	74	chr11	85550000	90200000	-
101	0.03	FALSE	1	737	chrX	2750000	3700000	+
101	0.03	FALSE	2	738	chrX	3700000	7250000	+
101	0.03	FALSE	3	739	chrX	7250000	7650000	+
101	0.03	FALSE	4	740	chrX	7650000	10900000	+
101	0.03	FALSE	5	741	chrX	10900000	11300000	+
101	0.03	FALSE	6	742	chrX	11300000	24450000	+
101	0.03	FALSE	7	743	chrX	24450000	38300000	+
101	0.03	FALSE	8	746	chrX	48000000	50500000	+
101	0.03	FALSE	9	747	chrX	50500000	50550000	+
101	0.03	FALSE	10	748	chrX	50550000	51950000	+
101	0.03	FALSE	11	749	chrX	51950000	52200000	+
101	0.03	FALSE	12	750	chrX	52200000	52650000	+
101	0.03	FALSE	13	751	chrX	52650000	53700000	+
101	0.03	FALSE	14	752	chrX	53700000	54000000	+
101	0.03	FALSE	15	753	chrX	54000000	55000000	+
101	0.03	FALSE	16	754	chrX	55000000	55600000	+
102	0.13	FALSE	1	503	chr3	141300000	142900000	+
102	0.13	FALSE	2	504	chr3	142900000	148650000	+
102	0.13	FALSE	3	505	chr3	148650000	154050000	+
102	0.13	FALSE	4	506	chr3	154050000	156700000	+
102	0.13	FALSE	5	507	chr3	156700000	156750000	+
102	0.13	FALSE	6	508	chr3	156750000	156900000	+
102	0.13	FALSE	7	509	chr3	156900000	157100000	+
102	0.13	FALSE	8	510	chr3	157100000	159600000	+
102	0.13	FALSE	9	511	chr3	159600000	159750000	+
102	0.13	FALSE	10	512	chr3	159750000	160050000	+
102	0.13	FALSE	11	513	chr3	160050000	160650000	+
102	0.13	FALSE	12	514	chr3	160650000	168300000	+
102	0.13	FALSE	13	515	chr3	168300000	173100000	+
102	0.13	FALSE	14	516	chr3	173100000	174600000	+
102	0.13	FALSE	15	517	chr3	174600000	174850000	+
102	0.13	FALSE	16	518	chr3	174850000	181950000	+
102	0.13	FALSE	17	519	chr3	181950000	182800000	+
102	0.13	FALSE	18	520	chr3	182800000	183050000	+
102	0.13	FALSE	19	521	chr3	183050000	183250000	+
102	0.13	FALSE	20	522	chr3	183250000	183300000	+
102	0.13	FALSE	21	523	chr3	183300000	183500000	+
103	1.65	FALSE	1	400	chr20	62000000	64444167	-
103	1.65	FALSE	2	399	chr20	60250000	62000000	-
103	1.65	FALSE	3	398	chr20	56350000	60250000	-
103	1.65	FALSE	4	397	chr20	54650000	56350000	-
103	1.65	FALSE	5	396	chr20	46350000	54650000	-
103	1.65	FALSE	6	395	chr20	45900000	46350000	-
103	1.65	FALSE	7	394	chr20	43350000	45900000	-
103	1.65	FALSE	8	393	chr20	41900000	43350000	-
103	1.65	FALSE	9	392	chr20	36100000	41900000	-
103	1.65	FALSE	10	391	chr20	35550000	36100000	-
103	1.65	FALSE	11	390	chr20	35450000	35550000	-
103	1.65	FALSE	12	389	chr20	33600000	35450000	-
103	1.65	FALSE	13	388	chr20	31300000	33600000	-
103	1.65	FALSE	14	387	chr20	31100000	31300000	-
103	1.65	FALSE	15	386	chr20	31050000	31100000	-
103	1.65	FALSE	16	385	chr20	31000000	31050000	-
103	1.65	FALSE	17	384	chr20	30600000	31000000	-
103	1.65	FALSE	18	383	chr20	30450000	30600000	-
103	1.65	FALSE	19	382	chr20	29250000	30450000	-
103	1.65	FALSE	20	381	chr20	28850000	29250000	-
103	1.65	FALSE	21	380	chr20	28800000	28850000	-
103	1.65	FALSE	22	379	chr20	28500000	28800000	-
103	1.65	FALSE	23	378	chr20	24650000	28500000	-
104	0.65	FALSE	1	669	chr8	82350000	85650000	-
104	0.65	FALSE	2	668	chr8	79300000	82350000	-
104	0.65	FALSE	3	667	chr8	79250000	79300000	-
104	0.65	FALSE	4	666	chr8	79150000	79250000	-
104	0.65	FALSE	5	665	chr8	78300000	79150000	-
104	0.65	FALSE	6	664	chr8	75550000	78300000	-
104	0.65	FALSE	7	663	chr8	73200000	75550000	-
104	0.65	FALSE	8	662	chr8	67300000	73200000	-
104	0.65	FALSE	9	661	chr8	66300000	67300000	-
104	0.65	FALSE	10	660	chr8	55950000	66300000	-
104	0.65	FALSE	11	659	chr8	55450000	55950000	-
104	0.65	FALSE	12	658	chr8	54050000	55450000	-
104	0.65	FALSE	13	657	chr8	53650000	54050000	-
104	0.65	FALSE	14	656	chr8	53100000	53650000	-
104	0.65	FALSE	15	655	chr8	46550000	53100000	-
105	0.42	FALSE	1	677	chr8	100100000	107000000	+
105	0.42	FALSE	2	678	chr8	107000000	113850000	+
105	0.42	FALSE	3	679	chr8	113850000	114350000	+
105	0.42	FALSE	4	680	chr8	114350000	114400000	+
105	0.42	FALSE	5	681	chr8	114400000	114450000	+
105	0.42	FALSE	6	682	chr8	114450000	114750000	+
105	0.42	FALSE	7	683	chr8	114750000	114800000	+
105	0.42	FALSE	8	684	chr8	114800000	132100000	+
105	0.42	FALSE	9	685	chr8	132100000	132550000	+
105	0.42	FALSE	10	686	chr8	132550000	133100000	+
105	0.42	FALSE	11	687	chr8	133100000	134450000	+
105	0.42	FALSE	12	688	chr8	134450000	134500000	+
105	0.42	FALSE	13	689	chr8	134500000	134900000	+
106	0.13	FALSE	1	493	chr3	126000000	126850000	-
106	0.13	FALSE	2	492	chr3	124000000	126000000	-
106	0.13	FALSE	3	491	chr3	123850000	124000000	-
106	0.13	FALSE	4	490	chr3	118900000	123850000	-
106	0.13	FALSE	5	489	chr3	116350000	118900000	-
106	0.13	FALSE	6	488	chr3	112750000	116350000	-
106	0.13	FALSE	7	487	chr3	111450000	112750000	-
106	0.13	FALSE	8	486	chr3	109450000	111450000	-
106	0.13	FALSE	9	485	chr3	108850000	109450000	-
106	0.13	FALSE	10	484	chr3	107150000	108850000	-
106	0.13	FALSE	11	483	chr3	101850000	107150000	-
106	0.13	FALSE	12	482	chr3	97350000	101850000	-
106	0.13	FALSE	13	481	chr3	95300000	97350000	-
106	0.13	FALSE	14	480	chr3	93700000	95300000	-
106	0.13	FALSE	15	479	chr3	93650000	93700000	-
107	0.15	FALSE	1	158	chr13	48700000	49550000	+
107	0.15	FALSE	2	159	chr13	49550000	49600000	+
107	0.15	FALSE	3	160	chr13	49600000	50900000	+
107	0.15	FALSE	4	161	chr13	50900000	52700000	+
107	0.15	FALSE	5	162	chr13	52700000	60050000	+
107	0.15	FALSE	6	163	chr13	60050000	60550000	+
107	0.15	FALSE	7	164	chr13	60550000	71150000	+
107	0.15	FALSE	8	165	chr13	71150000	81700000	+
107	0.15	FALSE	9	166	chr13	81700000	81750000	+
108	0.04	FALSE	1	142	chr12	127700000	127950000	-
108	0.04	FALSE	2	141	chr12	124200000	127700000	-
108	0.04	FALSE	3	140	chr12	119550000	124200000	-
108	0.04	FALSE	4	139	chr12	118700000	119550000	-
108	0.04	FALSE	5	138	chr12	118400000	118700000	-
108	0.04	FALSE	6	137	chr12	117900000	118400000	-
108	0.04	FALSE	7	136	chr12	117000000	117900000	-
108	0.04	FALSE	8	135	chr12	116350000	117000000	-
108	0.04	FALSE	9	134	chr12	115950000	116350000	-
108	0.04	FALSE	10	133	chr12	114500000	115950000	-
108	0.04	FALSE	11	132	chr12	113950000	114500000	-
108	0.04	FALSE	12	131	chr12	113000000	113950000	-
108	0.04	FALSE	13	130	chr12	108650000	113000000	-
108	0.04	FALSE	14	129	chr12	107850000	108650000	-
108	0.04	FALSE	15	128	chr12	105300000	107850000	-
108	0.04	FALSE	16	127	chr12	103800000	105300000	-
108	0.04	FALSE	17	126	chr12	103200000	103800000	-
108	0.04	FALSE	18	125	chr12	102350000	103200000	-
108	0.04	FALSE	19	124	chr12	99550000	102350000	-
109	0.23	FALSE	1	296	chr18	72000000	77550000	-
109	0.23	FALSE	2	295	chr18	71950000	72000000	-
109	0.23	FALSE	3	294	chr18	71250000	71950000	-
109	0.23	FALSE	4	293	chr18	70200000	71250000	-
109	0.23	FALSE	5	292	chr18	70150000	70200000	-
109	0.23	FALSE	6	291	chr18	69850000	70150000	-
109	0.23	FALSE	7	277	chr18	42050000	46600000	-
109	0.23	FALSE	8	276	chr18	42000000	42050000	-
109	0.23	FALSE	9	275	chr18	41550000	42000000	-
109	0.23	FALSE	10	274	chr18	41500000	41550000	-
109	0.23	FALSE	11	273	chr18	39700000	41500000	-
109	0.23	FALSE	12	272	chr18	39650000	39700000	-
109	0.23	FALSE	13	271	chr18	39450000	39650000	-
109	0.23	FALSE	14	270	chr18	37800000	39450000	-
109	0.23	FALSE	15	269	chr18	37300000	37800000	-
109	0.23	FALSE	16	268	chr18	37250000	37300000	-
109	0.23	FALSE	17	267	chr18	37150000	37250000	-
109	0.23	FALSE	18	266	chr18	31450000	37150000	-
109	0.23	FALSE	19	265	chr18	31050000	31450000	-
109	0.23	FALSE	20	264	chr18	29600000	31050000	-
109	0.23	FALSE	21	263	chr18	29450000	29600000	-
109	0.23	FALSE	22	262	chr18	29350000	29450000	-
109	0.23	FALSE	23	261	chr18	28350000	29350000	-
109	0.23	FALSE	24	260	chr18	28300000	28350000	-
109	0.23	FALSE	25	259	chr18	28250000	28300000	-
109	0.23	FALSE	26	258	chr18	27500000	28250000	-
109	0.23	FALSE	27	257	chr18	26400000	27500000	-
109	0.23	FALSE	28	256	chr18	26000000	26400000	-
110	0.16	FALSE	1	313	chr19	30550000	31250000	+
110	0.16	FALSE	2	314	chr19	31250000	32300000	+
110	0.16	FALSE	3	315	chr19	32300000	33100000	+
110	0.16	FALSE	4	316	chr19	33100000	36450000	+
110	0.16	FALSE	5	317	chr19	36450000	36500000	+
110	0.16	FALSE	6	318	chr19	36500000	38150000	+
110	0.16	FALSE	7	319	chr19	38150000	38200000	+
110	0.16	FALSE	8	320	chr19	38200000	39350000	+
110	0.16	FALSE	9	321	chr19	39350000	42200000	+
110	0.16	FALSE	10	322	chr19	42200000	42250000	+
110	0.16	FALSE	11	323	chr19	42250000	43350000	+
110	0.16	FALSE	12	324	chr19	43350000	48900000	+
110	0.16	FALSE	13	325	chr19	48900000	50050000	+
110	0.16	FALSE	14	326	chr19	50050000	56350000	+
110	0.16	FALSE	15	327	chr19	56350000	57150000	+
110	0.16	FALSE	16	328	chr19	57150000	57750000	+
110	0.16	FALSE	17	329	chr19	57750000	57950000	+
110	0.16	FALSE	18	330	chr19	57950000	58617616	+
111	0.06	FALSE	1	696	chr9	0	200000	+
111	0.06	FALSE	2	697	chr9	200000	3550000	+
111	0.06	FALSE	3	698	chr9	3550000	3600000	+
111	0.06	FALSE	4	699	chr9	3600000	4350000	+
111	0.06	FALSE	5	700	chr9	4350000	7400000	+
111	0.06	FALSE	6	701	chr9	7400000	7500000	+
111	0.06	FALSE	7	702	chr9	7500000	9850000	+
111	0.06	FALSE	8	703	chr9	9850000	19050000	+
111	0.06	FALSE	9	704	chr9	19050000	20350000	+
111	0.06	FALSE	10	705	chr9	20350000	22950000	+
112	0.15	FALSE	1	190	chr14	80050000	81600000	+
112	0.15	FALSE	2	191	chr14	81600000	87550000	+
112	0.15	FALSE	3	192	chr14	87550000	88350000	+
112	0.15	FALSE	4	193	chr14	88350000	88800000	+
112	0.15	FALSE	5	194	chr14	88800000	97050000	+
113	0.47	FALSE	1	55	chr11	65250000	66300000	+
113	0.47	FALSE	2	56	chr11	66300000	67450000	+
113	0.47	FALSE	3	57	chr11	67450000	67850000	+
113	0.47	FALSE	4	58	chr11	67850000	67950000	+
113	0.47	FALSE	5	59	chr11	67950000	68050000	+
113	0.47	FALSE	6	60	chr11	68050000	68500000	+
113	0.47	FALSE	7	61	chr11	68500000	68950000	+
113	0.47	FALSE	8	62	chr11	68950000	69000000	+
113	0.47	FALSE	9	63	chr11	69000000	69150000	+
113	0.47	FALSE	10	64	chr11	69150000	69550000	+
113	0.47	FALSE	11	65	chr11	69550000	71350000	+
113	0.47	FALSE	12	66	chr11	71350000	71400000	+
113	0.47	FALSE	13	67	chr11	71400000	72200000	+
113	0.47	FALSE	14	68	chr11	72200000	72250000	+
113	0.47	FALSE	15	69	chr11	72250000	74900000	+
114	0.13	FALSE	1	615	chr7	76450000	77200000	+
114	0.13	FALSE	2	616	chr7	77200000	79350000	+
114	0.13	FALSE	3	617	chr7	79350000	83700000	+
114	0.13	FALSE	4	618	chr7	83700000	85350000	+
115	0.01	FALSE	1	637	chr7	158600000	159345973	-
115	0.01	FALSE	2	636	chr7	157550000	158600000	-
115	0.01	FALSE	3	635	chr7	155600000	157550000	-
115	0.01	FALSE	4	634	chr7	154900000	155600000	-
115	0.01	FALSE	5	633	chr7	153400000	154900000	-
115	0.01	FALSE	6	632	chr7	152850000	153400000	-
115	0.01	FALSE	7	631	chr7	151450000	152850000	-
116	0.94	FALSE	1	417	chr21	33200000	34150000	+
116	0.94	FALSE	2	419	chr21	42500000	42750000	+
116	0.94	FALSE	3	420	chr21	42750000	44950000	+
116	0.94	FALSE	4	421	chr21	44950000	45050000	+
116	0.94	FALSE	5	422	chr21	45050000	45100000	+
116	0.94	FALSE	6	423	chr21	45100000	46709983	+
117	0.5	FALSE	1	448	chr22	45650000	45800000	+
117	0.5	FALSE	2	449	chr22	45800000	46050000	+
117	0.5	FALSE	3	450	chr22	46050000	47100000	+
117	0.5	FALSE	4	451	chr22	47100000	48250000	+
117	0.5	FALSE	5	452	chr22	48250000	49700000	+
117	0.5	FALSE	6	453	chr22	49700000	50200000	+
118	0.06	FALSE	1	215	chr16	8600000	9350000	+
118	0.06	FALSE	2	216	chr16	9350000	10250000	+
118	0.06	FALSE	3	217	chr16	10250000	11700000	+
118	0.06	FALSE	4	218	chr16	11700000	12100000	+
119	0.86	FALSE	1	30	chr10	45700000	48200000	+
120	0.15	FALSE	1	623	chr7	91900000	94250000	+
121	0.73	FALSE	1	249	chr17	81250000	82950000	+
121	0.73	FALSE	2	250	chr17	82950000	83257441	+
122	1.32	FALSE	1	21	chr10	0	21550000	+
122	1.32	FALSE	2	22	chr10	21550000	35550000	+
122	1.32	FALSE	3	23	chr10	35550000	37750000	+
122	1.32	FALSE	4	24	chr10	37750000	37800000	+
122	1.32	FALSE	5	25	chr10	37800000	38450000	+
122	1.32	FALSE	6	26	chr10	38450000	38550000	+
122	1.32	FALSE	7	27	chr10	38550000	39400000	+
122	1.32	FALSE	8	28	chr10	39400000	39500000	+
122	1.32	FALSE	9	29	chr10	39500000	45700000	+
122	1.32	FALSE	10	30	chr10	45700000	48200000	+
122	1.32	FALSE	11	31	chr10	48200000	104600000	+
122	1.32	FALSE	12	32	chr10	104600000	106000000	+
122	1.32	FALSE	13	33	chr10	106000000	106700000	+
122	1.32	FALSE	14	34	chr10	106700000	109600000	+
122	1.32	FALSE	15	35	chr10	109600000	111050000	+
122	1.32	FALSE	16	36	chr10	111050000	112100000	+
122	1.32	FALSE	17	37	chr10	112100000	128350000	+
122	1.32	FALSE	18	38	chr10	128350000	133797422	+
123	0.94	FALSE	1	1	chr1	0	600000	+
123	0.94	FALSE	2	2	chr1	600000	3900000	+
123	0.94	FALSE	3	3	chr1	3900000	5900000	+
123	0.94	FALSE	4	4	chr1	5900000	38300000	+
123	0.94	FALSE	5	5	chr1	38300000	120650000	+
123	0.94	FALSE	6	6	chr1	120650000	121550000	+
123	0.94	FALSE	7	7	chr1	121550000	122500000	+
123	0.94	FALSE	8	8	chr1	122500000	124750000	+
123	0.94	FALSE	9	9	chr1	124750000	125050000	+
123	0.94	FALSE	10	10	chr1	125050000	125150000	+
124	0.08	FALSE	1	355	chr2	91400000	94850000	+
124	0.08	FALSE	2	356	chr2	94850000	169850000	+
124	0.08	FALSE	3	357	chr2	169850000	170950000	+
124	0.08	FALSE	4	358	chr2	170950000	176050000	+
124	0.08	FALSE	5	359	chr2	176050000	176200000	+
124	0.08	FALSE	6	360	chr2	176200000	182150000	+
124	0.08	FALSE	7	361	chr2	182150000	183050000	+
124	0.08	FALSE	8	362	chr2	183050000	189000000	+
124	0.08	FALSE	9	363	chr2	189000000	192450000	+
124	0.08	FALSE	10	364	chr2	192450000	195700000	+
124	0.08	FALSE	11	365	chr2	195700000	198900000	+
125	0.02	FALSE	1	537	chr4	186900000	190214555	-
125	0.02	FALSE	2	536	chr4	137450000	186900000	-
125	0.02	FALSE	3	535	chr4	130100000	137450000	-
125	0.02	FALSE	4	534	chr4	102350000	130100000	-
125	0.02	FALSE	5	533	chr4	99800000	102350000	-
126	0.2	FALSE	1	203	chr15	22550000	23250000	+
126	0.2	FALSE	2	204	chr15	23250000	28450000	+
126	0.2	FALSE	3	205	chr15	28450000	75750000	+
126	0.2	FALSE	4	206	chr15	75750000	81000000	+
126	0.2	FALSE	5	207	chr15	81000000	100050000	+
126	0.2	FALSE	6	208	chr15	100050000	101550000	+
126	0.2	FALSE	7	209	chr15	101550000	101600000	+
126	0.2	FALSE	8	210	chr15	101600000	101850000	+
127	0.26	FALSE	1	637	chr7	158600000	159345973	-
127	0.26	FALSE	2	636	chr7	157550000	158600000	-
127	0.26	FALSE	3	635	chr7	155600000	157550000	-
127	0.26	FALSE	4	634	chr7	154900000	155600000	-
127	0.26	FALSE	5	633	chr7	153400000	154900000	-
127	0.26	FALSE	6	632	chr7	152850000	153400000	-
127	0.26	FALSE	7	631	chr7	151450000	152850000	-
127	0.26	FALSE	8	630	chr7	151050000	151450000	-
127	0.26	FALSE	9	629	chr7	148500000	151050000	-
127	0.26	FALSE	10	628	chr7	142800000	148500000	-
127	0.26	FALSE	11	627	chr7	102700000	142800000	-
127	0.26	FALSE	12	626	chr7	102300000	102700000	-
127	0.26	FALSE	13	625	chr7	98200000	102300000	-
127	0.26	FALSE	14	624	chr7	94250000	98200000	-
127	0.26	FALSE	15	623	chr7	91900000	94250000	-
127	0.26	FALSE	16	622	chr7	87200000	91900000	-
128	0.29	FALSE	1	160	chr13	49600000	50900000	+
128	0.29	FALSE	2	161	chr13	50900000	52700000	+
128	0.29	FALSE	3	162	chr13	52700000	60050000	+
128	0.29	FALSE	4	163	chr13	60050000	60550000	+
128	0.29	FALSE	5	164	chr13	60550000	71150000	+
128	0.29	FALSE	6	165	chr13	71150000	81700000	+
128	0.29	FALSE	7	166	chr13	81700000	81750000	+
128	0.29	FALSE	8	167	chr13	81750000	94550000	+
128	0.29	FALSE	9	168	chr13	94550000	98100000	+
128	0.29	FALSE	10	169	chr13	98100000	114364328	+
129	0.08	FALSE	1	580	chr7	5650000	5950000	+
129	0.08	FALSE	2	581	chr7	5950000	6700000	+
129	0.08	FALSE	3	582	chr7	6700000	32500000	+
129	0.08	FALSE	4	583	chr7	32500000	32850000	+
129	0.08	FALSE	5	584	chr7	32850000	33950000	+
129	0.08	FALSE	6	585	chr7	33950000	34900000	+
129	0.08	FALSE	7	586	chr7	34900000	35250000	+
129	0.08	FALSE	8	587	chr7	35250000	35600000	+
129	0.08	FALSE	9	588	chr7	35600000	36750000	+
129	0.08	FALSE	10	589	chr7	36750000	38750000	+
129	0.08	FALSE	11	590	chr7	38750000	40550000	+
129	0.08	FALSE	12	591	chr7	40550000	52100000	+
129	0.08	FALSE	13	592	chr7	52100000	52150000	+
129	0.08	FALSE	14	593	chr7	52150000	53200000	+
129	0.08	FALSE	15	594	chr7	53200000	53950000	+
129	0.08	FALSE	16	595	chr7	53950000	56050000	+
129	0.08	FALSE	17	596	chr7	56050000	56950000	+
130	0.54	FALSE	1	544	chr5	3650000	4150000	+
130	0.54	FALSE	2	545	chr5	4150000	4350000	+
130	0.54	FALSE	3	546	chr5	4350000	9900000	+
130	0.54	FALSE	4	547	chr5	9900000	11850000	+
130	0.54	FALSE	5	548	chr5	11850000	12100000	+
130	0.54	FALSE	6	549	chr5	12100000	15000000	+
130	0.54	FALSE	7	550	chr5	15000000	15300000	+
130	0.54	FALSE	8	551	chr5	15300000	16300000	+
130	0.54	FALSE	9	552	chr5	16300000	17100000	+
130	0.54	FALSE	10	553	chr5	17100000	29750000	+
130	0.54	FALSE	11	554	chr5	29750000	41200000	+
130	0.54	FALSE	12	555	chr5	41200000	43400000	+
130	0.54	FALSE	13	556	chr5	43400000	43800000	+
130	0.54	FALSE	14	557	chr5	43800000	44150000	+
130	0.54	FALSE	15	558	chr5	44150000	45950000	+
130	0.54	FALSE	16	559	chr5	45950000	47200000	+
130	0.54	FALSE	17	560	chr5	47200000	47350000	+
130	0.54	FALSE	18	561	chr5	47350000	49650000	+
130	0.54	FALSE	19	562	chr5	49650000	49700000	+
130	0.54	FALSE	20	563	chr5	49700000	50400000	+
130	0.54	FALSE	21	564	chr5	50400000	52750000	+
130	0.54	FALSE	22	565	chr5	52750000	52800000	+
131	0.23	FALSE	1	455	chr3	0	800000	+
131	0.23	FALSE	2	456	chr3	800000	2550000	+
131	0.23	FALSE	3	457	chr3	2550000	4250000	+
131	0.23	FALSE	4	458	chr3	4250000	5250000	+
131	0.23	FALSE	5	459	chr3	5250000	11100000	+
131	0.23	FALSE	6	460	chr3	11100000	12800000	+
131	0.23	FALSE	7	461	chr3	12800000	14950000	+
131	0.23	FALSE	8	462	chr3	14950000	26150000	+
131	0.23	FALSE	9	463	chr3	26150000	40300000	+
131	0.23	FALSE	10	464	chr3	40300000	40350000	+
132	0.17	FALSE	1	343	chr2	50700000	53550000	+
132	0.17	FALSE	2	344	chr2	53550000	76850000	+
132	0.17	FALSE	3	345	chr2	76850000	78900000	+
132	0.17	FALSE	4	346	chr2	78900000	79900000	+
132	0.17	FALSE	5	347	chr2	79900000	81300000	+
132	0.17	FALSE	6	348	chr2	81300000	85050000	+
132	0.17	FALSE	7	349	chr2	85050000	85650000	+
132	0.17	FALSE	8	350	chr2	85650000	86500000	+
132	0.17	FALSE	9	351	chr2	86500000	88100000	+
132	0.17	FALSE	10	352	chr2	88100000	88250000	+
132	0.17	FALSE	11	353	chr2	88250000	90450000	+
133	0.66	FALSE	1	711	chr9	39050000	39600000	-
133	0.66	FALSE	2	710	chr9	38900000	39050000	-
133	0.66	FALSE	3	709	chr9	38450000	38900000	-
133	0.66	FALSE	4	708	chr9	38000000	38450000	-
133	0.66	FALSE	5	707	chr9	30550000	38000000	-
133	0.66	FALSE	6	706	chr9	22950000	30550000	-
133	0.66	FALSE	7	705	chr9	20350000	22950000	-
133	0.66	FALSE	8	704	chr9	19050000	20350000	-
133	0.66	FALSE	9	703	chr9	9850000	19050000	-
133	0.66	FALSE	10	702	chr9	7500000	9850000	-
133	0.66	FALSE	11	701	chr9	7400000	7500000	-
133	0.66	FALSE	12	700	chr9	4350000	7400000	-
133	0.66	FALSE	13	699	chr9	3600000	4350000	-
133	0.66	FALSE	14	698	chr9	3550000	3600000	-
133	0.66	FALSE	15	697	chr9	200000	3550000	-
133	0.66	FALSE	16	696	chr9	0	200000	-
134	0.16	FALSE	1	71	chr11	77800000	78600000	+
134	0.16	FALSE	2	72	chr11	78600000	80550000	+
134	0.16	FALSE	3	73	chr11	80550000	85550000	+
134	0.16	FALSE	4	74	chr11	85550000	90200000	+
134	0.16	FALSE	5	75	chr11	90200000	93750000	+
134	0.16	FALSE	6	76	chr11	93750000	96600000	+
134	0.16	FALSE	7	77	chr11	96600000	100650000	+
134	0.16	FALSE	8	78	chr11	100650000	100800000	+
134	0.16	FALSE	9	79	chr11	100800000	100850000	+
134	0.16	FALSE	10	80	chr11	100850000	101350000	+
134	0.16	FALSE	11	81	chr11	101350000	101400000	+
134	0.16	FALSE	12	82	chr11	101400000	101800000	+
134	0.16	FALSE	13	83	chr11	101800000	102700000	+
134	0.16	FALSE	14	84	chr11	102700000	103500000	+
134	0.16	FALSE	15	85	chr11	103500000	113850000	+
134	0.16	FALSE	16	86	chr11	113850000	114750000	+
135	0.18	FALSE	1	492	chr3	124000000	126000000	-
135	0.18	FALSE	2	491	chr3	123850000	124000000	-
135	0.18	FALSE	3	490	chr3	118900000	123850000	-
135	0.18	FALSE	4	489	chr3	116350000	118900000	-
135	0.18	FALSE	5	488	chr3	112750000	116350000	-
135	0.18	FALSE	6	487	chr3	111450000	112750000	-
135	0.18	FALSE	7	486	chr3	109450000	111450000	-
135	0.18	FALSE	8	485	chr3	108850000	109450000	-
135	0.18	FALSE	9	484	chr3	107150000	108850000	-
135	0.18	FALSE	10	483	chr3	101850000	107150000	-
135	0.18	FALSE	11	482	chr3	97350000	101850000	-
135	0.18	FALSE	12	481	chr3	95300000	97350000	-
135	0.18	FALSE	13	480	chr3	93700000	95300000	-
135	0.18	FALSE	14	479	chr3	93650000	93700000	-
135	0.18	FALSE	15	478	chr3	91600000	93650000	-
135	0.18	FALSE	16	477	chr3	91550000	91600000	-
135	0.18	FALSE	17	476	chr3	90450000	91550000	-
136	0.1	FALSE	1	741	chrX	10900000	11300000	+
136	0.1	FALSE	2	742	chrX	11300000	24450000	+
136	0.1	FALSE	3	743	chrX	24450000	38300000	+
136	0.1	FALSE	4	746	chrX	48000000	50500000	+
136	0.1	FALSE	5	747	chrX	50500000	50550000	+
136	0.1	FALSE	6	748	chrX	50550000	51950000	+
136	0.1	FALSE	7	749	chrX	51950000	52200000	+
136	0.1	FALSE	8	750	chrX	52200000	52650000	+
136	0.1	FALSE	9	751	chrX	52650000	53700000	+
136	0.1	FALSE	10	752	chrX	53700000	54000000	+
136	0.1	FALSE	11	753	chrX	54000000	55000000	+
136	0.1	FALSE	12	754	chrX	55000000	55600000	+
137	0.06	FALSE	1	505	chr3	148650000	154050000	+
137	0.06	FALSE	2	506	chr3	154050000	156700000	+
137	0.06	FALSE	3	507	chr3	156700000	156750000	+
137	0.06	FALSE	4	508	chr3	156750000	156900000	+
137	0.06	FALSE	5	509	chr3	156900000	157100000	+
137	0.06	FALSE	6	510	chr3	157100000	159600000	+
137	0.06	FALSE	7	511	chr3	159600000	159750000	+
137	0.06	FALSE	8	512	chr3	159750000	160050000	+
137	0.06	FALSE	9	513	chr3	160050000	160650000	+
137	0.06	FALSE	10	514	chr3	160650000	168300000	+
137	0.06	FALSE	11	515	chr3	168300000	173100000	+
137	0.06	FALSE	12	516	chr3	173100000	174600000	+
137	0.06	FALSE	13	517	chr3	174600000	174850000	+
137	0.06	FALSE	14	518	chr3	174850000	181950000	+
137	0.06	FALSE	15	519	chr3	181950000	182800000	+
137	0.06	FALSE	16	520	chr3	182800000	183050000	+
137	0.06	FALSE	17	521	chr3	183050000	183250000	+
137	0.06	FALSE	18	522	chr3	183250000	183300000	+
137	0.06	FALSE	19	523	chr3	183300000	183500000	+
138	0.14	FALSE	1	669	chr8	82350000	85650000	-
138	0.14	FALSE	2	668	chr8	79300000	82350000	-
138	0.14	FALSE	3	667	chr8	79250000	79300000	-
138	0.14	FALSE	4	666	chr8	79150000	79250000	-
138	0.14	FALSE	5	665	chr8	78300000	79150000	-
138	0.14	FALSE	6	664	chr8	75550000	78300000	-
138	0.14	FALSE	7	663	chr8	73200000	75550000	-
138	0.14	FALSE	8	662	chr8	67300000	73200000	-
138	0.14	FALSE	9	661	chr8	66300000	67300000	-
138	0.14	FALSE	10	660	chr8	55950000	66300000	-
138	0.14	FALSE	11	659	chr8	55450000	55950000	-
138	0.14	FALSE	12	658	chr8	54050000	55450000	-
138	0.14	FALSE	13	657	chr8	53650000	54050000	-
138	0.14	FALSE	14	656	chr8	53100000	53650000	-
139	0.73	FALSE	1	677	chr8	100100000	107000000	+
139	0.73	FALSE	2	678	chr8	107000000	113850000	+
139	0.73	FALSE	3	679	chr8	113850000	114350000	+
139	0.73	FALSE	4	680	chr8	114350000	114400000	+
139	0.73	FALSE	5	681	chr8	114400000	114450000	+
139	0.73	FALSE	6	682	chr8	114450000	114750000	+
139	0.73	FALSE	7	683	chr8	114750000	114800000	+
139	0.73	FALSE	8	684	chr8	114800000	132100000	+
140	0.71	FALSE	1	194	chr14	88800000	97050000	-
140	0.71	FALSE	2	193	chr14	88350000	88800000	-
140	0.71	FALSE	3	192	chr14	87550000	88350000	-
140	0.71	FALSE	4	191	chr14	81600000	87550000	-
140	0.71	FALSE	5	190	chr14	80050000	81600000	-
140	0.71	FALSE	6	189	chr14	79800000	80050000	-
140	0.71	FALSE	7	188	chr14	78150000	79800000	-
140	0.71	FALSE	8	187	chr14	77850000	78150000	-
140	0.71	FALSE	9	186	chr14	73700000	77850000	-
140	0.71	FALSE	10	185	chr14	73500000	73700000	-
140	0.71	FALSE	11	184	chr14	71000000	73500000	-
141	0.41	FALSE	1	408	chr21	12950000	13250000	+
141	0.41	FALSE	2	409	chr21	13250000	19650000	+
141	0.41	FALSE	3	410	chr21	19650000	22500000	+
141	0.41	FALSE	4	411	chr21	22500000	23250000	+
141	0.41	FALSE	5	412	chr21	23250000	23750000	+
141	0.41	FALSE	6	413	chr21	23750000	24300000	+
141	0.41	FALSE	7	414	chr21	24300000	25000000	+
141	0.41	FALSE	8	415	chr21	25000000	33100000	+
141	0.41	FALSE	9	416	chr21	33100000	33200000	+
141	0.41	FALSE	10	417	chr21	33200000	34150000	+
141	0.41	FALSE	11	419	chr21	42500000	42750000	+
141	0.41	FALSE	12	420	chr21	42750000	44950000	+
141	0.41	FALSE	13	421	chr21	44950000	45050000	+
141	0.41	FALSE	14	422	chr21	45050000	45100000	+
141	0.41	FALSE	15	423	chr21	45100000	46709983	+
142	0.15	FALSE	1	222	chr16	13550000	13850000	+
142	0.15	FALSE	2	223	chr16	13850000	14800000	+
142	0.15	FALSE	3	224	chr16	14800000	15350000	+
142	0.15	FALSE	4	225	chr16	15350000	15400000	+
142	0.15	FALSE	5	226	chr16	15400000	18150000	+
142	0.15	FALSE	6	227	chr16	18150000	18550000	+
142	0.15	FALSE	7	228	chr16	18550000	21750000	+
142	0.15	FALSE	8	229	chr16	21750000	22550000	+
142	0.15	FALSE	9	230	chr16	22550000	32150000	+
142	0.15	FALSE	10	231	chr16	32150000	33600000	+
142	0.15	FALSE	11	232	chr16	33600000	34550000	+
142	0.15	FALSE	12	233	chr16	34550000	34750000	+
142	0.15	FALSE	13	234	chr16	34750000	36050000	+
142	0.15	FALSE	14	235	chr16	36050000	38300000	+
143	0.6	FALSE	1	256	chr18	26000000	26400000	+
143	0.6	FALSE	2	257	chr18	26400000	27500000	+
143	0.6	FALSE	3	258	chr18	27500000	28250000	+
143	0.6	FALSE	4	259	chr18	28250000	28300000	+
143	0.6	FALSE	5	260	chr18	28300000	28350000	+
143	0.6	FALSE	6	261	chr18	28350000	29350000	+
143	0.6	FALSE	7	262	chr18	29350000	29450000	+
143	0.6	FALSE	8	263	chr18	29450000	29600000	+
143	0.6	FALSE	9	264	chr18	29600000	31050000	+
143	0.6	FALSE	10	265	chr18	31050000	31450000	+
143	0.6	FALSE	11	266	chr18	31450000	37150000	+
143	0.6	FALSE	12	267	chr18	37150000	37250000	+
143	0.6	FALSE	13	268	chr18	37250000	37300000	+
143	0.6	FALSE	14	269	chr18	37300000	37800000	+
143	0.6	FALSE	15	270	chr18	37800000	39450000	+
143	0.6	FALSE	16	271	chr18	39450000	39650000	+
143	0.6	FALSE	17	272	chr18	39650000	39700000	+
143	0.6	FALSE	18	273	chr18	39700000	41500000	+
143	0.6	FALSE	19	274	chr18	41500000	41550000	+
143	0.6	FALSE	20	275	chr18	41550000	42000000	+
143	0.6	FALSE	21	276	chr18	42000000	42050000	+
143	0.6	FALSE	22	277	chr18	42050000	46600000	+
143	0.6	FALSE	23	278	chr18	46600000	47050000	+
143	0.6	FALSE	24	279	chr18	47050000	48050000	+
143	0.6	FALSE	25	280	chr18	48050000	49750000	+
143	0.6	FALSE	26	281	chr18	49750000	49850000	+
143	0.6	FALSE	27	282	chr18	49850000	50550000	+
144	0.02	FALSE	1	320	chr19	38200000	39350000	+
144	0.02	FALSE	2	321	chr19	39350000	42200000	+
144	0.02	FALSE	3	322	chr19	42200000	42250000	+
144	0.02	FALSE	4	323	chr19	42250000	43350000	+
144	0.02	FALSE	5	324	chr19	43350000	48900000	+
144	0.02	FALSE	6	325	chr19	48900000	50050000	+
144	0.02	FALSE	7	326	chr19	50050000	56350000	+
144	0.02	FALSE	8	327	chr19	56350000	57150000	+
144	0.02	FALSE	9	328	chr19	57150000	57750000	+
144	0.02	FALSE	10	329	chr19	57750000	57950000	+
144	0.02	FALSE	11	330	chr19	57950000	58617616	+
145	0.67	FALSE	1	764	chrX	119150000	122700000	+
145	0.67	FALSE	2	765	chrX	122700000	122750000	+
145	0.67	FALSE	3	766	chrX	122750000	126100000	+
145	0.67	FALSE	4	767	chrX	126100000	126150000	+
145	0.67	FALSE	5	768	chrX	126150000	130050000	+
145	0.67	FALSE	6	769	chrX	130050000	130100000	+
145	0.67	FALSE	7	770	chrX	130100000	131250000	+
145	0.67	FALSE	8	771	chrX	131250000	131950000	+
145	0.67	FALSE	9	772	chrX	131950000	132000000	+
145	0.67	FALSE	10	773	chrX	132000000	137200000	+
146	0.41	FALSE	1	378	chr20	24650000	28500000	+
146	0.41	FALSE	2	379	chr20	28500000	28800000	+
146	0.41	FALSE	3	380	chr20	28800000	28850000	+
146	0.41	FALSE	4	381	chr20	28850000	29250000	+
146	0.41	FALSE	5	382	chr20	29250000	30450000	+
146	0.41	FALSE	6	383	chr20	30450000	30600000	+
146	0.41	FALSE	7	384	chr20	30600000	31000000	+
146	0.41	FALSE	8	385	chr20	31000000	31050000	+
146	0.41	FALSE	9	386	chr20	31050000	31100000	+
146	0.41	FALSE	10	387	chr20	31100000	31300000	+
146	0.41	FALSE	11	388	chr20	31300000	33600000	+
146	0.41	FALSE	12	389	chr20	33600000	35450000	+
146	0.41	FALSE	13	390	chr20	35450000	35550000	+
146	0.41	FALSE	14	391	chr20	35550000	36100000	+
146	0.41	FALSE	15	392	chr20	36100000	41900000	+
147	0.04	FALSE	1	46	chr11	39100000	43300000	+
147	0.04	FALSE	2	47	chr11	43300000	48900000	+
147	0.04	FALSE	3	48	chr11	48900000	49750000	+
147	0.04	FALSE	4	49	chr11	49750000	50300000	+
148	0.21	FALSE	1	114	chr12	26350000	28550000	-
148	0.21	FALSE	2	113	chr12	24100000	26350000	-
148	0.21	FALSE	3	112	chr12	22700000	24100000	-
148	0.21	FALSE	4	111	chr12	17450000	22700000	-
149	0.21	FALSE	1	140	chr12	119550000	124200000	+
149	0.21	FALSE	2	141	chr12	124200000	127700000	+
149	0.21	FALSE	3	142	chr12	127700000	127950000	+
150	0.04	FALSE	1	293	chr18	70200000	71250000	+
150	0.04	FALSE	2	294	chr18	71250000	71950000	+
150	0.04	FALSE	3	295	chr18	71950000	72000000	+
150	0.04	FALSE	4	296	chr18	72000000	77550000	+
151	0.41	FALSE	1	101	chr11	134350000	135086622	-
151	0.41	FALSE	2	100	chr11	134050000	134350000	-
151	0.41	FALSE	3	99	chr11	132800000	134050000	-
151	0.41	FALSE	4	98	chr11	132750000	132800000	-
151	0.41	FALSE	5	97	chr11	132600000	132750000	-
151	0.41	FALSE	6	96	chr11	131050000	132600000	-
151	0.41	FALSE	7	95	chr11	130300000	131050000	-
151	0.41	FALSE	8	94	chr11	128150000	130300000	-
152	0.23	FALSE	1	117	chr12	31100000	34200000	+
152	0.23	FALSE	2	118	chr12	34200000	37300000	+
153	1.2	FALSE	1	55	chr11	65250000	66300000	+
153	1.2	FALSE	2	56	chr11	66300000	67450000	+
153	1.2	FALSE	3	57	chr11	67450000	67850000	+
153	1.2	FALSE	4	58	chr11	67850000	67950000	+
153	1.2	FALSE	5	59	chr11	67950000	68050000	+
153	1.2	FALSE	6	60	chr11	68050000	68500000	+
153	1.2	FALSE	7	61	chr11	68500000	68950000	+
153	1.2	FALSE	8	62	chr11	68950000	69000000	+
153	1.2	FALSE	9	63	chr11	69000000	69150000	+
153	1.2	FALSE	10	64	chr11	69150000	69550000	+
153	1.2	FALSE	11	65	chr11	69550000	71350000	+
153	1.2	FALSE	12	66	chr11	71350000	71400000	+
154	0.2	FALSE	1	124	chr12	99550000	102350000	+
154	0.2	FALSE	2	125	chr12	102350000	103200000	+
154	0.2	FALSE	3	126	chr12	103200000	103800000	+
154	0.2	FALSE	4	127	chr12	103800000	105300000	+
155	1.03	FALSE	1	246	chr17	78150000	78750000	+
155	1.03	FALSE	2	247	chr17	78750000	79700000	+
155	1.03	FALSE	3	248	chr17	79700000	81250000	+
155	1.03	FALSE	4	249	chr17	81250000	82950000	+
155	1.03	FALSE	5	250	chr17	82950000	83257441	+
156	0.01	FALSE	1	775	chrX	142000000	143000000	+
156	0.01	FALSE	2	776	chrX	143000000	143050000	+
156	0.01	FALSE	3	777	chrX	143050000	144650000	+
156	0.01	FALSE	4	778	chrX	144650000	144700000	+
156	0.01	FALSE	5	779	chrX	144700000	146500000	+
157	1.02	FALSE	1	448	chr22	45650000	45800000	+
157	1.02	FALSE	2	449	chr22	45800000	46050000	+
157	1.02	FALSE	3	450	chr22	46050000	47100000	+
157	1.02	FALSE	4	451	chr22	47100000	48250000	+
158	0.24	FALSE	1	429	chr22	27750000	30200000	+
159	0.03	FALSE	1	134	chr12	115950000	116350000	+
159	0.03	FALSE	2	135	chr12	116350000	117000000	+
159	0.03	FALSE	3	136	chr12	117000000	117900000	+
159	0.03	FALSE	4	137	chr12	117900000	118400000	+
160	0.07	FALSE	1	618	chr7	83700000	85350000	+
161	0.89	FALSE	1	615	chr7	76450000	77200000	+
162	0.74	FALSE	1	689	chr8	134500000	134900000	+
163	0.28	FALSE	1	218	chr16	11700000	12100000	+
164	0.9	FALSE	1	571	chr6	0	350000	+
164	0.9	FALSE	2	572	chr6	350000	56450000	+
164	0.9	FALSE	3	573	chr6	56450000	58250000	+
164	0.9	FALSE	4	574	chr6	58250000	58600000	+
164	0.9	FALSE	5	575	chr6	58600000	59800000	+
164	0.9	FALSE	6	576	chr6	59800000	61400000	+
164	0.9	FALSE	7	577	chr6	61400000	170805979	+
165	0.36	FALSE	1	570	chr5	114250000	181538259	-
165	0.36	FALSE	2	569	chr5	71300000	114250000	-
165	0.36	FALSE	3	568	chr5	69800000	71300000	-
165	0.36	FALSE	4	567	chr5	59850000	69800000	-
165	0.36	FALSE	5	566	chr5	52800000	59850000	-
165	0.36	FALSE	6	565	chr5	52750000	52800000	-
165	0.36	FALSE	7	564	chr5	50400000	52750000	-
165	0.36	FALSE	8	563	chr5	49700000	50400000	-
165	0.36	FALSE	9	562	chr5	49650000	49700000	-
165	0.36	FALSE	10	561	chr5	47350000	49650000	-
165	0.36	FALSE	11	560	chr5	47200000	47350000	-
165	0.36	FALSE	12	559	chr5	45950000	47200000	-
165	0.36	FALSE	13	558	chr5	44150000	45950000	-
165	0.36	FALSE	14	557	chr5	43800000	44150000	-
165	0.36	FALSE	15	556	chr5	43400000	43800000	-
165	0.36	FALSE	16	555	chr5	41200000	43400000	-
166	0.14	FALSE	1	1	chr1	0	600000	+
166	0.14	FALSE	2	2	chr1	600000	3900000	+
166	0.14	FALSE	3	3	chr1	3900000	5900000	+
166	0.14	FALSE	4	4	chr1	5900000	38300000	+
166	0.14	FALSE	5	5	chr1	38300000	120650000	+
166	0.14	FALSE	6	6	chr1	120650000	121550000	+
167	0.37	FALSE	1	28	chr10	39400000	39500000	+
167	0.37	FALSE	2	29	chr10	39500000	45700000	+
167	0.37	FALSE	3	30	chr10	45700000	48200000	+
167	0.37	FALSE	4	31	chr10	48200000	104600000	+
167	0.37	FALSE	5	32	chr10	104600000	106000000	+
167	0.37	FALSE	6	33	chr10	106000000	106700000	+
167	0.37	FALSE	7	34	chr10	106700000	109600000	+
167	0.37	FALSE	8	35	chr10	109600000	111050000	+
167	0.37	FALSE	9	36	chr10	111050000	112100000	+
167	0.37	FALSE	10	37	chr10	112100000	128350000	+
167	0.37	FALSE	11	38	chr10	128350000	133797422	+
168	0.17	FALSE	1	249	chr17	81250000	82950000	-
168	0.17	FALSE	2	248	chr17	79700000	81250000	-
168	0.17	FALSE	3	247	chr17	78750000	79700000	-
168	0.17	FALSE	4	246	chr17	78150000	78750000	-
168	0.17	FALSE	5	245	chr17	78100000	78150000	-
168	0.17	FALSE	6	244	chr17	59900000	78100000	-
168	0.17	FALSE	7	243	chr17	26900000	59900000	-
168	0.17	FALSE	8	242	chr17	26600000	26900000	-
168	0.17	FALSE	9	241	chr17	22750000	26600000	-
168	0.17	FALSE	10	240	chr17	0	22750000	-
169	0.03	FALSE	1	632	chr7	152850000	153400000	-
169	0.03	FALSE	2	631	chr7	151450000	152850000	-
169	0.03	FALSE	3	630	chr7	151050000	151450000	-
169	0.03	FALSE	4	629	chr7	148500000	151050000	-
169	0.03	FALSE	5	628	chr7	142800000	148500000	-
169	0.03	FALSE	6	627	chr7	102700000	142800000	-
169	0.03	FALSE	7	626	chr7	102300000	102700000	-
169	0.03	FALSE	8	625	chr7	98200000	102300000	-
169	0.03	FALSE	9	624	chr7	94250000	98200000	-
169	0.03	FALSE	10	623	chr7	91900000	94250000	-
169	0.03	FALSE	11	622	chr7	87200000	91900000	-
170	0.06	FALSE	1	580	chr7	5650000	5950000	+
170	0.06	FALSE	2	581	chr7	5950000	6700000	+
170	0.06	FALSE	3	582	chr7	6700000	32500000	+
170	0.06	FALSE	4	583	chr7	32500000	32850000	+
170	0.06	FALSE	5	584	chr7	32850000	33950000	+
170	0.06	FALSE	6	585	chr7	33950000	34900000	+
170	0.06	FALSE	7	586	chr7	34900000	35250000	+
170	0.06	FALSE	8	587	chr7	35250000	35600000	+
170	0.06	FALSE	9	588	chr7	35600000	36750000	+
170	0.06	FALSE	10	589	chr7	36750000	38750000	+
170	0.06	FALSE	11	590	chr7	38750000	40550000	+
170	0.06	FALSE	12	591	chr7	40550000	52100000	+
170	0.06	FALSE	13	592	chr7	52100000	52150000	+
170	0.06	FALSE	14	593	chr7	52150000	53200000	+
170	0.06	FALSE	15	594	chr7	53200000	53950000	+
170	0.06	FALSE	16	595	chr7	53950000	56050000	+
170	0.06	FALSE	17	596	chr7	56050000	56950000	+
170	0.06	FALSE	18	597	chr7	56950000	58050000	+
170	0.06	FALSE	19	598	chr7	58050000	58100000	+
170	0.06	FALSE	20	599	chr7	58100000	58150000	+
170	0.06	FALSE	21	600	chr7	58150000	60800000	+
170	0.06	FALSE	22	601	chr7	60800000	60850000	+
170	0.06	FALSE	23	602	chr7	60850000	60900000	+
170	0.06	FALSE	24	603	chr7	60900000	62250000	+
170	0.06	FALSE	25	604	chr7	62250000	63450000	+
170	0.06	FALSE	26	605	chr7	63450000	63750000	+
170	0.06	FALSE	27	606	chr7	63750000	63850000	+
171	0.03	FALSE	1	650	chr8	40400000	40800000	+
171	0.03	FALSE	2	651	chr8	40800000	42200000	+
171	0.03	FALSE	3	652	chr8	42200000	42850000	+
171	0.03	FALSE	4	653	chr8	42850000	45900000	+
171	0.03	FALSE	5	654	chr8	45900000	46550000	+
171	0.03	FALSE	6	655	chr8	46550000	53100000	+
171	0.03	FALSE	7	656	chr8	53100000	53650000	+
171	0.03	FALSE	8	657	chr8	53650000	54050000	+
171	0.03	FALSE	9	658	chr8	54050000	55450000	+
171	0.03	FALSE	10	659	chr8	55450000	55950000	+
171	0.03	FALSE	11	660	chr8	55950000	66300000	+
171	0.03	FALSE	12	661	chr8	66300000	67300000	+
171	0.03	FALSE	13	662	chr8	67300000	73200000	+
171	0.03	FALSE	14	663	chr8	73200000	75550000	+
171	0.03	FALSE	15	664	chr8	75550000	78300000	+
171	0.03	FALSE	16	665	chr8	78300000	79150000	+
171	0.03	FALSE	17	666	chr8	79150000	79250000	+
171	0.03	FALSE	18	667	chr8	79250000	79300000	+
171	0.03	FALSE	19	668	chr8	79300000	82350000	+
172	0.05	FALSE	1	392	chr20	36100000	41900000	-
172	0.05	FALSE	2	391	chr20	35550000	36100000	-
172	0.05	FALSE	3	390	chr20	35450000	35550000	-
172	0.05	FALSE	4	389	chr20	33600000	35450000	-
172	0.05	FALSE	5	388	chr20	31300000	33600000	-
172	0.05	FALSE	6	387	chr20	31100000	31300000	-
172	0.05	FALSE	7	386	chr20	31050000	31100000	-
172	0.05	FALSE	8	385	chr20	31000000	31050000	-
172	0.05	FALSE	9	384	chr20	30600000	31000000	-
172	0.05	FALSE	10	383	chr20	30450000	30600000	-
172	0.05	FALSE	11	382	chr20	29250000	30450000	-
172	0.05	FALSE	12	381	chr20	28850000	29250000	-
172	0.05	FALSE	13	380	chr20	28800000	28850000	-
172	0.05	FALSE	14	379	chr20	28500000	28800000	-
172	0.05	FALSE	15	378	chr20	24650000	28500000	-
172	0.05	FALSE	16	377	chr20	24150000	24650000	-
172	0.05	FALSE	17	376	chr20	15300000	24150000	-
172	0.05	FALSE	18	375	chr20	15200000	15300000	-
172	0.05	FALSE	19	374	chr20	14750000	15200000	-
172	0.05	FALSE	20	373	chr20	14350000	14750000	-
172	0.05	FALSE	21	372	chr20	14250000	14350000	-
172	0.05	FALSE	22	371	chr20	0	14250000	-
173	0.41	FALSE	1	367	chr2	203000000	216500000	+
173	0.41	FALSE	2	368	chr2	216500000	221950000	+
173	0.41	FALSE	3	369	chr2	221950000	234950000	+
173	0.41	FALSE	4	370	chr2	234950000	242193529	+
174	0.16	FALSE	1	344	chr2	53550000	76850000	+
174	0.16	FALSE	2	345	chr2	76850000	78900000	+
174	0.16	FALSE	3	346	chr2	78900000	79900000	+
174	0.16	FALSE	4	347	chr2	79900000	81300000	+
174	0.16	FALSE	5	348	chr2	81300000	85050000	+
174	0.16	FALSE	6	349	chr2	85050000	85650000	+
174	0.16	FALSE	7	350	chr2	85650000	86500000	+
174	0.16	FALSE	8	351	chr2	86500000	88100000	+
174	0.16	FALSE	9	352	chr2	88100000	88250000	+
174	0.16	FALSE	10	353	chr2	88250000	90450000	+
175	0.08	FALSE	1	741	chrX	10900000	11300000	+
175	0.08	FALSE	2	742	chrX	11300000	24450000	+
175	0.08	FALSE	3	743	chrX	24450000	38300000	+
175	0.08	FALSE	4	746	chrX	48000000	50500000	+
175	0.08	FALSE	5	747	chrX	50500000	50550000	+
175	0.08	FALSE	6	748	chrX	50550000	51950000	+
175	0.08	FALSE	7	749	chrX	51950000	52200000	+
175	0.08	FALSE	8	750	chrX	52200000	52650000	+
175	0.08	FALSE	9	751	chrX	52650000	53700000	+
175	0.08	FALSE	10	752	chrX	53700000	54000000	+
175	0.08	FALSE	11	753	chrX	54000000	55000000	+
176	0.23	FALSE	1	357	chr2	169850000	170950000	+
176	0.23	FALSE	2	358	chr2	170950000	176050000	+
176	0.23	FALSE	3	359	chr2	176050000	176200000	+
176	0.23	FALSE	4	360	chr2	176200000	182150000	+
176	0.23	FALSE	5	361	chr2	182150000	183050000	+
176	0.23	FALSE	6	362	chr2	183050000	189000000	+
176	0.23	FALSE	7	363	chr2	189000000	192450000	+
176	0.23	FALSE	8	364	chr2	192450000	195700000	+
176	0.23	FALSE	9	365	chr2	195700000	198900000	+
177	0.04	FALSE	1	643	chr8	8100000	12650000	+
177	0.04	FALSE	2	644	chr8	12650000	20250000	+
177	0.04	FALSE	3	645	chr8	20250000	21800000	+
177	0.04	FALSE	4	646	chr8	21800000	33950000	+
177	0.04	FALSE	5	647	chr8	33950000	36950000	+
178	0.31	FALSE	1	523	chr3	183300000	183500000	-
178	0.31	FALSE	2	522	chr3	183250000	183300000	-
178	0.31	FALSE	3	521	chr3	183050000	183250000	-
178	0.31	FALSE	4	520	chr3	182800000	183050000	-
178	0.31	FALSE	5	519	chr3	181950000	182800000	-
178	0.31	FALSE	6	518	chr3	174850000	181950000	-
178	0.31	FALSE	7	517	chr3	174600000	174850000	-
178	0.31	FALSE	8	516	chr3	173100000	174600000	-
178	0.31	FALSE	9	515	chr3	168300000	173100000	-
178	0.31	FALSE	10	514	chr3	160650000	168300000	-
178	0.31	FALSE	11	513	chr3	160050000	160650000	-
178	0.31	FALSE	12	512	chr3	159750000	160050000	-
178	0.31	FALSE	13	511	chr3	159600000	159750000	-
178	0.31	FALSE	14	510	chr3	157100000	159600000	-
178	0.31	FALSE	15	509	chr3	156900000	157100000	-
178	0.31	FALSE	16	508	chr3	156750000	156900000	-
178	0.31	FALSE	17	507	chr3	156700000	156750000	-
179	0.14	FALSE	1	223	chr16	13850000	14800000	+
179	0.14	FALSE	2	224	chr16	14800000	15350000	+
179	0.14	FALSE	3	225	chr16	15350000	15400000	+
179	0.14	FALSE	4	226	chr16	15400000	18150000	+
179	0.14	FALSE	5	227	chr16	18150000	18550000	+
179	0.14	FALSE	6	228	chr16	18550000	21750000	+
179	0.14	FALSE	7	229	chr16	21750000	22550000	+
179	0.14	FALSE	8	230	chr16	22550000	32150000	+
179	0.14	FALSE	9	231	chr16	32150000	33600000	+
179	0.14	FALSE	10	232	chr16	33600000	34550000	+
179	0.14	FALSE	11	233	chr16	34550000	34750000	+
179	0.14	FALSE	12	234	chr16	34750000	36050000	+
179	0.14	FALSE	13	235	chr16	36050000	38300000	+
180	0.04	FALSE	1	608	chr7	64250000	65050000	+
180	0.04	FALSE	2	609	chr7	65050000	67300000	+
180	0.04	FALSE	3	610	chr7	67300000	67350000	+
180	0.04	FALSE	4	611	chr7	67350000	70100000	+
180	0.04	FALSE	5	612	chr7	70100000	70400000	+
180	0.04	FALSE	6	613	chr7	70400000	72500000	+
180	0.04	FALSE	7	614	chr7	72500000	76450000	+
180	0.04	FALSE	8	615	chr7	76450000	77200000	+
180	0.04	FALSE	9	616	chr7	77200000	79350000	+
180	0.04	FALSE	10	617	chr7	79350000	83700000	+
180	0.04	FALSE	11	618	chr7	83700000	85350000	+
180	0.04	FALSE	12	619	chr7	85350000	86950000	+
180	0.04	FALSE	13	163	chr13	60050000	60550000	+
181	0.03	FALSE	1	282	chr18	49850000	50550000	-
181	0.03	FALSE	2	281	chr18	49750000	49850000	-
181	0.03	FALSE	3	280	chr18	48050000	49750000	-
181	0.03	FALSE	4	279	chr18	47050000	48050000	-
181	0.03	FALSE	5	278	chr18	46600000	47050000	-
181	0.03	FALSE	6	277	chr18	42050000	46600000	-
181	0.03	FALSE	7	276	chr18	42000000	42050000	-
181	0.03	FALSE	8	275	chr18	41550000	42000000	-
181	0.03	FALSE	9	274	chr18	41500000	41550000	-
181	0.03	FALSE	10	273	chr18	39700000	41500000	-
181	0.03	FALSE	11	272	chr18	39650000	39700000	-
181	0.03	FALSE	12	271	chr18	39450000	39650000	-
181	0.03	FALSE	13	270	chr18	37800000	39450000	-
181	0.03	FALSE	14	269	chr18	37300000	37800000	-
181	0.03	FALSE	15	268	chr18	37250000	37300000	-
181	0.03	FALSE	16	267	chr18	37150000	37250000	-
181	0.03	FALSE	17	266	chr18	31450000	37150000	-
181	0.03	FALSE	18	265	chr18	31050000	31450000	-
181	0.03	FALSE	19	264	chr18	29600000	31050000	-
181	0.03	FALSE	20	263	chr18	29450000	29600000	-
181	0.03	FALSE	21	262	chr18	29350000	29450000	-
181	0.03	FALSE	22	261	chr18	28350000	29350000	-
181	0.03	FALSE	23	260	chr18	28300000	28350000	-
181	0.03	FALSE	24	259	chr18	28250000	28300000	-
181	0.03	FALSE	25	258	chr18	27500000	28250000	-
182	0.47	FALSE	1	696	chr9	0	200000	+
182	0.47	FALSE	2	697	chr9	200000	3550000	+
182	0.47	FALSE	3	698	chr9	3550000	3600000	+
182	0.47	FALSE	4	699	chr9	3600000	4350000	+
182	0.47	FALSE	5	700	chr9	4350000	7400000	+
182	0.47	FALSE	6	701	chr9	7400000	7500000	+
182	0.47	FALSE	7	702	chr9	7500000	9850000	+
182	0.47	FALSE	8	703	chr9	9850000	19050000	+
183	0.18	FALSE	1	410	chr21	19650000	22500000	+
183	0.18	FALSE	2	411	chr21	22500000	23250000	+
183	0.18	FALSE	3	412	chr21	23250000	23750000	+
183	0.18	FALSE	4	413	chr21	23750000	24300000	+
183	0.18	FALSE	5	414	chr21	24300000	25000000	+
183	0.18	FALSE	6	415	chr21	25000000	33100000	+
183	0.18	FALSE	7	416	chr21	33100000	33200000	+
183	0.18	FALSE	8	417	chr21	33200000	34150000	+
183	0.18	FALSE	9	419	chr21	42500000	42750000	+
183	0.18	FALSE	10	420	chr21	42750000	44950000	+
183	0.18	FALSE	11	421	chr21	44950000	45050000	+
183	0.18	FALSE	12	422	chr21	45050000	45100000	+
183	0.18	FALSE	13	423	chr21	45100000	46709983	+
184	0.17	FALSE	1	679	chr8	113850000	114350000	+
184	0.17	FALSE	2	680	chr8	114350000	114400000	+
184	0.17	FALSE	3	681	chr8	114400000	114450000	+
184	0.17	FALSE	4	682	chr8	114450000	114750000	+
184	0.17	FALSE	5	683	chr8	114750000	114800000	+
184	0.17	FALSE	6	684	chr8	114800000	132100000	+
185	0.06	FALSE	1	320	chr19	38200000	39350000	+
185	0.06	FALSE	2	321	chr19	39350000	42200000	+
185	0.06	FALSE	3	322	chr19	42200000	42250000	+
185	0.06	FALSE	4	323	chr19	42250000	43350000	+
185	0.06	FALSE	5	324	chr19	43350000	48900000	+
185	0.06	FALSE	6	325	chr19	48900000	50050000	+
185	0.06	FALSE	7	326	chr19	50050000	56350000	+
186	0.18	FALSE	1	431	chr22	30650000	32550000	-
186	0.18	FALSE	2	430	chr22	30200000	30650000	-
186	0.18	FALSE	3	429	chr22	27750000	30200000	-
186	0.18	FALSE	4	428	chr22	27700000	27750000	-
186	0.18	FALSE	5	427	chr22	15150000	27700000	-
187	0.2	FALSE	1	394	chr20	43350000	45900000	+
187	0.2	FALSE	2	395	chr20	45900000	46350000	+
187	0.2	FALSE	3	396	chr20	46350000	54650000	+
187	0.2	FALSE	4	397	chr20	54650000	56350000	+
187	0.2	FALSE	5	398	chr20	56350000	60250000	+
188	0.23	FALSE	1	476	chr3	90450000	91550000	+
188	0.23	FALSE	2	477	chr3	91550000	91600000	+
188	0.23	FALSE	3	478	chr3	91600000	93650000	+
188	0.23	FALSE	4	479	chr3	93650000	93700000	+
188	0.23	FALSE	5	480	chr3	93700000	95300000	+
188	0.23	FALSE	6	46	chr11	39100000	43300000	+
188	0.23	FALSE	7	47	chr11	43300000	48900000	+
188	0.23	FALSE	8	48	chr11	48900000	49750000	+
188	0.23	FALSE	9	49	chr11	49750000	50300000	+
189	0.83	FALSE	1	550	chr5	15000000	15300000	-
189	0.83	FALSE	2	549	chr5	12100000	15000000	-
189	0.83	FALSE	3	548	chr5	11850000	12100000	-
189	0.83	FALSE	4	547	chr5	9900000	11850000	-
189	0.83	FALSE	5	546	chr5	4350000	9900000	-
189	0.83	FALSE	6	545	chr5	4150000	4350000	-
189	0.83	FALSE	7	544	chr5	3650000	4150000	-
189	0.83	FALSE	8	543	chr5	2950000	3650000	-
189	0.83	FALSE	9	542	chr5	2600000	2950000	-
189	0.83	FALSE	10	541	chr5	2500000	2600000	-
189	0.83	FALSE	11	540	chr5	1650000	2500000	-
189	0.83	FALSE	12	539	chr5	500000	1650000	-
189	0.83	FALSE	13	538	chr5	0	500000	-
190	0.15	FALSE	1	124	chr12	99550000	102350000	+
190	0.15	FALSE	2	125	chr12	102350000	103200000	+
190	0.15	FALSE	3	126	chr12	103200000	103800000	+
190	0.15	FALSE	4	127	chr12	103800000	105300000	+
190	0.15	FALSE	5	128	chr12	105300000	107850000	+
190	0.15	FALSE	6	129	chr12	107850000	108650000	+
190	0.15	FALSE	7	130	chr12	108650000	113000000	+
190	0.15	FALSE	8	131	chr12	113000000	113950000	+
191	0.05	FALSE	1	764	chrX	119150000	122700000	+
191	0.05	FALSE	2	765	chrX	122700000	122750000	+
191	0.05	FALSE	3	766	chrX	122750000	126100000	+
191	0.05	FALSE	4	767	chrX	126100000	126150000	+
191	0.05	FALSE	5	768	chrX	126150000	130050000	+
191	0.05	FALSE	6	769	chrX	130050000	130100000	+
191	0.05	FALSE	7	775	chrX	142000000	143000000	+
191	0.05	FALSE	8	776	chrX	143000000	143050000	+
191	0.05	FALSE	9	777	chrX	143050000	144650000	+
191	0.05	FALSE	10	778	chrX	144650000	144700000	+
192	0.52	FALSE	1	78	chr11	100650000	100800000	+
192	0.52	FALSE	2	79	chr11	100800000	100850000	+
192	0.52	FALSE	3	80	chr11	100850000	101350000	+
192	0.52	FALSE	4	81	chr11	101350000	101400000	+
192	0.52	FALSE	5	82	chr11	101400000	101800000	+
192	0.52	FALSE	6	83	chr11	101800000	102700000	+
192	0.52	FALSE	7	84	chr11	102700000	103500000	+
192	0.52	FALSE	8	85	chr11	103500000	113850000	+
193	0.07	FALSE	1	455	chr3	0	800000	+
193	0.07	FALSE	2	456	chr3	800000	2550000	+
193	0.07	FALSE	3	457	chr3	2550000	4250000	+
193	0.07	FALSE	4	458	chr3	4250000	5250000	+
193	0.07	FALSE	5	459	chr3	5250000	11100000	+
193	0.07	FALSE	6	460	chr3	11100000	12800000	+
194	0.05	FALSE	1	487	chr3	111450000	112750000	+
194	0.05	FALSE	2	488	chr3	112750000	116350000	+
194	0.05	FALSE	3	489	chr3	116350000	118900000	+
194	0.05	FALSE	4	490	chr3	118900000	123850000	+
194	0.05	FALSE	5	491	chr3	123850000	124000000	+
195	0.03	FALSE	1	71	chr11	77800000	78600000	+
195	0.03	FALSE	2	72	chr11	78600000	80550000	+
195	0.03	FALSE	3	73	chr11	80550000	85550000	+
195	0.03	FALSE	4	74	chr11	85550000	90200000	+
196	0.1	FALSE	1	332	chr2	8700000	10000000	+
196	0.1	FALSE	2	333	chr2	10000000	10350000	+
196	0.1	FALSE	3	334	chr2	10350000	11900000	+
196	0.1	FALSE	4	335	chr2	11900000	11950000	+
196	0.1	FALSE	5	336	chr2	11950000	20850000	+
197	0.02	FALSE	1	692	chr8	136550000	137900000	+
197	0.02	FALSE	2	693	chr8	137900000	140150000	+
197	0.02	FALSE	3	694	chr8	140150000	141450000	+
197	0.02	FALSE	4	695	chr8	141450000	145138636	+
198	2	FALSE	1	194	chr14	88800000	97050000	+
199	0.22	FALSE	1	140	chr12	119550000	124200000	+
199	0.22	FALSE	2	141	chr12	124200000	127700000	+
200	0.47	FALSE	1	51	chr11	55150000	61650000	+
200	0.47	FALSE	2	52	chr11	61650000	62550000	+
201	0.41	FALSE	1	184	chr14	71000000	73500000	+
201	0.41	FALSE	2	185	chr14	73500000	73700000	+
201	0.41	FALSE	3	186	chr14	73700000	77850000	+
201	0.41	FALSE	4	187	chr14	77850000	78150000	+
202	0.05	FALSE	1	770	chrX	130100000	131250000	+
202	0.05	FALSE	2	771	chrX	131250000	131950000	+
202	0.05	FALSE	3	772	chrX	131950000	132000000	+
202	0.05	FALSE	4	773	chrX	132000000	137200000	+
203	0.15	FALSE	1	111	chr12	17450000	22700000	+
204	0.08	FALSE	1	634	chr7	154900000	155600000	+
204	0.08	FALSE	2	635	chr7	155600000	157550000	+
204	0.08	FALSE	3	636	chr7	157550000	158600000	+
204	0.08	FALSE	4	637	chr7	158600000	159345973	+
205	0.12	FALSE	1	215	chr16	8600000	9350000	+
205	0.12	FALSE	2	216	chr16	9350000	10250000	+
205	0.12	FALSE	3	217	chr16	10250000	11700000	+
205	0.12	FALSE	4	218	chr16	11700000	12100000	+
205	0.12	FALSE	5	219	chr16	12100000	12500000	+
205	0.12	FALSE	6	220	chr16	12500000	12850000	+
206	0.6	FALSE	1	117	chr12	31100000	34200000	+
207	0.23	FALSE	1	94	chr11	128150000	130300000	+
207	0.23	FALSE	2	95	chr11	130300000	131050000	+
208	0.42	FALSE	1	686	chr8	132550000	133100000	+
208	0.42	FALSE	2	687	chr8	133100000	134450000	+
208	0.42	FALSE	3	688	chr8	134450000	134500000	+
208	0.42	FALSE	4	689	chr8	134500000	134900000	+
208	0.42	FALSE	5	690	chr8	134900000	135250000	+
209	0.68	FALSE	1	533	chr4	99800000	102350000	+
210	4	FALSE	1	63	chr11	69000000	69150000	+
210	4	FALSE	2	64	chr11	69150000	69550000	+
210	4	FALSE	3	65	chr11	69550000	71350000	+
210	4	FALSE	4	66	chr11	71350000	71400000	+
211	0.52	FALSE	1	293	chr18	70200000	71250000	+
211	0.52	FALSE	2	294	chr18	71250000	71950000	+
211	0.52	FALSE	3	295	chr18	71950000	72000000	+
212	4.13	FALSE	1	208	chr15	100050000	101550000	+
212	4.13	FALSE	2	209	chr15	101550000	101600000	+
212	4.13	FALSE	3	210	chr15	101600000	101850000	+
213	0.25	FALSE	1	102	chr12	0	1800000	+
214	0.35	FALSE	1	190	chr14	80050000	81600000	+
215	0.14	FALSE	1	328	chr19	57150000	57750000	+
215	0.14	FALSE	2	329	chr19	57750000	57950000	+
215	0.14	FALSE	3	330	chr19	57950000	58617616	+
216	0.33	FALSE	1	448	chr22	45650000	45800000	+
216	0.33	FALSE	2	449	chr22	45800000	46050000	+
216	0.33	FALSE	3	450	chr22	46050000	47100000	+
217	0.09	FALSE	1	100	chr11	134050000	134350000	+
217	0.09	FALSE	2	101	chr11	134350000	135086622	+
218	0.03	FALSE	1	468	chr3	57200000	57950000	+
219	0.39	FALSE	1	137	chr12	117900000	118400000	+
220	0.33	FALSE	1	146	chr12	131700000	132100000	+
221	1.33	FALSE	1	526	chr4	0	20150000	+
221	1.33	FALSE	2	527	chr4	20150000	22100000	+
221	1.33	FALSE	3	528	chr4	22100000	42150000	+
221	1.33	FALSE	4	529	chr4	42150000	48500000	+
221	1.33	FALSE	5	530	chr4	48500000	49050000	+
221	1.33	FALSE	6	531	chr4	49050000	99750000	+
221	1.33	FALSE	7	532	chr4	99750000	99800000	+
221	1.33	FALSE	8	533	chr4	99800000	102350000	+
221	1.33	FALSE	9	534	chr4	102350000	130100000	+
221	1.33	FALSE	10	535	chr4	130100000	137450000	+
221	1.33	FALSE	11	536	chr4	137450000	186900000	+
221	1.33	FALSE	12	537	chr4	186900000	190214555	+
222	0.31	FALSE	1	4	chr1	5900000	38300000	+
222	0.31	FALSE	2	5	chr1	38300000	120650000	+
222	0.31	FALSE	3	6	chr1	120650000	121550000	+
223	0.36	FALSE	1	573	chr6	56450000	58250000	+
223	0.36	FALSE	2	574	chr6	58250000	58600000	+
223	0.36	FALSE	3	575	chr6	58600000	59800000	+
223	0.36	FALSE	4	576	chr6	59800000	61400000	+
223	0.36	FALSE	5	577	chr6	61400000	170805979	+
224	1.15	FALSE	1	569	chr5	71300000	114250000	+
224	1.15	FALSE	2	570	chr5	114250000	181538259	+
225	1.63	FALSE	1	721	chr9	60500000	60650000	+
225	1.63	FALSE	2	722	chr9	60650000	61700000	+
225	1.63	FALSE	3	723	chr9	61700000	62100000	+
225	1.63	FALSE	4	724	chr9	62100000	63850000	+
225	1.63	FALSE	5	725	chr9	63850000	65350000	+
225	1.63	FALSE	6	726	chr9	65350000	70500000	+
225	1.63	FALSE	7	727	chr9	70500000	85000000	+
225	1.63	FALSE	8	728	chr9	85000000	87300000	+
225	1.63	FALSE	9	729	chr9	87300000	87700000	+
225	1.63	FALSE	10	730	chr9	87700000	90650000	+
225	1.63	FALSE	11	731	chr9	90650000	91250000	+
225	1.63	FALSE	12	732	chr9	91250000	131300000	+
225	1.63	FALSE	13	733	chr9	131300000	132250000	+
225	1.63	FALSE	14	734	chr9	132250000	138394717	+
226	0.4	FALSE	1	210	chr15	101600000	101850000	-
226	0.4	FALSE	2	209	chr15	101550000	101600000	-
226	0.4	FALSE	3	208	chr15	100050000	101550000	-
226	0.4	FALSE	4	207	chr15	81000000	100050000	-
226	0.4	FALSE	5	206	chr15	75750000	81000000	-
226	0.4	FALSE	6	205	chr15	28450000	75750000	-
227	0.01	FALSE	1	25	chr10	37800000	38450000	+
227	0.01	FALSE	2	26	chr10	38450000	38550000	+
227	0.01	FALSE	3	27	chr10	38550000	39400000	+
227	0.01	FALSE	4	28	chr10	39400000	39500000	+
227	0.01	FALSE	5	29	chr10	39500000	45700000	+
227	0.01	FALSE	6	30	chr10	45700000	48200000	+
227	0.01	FALSE	7	31	chr10	48200000	104600000	+
227	0.01	FALSE	8	32	chr10	104600000	106000000	+
227	0.01	FALSE	9	33	chr10	106000000	106700000	+
228	0.44	FALSE	1	249	chr17	81250000	82950000	-
228	0.44	FALSE	2	248	chr17	79700000	81250000	-
228	0.44	FALSE	3	247	chr17	78750000	79700000	-
228	0.44	FALSE	4	246	chr17	78150000	78750000	-
228	0.44	FALSE	5	245	chr17	78100000	78150000	-
228	0.44	FALSE	6	244	chr17	59900000	78100000	-
228	0.44	FALSE	7	243	chr17	26900000	59900000	-
228	0.44	FALSE	8	242	chr17	26600000	26900000	-
229	0.02	FALSE	1	622	chr7	87200000	91900000	+
229	0.02	FALSE	2	623	chr7	91900000	94250000	+
229	0.02	FALSE	3	624	chr7	94250000	98200000	+
229	0.02	FALSE	4	625	chr7	98200000	102300000	+
229	0.02	FALSE	5	626	chr7	102300000	102700000	+
229	0.02	FALSE	6	627	chr7	102700000	142800000	+
230	0.24	FALSE	1	580	chr7	5650000	5950000	+
230	0.24	FALSE	2	581	chr7	5950000	6700000	+
230	0.24	FALSE	3	582	chr7	6700000	32500000	+
230	0.24	FALSE	4	583	chr7	32500000	32850000	+
230	0.24	FALSE	5	584	chr7	32850000	33950000	+
230	0.24	FALSE	6	585	chr7	33950000	34900000	+
230	0.24	FALSE	7	586	chr7	34900000	35250000	+
230	0.24	FALSE	8	587	chr7	35250000	35600000	+
230	0.24	FALSE	9	588	chr7	35600000	36750000	+
230	0.24	FALSE	10	589	chr7	36750000	38750000	+
230	0.24	FALSE	11	590	chr7	38750000	40550000	+
230	0.24	FALSE	12	591	chr7	40550000	52100000	+
230	0.24	FALSE	13	592	chr7	52100000	52150000	+
231	1.28	FALSE	1	237	chr16	46350000	87200000	+
232	0.21	FALSE	1	458	chr3	4250000	5250000	+
232	0.21	FALSE	2	459	chr3	5250000	11100000	+
232	0.21	FALSE	3	460	chr3	11100000	12800000	+
232	0.21	FALSE	4	461	chr3	12800000	14950000	+
232	0.21	FALSE	5	462	chr3	14950000	26150000	+
232	0.21	FALSE	6	463	chr3	26150000	40300000	+
232	0.21	FALSE	7	464	chr3	40300000	40350000	+
233	0.02	FALSE	1	21	chr10	0	21550000	+
233	0.02	FALSE	2	22	chr10	21550000	35550000	+
234	0.78	FALSE	1	152	chr13	18150000	18600000	+
234	0.78	FALSE	2	153	chr13	18600000	19200000	+
234	0.78	FALSE	3	154	chr13	19200000	40800000	+
234	0.78	FALSE	4	155	chr13	40800000	42250000	+
234	0.78	FALSE	5	156	chr13	42250000	48500000	+
234	0.78	FALSE	6	157	chr13	48500000	48700000	+
234	0.78	FALSE	7	158	chr13	48700000	49550000	+
234	0.78	FALSE	8	159	chr13	49550000	49600000	+
234	0.78	FALSE	9	160	chr13	49600000	50900000	+
235	0.09	FALSE	1	367	chr2	203000000	216500000	+
235	0.09	FALSE	2	368	chr2	216500000	221950000	+
235	0.09	FALSE	3	369	chr2	221950000	234950000	+
236	0.5	FALSE	1	741	chrX	10900000	11300000	+
236	0.5	FALSE	2	742	chrX	11300000	24450000	+
236	0.5	FALSE	3	743	chrX	24450000	38300000	+
236	0.5	FALSE	4	746	chrX	48000000	50500000	+
236	0.5	FALSE	5	747	chrX	50500000	50550000	+
237	0.08	FALSE	1	567	chr5	59850000	69800000	-
237	0.08	FALSE	2	566	chr5	52800000	59850000	-
237	0.08	FALSE	3	565	chr5	52750000	52800000	-
237	0.08	FALSE	4	564	chr5	50400000	52750000	-
237	0.08	FALSE	5	563	chr5	49700000	50400000	-
237	0.08	FALSE	6	562	chr5	49650000	49700000	-
237	0.08	FALSE	7	561	chr5	47350000	49650000	-
237	0.08	FALSE	8	560	chr5	47200000	47350000	-
237	0.08	FALSE	9	559	chr5	45950000	47200000	-
237	0.08	FALSE	10	558	chr5	44150000	45950000	-
237	0.08	FALSE	11	557	chr5	43800000	44150000	-
237	0.08	FALSE	12	556	chr5	43400000	43800000	-
237	0.08	FALSE	13	555	chr5	41200000	43400000	-
238	0.38	FALSE	1	118	chr12	34200000	37300000	-
238	0.38	FALSE	2	117	chr12	31100000	34200000	-
238	0.38	FALSE	3	116	chr12	31000000	31100000	-
238	0.38	FALSE	4	115	chr12	28550000	31000000	-
238	0.38	FALSE	5	114	chr12	26350000	28550000	-
238	0.38	FALSE	6	113	chr12	24100000	26350000	-
238	0.38	FALSE	7	112	chr12	22700000	24100000	-
238	0.38	FALSE	8	111	chr12	17450000	22700000	-
238	0.38	FALSE	9	110	chr12	17400000	17450000	-
238	0.38	FALSE	10	109	chr12	14400000	17400000	-
238	0.38	FALSE	11	108	chr12	13150000	14400000	-
238	0.38	FALSE	12	107	chr12	9600000	13150000	-
239	0.32	FALSE	1	189	chr14	79800000	80050000	+
239	0.32	FALSE	2	190	chr14	80050000	81600000	+
239	0.32	FALSE	3	191	chr14	81600000	87550000	+
239	0.32	FALSE	4	192	chr14	87550000	88350000	+
239	0.32	FALSE	5	193	chr14	88350000	88800000	+
239	0.32	FALSE	6	194	chr14	88800000	97050000	+
239	0.32	FALSE	7	195	chr14	97050000	107043718	+
240	0.61	FALSE	1	371	chr20	0	14250000	+
240	0.61	FALSE	2	372	chr20	14250000	14350000	+
240	0.61	FALSE	3	373	chr20	14350000	14750000	+
240	0.61	FALSE	4	374	chr20	14750000	15200000	+
240	0.61	FALSE	5	375	chr20	15200000	15300000	+
240	0.61	FALSE	6	376	chr20	15300000	24150000	+
240	0.61	FALSE	7	687	chr8	133100000	134450000	+
240	0.61	FALSE	8	688	chr8	134450000	134500000	+
240	0.61	FALSE	9	689	chr8	134500000	134900000	+
240	0.61	FALSE	10	690	chr8	134900000	135250000	+
241	0.25	FALSE	1	344	chr2	53550000	76850000	-
241	0.25	FALSE	2	343	chr2	50700000	53550000	-
242	0.02	FALSE	1	40	chr11	3350000	19350000	+
242	0.02	FALSE	2	41	chr11	19350000	24900000	+
242	0.02	FALSE	3	42	chr11	24900000	29500000	+
243	0.06	FALSE	1	357	chr2	169850000	170950000	+
243	0.06	FALSE	2	358	chr2	170950000	176050000	+
243	0.06	FALSE	3	359	chr2	176050000	176200000	+
243	0.06	FALSE	4	360	chr2	176200000	182150000	+
243	0.06	FALSE	5	361	chr2	182150000	183050000	+
243	0.06	FALSE	6	362	chr2	183050000	189000000	+
243	0.06	FALSE	7	363	chr2	189000000	192450000	+
244	0.02	FALSE	1	656	chr8	53100000	53650000	+
244	0.02	FALSE	2	657	chr8	53650000	54050000	+
244	0.02	FALSE	3	658	chr8	54050000	55450000	+
244	0.02	FALSE	4	659	chr8	55450000	55950000	+
244	0.02	FALSE	5	660	chr8	55950000	66300000	+
244	0.02	FALSE	6	661	chr8	66300000	67300000	+
244	0.02	FALSE	7	662	chr8	67300000	73200000	+
244	0.02	FALSE	8	663	chr8	73200000	75550000	+
245	0.11	FALSE	1	168	chr13	94550000	98100000	+
245	0.11	FALSE	2	169	chr13	98100000	114364328	+
246	0.19	FALSE	1	228	chr16	18550000	21750000	+
246	0.19	FALSE	2	229	chr16	21750000	22550000	+
246	0.19	FALSE	3	230	chr16	22550000	32150000	+
246	0.19	FALSE	4	231	chr16	32150000	33600000	+
246	0.19	FALSE	5	232	chr16	33600000	34550000	+
246	0.19	FALSE	6	233	chr16	34550000	34750000	+
246	0.19	FALSE	7	234	chr16	34750000	36050000	+
246	0.19	FALSE	8	235	chr16	36050000	38300000	+
247	0.09	FALSE	1	35	chr10	109600000	111050000	+
247	0.09	FALSE	2	36	chr10	111050000	112100000	+
247	0.09	FALSE	3	37	chr10	112100000	128350000	+
248	0.17	FALSE	1	427	chr22	15150000	27700000	+
248	0.17	FALSE	2	428	chr22	27700000	27750000	+
248	0.17	FALSE	3	429	chr22	27750000	30200000	+
248	0.17	FALSE	4	430	chr22	30200000	30650000	+
248	0.17	FALSE	5	431	chr22	30650000	32550000	+
248	0.17	FALSE	6	432	chr22	32550000	33250000	+
248	0.17	FALSE	7	433	chr22	33250000	33450000	+
248	0.17	FALSE	8	434	chr22	33450000	33600000	+
249	0.48	FALSE	1	411	chr21	22500000	23250000	+
249	0.48	FALSE	2	412	chr21	23250000	23750000	+
249	0.48	FALSE	3	413	chr21	23750000	24300000	+
249	0.48	FALSE	4	414	chr21	24300000	25000000	+
249	0.48	FALSE	5	415	chr21	25000000	33100000	+
249	0.48	FALSE	6	416	chr21	33100000	33200000	+
249	0.48	FALSE	7	417	chr21	33200000	34150000	+
249	0.48	FALSE	8	419	chr21	42500000	42750000	+
249	0.48	FALSE	9	420	chr21	42750000	44950000	+
249	0.48	FALSE	10	421	chr21	44950000	45050000	+
249	0.48	FALSE	11	422	chr21	45050000	45100000	+
249	0.48	FALSE	12	423	chr21	45100000	46709983	+
250	1.86	FALSE	1	699	chr9	3600000	4350000	+
250	1.86	FALSE	2	700	chr9	4350000	7400000	+
250	1.86	FALSE	3	701	chr9	7400000	7500000	+
250	1.86	FALSE	4	702	chr9	7500000	9850000	+
250	1.86	FALSE	5	703	chr9	9850000	19050000	+
251	0.02	FALSE	1	74	chr11	85550000	90200000	-
251	0.02	FALSE	2	73	chr11	80550000	85550000	-
251	0.02	FALSE	3	72	chr11	78600000	80550000	-
251	0.02	FALSE	4	71	chr11	77800000	78600000	-
251	0.02	FALSE	5	595	chr7	53950000	56050000	+
251	0.02	FALSE	6	596	chr7	56050000	56950000	+
252	0.14	FALSE	1	479	chr3	93650000	93700000	+
252	0.14	FALSE	2	480	chr3	93700000	95300000	+
252	0.14	FALSE	3	481	chr3	95300000	97350000	+
252	0.14	FALSE	4	482	chr3	97350000	101850000	+
252	0.14	FALSE	5	483	chr3	101850000	107150000	+
252	0.14	FALSE	6	484	chr3	107150000	108850000	+
253	0.35	FALSE	1	646	chr8	21800000	33950000	+
253	0.35	FALSE	2	647	chr8	33950000	36950000	+
254	0.1	FALSE	1	515	chr3	168300000	173100000	+
254	0.1	FALSE	2	516	chr3	173100000	174600000	+
254	0.1	FALSE	3	517	chr3	174600000	174850000	+
254	0.1	FALSE	4	518	chr3	174850000	181950000	+
255	0.08	FALSE	1	379	chr20	28500000	28800000	+
255	0.08	FALSE	2	380	chr20	28800000	28850000	+
255	0.08	FALSE	3	381	chr20	28850000	29250000	+
255	0.08	FALSE	4	382	chr20	29250000	30450000	+
255	0.08	FALSE	5	383	chr20	30450000	30600000	+
255	0.08	FALSE	6	384	chr20	30600000	31000000	+
255	0.08	FALSE	7	385	chr20	31000000	31050000	+
255	0.08	FALSE	8	386	chr20	31050000	31100000	+
255	0.08	FALSE	9	387	chr20	31100000	31300000	+
255	0.08	FALSE	10	388	chr20	31300000	33600000	+
255	0.08	FALSE	11	389	chr20	33600000	35450000	+
255	0.08	FALSE	12	390	chr20	35450000	35550000	+
255	0.08	FALSE	13	391	chr20	35550000	36100000	+
255	0.08	FALSE	14	392	chr20	36100000	41900000	+
256	0.7	FALSE	1	285	chr18	52600000	64500000	+
256	0.7	FALSE	2	286	chr18	64500000	64700000	+
256	0.7	FALSE	3	287	chr18	64700000	65000000	+
256	0.7	FALSE	4	288	chr18	65000000	65750000	+
256	0.7	FALSE	5	289	chr18	65750000	65800000	+
257	0.3	FALSE	1	643	chr8	8100000	12650000	+
257	0.3	FALSE	2	644	chr8	12650000	20250000	+
258	0.07	FALSE	1	394	chr20	43350000	45900000	+
258	0.07	FALSE	2	395	chr20	45900000	46350000	+
258	0.07	FALSE	3	396	chr20	46350000	54650000	+
259	0.07	FALSE	1	141	chr12	124200000	127700000	-
259	0.07	FALSE	2	140	chr12	119550000	124200000	-
259	0.07	FALSE	3	139	chr12	118700000	119550000	-
259	0.07	FALSE	4	138	chr12	118400000	118700000	-
259	0.07	FALSE	5	137	chr12	117900000	118400000	-
259	0.07	FALSE	6	136	chr12	117000000	117900000	-
260	0.07	FALSE	1	46	chr11	39100000	43300000	+
260	0.07	FALSE	2	47	chr11	43300000	48900000	+
260	0.07	FALSE	3	48	chr11	48900000	49750000	+
261	0.23	FALSE	1	347	chr2	79900000	81300000	+
261	0.23	FALSE	2	348	chr2	81300000	85050000	+
261	0.23	FALSE	3	349	chr2	85050000	85650000	+
261	0.23	FALSE	4	350	chr2	85650000	86500000	+
261	0.23	FALSE	5	351	chr2	86500000	88100000	+
261	0.23	FALSE	6	352	chr2	88100000	88250000	+
261	0.23	FALSE	7	353	chr2	88250000	90450000	+
262	0.13	FALSE	1	334	chr2	10350000	11900000	+
262	0.13	FALSE	2	335	chr2	11900000	11950000	+
262	0.13	FALSE	3	336	chr2	11950000	20850000	+
263	0.09	FALSE	1	88	chr11	116650000	119500000	+
263	0.09	FALSE	2	89	chr11	119500000	119550000	+
263	0.09	FALSE	3	90	chr11	119550000	126400000	+
264	0.16	FALSE	1	105	chr12	7000000	9450000	-
264	0.16	FALSE	2	104	chr12	6450000	7000000	-
264	0.16	FALSE	3	103	chr12	1800000	6450000	-
264	0.16	FALSE	4	102	chr12	0	1800000	-
265	0.08	FALSE	1	707	chr9	30550000	38000000	+
265	0.08	FALSE	2	708	chr9	38000000	38450000	+
265	0.08	FALSE	3	709	chr9	38450000	38900000	+
265	0.08	FALSE	4	710	chr9	38900000	39050000	+
265	0.08	FALSE	5	711	chr9	39050000	39600000	+
266	0.07	FALSE	1	124	chr12	99550000	102350000	+
266	0.07	FALSE	2	125	chr12	102350000	103200000	+
266	0.07	FALSE	3	126	chr12	103200000	103800000	+
266	0.07	FALSE	4	127	chr12	103800000	105300000	+
266	0.07	FALSE	5	128	chr12	105300000	107850000	+
267	0.07	FALSE	1	617	chr7	79350000	83700000	+
267	0.07	FALSE	2	618	chr7	83700000	85350000	+
267	0.07	FALSE	3	619	chr7	85350000	86950000	+
267	0.07	FALSE	4	163	chr13	60050000	60550000	+
268	0.65	FALSE	1	638	chr8	0	350000	+
268	0.65	FALSE	2	639	chr8	350000	5850000	+
268	0.65	FALSE	3	640	chr8	5850000	7050000	+
268	0.65	FALSE	4	641	chr8	7050000	7500000	+
269	0.03	FALSE	1	275	chr18	41550000	42000000	+
269	0.03	FALSE	2	276	chr18	42000000	42050000	+
269	0.03	FALSE	3	277	chr18	42050000	46600000	+
269	0.03	FALSE	4	291	chr18	69850000	70150000	+
269	0.03	FALSE	5	292	chr18	70150000	70200000	+
269	0.03	FALSE	6	293	chr18	70200000	71250000	+
269	0.03	FALSE	7	294	chr18	71250000	71950000	+
269	0.03	FALSE	8	295	chr18	71950000	72000000	+
270	0.48	FALSE	1	184	chr14	71000000	73500000	+
270	0.48	FALSE	2	185	chr14	73500000	73700000	+
270	0.48	FALSE	3	186	chr14	73700000	77850000	+
271	0.12	FALSE	1	495	chr3	127850000	129650000	+
271	0.12	FALSE	2	496	chr3	129650000	134600000	+
272	0.26	FALSE	1	326	chr19	50050000	56350000	+
273	0.04	FALSE	1	313	chr19	30550000	31250000	+
273	0.04	FALSE	2	314	chr19	31250000	32300000	+
273	0.04	FALSE	3	315	chr19	32300000	33100000	+
273	0.04	FALSE	4	316	chr19	33100000	36450000	+
273	0.04	FALSE	5	317	chr19	36450000	36500000	+
274	1.42	FALSE	1	402	chr21	5000000	7300000	+
274	1.42	FALSE	2	403	chr21	7300000	9800000	+
274	1.42	FALSE	3	404	chr21	9800000	10250000	+
274	1.42	FALSE	4	405	chr21	10250000	10650000	+
274	1.42	FALSE	5	406	chr21	10650000	10850000	+
275	0.06	FALSE	1	547	chr5	9900000	11850000	+
275	0.06	FALSE	2	548	chr5	11850000	12100000	+
275	0.06	FALSE	3	549	chr5	12100000	15000000	+
275	0.06	FALSE	4	550	chr5	15000000	15300000	+
276	0.02	FALSE	1	130	chr12	108650000	113000000	+
276	0.02	FALSE	2	131	chr12	113000000	113950000	+
277	0.18	FALSE	1	320	chr19	38200000	39350000	+
277	0.18	FALSE	2	321	chr19	39350000	42200000	+
277	0.18	FALSE	3	322	chr19	42200000	42250000	+
277	0.18	FALSE	4	323	chr19	42250000	43350000	+
278	0.23	FALSE	1	694	chr8	140150000	141450000	+
278	0.23	FALSE	2	695	chr8	141450000	145138636	+
279	0.58	FALSE	1	446	chr22	42200000	42800000	+
279	0.58	FALSE	2	447	chr22	42800000	45650000	+
279	0.58	FALSE	3	448	chr22	45650000	45800000	+
279	0.58	FALSE	4	449	chr22	45800000	46050000	+
279	0.58	FALSE	5	450	chr22	46050000	47100000	+
280	0.1	FALSE	1	614	chr7	72500000	76450000	+
280	0.1	FALSE	2	615	chr7	76450000	77200000	+
281	0.01	FALSE	1	265	chr18	31050000	31450000	-
281	0.01	FALSE	2	264	chr18	29600000	31050000	-
281	0.01	FALSE	3	263	chr18	29450000	29600000	-
281	0.01	FALSE	4	262	chr18	29350000	29450000	-
281	0.01	FALSE	5	261	chr18	28350000	29350000	-
281	0.01	FALSE	6	260	chr18	28300000	28350000	-
281	0.01	FALSE	7	259	chr18	28250000	28300000	-
281	0.01	FALSE	8	258	chr18	27500000	28250000	-
282	0.09	FALSE	1	278	chr18	46600000	47050000	+
282	0.09	FALSE	2	279	chr18	47050000	48050000	+
282	0.09	FALSE	3	280	chr18	48050000	49750000	+
282	0.09	FALSE	4	281	chr18	49750000	49850000	+
282	0.09	FALSE	5	282	chr18	49850000	50550000	+
283	0.26	FALSE	1	57	chr11	67450000	67850000	+
283	0.26	FALSE	2	58	chr11	67850000	67950000	+
283	0.26	FALSE	3	59	chr11	67950000	68050000	+
283	0.26	FALSE	4	60	chr11	68050000	68500000	+
283	0.26	FALSE	5	61	chr11	68500000	68950000	+
283	0.26	FALSE	6	62	chr11	68950000	69000000	+
283	0.26	FALSE	7	63	chr11	69000000	69150000	+
283	0.26	FALSE	8	64	chr11	69150000	69550000	+
283	0.26	FALSE	9	65	chr11	69550000	71350000	+
283	0.26	FALSE	10	66	chr11	71350000	71400000	+
284	0.12	FALSE	1	1	chr1	0	600000	+
284	0.12	FALSE	2	2	chr1	600000	3900000	+
285	0.12	FALSE	1	764	chrX	119150000	122700000	+
285	0.12	FALSE	2	765	chrX	122700000	122750000	+
286	0.25	FALSE	1	144	chr12	129950000	130700000	+
286	0.25	FALSE	2	145	chr12	130700000	131700000	+
286	0.25	FALSE	3	146	chr12	131700000	132100000	+
286	0.25	FALSE	4	147	chr12	132100000	133275309	+
287	0.29	FALSE	1	608	chr7	64250000	65050000	+
287	0.29	FALSE	2	609	chr7	65050000	67300000	+
287	0.29	FALSE	3	610	chr7	67300000	67350000	+
288	0.6	FALSE	1	716	chr9	42700000	43150000	+
288	0.6	FALSE	2	717	chr9	43150000	43200000	+
288	0.6	FALSE	3	718	chr9	43200000	43300000	+
288	0.6	FALSE	4	719	chr9	43300000	45550000	+
289	0.21	FALSE	1	78	chr11	100650000	100800000	+
289	0.21	FALSE	2	79	chr11	100800000	100850000	+
289	0.21	FALSE	3	80	chr11	100850000	101350000	+
289	0.21	FALSE	4	81	chr11	101350000	101400000	+
289	0.21	FALSE	5	82	chr11	101400000	101800000	+
289	0.21	FALSE	6	83	chr11	101800000	102700000	+
289	0.21	FALSE	7	84	chr11	102700000	103500000	+
290	0.51	FALSE	1	174	chr14	27050000	29800000	+
291	0.14	FALSE	1	468	chr3	57200000	57950000	+
291	0.14	FALSE	2	469	chr3	57950000	59900000	+
292	0.2	FALSE	1	634	chr7	154900000	155600000	+
292	0.2	FALSE	2	635	chr7	155600000	157550000	+
293	0.14	FALSE	1	217	chr16	10250000	11700000	+
293	0.14	FALSE	2	218	chr16	11700000	12100000	+
293	0.14	FALSE	3	219	chr16	12100000	12500000	+
293	0.14	FALSE	4	220	chr16	12500000	12850000	+
294	1.14	FALSE	1	650	chr8	40400000	40800000	+
294	1.14	FALSE	2	651	chr8	40800000	42200000	+
294	1.14	FALSE	3	652	chr8	42200000	42850000	+
295	0.65	FALSE	1	269	chr18	37300000	37800000	+
295	0.65	FALSE	2	270	chr18	37800000	39450000	+
295	0.65	FALSE	3	271	chr18	39450000	39650000	+
295	0.65	FALSE	4	272	chr18	39650000	39700000	+
296	0.86	FALSE	1	94	chr11	128150000	130300000	+
297	0.67	FALSE	1	305	chr19	27200000	27400000	+
297	0.67	FALSE	2	306	chr19	27400000	27900000	+
297	0.67	FALSE	3	307	chr19	27900000	28450000	+
297	0.67	FALSE	4	308	chr19	28450000	29050000	+
297	0.67	FALSE	5	309	chr19	29050000	29150000	+
297	0.67	FALSE	6	310	chr19	29150000	29250000	+
298	0.06	FALSE	1	770	chrX	130100000	131250000	+
298	0.06	FALSE	2	771	chrX	131250000	131950000	+
298	0.06	FALSE	3	772	chrX	131950000	132000000	+
299	0.59	FALSE	1	777	chrX	143050000	144650000	+
299	0.59	FALSE	2	778	chrX	144650000	144700000	+
300	0.27	FALSE	1	223	chr16	13850000	14800000	+
300	0.27	FALSE	2	224	chr16	14800000	15350000	+
300	0.27	FALSE	3	225	chr16	15350000	15400000	+
301	0.54	FALSE	1	631	chr7	151450000	152850000	+
302	0.15	FALSE	1	487	chr3	111450000	112750000	+
303	0.05	FALSE	1	437	chr22	35050000	35650000	+
303	0.05	FALSE	2	438	chr22	35650000	36250000	+
304	0.01	FALSE	1	753	chrX	54000000	55000000	+
305	0.11	FALSE	1	679	chr8	113850000	114350000	+
305	0.11	FALSE	2	680	chr8	114350000	114400000	+
305	0.11	FALSE	3	681	chr8	114400000	114450000	+
305	0.11	FALSE	4	682	chr8	114450000	114750000	+
305	0.11	FALSE	5	683	chr8	114750000	114800000	+
306	0.67	FALSE	1	52	chr11	61650000	62550000	+
307	0.28	FALSE	1	455	chr3	0	800000	+
308	0.32	FALSE	1	328	chr19	57150000	57750000	+
308	0.32	FALSE	2	329	chr19	57750000	57950000	+
309	0.2	FALSE	1	215	chr16	8600000	9350000	+
310	1.53	FALSE	1	544	chr5	3650000	4150000	+
310	1.53	FALSE	2	545	chr5	4150000	4350000	+
311	0.85	FALSE	1	441	chr22	38050000	38650000	+
312	0.34	FALSE	1	605	chr7	63450000	63750000	+
312	0.34	FALSE	2	606	chr7	63750000	63850000	+
313	0.45	FALSE	1	100	chr11	134050000	134350000	+
314	1.06	FALSE	1	523	chr3	183300000	183500000	+
315	0.12	FALSE	1	526	chr4	0	20150000	+
315	0.12	FALSE	2	527	chr4	20150000	22100000	+
315	0.12	FALSE	3	528	chr4	22100000	42150000	+
315	0.12	FALSE	4	529	chr4	42150000	48500000	+
315	0.12	FALSE	5	530	chr4	48500000	49050000	+
315	0.12	FALSE	6	531	chr4	49050000	99750000	+
315	0.12	FALSE	7	532	chr4	99750000	99800000	+
315	0.12	FALSE	8	533	chr4	99800000	102350000	+
315	0.12	FALSE	9	534	chr4	102350000	130100000	+
316	0.86	FALSE	1	576	chr6	59800000	61400000	+
316	0.86	FALSE	2	577	chr6	61400000	170805979	+
317	2.02	FALSE	1	12	chr1	143150000	146300000	+
317	2.02	FALSE	2	13	chr1	146300000	149350000	+
317	2.02	FALSE	3	14	chr1	149350000	157150000	+
317	2.02	FALSE	4	15	chr1	157150000	159800000	+
317	2.02	FALSE	5	16	chr1	159800000	193000000	+
317	2.02	FALSE	6	17	chr1	193000000	193500000	+
317	2.02	FALSE	7	18	chr1	193500000	242500000	+
317	2.02	FALSE	8	19	chr1	242500000	242550000	+
317	2.02	FALSE	9	20	chr1	242550000	248956422	+
318	1.39	FALSE	1	5	chr1	38300000	120650000	+
318	1.39	FALSE	2	6	chr1	120650000	121550000	+
319	0.39	FALSE	1	25	chr10	37800000	38450000	+
319	0.39	FALSE	2	26	chr10	38450000	38550000	+
319	0.39	FALSE	3	27	chr10	38550000	39400000	+
319	0.39	FALSE	4	28	chr10	39400000	39500000	+
319	0.39	FALSE	5	29	chr10	39500000	45700000	+
319	0.39	FALSE	6	30	chr10	45700000	48200000	+
319	0.39	FALSE	7	31	chr10	48200000	104600000	+
320	1.17	FALSE	1	574	chr6	58250000	58600000	-
320	1.17	FALSE	2	573	chr6	56450000	58250000	-
320	1.17	FALSE	3	572	chr6	350000	56450000	-
320	1.17	FALSE	4	571	chr6	0	350000	-
321	0.42	FALSE	1	242	chr17	26600000	26900000	+
321	0.42	FALSE	2	243	chr17	26900000	59900000	+
321	0.42	FALSE	3	244	chr17	59900000	78100000	+
321	0.42	FALSE	4	245	chr17	78100000	78150000	+
321	0.42	FALSE	5	246	chr17	78150000	78750000	+
322	0.12	FALSE	1	536	chr4	137450000	186900000	+
323	1.26	FALSE	1	239	chr16	89150000	90338345	-
323	1.26	FALSE	2	238	chr16	87200000	89150000	-
323	1.26	FALSE	3	237	chr16	46350000	87200000	-
324	0.3	FALSE	1	569	chr5	71300000	114250000	+
325	0.19	FALSE	1	627	chr7	102700000	142800000	+
326	0.38	FALSE	1	758	chrX	89250000	92850000	-
326	0.38	FALSE	2	757	chrX	62450000	89250000	-
327	0.23	FALSE	1	343	chr2	50700000	53550000	+
327	0.23	FALSE	2	344	chr2	53550000	76850000	+
327	0.23	FALSE	3	345	chr2	76850000	78900000	+
328	0.58	FALSE	1	556	chr5	43400000	43800000	-
328	0.58	FALSE	2	555	chr5	41200000	43400000	-
328	0.58	FALSE	3	554	chr5	29750000	41200000	-
328	0.58	FALSE	4	553	chr5	17100000	29750000	-
328	0.58	FALSE	5	552	chr5	16300000	17100000	-
329	0.05	FALSE	1	741	chrX	10900000	11300000	+
329	0.05	FALSE	2	742	chrX	11300000	24450000	+
329	0.05	FALSE	3	743	chrX	24450000	38300000	+
330	0.35	FALSE	1	646	chr8	21800000	33950000	-
330	0.35	FALSE	2	645	chr8	20250000	21800000	-
330	0.35	FALSE	3	644	chr8	12650000	20250000	-
330	0.35	FALSE	4	643	chr8	8100000	12650000	-
331	0.2	FALSE	1	462	chr3	14950000	26150000	+
331	0.2	FALSE	2	463	chr3	26150000	40300000	+
331	0.2	FALSE	3	464	chr3	40300000	40350000	+
332	0.15	FALSE	1	338	chr2	23700000	30650000	+
332	0.15	FALSE	2	339	chr2	30650000	31800000	+
332	0.15	FALSE	3	340	chr2	31800000	48750000	+
333	1.29	FALSE	1	300	chr19	0	5300000	+
333	1.29	FALSE	2	301	chr19	5300000	10300000	+
333	1.29	FALSE	3	302	chr19	10300000	22400000	+
333	1.29	FALSE	4	303	chr19	22400000	24950000	+
334	1.4	FALSE	1	251	chr18	0	15400000	+
334	1.4	FALSE	2	252	chr18	15400000	22950000	+
334	1.4	FALSE	3	253	chr18	22950000	24550000	+
335	0.89	FALSE	1	240	chr17	0	22750000	+
336	0.6	FALSE	1	207	chr15	81000000	100050000	+
336	0.6	FALSE	2	208	chr15	100050000	101550000	+
336	0.6	FALSE	3	209	chr15	101550000	101600000	+
336	0.6	FALSE	4	210	chr15	101600000	101850000	+
337	0.56	FALSE	1	193	chr14	88350000	88800000	+
337	0.56	FALSE	2	194	chr14	88800000	97050000	+
337	0.56	FALSE	3	195	chr14	97050000	107043718	+
338	0.2	FALSE	1	585	chr7	33950000	34900000	+
338	0.2	FALSE	2	586	chr7	34900000	35250000	+
338	0.2	FALSE	3	587	chr7	35250000	35600000	+
338	0.2	FALSE	4	588	chr7	35600000	36750000	+
338	0.2	FALSE	5	589	chr7	36750000	38750000	+
338	0.2	FALSE	6	590	chr7	38750000	40550000	+
338	0.2	FALSE	7	591	chr7	40550000	52100000	+
338	0.2	FALSE	8	592	chr7	52100000	52150000	+
339	0.27	FALSE	1	427	chr22	15150000	27700000	+
339	0.27	FALSE	2	428	chr22	27700000	27750000	+
339	0.27	FALSE	3	429	chr22	27750000	30200000	+
339	0.27	FALSE	4	430	chr22	30200000	30650000	+
339	0.27	FALSE	5	431	chr22	30650000	32550000	+
339	0.27	FALSE	6	432	chr22	32550000	33250000	+
340	1.17	FALSE	1	169	chr13	98100000	114364328	+
341	0.28	FALSE	1	37	chr10	112100000	128350000	+
342	0.12	FALSE	1	40	chr11	3350000	19350000	+
343	0.42	FALSE	1	520	chr3	182800000	183050000	+
343	0.42	FALSE	2	521	chr3	183050000	183250000	+
343	0.42	FALSE	3	522	chr3	183250000	183300000	+
343	0.42	FALSE	4	523	chr3	183300000	183500000	+
343	0.42	FALSE	5	524	chr3	183500000	197650000	+
343	0.42	FALSE	6	525	chr3	197650000	198295559	+
344	0.1	FALSE	1	413	chr21	23750000	24300000	+
344	0.1	FALSE	2	414	chr21	24300000	25000000	+
344	0.1	FALSE	3	415	chr21	25000000	33100000	+
344	0.1	FALSE	4	416	chr21	33100000	33200000	+
344	0.1	FALSE	5	417	chr21	33200000	34150000	+
344	0.1	FALSE	6	419	chr21	42500000	42750000	+
344	0.1	FALSE	7	420	chr21	42750000	44950000	+
344	0.1	FALSE	8	421	chr21	44950000	45050000	+
344	0.1	FALSE	9	422	chr21	45050000	45100000	+
344	0.1	FALSE	10	423	chr21	45100000	46709983	+
345	0.34	FALSE	1	614	chr7	72500000	76450000	+
345	0.34	FALSE	2	615	chr7	76450000	77200000	+
345	0.34	FALSE	3	616	chr7	77200000	79350000	+
345	0.34	FALSE	4	617	chr7	79350000	83700000	+
345	0.34	FALSE	5	618	chr7	83700000	85350000	+
345	0.34	FALSE	6	619	chr7	85350000	86950000	+
346	0.78	FALSE	1	371	chr20	0	14250000	+
346	0.78	FALSE	2	372	chr20	14250000	14350000	+
347	0.09	FALSE	1	22	chr10	21550000	35550000	+
348	0.52	FALSE	1	228	chr16	18550000	21750000	+
348	0.52	FALSE	2	229	chr16	21750000	22550000	+
348	0.52	FALSE	3	230	chr16	22550000	32150000	+
349	0.12	FALSE	1	367	chr2	203000000	216500000	+
350	0.12	FALSE	1	173	chr14	26400000	27050000	+
350	0.12	FALSE	2	174	chr14	27050000	29800000	+
350	0.12	FALSE	3	175	chr14	29800000	39750000	+
351	0.13	FALSE	1	357	chr2	169850000	170950000	+
351	0.13	FALSE	2	358	chr2	170950000	176050000	+
351	0.13	FALSE	3	359	chr2	176050000	176200000	+
351	0.13	FALSE	4	360	chr2	176200000	182150000	+
351	0.13	FALSE	5	361	chr2	182150000	183050000	+
352	0.08	FALSE	1	369	chr2	221950000	234950000	+
353	0.28	FALSE	1	471	chr3	61000000	73000000	+
353	0.28	FALSE	2	472	chr3	73000000	73050000	+
354	0.19	FALSE	1	622	chr7	87200000	91900000	+
354	0.19	FALSE	2	623	chr7	91900000	94250000	+
354	0.19	FALSE	3	624	chr7	94250000	98200000	+
355	0.72	FALSE	1	376	chr20	15300000	24150000	+
355	0.72	FALSE	2	687	chr8	133100000	134450000	+
355	0.72	FALSE	3	688	chr8	134450000	134500000	+
355	0.72	FALSE	4	689	chr8	134500000	134900000	+
355	0.72	FALSE	5	690	chr8	134900000	135250000	+
356	0.22	FALSE	1	118	chr12	34200000	37300000	-
356	0.22	FALSE	2	117	chr12	31100000	34200000	-
356	0.22	FALSE	3	116	chr12	31000000	31100000	-
356	0.22	FALSE	4	115	chr12	28550000	31000000	-
356	0.22	FALSE	5	114	chr12	26350000	28550000	-
357	0.12	FALSE	1	165	chr13	71150000	81700000	+
357	0.12	FALSE	2	166	chr13	81700000	81750000	+
358	1.34	FALSE	1	567	chr5	59850000	69800000	+
359	0.16	FALSE	1	109	chr12	14400000	17400000	+
359	0.16	FALSE	2	110	chr12	17400000	17450000	+
359	0.16	FALSE	3	111	chr12	17450000	22700000	+
359	0.16	FALSE	4	112	chr12	22700000	24100000	+
360	0.15	FALSE	1	74	chr11	85550000	90200000	-
360	0.15	FALSE	2	73	chr11	80550000	85550000	-
361	1	FALSE	1	703	chr9	9850000	19050000	+
362	0.22	FALSE	1	329	chr19	57750000	57950000	-
362	0.22	FALSE	2	328	chr19	57150000	57750000	-
362	0.22	FALSE	3	327	chr19	56350000	57150000	-
362	0.22	FALSE	4	326	chr19	50050000	56350000	-
362	0.22	FALSE	5	325	chr19	48900000	50050000	-
363	0.15	FALSE	1	51	chr11	55150000	61650000	+
363	0.15	FALSE	2	52	chr11	61650000	62550000	+
363	0.15	FALSE	3	53	chr11	62550000	63750000	+
364	0.6	FALSE	1	768	chrX	126150000	130050000	+
364	0.6	FALSE	2	769	chrX	130050000	130100000	+
364	0.6	FALSE	3	775	chrX	142000000	143000000	+
364	0.6	FALSE	4	776	chrX	143000000	143050000	+
364	0.6	FALSE	5	777	chrX	143050000	144650000	+
364	0.6	FALSE	6	778	chrX	144650000	144700000	+
364	0.6	FALSE	7	779	chrX	144700000	146500000	+
365	0.27	FALSE	1	396	chr20	46350000	54650000	+
366	0.32	FALSE	1	189	chr14	79800000	80050000	+
366	0.32	FALSE	2	190	chr14	80050000	81600000	+
366	0.32	FALSE	3	191	chr14	81600000	87550000	+
367	0.35	FALSE	1	379	chr20	28500000	28800000	+
367	0.35	FALSE	2	380	chr20	28800000	28850000	+
367	0.35	FALSE	3	381	chr20	28850000	29250000	+
367	0.35	FALSE	4	382	chr20	29250000	30450000	+
367	0.35	FALSE	5	383	chr20	30450000	30600000	+
367	0.35	FALSE	6	384	chr20	30600000	31000000	+
367	0.35	FALSE	7	385	chr20	31000000	31050000	+
367	0.35	FALSE	8	386	chr20	31050000	31100000	+
367	0.35	FALSE	9	387	chr20	31100000	31300000	+
367	0.35	FALSE	10	388	chr20	31300000	33600000	+
367	0.35	FALSE	11	389	chr20	33600000	35450000	+
367	0.35	FALSE	12	390	chr20	35450000	35550000	+
367	0.35	FALSE	13	391	chr20	35550000	36100000	+
368	0.08	FALSE	1	745	chrX	40550000	48000000	+
369	0.21	FALSE	1	517	chr3	174600000	174850000	+
369	0.21	FALSE	2	518	chr3	174850000	181950000	+
370	1.78	FALSE	1	733	chr9	131300000	132250000	+
370	1.78	FALSE	2	734	chr9	132250000	138394717	+
371	0.27	FALSE	1	348	chr2	81300000	85050000	+
371	0.27	FALSE	2	349	chr2	85050000	85650000	+
371	0.27	FALSE	3	350	chr2	85650000	86500000	+
371	0.27	FALSE	4	351	chr2	86500000	88100000	+
371	0.27	FALSE	5	352	chr2	88100000	88250000	+
372	0.22	FALSE	1	677	chr8	100100000	107000000	+
373	0.15	FALSE	1	486	chr3	109450000	111450000	+
373	0.15	FALSE	2	487	chr3	111450000	112750000	+
373	0.15	FALSE	3	488	chr3	112750000	116350000	+
374	0.01	FALSE	1	295	chr18	71950000	72000000	-
374	0.01	FALSE	2	294	chr18	71250000	71950000	-
374	0.01	FALSE	3	293	chr18	70200000	71250000	-
374	0.01	FALSE	4	292	chr18	70150000	70200000	-
374	0.01	FALSE	5	291	chr18	69850000	70150000	-
374	0.01	FALSE	6	277	chr18	42050000	46600000	-
375	0.83	FALSE	1	103	chr12	1800000	6450000	-
375	0.83	FALSE	2	102	chr12	0	1800000	-
376	0.17	FALSE	1	47	chr11	43300000	48900000	+
376	0.17	FALSE	2	48	chr11	48900000	49750000	+
377	0.18	FALSE	1	44	chr11	31000000	36700000	+
378	0.13	FALSE	1	505	chr3	148650000	154050000	+
379	0.54	FALSE	1	212	chr16	0	5300000	+
380	0.49	FALSE	1	547	chr5	9900000	11850000	+
380	0.49	FALSE	2	548	chr5	11850000	12100000	+
380	0.49	FALSE	3	549	chr5	12100000	15000000	+
381	0.2	FALSE	1	490	chr3	118900000	123850000	+
381	0.2	FALSE	2	491	chr3	123850000	124000000	+
382	0.11	FALSE	1	496	chr3	129650000	134600000	+
383	0.22	FALSE	1	629	chr7	148500000	151050000	+
383	0.22	FALSE	2	630	chr7	151050000	151450000	+
383	0.22	FALSE	3	631	chr7	151450000	152850000	+
383	0.22	FALSE	4	632	chr7	152850000	153400000	+
384	0.19	FALSE	1	515	chr3	168300000	173100000	+
385	0.53	FALSE	1	760	chrX	118000000	118250000	+
385	0.53	FALSE	2	761	chrX	118250000	119000000	+
385	0.53	FALSE	3	762	chrX	119000000	119100000	+
385	0.53	FALSE	4	763	chrX	119100000	119150000	+
385	0.53	FALSE	5	764	chrX	119150000	122700000	+
385	0.53	FALSE	6	765	chrX	122700000	122750000	+
386	0.23	FALSE	1	140	chr12	119550000	124200000	+
387	0.2	FALSE	1	126	chr12	103200000	103800000	+
387	0.2	FALSE	2	127	chr12	103800000	105300000	+
387	0.2	FALSE	3	128	chr12	105300000	107850000	+
388	0.09	FALSE	1	42	chr11	24900000	29500000	+
389	0.18	FALSE	1	482	chr3	97350000	101850000	+
390	0.24	FALSE	1	130	chr12	108650000	113000000	+
391	0.66	FALSE	1	450	chr22	46050000	47100000	-
391	0.66	FALSE	2	449	chr22	45800000	46050000	-
391	0.66	FALSE	3	448	chr22	45650000	45800000	-
391	0.66	FALSE	4	447	chr22	42800000	45650000	-
392	0.46	FALSE	1	315	chr19	32300000	33100000	+
392	0.46	FALSE	2	316	chr19	33100000	36450000	+
392	0.46	FALSE	3	317	chr19	36450000	36500000	+
393	0.13	FALSE	1	665	chr8	78300000	79150000	+
393	0.13	FALSE	2	666	chr8	79150000	79250000	+
393	0.13	FALSE	3	667	chr8	79250000	79300000	+
393	0.13	FALSE	4	668	chr8	79300000	82350000	+
394	0.35	FALSE	1	443	chr22	39750000	41200000	-
394	0.35	FALSE	2	442	chr22	38650000	39750000	-
394	0.35	FALSE	3	441	chr22	38050000	38650000	-
394	0.35	FALSE	4	440	chr22	37200000	38050000	-
395	0.24	FALSE	1	320	chr19	38200000	39350000	+
395	0.24	FALSE	2	321	chr19	39350000	42200000	+
396	0.31	FALSE	1	158	chr13	48700000	49550000	+
396	0.31	FALSE	2	159	chr13	49550000	49600000	+
396	0.31	FALSE	3	160	chr13	49600000	50900000	+
396	0.31	FALSE	4	161	chr13	50900000	52700000	+
397	0.49	FALSE	1	699	chr9	3600000	4350000	+
397	0.49	FALSE	2	700	chr9	4350000	7400000	+
397	0.49	FALSE	3	701	chr9	7400000	7500000	+
398	0.23	FALSE	1	398	chr20	56350000	60250000	+
399	0.17	FALSE	1	467	chr3	56100000	57200000	+
399	0.17	FALSE	2	468	chr3	57200000	57950000	+
399	0.17	FALSE	3	469	chr3	57950000	59900000	+
400	0.4	FALSE	1	594	chr7	53200000	53950000	+
400	0.4	FALSE	2	595	chr7	53950000	56050000	+
400	0.4	FALSE	3	596	chr7	56050000	56950000	+
401	0.42	FALSE	1	92	chr11	127300000	128100000	+
401	0.42	FALSE	2	93	chr11	128100000	128150000	+
401	0.42	FALSE	3	94	chr11	128150000	130300000	+
401	0.42	FALSE	4	95	chr11	130300000	131050000	+
402	0.15	FALSE	1	178	chr14	49450000	53100000	+
403	0.36	FALSE	1	248	chr17	79700000	81250000	+
403	0.36	FALSE	2	249	chr17	81250000	82950000	+
403	0.36	FALSE	3	250	chr17	82950000	83257441	+
404	0.46	FALSE	1	403	chr21	7300000	9800000	+
404	0.46	FALSE	2	404	chr21	9800000	10250000	+
404	0.46	FALSE	3	405	chr21	10250000	10650000	+
404	0.46	FALSE	4	406	chr21	10650000	10850000	+
405	0.28	FALSE	1	107	chr12	9600000	13150000	+
406	0.1	FALSE	1	363	chr2	189000000	192450000	+
407	1.02	FALSE	1	355	chr2	91400000	94850000	+
408	0.14	FALSE	1	672	chr8	88050000	91450000	+
409	0.19	FALSE	1	2	chr1	600000	3900000	+
410	0.13	FALSE	1	365	chr2	195700000	198900000	+
411	0.6	FALSE	1	507	chr3	156700000	156750000	+
411	0.6	FALSE	2	508	chr3	156750000	156900000	+
411	0.6	FALSE	3	509	chr3	156900000	157100000	+
411	0.6	FALSE	4	510	chr3	157100000	159600000	+
411	0.6	FALSE	5	511	chr3	159600000	159750000	+
412	0.72	FALSE	1	656	chr8	53100000	53650000	+
412	0.72	FALSE	2	657	chr8	53650000	54050000	+
412	0.72	FALSE	3	658	chr8	54050000	55450000	+
412	0.72	FALSE	4	659	chr8	55450000	55950000	+
413	0.41	FALSE	1	88	chr11	116650000	119500000	+
414	0.16	FALSE	1	76	chr11	93750000	96600000	+
415	0.24	FALSE	1	124	chr12	99550000	102350000	+
416	3.1	FALSE	1	600	chr7	58150000	60800000	+
417	0.6	FALSE	1	80	chr11	100850000	101350000	+
417	0.6	FALSE	2	81	chr11	101350000	101400000	+
417	0.6	FALSE	3	82	chr11	101400000	101800000	+
417	0.6	FALSE	4	83	chr11	101800000	102700000	+
417	0.6	FALSE	5	84	chr11	102700000	103500000	+
418	0.81	FALSE	1	8	chr1	122500000	124750000	+
418	0.81	FALSE	2	9	chr1	124750000	125050000	+
418	0.81	FALSE	3	10	chr1	125050000	125150000	+
419	0.09	FALSE	1	705	chr9	20350000	22950000	+
420	0.16	FALSE	1	145	chr12	130700000	131700000	+
420	0.16	FALSE	2	146	chr12	131700000	132100000	+
420	0.16	FALSE	3	147	chr12	132100000	133275309	+
421	0.41	FALSE	1	456	chr3	800000	2550000	-
421	0.41	FALSE	2	455	chr3	0	800000	-
422	0.01	FALSE	1	746	chrX	48000000	50500000	+
422	0.01	FALSE	2	747	chrX	50500000	50550000	+
423	0.32	FALSE	1	394	chr20	43350000	45900000	+
424	0.49	FALSE	1	184	chr14	71000000	73500000	+
425	0.31	FALSE	1	105	chr12	7000000	9450000	+
426	0.43	FALSE	1	400	chr20	62000000	64444167	+
427	2.09	FALSE	1	425	chr22	10500000	12900000	+
428	0.19	FALSE	1	663	chr8	73200000	75550000	+
429	0.52	FALSE	1	609	chr7	65050000	67300000	+
429	0.52	FALSE	2	610	chr7	67300000	67350000	+
430	0.96	FALSE	1	99	chr11	132800000	134050000	+
430	0.96	FALSE	2	100	chr11	134050000	134350000	+
430	0.96	FALSE	3	101	chr11	134350000	135086622	+
431	0.17	FALSE	1	217	chr16	10250000	11700000	+
431	0.17	FALSE	2	218	chr16	11700000	12100000	+
431	0.17	FALSE	3	219	chr16	12100000	12500000	+
432	0.22	FALSE	1	674	chr8	93550000	95550000	+
433	1.02	FALSE	1	263	chr18	29450000	29600000	+
433	1.02	FALSE	2	264	chr18	29600000	31050000	+
433	1.02	FALSE	3	265	chr18	31050000	31450000	+
434	0.33	FALSE	1	635	chr7	155600000	157550000	+
435	12.53	FALSE	1	65	chr11	69550000	71350000	+
435	12.53	FALSE	2	66	chr11	71350000	71400000	+
436	0.23	FALSE	1	501	chr3	137900000	139650000	+
437	2.28	FALSE	1	180	chr14	63250000	63550000	+
437	2.28	FALSE	2	181	chr14	63550000	65000000	+
438	0.61	FALSE	1	782	chrX	154300000	156040895	+
439	0.18	FALSE	1	484	chr3	107150000	108850000	+
440	0.17	FALSE	1	460	chr3	11100000	12800000	+
441	0.44	FALSE	1	136	chr12	117000000	117900000	+
441	0.44	FALSE	2	137	chr12	117900000	118400000	+
441	0.44	FALSE	3	138	chr12	118400000	118700000	+
442	0.29	FALSE	1	640	chr8	5850000	7050000	+
442	0.29	FALSE	2	641	chr8	7050000	7500000	+
443	0.69	FALSE	1	479	chr3	93650000	93700000	+
443	0.69	FALSE	2	480	chr3	93700000	95300000	+
444	0.32	FALSE	1	503	chr3	141300000	142900000	+
445	0.71	FALSE	1	334	chr2	10350000	11900000	+
445	0.71	FALSE	2	335	chr2	11900000	11950000	+
446	0.14	FALSE	1	214	chr16	7800000	8600000	+
446	0.14	FALSE	2	215	chr16	8600000	9350000	+
447	0.32	FALSE	1	499	chr3	135800000	137250000	+
448	0.38	FALSE	1	278	chr18	46600000	47050000	+
448	0.38	FALSE	2	279	chr18	47050000	48050000	+
449	0.16	FALSE	1	155	chr13	40800000	42250000	+
450	0.4	FALSE	1	35	chr10	109600000	111050000	+
451	1.9	FALSE	1	543	chr5	2950000	3650000	+
451	1.9	FALSE	2	544	chr5	3650000	4150000	+
451	1.9	FALSE	3	545	chr5	4150000	4350000	+
452	0.28	FALSE	1	692	chr8	136550000	137900000	+
453	0.27	FALSE	1	694	chr8	140150000	141450000	+
454	0.25	FALSE	1	332	chr2	8700000	10000000	+
455	0.55	FALSE	1	709	chr9	38450000	38900000	+
455	0.55	FALSE	2	710	chr9	38900000	39050000	+
455	0.55	FALSE	3	711	chr9	39050000	39600000	+
456	2.3	FALSE	1	476	chr3	90450000	91550000	+
456	2.3	FALSE	2	477	chr3	91550000	91600000	+
457	1.28	FALSE	1	55	chr11	65250000	66300000	+
458	0.68	TRUE	1	753	chrX	54000000	55000000	+
459	0.29	FALSE	1	661	chr8	66300000	67300000	+
460	0.13	FALSE	1	458	chr3	4250000	5250000	+
461	0.68	FALSE	1	737	chrX	2750000	3700000	+
462	1.51	FALSE	1	198	chr15	19750000	20300000	+
462	1.51	FALSE	2	199	chr15	20300000	20400000	+
462	1.51	FALSE	3	200	chr15	20400000	20700000	+
463	0.19	FALSE	1	298	chr18	79000000	79850000	+
464	0.71	FALSE	1	258	chr18	27500000	28250000	+
464	0.71	FALSE	2	259	chr18	28250000	28300000	+
464	0.71	FALSE	3	260	chr18	28300000	28350000	+
465	1.39	FALSE	1	308	chr19	28450000	29050000	+
465	1.39	FALSE	2	309	chr19	29050000	29150000	+
465	1.39	FALSE	3	310	chr19	29150000	29250000	+
466	0.26	FALSE	1	71	chr11	77800000	78600000	+
467	0.72	FALSE	1	771	chrX	131250000	131950000	+
467	0.72	FALSE	2	772	chrX	131950000	132000000	+
468	0.42	FALSE	1	411	chr21	22500000	23250000	+
469	0.46	FALSE	1	637	chr7	158600000	159345973	+
470	0.58	FALSE	1	313	chr19	30550000	31250000	+
471	0.63	FALSE	1	203	chr15	22550000	23250000	+
472	0.42	FALSE	1	33	chr10	106000000	106700000	+
473	1.3	FALSE	1	652	chr8	42200000	42850000	+
474	1.24	FALSE	1	716	chr9	42700000	43150000	+
474	1.24	FALSE	2	717	chr9	43150000	43200000	+
474	1.24	FALSE	3	718	chr9	43200000	43300000	+
475	1.69	FALSE	1	713	chr9	40700000	41300000	+
476	0.26	FALSE	1	438	chr22	35650000	36250000	+
477	0.81	FALSE	1	224	chr16	14800000	15350000	+
477	0.81	FALSE	2	225	chr16	15350000	15400000	+
478	0.32	FALSE	1	686	chr8	132550000	133100000	+
479	1.19	FALSE	1	453	chr22	49700000	50200000	+
480	1.31	FALSE	1	286	chr18	64500000	64700000	+
480	1.31	FALSE	2	287	chr18	64700000	65000000	+
481	0.63	FALSE	1	275	chr18	41550000	42000000	+
481	0.63	FALSE	2	276	chr18	42000000	42050000	+
482	0.19	FALSE	1	269	chr18	37300000	37800000	+
483	0.74	FALSE	1	163	chr13	60050000	60550000	+
484	0.6	FALSE	1	152	chr13	18150000	18600000	+
485	0.58	FALSE	1	650	chr8	40400000	40800000	+
486	0.16	FALSE	1	256	chr18	26000000	26400000	+
487	0.23	FALSE	1	134	chr12	115950000	116350000	+
488	1.64	FALSE	1	57	chr11	67450000	67850000	+
489	0.97	FALSE	1	682	chr8	114450000	114750000	+
489	0.97	FALSE	2	683	chr8	114750000	114800000	+
490	0.74	FALSE	1	605	chr7	63450000	63750000	+
491	1.17	FALSE	1	408	chr21	12950000	13250000	+
492	1.52	FALSE	1	696	chr9	0	200000	+
493	1.19	FALSE	1	578	chr7	0	100000	+
