bin	continuous	ab	sub	signed_continuous
0				
1				
2				
3				
4				
5				
6				
7				
8				
9				
10				
11				
12				
13				
14				
15				
16				
17				
18				
19				
20				
21				
22				
23				
24				
25				
26				
27				
28				
29				
30				
31				
32				
33				
34				
35				
36				
37				
38				
39				
40				
41				
42				
43				
44				
45				
46				
47				
48				
49				
50				
51				
52				
53				
54				
55	0.790393013100437	A	A.1	0.790393013100437
56	0.790393013100437	A	A.1	0.790393013100437
57	0.790393013100437	A	A.1	0.790393013100437
58	0.790393013100437	A	A.1	0.790393013100437
59	0.700873362445415	A	A.1	0.700873362445415
60	0.700873362445415	A	A.1	0.700873362445415
61	0.700873362445415	A	A.1	0.700873362445415
62	0.700873362445415	A	A.1	0.700873362445415
63	0.716157205240175	A	A.1	0.716157205240175
64	0.716157205240175	A	A.1	0.716157205240175
65	0.716157205240175	A	A.1	0.716157205240175
66	0.716157205240175	A	A.1	0.716157205240175
67	0.716157205240175	A	A.1	0.716157205240175
68	0.716157205240175	A	A.1	0.716157205240175
69	0.707423580786026	A	A.1	0.707423580786026
70	0.707423580786026	A	A.1	0.707423580786026
71	0.707423580786026	A	A.1	0.707423580786026
72	0.707423580786026	A	A.1	0.707423580786026
73	0.707423580786026	A	A.1	0.707423580786026
74	0.707423580786026	A	A.1	0.707423580786026
75	0.707423580786026	A	A.1	0.707423580786026
76	0.707423580786026	A	A.1	0.707423580786026
77				
78				
79	0.8995633187772929	A	A.1	0.8995633187772929
80	0.8995633187772929	A	A.1	0.8995633187772929
81	0.8995633187772929	A	A.1	0.8995633187772929
82				
83	0.8995633187772929	A	A.1	0.8995633187772929
84	0.877729257641921	A	A.1	0.877729257641921
85	0.877729257641921	A	A.1	0.877729257641921
86	0.877729257641921	A	A.1	0.877729257641921
87	0.877729257641921	A	A.1	0.877729257641921
88	0.877729257641921	A	A.1	0.877729257641921
89	0.877729257641921	A	A.1	0.877729257641921
90	0.877729257641921	A	A.1	0.877729257641921
91	0.877729257641921	A	A.1	0.877729257641921
92	0.877729257641921	A	A.1	0.877729257641921
93	0.9978165938864632	A	A.1	0.9978165938864632
94	0.9978165938864632	A	A.1	0.9978165938864632
95	0.9978165938864632	A	A.1	0.9978165938864632
96	0.9978165938864632	A	A.1	0.9978165938864632
97	0.8275109170305679	A	A.1	0.8275109170305679
98	0.8275109170305679	A	A.1	0.8275109170305679
99	0.890829694323144	A	A.1	0.890829694323144
100	0.890829694323144	A	A.1	0.890829694323144
101				
102				
103				
104	0.890829694323144	A	A.1	0.890829694323144
105	0.890829694323144	A	A.1	0.890829694323144
106	0.890829694323144	A	A.1	0.890829694323144
107	0.884279475982533	A	A.1	0.884279475982533
108	0.884279475982533	A	A.1	0.884279475982533
109	0.884279475982533	A	A.1	0.884279475982533
110				
111				
112				
113	0.884279475982533	A	A.1	0.884279475982533
114	0.884279475982533	A	A.1	0.884279475982533
115	0.897379912663756	A	A.1	0.897379912663756
116	0.897379912663756	A	A.1	0.897379912663756
117				
118	0.897379912663756	A	A.1	0.897379912663756
119	0.9956331877729261	A	A.1	0.9956331877729261
120	0.9956331877729261	A	A.1	0.9956331877729261
121	0.9956331877729261	A	A.1	0.9956331877729261
122	0.9956331877729261	A	A.1	0.9956331877729261
123	0.90174672489083	A	A.1	0.90174672489083
124	0.90174672489083	A	A.1	0.90174672489083
125	0.90174672489083	A	A.1	0.90174672489083
126				
127	0.973799126637555	A	A.1	0.973799126637555
128	0.973799126637555	A	A.1	0.973799126637555
129	0.973799126637555	A	A.1	0.973799126637555
130	0.973799126637555	A	A.1	0.973799126637555
131	0.882096069868996	A	A.1	0.882096069868996
132	0.882096069868996	A	A.1	0.882096069868996
133	0.882096069868996	A	A.1	0.882096069868996
134	0.882096069868996	A	A.1	0.882096069868996
135	0.882096069868996	A	A.1	0.882096069868996
136	0.882096069868996	A	A.1	0.882096069868996
137	0.882096069868996	A	A.1	0.882096069868996
138	0.786026200873362	A	A.1	0.786026200873362
139	0.786026200873362	A	A.1	0.786026200873362
140	0.786026200873362	A	A.1	0.786026200873362
141	0.786026200873362	A	A.1	0.786026200873362
142	0.786026200873362	A	A.1	0.786026200873362
143	0.786026200873362	A	A.1	0.786026200873362
144	0.737991266375546	A	A.1	0.737991266375546
145				
146				
147				
148				
149				
150				
151				
152				
153	0.737991266375546	A	A.1	0.737991266375546
154	0.737991266375546	A	A.1	0.737991266375546
155	0.737991266375546	A	A.1	0.737991266375546
156	0.737991266375546	A	A.1	0.737991266375546
157	0.737991266375546	A	A.1	0.737991266375546
158	0.737991266375546	A	A.1	0.737991266375546
159	0.737991266375546	A	A.1	0.737991266375546
160	0.737991266375546	A	A.1	0.737991266375546
161	0.737991266375546	A	A.1	0.737991266375546
162	0.879912663755458	A	A.1	0.879912663755458
163	0.879912663755458	A	A.1	0.879912663755458
164	0.879912663755458	A	A.1	0.879912663755458
165	0.879912663755458	A	A.1	0.879912663755458
166	0.879912663755458	A	A.1	0.879912663755458
167	0.993449781659389	A	A.1	0.993449781659389
168	0.993449781659389	A	A.1	0.993449781659389
169	0.8013100436681221	A	A.1	0.8013100436681221
170	0.8013100436681221	A	A.1	0.8013100436681221
171	0.8013100436681221	A	A.1	0.8013100436681221
172	0.8013100436681221	A	A.1	0.8013100436681221
173	0.8013100436681221	A	A.1	0.8013100436681221
174	0.8013100436681221	A	A.1	0.8013100436681221
175	0.8013100436681221	A	A.1	0.8013100436681221
176	0.8013100436681221	A	A.1	0.8013100436681221
177	0.8013100436681221	A	A.1	0.8013100436681221
178	1.0	A	A.1	1.0
179	1.0	A	A.1	1.0
180	1.0	A	A.1	1.0
181	0.9366812227074239	A	A.1	0.9366812227074239
182	0.9366812227074239	A	A.1	0.9366812227074239
183	0.9366812227074239	A	A.1	0.9366812227074239
184	0.9366812227074239	A	A.1	0.9366812227074239
185	0.8755458515283842	A	A.1	0.8755458515283842
186	0.8755458515283842	A	A.1	0.8755458515283842
187	0.8755458515283842	A	A.1	0.8755458515283842
188	0.8755458515283842	A	A.1	0.8755458515283842
189	0.8755458515283842	A	A.1	0.8755458515283842
190	0.978165938864629	A	A.1	0.978165938864629
191	0.978165938864629	A	A.1	0.978165938864629
192	0.978165938864629	A	A.1	0.978165938864629
193	0.868995633187773	A	A.1	0.868995633187773
194	0.868995633187773	A	A.1	0.868995633187773
195	0.868995633187773	A	A.1	0.868995633187773
196	0.868995633187773	A	A.1	0.868995633187773
197	0.868995633187773	A	A.1	0.868995633187773
198	0.951965065502183	A	A.1	0.951965065502183
199	0.951965065502183	A	A.1	0.951965065502183
200	0.8733624454148469	A	A.1	0.8733624454148469
201	0.8733624454148469	A	A.1	0.8733624454148469
202	0.8733624454148469	A	A.1	0.8733624454148469
203	0.8733624454148469	A	A.1	0.8733624454148469
204	0.8733624454148469	A	A.1	0.8733624454148469
205	0.88646288209607	A	A.1	0.88646288209607
206	0.88646288209607	A	A.1	0.88646288209607
207	0.88646288209607	A	A.1	0.88646288209607
208	0.88646288209607	A	A.1	0.88646288209607
209	0.88646288209607	A	A.1	0.88646288209607
210	0.88646288209607	A	A.1	0.88646288209607
211	0.971615720524017	A	A.1	0.971615720524017
212	0.971615720524017	A	A.1	0.971615720524017
213	0.971615720524017	A	A.1	0.971615720524017
214	0.975982532751092	A	A.1	0.975982532751092
215	0.975982532751092	A	A.1	0.975982532751092
216	0.941048034934498	A	A.1	0.941048034934498
217	0.941048034934498	A	A.1	0.941048034934498
218	0.641921397379913	A	A.2	0.641921397379913
219	0.641921397379913	A	A.2	0.641921397379913
220	0.641921397379913	A	A.2	0.641921397379913
221	0.641921397379913	A	A.2	0.641921397379913
222	0.641921397379913	A	A.2	0.641921397379913
223	0.641921397379913	A	A.2	0.641921397379913
224	0.641921397379913	A	A.2	0.641921397379913
225	0.641921397379913	A	A.2	0.641921397379913
226				
227				
228				
229				
230				
231				
232				
233	0.689956331877729	A	A.1	0.689956331877729
234	0.689956331877729	A	A.1	0.689956331877729
235	0.689956331877729	A	A.1	0.689956331877729
236	0.689956331877729	A	A.1	0.689956331877729
237	0.689956331877729	A	A.1	0.689956331877729
238	0.689956331877729	A	A.1	0.689956331877729
239	0.9301310043668118	A	A.1	0.9301310043668118
240	0.9301310043668118	A	A.1	0.9301310043668118
241	0.674672489082969	A	A.1	0.674672489082969
242	0.674672489082969	A	A.1	0.674672489082969
243	0.674672489082969	A	A.1	0.674672489082969
244	0.674672489082969	A	A.1	0.674672489082969
245	0.674672489082969	A	A.1	0.674672489082969
246	0.674672489082969	A	A.1	0.674672489082969
247	0.674672489082969	A	A.1	0.674672489082969
248	0.674672489082969	A	A.1	0.674672489082969
249	0.694323144104803	A	A.1	0.694323144104803
250	0.694323144104803	A	A.1	0.694323144104803
251	0.694323144104803	A	A.1	0.694323144104803
252	0.694323144104803	A	A.1	0.694323144104803
253	0.694323144104803	A	A.1	0.694323144104803
254	0.694323144104803	A	A.1	0.694323144104803
255	0.694323144104803	A	A.1	0.694323144104803
256	0.657205240174673	A	A.1	0.657205240174673
257	0.657205240174673	A	A.1	0.657205240174673
258	0.657205240174673	A	A.1	0.657205240174673
259	0.657205240174673	A	A.1	0.657205240174673
260	0.657205240174673	A	A.1	0.657205240174673
261	0.657205240174673	A	A.1	0.657205240174673
262	0.657205240174673	A	A.1	0.657205240174673
263	0.657205240174673	A	A.1	0.657205240174673
264	0.657205240174673	A	A.1	0.657205240174673
265	0.633187772925764	A	A.2	0.633187772925764
266	0.633187772925764	A	A.2	0.633187772925764
267	0.633187772925764	A	A.2	0.633187772925764
268	0.633187772925764	A	A.2	0.633187772925764
269	0.633187772925764	A	A.2	0.633187772925764
270	0.633187772925764	A	A.2	0.633187772925764
271	0.633187772925764	A	A.2	0.633187772925764
272	0.633187772925764	A	A.2	0.633187772925764
273	0.633187772925764	A	A.2	0.633187772925764
274	0.633187772925764	A	A.2	0.633187772925764
275	0.633187772925764	A	A.2	0.633187772925764
276	0.633187772925764	A	A.2	0.633187772925764
277	0.633187772925764	A	A.2	0.633187772925764
278	0.633187772925764	A	A.2	0.633187772925764
279	0.633187772925764	A	A.2	0.633187772925764
280	0.633187772925764	A	A.2	0.633187772925764
281	0.633187772925764	A	A.2	0.633187772925764
282	0.633187772925764	A	A.2	0.633187772925764
283	0.633187772925764	A	A.2	0.633187772925764
284	0.633187772925764	A	A.2	0.633187772925764
285	0.847161572052402	A	A.1	0.847161572052402
286	0.847161572052402	A	A.1	0.847161572052402
287	0.847161572052402	A	A.1	0.847161572052402
288	0.692139737991266	A	A.1	0.692139737991266
289	0.692139737991266	A	A.1	0.692139737991266
290	0.692139737991266	A	A.1	0.692139737991266
291	0.692139737991266	A	A.1	0.692139737991266
292	0.692139737991266	A	A.1	0.692139737991266
293	0.692139737991266	A	A.1	0.692139737991266
294	0.692139737991266	A	A.1	0.692139737991266
295	0.687772925764192	A	A.1	0.687772925764192
296	0.687772925764192	A	A.1	0.687772925764192
297	0.687772925764192	A	A.1	0.687772925764192
298	0.687772925764192	A	A.1	0.687772925764192
299	0.687772925764192	A	A.1	0.687772925764192
300	0.687772925764192	A	A.1	0.687772925764192
301	0.687772925764192	A	A.1	0.687772925764192
302	0.687772925764192	A	A.1	0.687772925764192
303	0.683406113537118	A	A.1	0.683406113537118
304	0.683406113537118	A	A.1	0.683406113537118
305	0.683406113537118	A	A.1	0.683406113537118
306	0.683406113537118	A	A.1	0.683406113537118
307	0.683406113537118	A	A.1	0.683406113537118
308	0.683406113537118	A	A.1	0.683406113537118
309	0.648471615720524	A	A.1	0.648471615720524
310	0.648471615720524	A	A.1	0.648471615720524
311	0.648471615720524	A	A.1	0.648471615720524
312	0.648471615720524	A	A.1	0.648471615720524
313	0.648471615720524	A	A.1	0.648471615720524
314	0.648471615720524	A	A.1	0.648471615720524
315	0.648471615720524	A	A.1	0.648471615720524
316	0.648471615720524	A	A.1	0.648471615720524
317	0.648471615720524	A	A.1	0.648471615720524
318	0.648471615720524	A	A.1	0.648471615720524
319	0.648471615720524	A	A.1	0.648471615720524
320	0.648471615720524	A	A.1	0.648471615720524
321	0.648471615720524	A	A.1	0.648471615720524
322	0.648471615720524	A	A.1	0.648471615720524
323	0.635371179039301	A	A.2	0.635371179039301
324	0.635371179039301	A	A.2	0.635371179039301
325	0.635371179039301	A	A.2	0.635371179039301
326	0.635371179039301	A	A.2	0.635371179039301
327	0.635371179039301	A	A.2	0.635371179039301
328	0.635371179039301	A	A.2	0.635371179039301
329	0.635371179039301	A	A.2	0.635371179039301
330	0.635371179039301	A	A.2	0.635371179039301
331	0.635371179039301	A	A.2	0.635371179039301
332	0.635371179039301	A	A.2	0.635371179039301
333	0.635371179039301	A	A.2	0.635371179039301
334	0.635371179039301	A	A.2	0.635371179039301
335	0.635371179039301	A	A.2	0.635371179039301
336	0.635371179039301	A	A.2	0.635371179039301
337	0.635371179039301	A	A.2	0.635371179039301
338	0.635371179039301	A	A.2	0.635371179039301
339	0.635371179039301	A	A.2	0.635371179039301
340	0.635371179039301	A	A.2	0.635371179039301
341	0.635371179039301	A	A.2	0.635371179039301
342	0.814410480349345	A	A.1	0.814410480349345
343	0.814410480349345	A	A.1	0.814410480349345
344	0.814410480349345	A	A.1	0.814410480349345
345	0.814410480349345	A	A.1	0.814410480349345
346	0.685589519650655	A	A.1	0.685589519650655
347	0.685589519650655	A	A.1	0.685589519650655
348	0.685589519650655	A	A.1	0.685589519650655
349	0.685589519650655	A	A.1	0.685589519650655
350	0.685589519650655	A	A.1	0.685589519650655
351	0.685589519650655	A	A.1	0.685589519650655
352	0.685589519650655	A	A.1	0.685589519650655
353	0.685589519650655	A	A.1	0.685589519650655
354	0.685589519650655	A	A.1	0.685589519650655
355	0.87117903930131	A	A.1	0.87117903930131
356	0.87117903930131	A	A.1	0.87117903930131
357	0.637554585152838	A	A.2	0.637554585152838
358	0.637554585152838	A	A.2	0.637554585152838
359	0.637554585152838	A	A.2	0.637554585152838
360	0.637554585152838	A	A.2	0.637554585152838
361	0.637554585152838	A	A.2	0.637554585152838
362	0.637554585152838	A	A.2	0.637554585152838
363	0.637554585152838	A	A.2	0.637554585152838
364	0.637554585152838	A	A.2	0.637554585152838
365	0.637554585152838	A	A.2	0.637554585152838
366	0.637554585152838	A	A.2	0.637554585152838
367	0.637554585152838	A	A.2	0.637554585152838
368	0.637554585152838	A	A.2	0.637554585152838
369	0.637554585152838	A	A.2	0.637554585152838
370	0.637554585152838	A	A.2	0.637554585152838
371	0.637554585152838	A	A.2	0.637554585152838
372	0.652838427947598	A	A.1	0.652838427947598
373	0.652838427947598	A	A.1	0.652838427947598
374	0.652838427947598	A	A.1	0.652838427947598
375	0.652838427947598	A	A.1	0.652838427947598
376	0.652838427947598	A	A.1	0.652838427947598
377	0.652838427947598	A	A.1	0.652838427947598
378	0.652838427947598	A	A.1	0.652838427947598
379	0.652838427947598	A	A.1	0.652838427947598
380	0.652838427947598	A	A.1	0.652838427947598
381	0.652838427947598	A	A.1	0.652838427947598
382	0.652838427947598	A	A.1	0.652838427947598
383	0.934497816593886	A	A.1	0.934497816593886
384	0.934497816593886	A	A.1	0.934497816593886
385	0.934497816593886	A	A.1	0.934497816593886
386	0.639737991266376	A	A.2	0.639737991266376
387	0.639737991266376	A	A.2	0.639737991266376
388	0.639737991266376	A	A.2	0.639737991266376
389	0.639737991266376	A	A.2	0.639737991266376
390	0.639737991266376	A	A.2	0.639737991266376
391	0.639737991266376	A	A.2	0.639737991266376
392	0.639737991266376	A	A.2	0.639737991266376
393	0.639737991266376	A	A.2	0.639737991266376
394	0.639737991266376	A	A.2	0.639737991266376
395	0.639737991266376	A	A.2	0.639737991266376
396	0.639737991266376	A	A.2	0.639737991266376
397	0.8165938864628821	A	A.1	0.8165938864628821
398	0.8165938864628821	A	A.1	0.8165938864628821
399	0.8165938864628821	A	A.1	0.8165938864628821
400	0.8165938864628821	A	A.1	0.8165938864628821
401	0.903930131004367	A	A.1	0.903930131004367
402	0.903930131004367	A	A.1	0.903930131004367
403	0.903930131004367	A	A.1	0.903930131004367
404	0.903930131004367	A	A.1	0.903930131004367
405	0.9803493449781658	A	A.1	0.9803493449781658
406	0.9803493449781658	A	A.1	0.9803493449781658
407	0.9803493449781658	A	A.1	0.9803493449781658
408	0.9803493449781658	A	A.1	0.9803493449781658
409	0.672489082969432	A	A.1	0.672489082969432
410	0.672489082969432	A	A.1	0.672489082969432
411	0.672489082969432	A	A.1	0.672489082969432
412	0.672489082969432	A	A.1	0.672489082969432
413	0.672489082969432	A	A.1	0.672489082969432
414	0.672489082969432	A	A.1	0.672489082969432
415	0.672489082969432	A	A.1	0.672489082969432
416	0.672489082969432	A	A.1	0.672489082969432
417	0.672489082969432	A	A.1	0.672489082969432
418	0.672489082969432	A	A.1	0.672489082969432
419	0.672489082969432	A	A.1	0.672489082969432
420	0.672489082969432	A	A.1	0.672489082969432
421	0.672489082969432	A	A.1	0.672489082969432
422	0.938864628820961	A	A.1	0.938864628820961
423	0.938864628820961	A	A.1	0.938864628820961
424	0.844978165938865	A	A.1	0.844978165938865
425	0.844978165938865	A	A.1	0.844978165938865
426	0.844978165938865	A	A.1	0.844978165938865
427	0.844978165938865	A	A.1	0.844978165938865
428	0.665938864628821	A	A.1	0.665938864628821
429	0.665938864628821	A	A.1	0.665938864628821
430	0.665938864628821	A	A.1	0.665938864628821
431	0.665938864628821	A	A.1	0.665938864628821
432	0.665938864628821	A	A.1	0.665938864628821
433	0.665938864628821	A	A.1	0.665938864628821
434	0.665938864628821	A	A.1	0.665938864628821
435	0.665938864628821	A	A.1	0.665938864628821
436	0.665938864628821	A	A.1	0.665938864628821
437	0.665938864628821	A	A.1	0.665938864628821
438	0.665938864628821	A	A.1	0.665938864628821
439	0.696506550218341	A	A.1	0.696506550218341
440	0.696506550218341	A	A.1	0.696506550218341
441	0.696506550218341	A	A.1	0.696506550218341
442	0.696506550218341	A	A.1	0.696506550218341
443	0.906113537117904	A	A.1	0.906113537117904
444	0.906113537117904	A	A.1	0.906113537117904
445	0.906113537117904	A	A.1	0.906113537117904
446	0.906113537117904	A	A.1	0.906113537117904
447	0.9323144104803489	A	A.1	0.9323144104803489
448	0.9323144104803489	A	A.1	0.9323144104803489
449	0.9323144104803489	A	A.1	0.9323144104803489
450	0.9323144104803489	A	A.1	0.9323144104803489
451	0.842794759825327	A	A.1	0.842794759825327
452	0.842794759825327	A	A.1	0.842794759825327
453	0.842794759825327	A	A.1	0.842794759825327
454	0.842794759825327	A	A.1	0.842794759825327
455	0.807860262008734	A	A.1	0.807860262008734
456	0.807860262008734	A	A.1	0.807860262008734
457	0.807860262008734	A	A.1	0.807860262008734
458	0.807860262008734	A	A.1	0.807860262008734
459	0.807860262008734	A	A.1	0.807860262008734
460	0.807860262008734	A	A.1	0.807860262008734
461	0.807860262008734	A	A.1	0.807860262008734
462	0.681222707423581	A	A.1	0.681222707423581
463	0.681222707423581	A	A.1	0.681222707423581
464	0.681222707423581	A	A.1	0.681222707423581
465	0.681222707423581	A	A.1	0.681222707423581
466	0.681222707423581	A	A.1	0.681222707423581
467	0.681222707423581	A	A.1	0.681222707423581
468	0.681222707423581	A	A.1	0.681222707423581
469	0.681222707423581	A	A.1	0.681222707423581
470	0.681222707423581	A	A.1	0.681222707423581
471	0.661572052401747	A	A.1	0.661572052401747
472	0.661572052401747	A	A.1	0.661572052401747
473	0.661572052401747	A	A.1	0.661572052401747
474	0.661572052401747	A	A.1	0.661572052401747
475	0.661572052401747	A	A.1	0.661572052401747
476	0.661572052401747	A	A.1	0.661572052401747
477	0.820960698689956	A	A.1	0.820960698689956
478	0.820960698689956	A	A.1	0.820960698689956
479	0.820960698689956	A	A.1	0.820960698689956
480	0.820960698689956	A	A.1	0.820960698689956
481	0.820960698689956	A	A.1	0.820960698689956
482	0.810043668122271	A	A.1	0.810043668122271
483	0.810043668122271	A	A.1	0.810043668122271
484	0.810043668122271	A	A.1	0.810043668122271
485	0.810043668122271	A	A.1	0.810043668122271
486	0.810043668122271	A	A.1	0.810043668122271
487	0.810043668122271	A	A.1	0.810043668122271
488	0.810043668122271	A	A.1	0.810043668122271
489	0.733624454148472	A	A.1	0.733624454148472
490	0.733624454148472	A	A.1	0.733624454148472
491	0.733624454148472	A	A.1	0.733624454148472
492	0.733624454148472	A	A.1	0.733624454148472
493	0.733624454148472	A	A.1	0.733624454148472
494	0.733624454148472	A	A.1	0.733624454148472
495	0.733624454148472	A	A.1	0.733624454148472
496	0.64410480349345	A	A.2	0.64410480349345
497	0.64410480349345	A	A.2	0.64410480349345
498	0.64410480349345	A	A.2	0.64410480349345
499	0.64410480349345	A	A.2	0.64410480349345
500	0.64410480349345	A	A.2	0.64410480349345
501	0.64410480349345	A	A.2	0.64410480349345
502	0.64410480349345	A	A.2	0.64410480349345
503	0.64410480349345	A	A.2	0.64410480349345
504	0.64410480349345	A	A.2	0.64410480349345
505	0.64410480349345	A	A.2	0.64410480349345
506	0.64410480349345	A	A.2	0.64410480349345
507	0.64410480349345	A	A.2	0.64410480349345
508	0.64410480349345	A	A.2	0.64410480349345
509	0.64410480349345	A	A.2	0.64410480349345
510	0.64410480349345	A	A.2	0.64410480349345
511	0.64410480349345	A	A.2	0.64410480349345
512	0.64410480349345	A	A.2	0.64410480349345
513	0.64410480349345	A	A.2	0.64410480349345
514	0.8515283842794761	A	A.1	0.8515283842794761
515	0.8515283842794761	A	A.1	0.8515283842794761
516	0.8515283842794761	A	A.1	0.8515283842794761
517	0.8515283842794761	A	A.1	0.8515283842794761
518	0.77292576419214	A	A.1	0.77292576419214
519	0.77292576419214	A	A.1	0.77292576419214
520	0.77292576419214	A	A.1	0.77292576419214
521	0.646288209606987	A	A.2	0.646288209606987
522	0.646288209606987	A	A.2	0.646288209606987
523	0.646288209606987	A	A.2	0.646288209606987
524	0.646288209606987	A	A.2	0.646288209606987
525	0.646288209606987	A	A.2	0.646288209606987
526	0.646288209606987	A	A.2	0.646288209606987
527	0.646288209606987	A	A.2	0.646288209606987
528	0.646288209606987	A	A.2	0.646288209606987
529	0.646288209606987	A	A.2	0.646288209606987
530	0.646288209606987	A	A.2	0.646288209606987
531	0.646288209606987	A	A.2	0.646288209606987
532	0.8537117903930131	A	A.1	0.8537117903930131
533	0.8537117903930131	A	A.1	0.8537117903930131
534	0.8537117903930131	A	A.1	0.8537117903930131
535	0.8537117903930131	A	A.1	0.8537117903930131
536	0.755458515283843	A	A.1	0.755458515283843
537	0.755458515283843	A	A.1	0.755458515283843
538	0.755458515283843	A	A.1	0.755458515283843
539	0.755458515283843	A	A.1	0.755458515283843
540	0.755458515283843	A	A.1	0.755458515283843
541	0.755458515283843	A	A.1	0.755458515283843
542	0.679039301310044	A	A.1	0.679039301310044
543	0.679039301310044	A	A.1	0.679039301310044
544	0.679039301310044	A	A.1	0.679039301310044
545	0.679039301310044	A	A.1	0.679039301310044
546	0.679039301310044	A	A.1	0.679039301310044
547	0.679039301310044	A	A.1	0.679039301310044
548	0.679039301310044	A	A.1	0.679039301310044
549	0.679039301310044	A	A.1	0.679039301310044
550	0.84061135371179	A	A.1	0.84061135371179
551	0.84061135371179	A	A.1	0.84061135371179
552	0.84061135371179	A	A.1	0.84061135371179
553	0.762008733624454	A	A.1	0.762008733624454
554	0.762008733624454	A	A.1	0.762008733624454
555	0.762008733624454	A	A.1	0.762008733624454
556	0.762008733624454	A	A.1	0.762008733624454
557	0.762008733624454	A	A.1	0.762008733624454
558	0.762008733624454	A	A.1	0.762008733624454
559	0.762008733624454	A	A.1	0.762008733624454
560	0.829694323144105	A	A.1	0.829694323144105
561	0.829694323144105	A	A.1	0.829694323144105
562	0.829694323144105	A	A.1	0.829694323144105
563	0.829694323144105	A	A.1	0.829694323144105
564	0.829694323144105	A	A.1	0.829694323144105
565	0.829694323144105	A	A.1	0.829694323144105
566	0.829694323144105	A	A.1	0.829694323144105
567	0.779475982532751	A	A.1	0.779475982532751
568	0.779475982532751	A	A.1	0.779475982532751
569	0.779475982532751	A	A.1	0.779475982532751
570	0.676855895196507	A	A.1	0.676855895196507
571	0.676855895196507	A	A.1	0.676855895196507
572	0.676855895196507	A	A.1	0.676855895196507
573	0.676855895196507	A	A.1	0.676855895196507
574	0.676855895196507	A	A.1	0.676855895196507
575	0.676855895196507	A	A.1	0.676855895196507
576	0.676855895196507	A	A.1	0.676855895196507
577	0.8384279475982531	A	A.1	0.8384279475982531
578	0.8384279475982531	A	A.1	0.8384279475982531
579	0.8384279475982531	A	A.1	0.8384279475982531
580	0.834061135371179	A	A.1	0.834061135371179
581	0.834061135371179	A	A.1	0.834061135371179
582	0.834061135371179	A	A.1	0.834061135371179
583	0.834061135371179	A	A.1	0.834061135371179
584	0.834061135371179	A	A.1	0.834061135371179
585	0.834061135371179	A	A.1	0.834061135371179
586	0.8646288209606989	A	A.1	0.8646288209606989
587	0.8646288209606989	A	A.1	0.8646288209606989
588	0.8646288209606989	A	A.1	0.8646288209606989
589	0.8646288209606989	A	A.1	0.8646288209606989
590	0.8646288209606989	A	A.1	0.8646288209606989
591	0.748908296943232	A	A.1	0.748908296943232
592	0.748908296943232	A	A.1	0.748908296943232
593	0.748908296943232	A	A.1	0.748908296943232
594	0.748908296943232	A	A.1	0.748908296943232
595	0.748908296943232	A	A.1	0.748908296943232
596	0.748908296943232	A	A.1	0.748908296943232
597	0.831877729257642	A	A.1	0.831877729257642
598	0.831877729257642	A	A.1	0.831877729257642
599	0.831877729257642	A	A.1	0.831877729257642
600	0.831877729257642	A	A.1	0.831877729257642
601	0.744541484716157	A	A.1	0.744541484716157
602	0.744541484716157	A	A.1	0.744541484716157
603	0.744541484716157	A	A.1	0.744541484716157
604	0.744541484716157	A	A.1	0.744541484716157
605	0.744541484716157	A	A.1	0.744541484716157
606	0.744541484716157	A	A.1	0.744541484716157
607	0.744541484716157	A	A.1	0.744541484716157
608	0.85589519650655	A	A.1	0.85589519650655
609	0.85589519650655	A	A.1	0.85589519650655
610	0.85589519650655	A	A.1	0.85589519650655
611	0.85589519650655	A	A.1	0.85589519650655
612	0.85589519650655	A	A.1	0.85589519650655
613	0.753275109170306	A	A.1	0.753275109170306
614	0.753275109170306	A	A.1	0.753275109170306
615	0.753275109170306	A	A.1	0.753275109170306
616	0.753275109170306	A	A.1	0.753275109170306
617	0.753275109170306	A	A.1	0.753275109170306
618	0.753275109170306	A	A.1	0.753275109170306
619	0.753275109170306	A	A.1	0.753275109170306
620	0.753275109170306	A	A.1	0.753275109170306
621	0.753275109170306	A	A.1	0.753275109170306
622	0.753275109170306	A	A.1	0.753275109170306
623	0.764192139737991	A	A.1	0.764192139737991
624	0.764192139737991	A	A.1	0.764192139737991
625	0.764192139737991	A	A.1	0.764192139737991
626	0.764192139737991	A	A.1	0.764192139737991
627	0.764192139737991	A	A.1	0.764192139737991
628	0.764192139737991	A	A.1	0.764192139737991
629	0.914847161572052	A	A.1	0.914847161572052
630	0.914847161572052	A	A.1	0.914847161572052
631	0.914847161572052	A	A.1	0.914847161572052
632	0.914847161572052	A	A.1	0.914847161572052
633	0.724890829694323	A	A.1	0.724890829694323
634	0.724890829694323	A	A.1	0.724890829694323
635	0.724890829694323	A	A.1	0.724890829694323
636	0.724890829694323	A	A.1	0.724890829694323
637	0.724890829694323	A	A.1	0.724890829694323
638	0.724890829694323	A	A.1	0.724890829694323
639	0.724890829694323	A	A.1	0.724890829694323
640	0.724890829694323	A	A.1	0.724890829694323
641	0.698689956331878	A	A.1	0.698689956331878
642	0.698689956331878	A	A.1	0.698689956331878
643	0.698689956331878	A	A.1	0.698689956331878
644	0.698689956331878	A	A.1	0.698689956331878
645	0.698689956331878	A	A.1	0.698689956331878
646	0.698689956331878	A	A.1	0.698689956331878
647	0.698689956331878	A	A.1	0.698689956331878
648	0.698689956331878	A	A.1	0.698689956331878
649	0.698689956331878	A	A.1	0.698689956331878
650	0.698689956331878	A	A.1	0.698689956331878
651	0.698689956331878	A	A.1	0.698689956331878
652	0.72707423580786	A	A.1	0.72707423580786
653	0.72707423580786	A	A.1	0.72707423580786
654	0.72707423580786	A	A.1	0.72707423580786
655	0.72707423580786	A	A.1	0.72707423580786
656	0.72707423580786	A	A.1	0.72707423580786
657	0.72707423580786	A	A.1	0.72707423580786
658	0.72707423580786	A	A.1	0.72707423580786
659	0.72707423580786	A	A.1	0.72707423580786
660	0.72707423580786	A	A.1	0.72707423580786
661	0.72707423580786	A	A.1	0.72707423580786
662	0.766375545851528	A	A.1	0.766375545851528
663	0.766375545851528	A	A.1	0.766375545851528
664	0.766375545851528	A	A.1	0.766375545851528
665	0.766375545851528	A	A.1	0.766375545851528
666	0.766375545851528	A	A.1	0.766375545851528
667	0.766375545851528	A	A.1	0.766375545851528
668	0.766375545851528	A	A.1	0.766375545851528
669	0.860262008733625	A	A.1	0.860262008733625
670	0.860262008733625	A	A.1	0.860262008733625
671	0.860262008733625	A	A.1	0.860262008733625
672	0.860262008733625	A	A.1	0.860262008733625
673	0.849344978165939	A	A.1	0.849344978165939
674	0.849344978165939	A	A.1	0.849344978165939
675	0.849344978165939	A	A.1	0.849344978165939
676	0.8624454148471619	A	A.1	0.8624454148471619
677	0.8624454148471619	A	A.1	0.8624454148471619
678	0.8624454148471619	A	A.1	0.8624454148471619
679	0.8624454148471619	A	A.1	0.8624454148471619
680	0.8624454148471619	A	A.1	0.8624454148471619
681	0.770742358078603	A	A.1	0.770742358078603
682	0.770742358078603	A	A.1	0.770742358078603
683	0.770742358078603	A	A.1	0.770742358078603
684	0.770742358078603	A	A.1	0.770742358078603
685	0.751091703056769	A	A.1	0.751091703056769
686	0.751091703056769	A	A.1	0.751091703056769
687	0.751091703056769	A	A.1	0.751091703056769
688	0.751091703056769	A	A.1	0.751091703056769
689	0.751091703056769	A	A.1	0.751091703056769
690	0.751091703056769	A	A.1	0.751091703056769
691	0.751091703056769	A	A.1	0.751091703056769
692	0.751091703056769	A	A.1	0.751091703056769
693	0.751091703056769	A	A.1	0.751091703056769
694	0.729257641921397	A	A.1	0.729257641921397
695	0.729257641921397	A	A.1	0.729257641921397
696	0.729257641921397	A	A.1	0.729257641921397
697	0.729257641921397	A	A.1	0.729257641921397
698	0.729257641921397	A	A.1	0.729257641921397
699	0.729257641921397	A	A.1	0.729257641921397
700	0.729257641921397	A	A.1	0.729257641921397
701	0.729257641921397	A	A.1	0.729257641921397
702	0.729257641921397	A	A.1	0.729257641921397
703	0.729257641921397	A	A.1	0.729257641921397
704	0.8580786026200868	A	A.1	0.8580786026200868
705	0.8580786026200868	A	A.1	0.8580786026200868
706	0.8580786026200868	A	A.1	0.8580786026200868
707	0.8580786026200868	A	A.1	0.8580786026200868
708	0.917030567685589	A	A.1	0.917030567685589
709	0.917030567685589	A	A.1	0.917030567685589
710	0.917030567685589	A	A.1	0.917030567685589
711	0.917030567685589	A	A.1	0.917030567685589
712	0.720524017467249	A	A.1	0.720524017467249
713	0.720524017467249	A	A.1	0.720524017467249
714	0.720524017467249	A	A.1	0.720524017467249
715	0.720524017467249	A	A.1	0.720524017467249
716	0.720524017467249	A	A.1	0.720524017467249
717	0.720524017467249	A	A.1	0.720524017467249
718	0.720524017467249	A	A.1	0.720524017467249
719	0.746724890829694	A	A.1	0.746724890829694
720	0.746724890829694	A	A.1	0.746724890829694
721	0.746724890829694	A	A.1	0.746724890829694
722	0.746724890829694	A	A.1	0.746724890829694
723	0.746724890829694	A	A.1	0.746724890829694
724	0.746724890829694	A	A.1	0.746724890829694
725	0.740174672489083	A	A.1	0.740174672489083
726	0.740174672489083	A	A.1	0.740174672489083
727	0.740174672489083	A	A.1	0.740174672489083
728	0.740174672489083	A	A.1	0.740174672489083
729	0.740174672489083	A	A.1	0.740174672489083
730	0.740174672489083	A	A.1	0.740174672489083
731	0.740174672489083	A	A.1	0.740174672489083
732	0.722707423580786	A	A.1	0.722707423580786
733	0.722707423580786	A	A.1	0.722707423580786
734	0.722707423580786	A	A.1	0.722707423580786
735	0.722707423580786	A	A.1	0.722707423580786
736	0.722707423580786	A	A.1	0.722707423580786
737	0.722707423580786	A	A.1	0.722707423580786
738	0.722707423580786	A	A.1	0.722707423580786
739	0.722707423580786	A	A.1	0.722707423580786
740	0.722707423580786	A	A.1	0.722707423580786
741	0.919213973799127	A	A.1	0.919213973799127
742				
743				
744				
745	0.919213973799127	A	A.1	0.919213973799127
746	0.75764192139738	A	A.1	0.75764192139738
747	0.75764192139738	A	A.1	0.75764192139738
748	0.75764192139738	A	A.1	0.75764192139738
749	0.75764192139738	A	A.1	0.75764192139738
750	0.75764192139738	A	A.1	0.75764192139738
751	0.75764192139738	A	A.1	0.75764192139738
752	0.75764192139738	A	A.1	0.75764192139738
753	0.75764192139738	A	A.1	0.75764192139738
754	0.921397379912664	A	A.1	0.921397379912664
755	0.921397379912664	A	A.1	0.921397379912664
756	0.921397379912664	A	A.1	0.921397379912664
757	0.759825327510917	A	A.1	0.759825327510917
758	0.759825327510917	A	A.1	0.759825327510917
759	0.759825327510917	A	A.1	0.759825327510917
760	0.759825327510917	A	A.1	0.759825327510917
761	0.759825327510917	A	A.1	0.759825327510917
762	0.759825327510917	A	A.1	0.759825327510917
763	0.759825327510917	A	A.1	0.759825327510917
764	0.759825327510917	A	A.1	0.759825327510917
765	0.759825327510917	A	A.1	0.759825327510917
766	0.799126637554585	A	A.1	0.799126637554585
767	0.799126637554585	A	A.1	0.799126637554585
768	0.799126637554585	A	A.1	0.799126637554585
769	0.799126637554585	A	A.1	0.799126637554585
770	0.799126637554585	A	A.1	0.799126637554585
771	0.799126637554585	A	A.1	0.799126637554585
772	0.799126637554585	A	A.1	0.799126637554585
773	0.956331877729258	A	A.1	0.956331877729258
774	0.956331877729258	A	A.1	0.956331877729258
775	0.956331877729258	A	A.1	0.956331877729258
776	0.7882096069869	A	A.1	0.7882096069869
777	0.7882096069869	A	A.1	0.7882096069869
778	0.7882096069869	A	A.1	0.7882096069869
779	0.7882096069869	A	A.1	0.7882096069869
780	0.7882096069869	A	A.1	0.7882096069869
781	0.943231441048035	A	A.1	0.943231441048035
782	0.943231441048035	A	A.1	0.943231441048035
783	0.943231441048035	A	A.1	0.943231441048035
784	0.943231441048035	A	A.1	0.943231441048035
785	0.943231441048035	A	A.1	0.943231441048035
786	0.989082969432314	A	A.1	0.989082969432314
787	0.989082969432314	A	A.1	0.989082969432314
788	0.989082969432314	A	A.1	0.989082969432314
789	0.986899563318777	A	A.1	0.986899563318777
790	0.986899563318777	A	A.1	0.986899563318777
791	0.986899563318777	A	A.1	0.986899563318777
792	0.927947598253275	A	A.1	0.927947598253275
793	0.927947598253275	A	A.1	0.927947598253275
794	0.927947598253275	A	A.1	0.927947598253275
795	0.927947598253275	A	A.1	0.927947598253275
796	0.912663755458515	A	A.1	0.912663755458515
797	0.912663755458515	A	A.1	0.912663755458515
798	0.912663755458515	A	A.1	0.912663755458515
799	0.912663755458515	A	A.1	0.912663755458515
800	0.912663755458515	A	A.1	0.912663755458515
801	0.912663755458515	A	A.1	0.912663755458515
802	0.912663755458515	A	A.1	0.912663755458515
803	0.792576419213974	A	A.1	0.792576419213974
804	0.792576419213974	A	A.1	0.792576419213974
805	0.792576419213974	A	A.1	0.792576419213974
806	0.792576419213974	A	A.1	0.792576419213974
807	0.792576419213974	A	A.1	0.792576419213974
808	0.792576419213974	A	A.1	0.792576419213974
809	0.792576419213974	A	A.1	0.792576419213974
810	0.792576419213974	A	A.1	0.792576419213974
811	0.792576419213974	A	A.1	0.792576419213974
812	0.792576419213974	A	A.1	0.792576419213974
813	0.792576419213974	A	A.1	0.792576419213974
814	0.9454148471615721	A	A.1	0.9454148471615721
815	0.9454148471615721	A	A.1	0.9454148471615721
816	0.9454148471615721	A	A.1	0.9454148471615721
817	0.9454148471615721	A	A.1	0.9454148471615721
818	0.9257641921397382	A	A.1	0.9257641921397382
819	0.9257641921397382	A	A.1	0.9257641921397382
820	0.9257641921397382	A	A.1	0.9257641921397382
821	0.9257641921397382	A	A.1	0.9257641921397382
822	0.9104803493449779	A	A.1	0.9104803493449779
823	0.9104803493449779	A	A.1	0.9104803493449779
824	0.9104803493449779	A	A.1	0.9104803493449779
825	0.796943231441048	A	A.1	0.796943231441048
826	0.796943231441048	A	A.1	0.796943231441048
827	0.796943231441048	A	A.1	0.796943231441048
828	0.796943231441048	A	A.1	0.796943231441048
829	0.9082969432314411	A	A.1	0.9082969432314411
830	0.9082969432314411	A	A.1	0.9082969432314411
831	0.9082969432314411	A	A.1	0.9082969432314411
832	0.9082969432314411	A	A.1	0.9082969432314411
833	0.9082969432314411	A	A.1	0.9082969432314411
834	0.9082969432314411	A	A.1	0.9082969432314411
835	0.709606986899563	A	A.1	0.709606986899563
836	0.709606986899563	A	A.1	0.709606986899563
837	0.709606986899563	A	A.1	0.709606986899563
838	0.709606986899563	A	A.1	0.709606986899563
839	0.709606986899563	A	A.1	0.709606986899563
840	0.709606986899563	A	A.1	0.709606986899563
841	0.709606986899563	A	A.1	0.709606986899563
842	0.709606986899563	A	A.1	0.709606986899563
843	0.783842794759825	A	A.1	0.783842794759825
844	0.783842794759825	A	A.1	0.783842794759825
845	0.783842794759825	A	A.1	0.783842794759825
846	0.783842794759825	A	A.1	0.783842794759825
847	0.783842794759825	A	A.1	0.783842794759825
848	0.783842794759825	A	A.1	0.783842794759825
849	0.783842794759825	A	A.1	0.783842794759825
850	0.8034934497816589	A	A.1	0.8034934497816589
851	0.8034934497816589	A	A.1	0.8034934497816589
852	0.8034934497816589	A	A.1	0.8034934497816589
853	0.8034934497816589	A	A.1	0.8034934497816589
854	0.8034934497816589	A	A.1	0.8034934497816589
855	0.8034934497816589	A	A.1	0.8034934497816589
856	0.866812227074236	A	A.1	0.866812227074236
857	0.866812227074236	A	A.1	0.866812227074236
858	0.781659388646288	A	A.1	0.781659388646288
859	0.781659388646288	A	A.1	0.781659388646288
860	0.781659388646288	A	A.1	0.781659388646288
861	0.781659388646288	A	A.1	0.781659388646288
862	0.781659388646288	A	A.1	0.781659388646288
863	0.781659388646288	A	A.1	0.781659388646288
864	0.781659388646288	A	A.1	0.781659388646288
865	0.958515283842795	A	A.1	0.958515283842795
866	0.958515283842795	A	A.1	0.958515283842795
867	0.96943231441048	A	A.1	0.96943231441048
868	0.96943231441048	A	A.1	0.96943231441048
869	0.96943231441048	A	A.1	0.96943231441048
870	0.96943231441048	A	A.1	0.96943231441048
871	0.96943231441048	A	A.1	0.96943231441048
872	0.8056768558951969	A	A.1	0.8056768558951969
873	0.8056768558951969	A	A.1	0.8056768558951969
874	0.8056768558951969	A	A.1	0.8056768558951969
875	0.8056768558951969	A	A.1	0.8056768558951969
876	0.8056768558951969	A	A.1	0.8056768558951969
877	0.8056768558951969	A	A.1	0.8056768558951969
878	0.991266375545852	A	A.1	0.991266375545852
879	0.991266375545852	A	A.1	0.991266375545852
880	0.9672489082969429	A	A.1	0.9672489082969429
881	0.9672489082969429	A	A.1	0.9672489082969429
882	0.9672489082969429	A	A.1	0.9672489082969429
883	0.9475982532751089	A	A.1	0.9475982532751089
884	0.9475982532751089	A	A.1	0.9475982532751089
885	0.9475982532751089	A	A.1	0.9475982532751089
886	0.893013100436681	A	A.1	0.893013100436681
887	0.893013100436681	A	A.1	0.893013100436681
888	0.893013100436681	A	A.1	0.893013100436681
889	0.893013100436681	A	A.1	0.893013100436681
890	0.703056768558952	A	A.1	0.703056768558952
891	0.703056768558952	A	A.1	0.703056768558952
892	0.703056768558952	A	A.1	0.703056768558952
893	0.703056768558952	A	A.1	0.703056768558952
894	0.703056768558952	A	A.1	0.703056768558952
895	0.703056768558952	A	A.1	0.703056768558952
896	0.703056768558952	A	A.1	0.703056768558952
897	0.703056768558952	A	A.1	0.703056768558952
898	0.703056768558952	A	A.1	0.703056768558952
899	0.9235807860262011	A	A.1	0.9235807860262011
900	0.9235807860262011	A	A.1	0.9235807860262011
901	0.9235807860262011	A	A.1	0.9235807860262011
902	0.9235807860262011	A	A.1	0.9235807860262011
903	0.9235807860262011	A	A.1	0.9235807860262011
904	0.9235807860262011	A	A.1	0.9235807860262011
905	0.9235807860262011	A	A.1	0.9235807860262011
906	0.9235807860262011	A	A.1	0.9235807860262011
907	0.9235807860262011	A	A.1	0.9235807860262011
908	0.9606986899563321	A	A.1	0.9606986899563321
909	0.9606986899563321	A	A.1	0.9606986899563321
910	0.949781659388646	A	A.1	0.949781659388646
911	0.949781659388646	A	A.1	0.949781659388646
912	0.949781659388646	A	A.1	0.949781659388646
913	0.962882096069869	A	A.1	0.962882096069869
914	0.962882096069869	A	A.1	0.962882096069869
915	0.8951965065502179	A	A.1	0.8951965065502179
916	0.8951965065502179	A	A.1	0.8951965065502179
917	0.8951965065502179	A	A.1	0.8951965065502179
918	0.8951965065502179	A	A.1	0.8951965065502179
919	0.965065502183406	A	A.1	0.965065502183406
920	0.965065502183406	A	A.1	0.965065502183406
921	0.965065502183406	A	A.1	0.965065502183406
922	0.954148471615721	A	A.1	0.954148471615721
923	0.954148471615721	A	A.1	0.954148471615721
924	0.954148471615721	A	A.1	0.954148471615721
925	0.794759825327511	A	A.1	0.794759825327511
926	0.794759825327511	A	A.1	0.794759825327511
927	0.794759825327511	A	A.1	0.794759825327511
928	0.794759825327511	A	A.1	0.794759825327511
929	0.713973799126638	A	A.1	0.713973799126638
930	0.713973799126638	A	A.1	0.713973799126638
931	0.713973799126638	A	A.1	0.713973799126638
932	0.713973799126638	A	A.1	0.713973799126638
933	0.713973799126638	A	A.1	0.713973799126638
934	0.713973799126638	A	A.1	0.713973799126638
935	0.713973799126638	A	A.1	0.713973799126638
936	0.7117903930131	A	A.1	0.7117903930131
937	0.7117903930131	A	A.1	0.7117903930131
938	0.7117903930131	A	A.1	0.7117903930131
939	0.7117903930131	A	A.1	0.7117903930131
940	0.7117903930131	A	A.1	0.7117903930131
941	0.7117903930131	A	A.1	0.7117903930131
942	0.7117903930131	A	A.1	0.7117903930131
943	0.7117903930131	A	A.1	0.7117903930131
944	0.8886462882096071	A	A.1	0.8886462882096071
945	0.8886462882096071	A	A.1	0.8886462882096071
946	0.8886462882096071	A	A.1	0.8886462882096071
947	0.8886462882096071	A	A.1	0.8886462882096071
948	0.8886462882096071	A	A.1	0.8886462882096071
949	0.705240174672489	A	A.1	0.705240174672489
950	0.705240174672489	A	A.1	0.705240174672489
951	0.705240174672489	A	A.1	0.705240174672489
952	0.705240174672489	A	A.1	0.705240174672489
953	0.705240174672489	A	A.1	0.705240174672489
954	0.705240174672489	A	A.1	0.705240174672489
955	0.705240174672489	A	A.1	0.705240174672489
956	0.705240174672489	A	A.1	0.705240174672489
957	0.705240174672489	A	A.1	0.705240174672489
958	0.705240174672489	A	A.1	0.705240174672489
959	0.705240174672489	A	A.1	0.705240174672489
960	0.735807860262009	A	A.1	0.735807860262009
961	0.735807860262009	A	A.1	0.735807860262009
962	0.735807860262009	A	A.1	0.735807860262009
963	0.735807860262009	A	A.1	0.735807860262009
964	0.735807860262009	A	A.1	0.735807860262009
965	0.735807860262009	A	A.1	0.735807860262009
966	0.98471615720524	A	A.1	0.98471615720524
967	0.98471615720524	A	A.1	0.98471615720524
968	0.98471615720524	A	A.1	0.98471615720524
969	0.668122270742358	A	A.1	0.668122270742358
970	0.668122270742358	A	A.1	0.668122270742358
971	0.668122270742358	A	A.1	0.668122270742358
972	0.668122270742358	A	A.1	0.668122270742358
973	0.668122270742358	A	A.1	0.668122270742358
974	0.668122270742358	A	A.1	0.668122270742358
975	0.668122270742358	A	A.1	0.668122270742358
976	0.668122270742358	A	A.1	0.668122270742358
977	0.668122270742358	A	A.1	0.668122270742358
978	0.668122270742358	A	A.1	0.668122270742358
979	0.668122270742358	A	A.1	0.668122270742358
980	0.668122270742358	A	A.1	0.668122270742358
981	0.8231441048034929	A	A.1	0.8231441048034929
982	0.8231441048034929	A	A.1	0.8231441048034929
983	0.8231441048034929	A	A.1	0.8231441048034929
984	0.8231441048034929	A	A.1	0.8231441048034929
985	0.731441048034935	A	A.1	0.731441048034935
986	0.731441048034935	A	A.1	0.731441048034935
987				
988				
989				
990				
991				
992	0.731441048034935	A	A.1	0.731441048034935
993	0.731441048034935	A	A.1	0.731441048034935
994	0.731441048034935	A	A.1	0.731441048034935
995	0.731441048034935	A	A.1	0.731441048034935
996	0.731441048034935	A	A.1	0.731441048034935
997	0.731441048034935	A	A.1	0.731441048034935
998	0.731441048034935	A	A.1	0.731441048034935
999	0.731441048034935	A	A.1	0.731441048034935
1000	0.825327510917031	A	A.1	0.825327510917031
1001	0.825327510917031	A	A.1	0.825327510917031
1002	0.825327510917031	A	A.1	0.825327510917031
1003	0.718340611353712	A	A.1	0.718340611353712
1004	0.718340611353712	A	A.1	0.718340611353712
1005	0.718340611353712	A	A.1	0.718340611353712
1006	0.718340611353712	A	A.1	0.718340611353712
1007	0.718340611353712	A	A.1	0.718340611353712
1008	0.718340611353712	A	A.1	0.718340611353712
1009	0.718340611353712	A	A.1	0.718340611353712
1010	0.718340611353712	A	A.1	0.718340611353712
1011	0.718340611353712	A	A.1	0.718340611353712
1012	0.775109170305677	A	A.1	0.775109170305677
1013	0.775109170305677	A	A.1	0.775109170305677
1014	0.775109170305677	A	A.1	0.775109170305677
1015	0.775109170305677	A	A.1	0.775109170305677
1016	0.768558951965066	A	A.1	0.768558951965066
1017	0.768558951965066	A	A.1	0.768558951965066
1018	0.768558951965066	A	A.1	0.768558951965066
1019	0.768558951965066	A	A.1	0.768558951965066
1020	0.74235807860262	A	A.1	0.74235807860262
1021	0.74235807860262	A	A.1	0.74235807860262
1022	0.74235807860262	A	A.1	0.74235807860262
1023	0.74235807860262	A	A.1	0.74235807860262
1024	0.74235807860262	A	A.1	0.74235807860262
1025	0.74235807860262	A	A.1	0.74235807860262
1026	0.74235807860262	A	A.1	0.74235807860262
1027	0.74235807860262	A	A.1	0.74235807860262
1028	0.74235807860262	A	A.1	0.74235807860262
1029	0.74235807860262	A	A.1	0.74235807860262
1030	0.74235807860262	A	A.1	0.74235807860262
1031	0.777292576419214	A	A.1	0.777292576419214
1032	0.777292576419214	A	A.1	0.777292576419214
1033	0.777292576419214	A	A.1	0.777292576419214
1034	0.663755458515284	A	A.1	0.663755458515284
1035	0.663755458515284	A	A.1	0.663755458515284
1036	0.663755458515284	A	A.1	0.663755458515284
1037	0.663755458515284	A	A.1	0.663755458515284
1038	0.663755458515284	A	A.1	0.663755458515284
1039				
1040				
1041				
1042				
1043				
1044	0.663755458515284	A	A.1	0.663755458515284
1045	0.663755458515284	A	A.1	0.663755458515284
1046	0.663755458515284	A	A.1	0.663755458515284
1047	0.663755458515284	A	A.1	0.663755458515284
1048	0.663755458515284	A	A.1	0.663755458515284
1049	0.663755458515284	A	A.1	0.663755458515284
1050	0.663755458515284	A	A.1	0.663755458515284
1051	0.836244541484716	A	A.1	0.836244541484716
1052	0.836244541484716	A	A.1	0.836244541484716
1053	0.836244541484716	A	A.1	0.836244541484716
1054				
1055				
1056	0.818777292576419	A	A.1	0.818777292576419
1057	0.818777292576419	A	A.1	0.818777292576419
1058	0.818777292576419	A	A.1	0.818777292576419
1059	0.818777292576419	A	A.1	0.818777292576419
1060	0.818777292576419	A	A.1	0.818777292576419
1061	0.818777292576419	A	A.1	0.818777292576419
1062	0.670305676855895	A	A.1	0.670305676855895
1063	0.670305676855895	A	A.1	0.670305676855895
1064	0.670305676855895	A	A.1	0.670305676855895
1065	0.670305676855895	A	A.1	0.670305676855895
1066	0.670305676855895	A	A.1	0.670305676855895
1067	0.670305676855895	A	A.1	0.670305676855895
1068	0.670305676855895	A	A.1	0.670305676855895
1069	0.670305676855895	A	A.1	0.670305676855895
1070	0.670305676855895	A	A.1	0.670305676855895
1071	0.670305676855895	A	A.1	0.670305676855895
1072	0.9825327510917031	A	A.1	0.9825327510917031
1073	0.9825327510917031	A	A.1	0.9825327510917031
1074	0.9825327510917031	A	A.1	0.9825327510917031
1075	0.650655021834061	A	A.1	0.650655021834061
1076	0.650655021834061	A	A.1	0.650655021834061
1077	0.650655021834061	A	A.1	0.650655021834061
1078	0.650655021834061	A	A.1	0.650655021834061
1079	0.650655021834061	A	A.1	0.650655021834061
1080	0.650655021834061	A	A.1	0.650655021834061
1081	0.650655021834061	A	A.1	0.650655021834061
1082	0.650655021834061	A	A.1	0.650655021834061
1083	0.650655021834061	A	A.1	0.650655021834061
1084	0.650655021834061	A	A.1	0.650655021834061
1085	0.655021834061135	A	A.1	0.655021834061135
1086	0.655021834061135	A	A.1	0.655021834061135
1087	0.655021834061135	A	A.1	0.655021834061135
1088	0.655021834061135	A	A.1	0.655021834061135
1089	0.655021834061135	A	A.1	0.655021834061135
1090	0.655021834061135	A	A.1	0.655021834061135
1091	0.655021834061135	A	A.1	0.655021834061135
1092	0.655021834061135	A	A.1	0.655021834061135
1093	0.655021834061135	A	A.1	0.655021834061135
1094	0.65938864628821	A	A.1	0.65938864628821
1095	0.65938864628821	A	A.1	0.65938864628821
1096	0.65938864628821	A	A.1	0.65938864628821
1097	0.65938864628821	A	A.1	0.65938864628821
1098	0.65938864628821	A	A.1	0.65938864628821
1099	0.65938864628821	A	A.1	0.65938864628821
1100	0.65938864628821	A	A.1	0.65938864628821
1101	0.65938864628821	A	A.1	0.65938864628821
1102	0.65938864628821	A	A.1	0.65938864628821
1103	0.65938864628821	A	A.1	0.65938864628821
1104	0.812227074235808	A	A.1	0.812227074235808
1105	0.812227074235808	A	A.1	0.812227074235808
1106	0.812227074235808	A	A.1	0.812227074235808
1107	0.812227074235808	A	A.1	0.812227074235808
1108	0.812227074235808	A	A.1	0.812227074235808
1109	0.812227074235808	A	A.1	0.812227074235808
1110	0.812227074235808	A	A.1	0.812227074235808
1111	0.812227074235808	A	A.1	0.812227074235808
1112				
1113				
1114				
1115				
1116				
1117				
1118				
1119				
1120				
1121				
1122				
1123				
1124				
1125				
1126				
1127				
1128				
1129				
1130				
1131				
1132				
1133				
1134				
1135				
1136				
1137				
1138				
1139				
1140				
1141				
1142				
1143				
1144				
1145				
1146				
1147				
1148				
1149				
1150				
1151				
1152				
1153				
1154				
1155				
1156				
1157				
1158				
1159				
1160				
1161				
1162				
1163				
1164				
1165				
1166				
1167				
1168				
1169				
1170				
1171				
1172				
1173				
1174				
1175				
1176				
1177				
1178				
1179				
1180				
1181				
1182				
1183				
1184				
1185				
1186				
1187				
1188				
1189				
1190				
1191				
1192				
1193				
1194				
1195				
1196				
1197				
1198				
1199				
1200				
1201				
1202				
1203				
1204				
1205				
1206				
1207				
1208				
1209				
1210				
1211				
1212				
1213				
1214				
1215				
1216				
1217				
1218				
1219				
1220				
1221				
1222				
1223				
1224				
1225				
1226				
1227				
1228				
1229				
1230				
1231				
1232				
1233				
1234				
1235				
1236				
1237				
1238				
1239				
1240				
1241				
1242				
1243				
1244				
1245				
1246				
1247				
1248				
1249	0.294759825327511	B	B.2	-0.294759825327511
1250	0.294759825327511	B	B.2	-0.294759825327511
1251				
1252				
1253				
1254				
1255				
1256				
1257				
1258	0.294759825327511	B	B.2	-0.294759825327511
1259	0.294759825327511	B	B.2	-0.294759825327511
1260				
1261	0.294759825327511	B	B.2	-0.294759825327511
1262				
1263				
1264				
1265	0.294759825327511	B	B.2	-0.294759825327511
1266	0.286026200873362	B	B.2	-0.286026200873362
1267	0.286026200873362	B	B.2	-0.286026200873362
1268	0.286026200873362	B	B.2	-0.286026200873362
1269	0.286026200873362	B	B.2	-0.286026200873362
1270	0.286026200873362	B	B.2	-0.286026200873362
1271	0.126637554585153	B	B.2	-0.126637554585153
1272	0.126637554585153	B	B.2	-0.126637554585153
1273	0.126637554585153	B	B.2	-0.126637554585153
1274	0.126637554585153	B	B.2	-0.126637554585153
1275	0.126637554585153	B	B.2	-0.126637554585153
1276	0.43449781659388603	B	B.1	-0.43449781659388603
1277	0.43449781659388603	B	B.1	-0.43449781659388603
1278	0.43449781659388603	B	B.1	-0.43449781659388603
1279	0.43449781659388603	B	B.1	-0.43449781659388603
1280	0.43449781659388603	B	B.1	-0.43449781659388603
1281	0.259825327510917	B	B.2	-0.259825327510917
1282	0.259825327510917	B	B.2	-0.259825327510917
1283	0.150655021834061	B	B.2	-0.150655021834061
1284	0.150655021834061	B	B.2	-0.150655021834061
1285	0.150655021834061	B	B.2	-0.150655021834061
1286	0.150655021834061	B	B.2	-0.150655021834061
1287	0.414847161572052	B	B.1	-0.414847161572052
1288	0.414847161572052	B	B.1	-0.414847161572052
1289	0.414847161572052	B	B.1	-0.414847161572052
1290	0.414847161572052	B	B.1	-0.414847161572052
1291	0.414847161572052	B	B.1	-0.414847161572052
1292	0.281659388646288	B	B.2	-0.281659388646288
1293	0.281659388646288	B	B.2	-0.281659388646288
1294	0.281659388646288	B	B.2	-0.281659388646288
1295	0.281659388646288	B	B.2	-0.281659388646288
1296	0.281659388646288	B	B.2	-0.281659388646288
1297	0.277292576419214	B	B.2	-0.277292576419214
1298	0.277292576419214	B	B.2	-0.277292576419214
1299	0.283842794759825	B	B.2	-0.283842794759825
1300	0.283842794759825	B	B.2	-0.283842794759825
1301				
1302	0.283842794759825	B	B.2	-0.283842794759825
1303	0.15938864628821	B	B.2	-0.15938864628821
1304	0.15938864628821	B	B.2	-0.15938864628821
1305	0.15938864628821	B	B.2	-0.15938864628821
1306	0.15938864628821	B	B.2	-0.15938864628821
1307	0.43013100436681195	B	B.1	-0.43013100436681195
1308	0.43013100436681195	B	B.1	-0.43013100436681195
1309	0.43013100436681195	B	B.1	-0.43013100436681195
1310	0.43013100436681195	B	B.1	-0.43013100436681195
1311	0.43013100436681195	B	B.1	-0.43013100436681195
1312	0.43013100436681195	B	B.1	-0.43013100436681195
1313	0.43013100436681195	B	B.1	-0.43013100436681195
1314	0.43013100436681195	B	B.1	-0.43013100436681195
1315	0.43013100436681195	B	B.1	-0.43013100436681195
1316	0.43013100436681195	B	B.1	-0.43013100436681195
1317	0.43013100436681195	B	B.1	-0.43013100436681195
1318	0.301310043668122	B	B.2	-0.301310043668122
1319	0.301310043668122	B	B.2	-0.301310043668122
1320	0.301310043668122	B	B.2	-0.301310043668122
1321	0.301310043668122	B	B.2	-0.301310043668122
1322	0.301310043668122	B	B.2	-0.301310043668122
1323	0.301310043668122	B	B.2	-0.301310043668122
1324	0.301310043668122	B	B.2	-0.301310043668122
1325	0.290393013100437	B	B.2	-0.290393013100437
1326	0.290393013100437	B	B.2	-0.290393013100437
1327	0.290393013100437	B	B.2	-0.290393013100437
1328	0.290393013100437	B	B.2	-0.290393013100437
1329	0.43886462882096106	B	B.1	-0.43886462882096106
1330	0.43886462882096106	B	B.1	-0.43886462882096106
1331	0.43886462882096106	B	B.1	-0.43886462882096106
1332	0.43886462882096106	B	B.1	-0.43886462882096106
1333	0.43886462882096106	B	B.1	-0.43886462882096106
1334	0.43886462882096106	B	B.1	-0.43886462882096106
1335	0.43886462882096106	B	B.1	-0.43886462882096106
1336	0.43886462882096106	B	B.1	-0.43886462882096106
1337	0.43886462882096106	B	B.1	-0.43886462882096106
1338	0.43886462882096106	B	B.1	-0.43886462882096106
1339	0.43886462882096106	B	B.1	-0.43886462882096106
1340	0.43886462882096106	B	B.1	-0.43886462882096106
1341	0.279475982532751	B	B.2	-0.279475982532751
1342	0.279475982532751	B	B.2	-0.279475982532751
1343				
1344	0.279475982532751	B	B.2	-0.279475982532751
1345	0.146288209606987	B	B.2	-0.146288209606987
1346	0.146288209606987	B	B.2	-0.146288209606987
1347	0.146288209606987	B	B.2	-0.146288209606987
1348	0.41703056768559	B	B.1	-0.41703056768559
1349	0.41703056768559	B	B.1	-0.41703056768559
1350	0.41703056768559	B	B.1	-0.41703056768559
1351	0.41703056768559	B	B.1	-0.41703056768559
1352	0.41703056768559	B	B.1	-0.41703056768559
1353	0.41703056768559	B	B.1	-0.41703056768559
1354	0.41703056768559	B	B.1	-0.41703056768559
1355	0.41703056768559	B	B.1	-0.41703056768559
1356	0.467248908296943	B	B.1	-0.467248908296943
1357	0.467248908296943	B	B.1	-0.467248908296943
1358	0.467248908296943	B	B.1	-0.467248908296943
1359	0.467248908296943	B	B.1	-0.467248908296943
1360	0.467248908296943	B	B.1	-0.467248908296943
1361	0.467248908296943	B	B.1	-0.467248908296943
1362	0.467248908296943	B	B.1	-0.467248908296943
1363	0.467248908296943	B	B.1	-0.467248908296943
1364	0.467248908296943	B	B.1	-0.467248908296943
1365	0.467248908296943	B	B.1	-0.467248908296943
1366	0.423580786026201	B	B.1	-0.423580786026201
1367	0.423580786026201	B	B.1	-0.423580786026201
1368	0.423580786026201	B	B.1	-0.423580786026201
1369	0.120087336244541	B	B.2	-0.120087336244541
1370	0.120087336244541	B	B.2	-0.120087336244541
1371	0.120087336244541	B	B.2	-0.120087336244541
1372	0.2882096069869	B	B.2	-0.2882096069869
1373	0.2882096069869	B	B.2	-0.2882096069869
1374	0.218340611353712	B	B.2	-0.218340611353712
1375	0.218340611353712	B	B.2	-0.218340611353712
1376	0.218340611353712	B	B.2	-0.218340611353712
1377	0.218340611353712	B	B.2	-0.218340611353712
1378	0.218340611353712	B	B.2	-0.218340611353712
1379	0.218340611353712	B	B.2	-0.218340611353712
1380	0.218340611353712	B	B.2	-0.218340611353712
1381	0.320960698689956	B	B.2	-0.320960698689956
1382	0.320960698689956	B	B.2	-0.320960698689956
1383	0.320960698689956	B	B.2	-0.320960698689956
1384	0.320960698689956	B	B.2	-0.320960698689956
1385	0.320960698689956	B	B.2	-0.320960698689956
1386	0.320960698689956	B	B.2	-0.320960698689956
1387	0.253275109170306	B	B.2	-0.253275109170306
1388	0.253275109170306	B	B.2	-0.253275109170306
1389	0.253275109170306	B	B.2	-0.253275109170306
1390	0.253275109170306	B	B.2	-0.253275109170306
1391	0.253275109170306	B	B.2	-0.253275109170306
1392	0.253275109170306	B	B.2	-0.253275109170306
1393	0.253275109170306	B	B.2	-0.253275109170306
1394	0.299126637554585	B	B.2	-0.299126637554585
1395	0.299126637554585	B	B.2	-0.299126637554585
1396	0.377729257641921	B	B.1	-0.377729257641921
1397	0.377729257641921	B	B.1	-0.377729257641921
1398	0.377729257641921	B	B.1	-0.377729257641921
1399	0.377729257641921	B	B.1	-0.377729257641921
1400	0.377729257641921	B	B.1	-0.377729257641921
1401	0.377729257641921	B	B.1	-0.377729257641921
1402	0.377729257641921	B	B.1	-0.377729257641921
1403	0.377729257641921	B	B.1	-0.377729257641921
1404	0.377729257641921	B	B.1	-0.377729257641921
1405	0.46943231441048	B	B.1	-0.46943231441048
1406	0.46943231441048	B	B.1	-0.46943231441048
1407	0.46943231441048	B	B.1	-0.46943231441048
1408	0.46943231441048	B	B.1	-0.46943231441048
1409	0.46943231441048	B	B.1	-0.46943231441048
1410	0.46943231441048	B	B.1	-0.46943231441048
1411	0.46943231441048	B	B.1	-0.46943231441048
1412	0.46943231441048	B	B.1	-0.46943231441048
1413	0.46943231441048	B	B.1	-0.46943231441048
1414	0.46943231441048	B	B.1	-0.46943231441048
1415	0.4650655021834059	B	B.1	-0.4650655021834059
1416	0.4650655021834059	B	B.1	-0.4650655021834059
1417	0.4650655021834059	B	B.1	-0.4650655021834059
1418	0.4650655021834059	B	B.1	-0.4650655021834059
1419	0.4650655021834059	B	B.1	-0.4650655021834059
1420	0.42576419213973804	B	B.1	-0.42576419213973804
1421	0.42576419213973804	B	B.1	-0.42576419213973804
1422	0.42576419213973804	B	B.1	-0.42576419213973804
1423	0.42576419213973804	B	B.1	-0.42576419213973804
1424	0.42576419213973804	B	B.1	-0.42576419213973804
1425	0.47161572052401707	B	B.1	-0.47161572052401707
1426	0.47161572052401707	B	B.1	-0.47161572052401707
1427	0.47161572052401707	B	B.1	-0.47161572052401707
1428	0.47161572052401707	B	B.1	-0.47161572052401707
1429	0.475982532751092	B	B.1	-0.475982532751092
1430	0.475982532751092	B	B.1	-0.475982532751092
1431	0.475982532751092	B	B.1	-0.475982532751092
1432	0.475982532751092	B	B.1	-0.475982532751092
1433	0.475982532751092	B	B.1	-0.475982532751092
1434				
1435				
1436	0.475982532751092	B	B.1	-0.475982532751092
1437	0.475982532751092	B	B.1	-0.475982532751092
1438	0.475982532751092	B	B.1	-0.475982532751092
1439	0.475982532751092	B	B.1	-0.475982532751092
1440	0.475982532751092	B	B.1	-0.475982532751092
1441	0.475982532751092	B	B.1	-0.475982532751092
1442	0.475982532751092	B	B.1	-0.475982532751092
1443	0.475982532751092	B	B.1	-0.475982532751092
1444	0.310043668122271	B	B.2	-0.310043668122271
1445	0.310043668122271	B	B.2	-0.310043668122271
1446	0.216157205240175	B	B.2	-0.216157205240175
1447	0.216157205240175	B	B.2	-0.216157205240175
1448	0.216157205240175	B	B.2	-0.216157205240175
1449	0.216157205240175	B	B.2	-0.216157205240175
1450	0.216157205240175	B	B.2	-0.216157205240175
1451	0.213973799126638	B	B.2	-0.213973799126638
1452	0.213973799126638	B	B.2	-0.213973799126638
1453	0.213973799126638	B	B.2	-0.213973799126638
1454	0.213973799126638	B	B.2	-0.213973799126638
1455				
1456				
1457				
1458				
1459				
1460	0.213973799126638	B	B.2	-0.213973799126638
1461	0.296943231441048	B	B.2	-0.296943231441048
1462	0.296943231441048	B	B.2	-0.296943231441048
1463	0.296943231441048	B	B.2	-0.296943231441048
1464	0.296943231441048	B	B.2	-0.296943231441048
1465	0.296943231441048	B	B.2	-0.296943231441048
1466	0.296943231441048	B	B.2	-0.296943231441048
1467	0.270742358078603	B	B.2	-0.270742358078603
1468	0.270742358078603	B	B.2	-0.270742358078603
1469	0.270742358078603	B	B.2	-0.270742358078603
1470	0.270742358078603	B	B.2	-0.270742358078603
1471	0.270742358078603	B	B.2	-0.270742358078603
1472	0.270742358078603	B	B.2	-0.270742358078603
1473	0.25764192139738	B	B.2	-0.25764192139738
1474	0.25764192139738	B	B.2	-0.25764192139738
1475	0.25764192139738	B	B.2	-0.25764192139738
1476	0.25764192139738	B	B.2	-0.25764192139738
1477	0.379912663755459	B	B.1	-0.379912663755459
1478	0.379912663755459	B	B.1	-0.379912663755459
1479	0.379912663755459	B	B.1	-0.379912663755459
1480	0.379912663755459	B	B.1	-0.379912663755459
1481	0.111353711790393	B	B.2	-0.111353711790393
1482	0.111353711790393	B	B.2	-0.111353711790393
1483	0.111353711790393	B	B.2	-0.111353711790393
1484	0.111353711790393	B	B.2	-0.111353711790393
1485	0.432314410480349	B	B.1	-0.432314410480349
1486	0.432314410480349	B	B.1	-0.432314410480349
1487	0.432314410480349	B	B.1	-0.432314410480349
1488	0.432314410480349	B	B.1	-0.432314410480349
1489	0.432314410480349	B	B.1	-0.432314410480349
1490	0.432314410480349	B	B.1	-0.432314410480349
1491	0.432314410480349	B	B.1	-0.432314410480349
1492	0.432314410480349	B	B.1	-0.432314410480349
1493	0.432314410480349	B	B.1	-0.432314410480349
1494	0.432314410480349	B	B.1	-0.432314410480349
1495	0.268558951965066	B	B.2	-0.268558951965066
1496	0.268558951965066	B	B.2	-0.268558951965066
1497	0.268558951965066	B	B.2	-0.268558951965066
1498	0.325327510917031	B	B.2	-0.325327510917031
1499	0.325327510917031	B	B.2	-0.325327510917031
1500	0.325327510917031	B	B.2	-0.325327510917031
1501	0.325327510917031	B	B.2	-0.325327510917031
1502	0.325327510917031	B	B.2	-0.325327510917031
1503	0.325327510917031	B	B.2	-0.325327510917031
1504	0.325327510917031	B	B.2	-0.325327510917031
1505	0.325327510917031	B	B.2	-0.325327510917031
1506	0.325327510917031	B	B.2	-0.325327510917031
1507	0.325327510917031	B	B.2	-0.325327510917031
1508	0.325327510917031	B	B.2	-0.325327510917031
1509	0.307860262008734	B	B.2	-0.307860262008734
1510	0.307860262008734	B	B.2	-0.307860262008734
1511	0.307860262008734	B	B.2	-0.307860262008734
1512	0.307860262008734	B	B.2	-0.307860262008734
1513	0.307860262008734	B	B.2	-0.307860262008734
1514	0.307860262008734	B	B.2	-0.307860262008734
1515	0.307860262008734	B	B.2	-0.307860262008734
1516	0.307860262008734	B	B.2	-0.307860262008734
1517	0.307860262008734	B	B.2	-0.307860262008734
1518	0.366812227074236	B	B.1	-0.366812227074236
1519	0.366812227074236	B	B.1	-0.366812227074236
1520	0.366812227074236	B	B.1	-0.366812227074236
1521	0.366812227074236	B	B.1	-0.366812227074236
1522	0.366812227074236	B	B.1	-0.366812227074236
1523	0.366812227074236	B	B.1	-0.366812227074236
1524	0.366812227074236	B	B.1	-0.366812227074236
1525	0.366812227074236	B	B.1	-0.366812227074236
1526	0.366812227074236	B	B.1	-0.366812227074236
1527	0.366812227074236	B	B.1	-0.366812227074236
1528	0.366812227074236	B	B.1	-0.366812227074236
1529	0.305676855895197	B	B.2	-0.305676855895197
1530	0.305676855895197	B	B.2	-0.305676855895197
1531	0.305676855895197	B	B.2	-0.305676855895197
1532	0.305676855895197	B	B.2	-0.305676855895197
1533	0.305676855895197	B	B.2	-0.305676855895197
1534	0.152838427947598	B	B.2	-0.152838427947598
1535	0.152838427947598	B	B.2	-0.152838427947598
1536	0.441048034934498	B	B.1	-0.441048034934498
1537	0.441048034934498	B	B.1	-0.441048034934498
1538	0.441048034934498	B	B.1	-0.441048034934498
1539	0.441048034934498	B	B.1	-0.441048034934498
1540	0.441048034934498	B	B.1	-0.441048034934498
1541	0.441048034934498	B	B.1	-0.441048034934498
1542	0.441048034934498	B	B.1	-0.441048034934498
1543	0.27292576419214	B	B.2	-0.27292576419214
1544	0.27292576419214	B	B.2	-0.27292576419214
1545	0.27292576419214	B	B.2	-0.27292576419214
1546	0.27292576419214	B	B.2	-0.27292576419214
1547	0.27292576419214	B	B.2	-0.27292576419214
1548	0.27292576419214	B	B.2	-0.27292576419214
1549	0.27292576419214	B	B.2	-0.27292576419214
1550	0.316593886462882	B	B.2	-0.316593886462882
1551	0.316593886462882	B	B.2	-0.316593886462882
1552	0.316593886462882	B	B.2	-0.316593886462882
1553	0.48034934497816606	B	B.1	-0.48034934497816606
1554	0.48034934497816606	B	B.1	-0.48034934497816606
1555	0.48034934497816606	B	B.1	-0.48034934497816606
1556	0.48034934497816606	B	B.1	-0.48034934497816606
1557	0.48034934497816606	B	B.1	-0.48034934497816606
1558	0.48034934497816606	B	B.1	-0.48034934497816606
1559	0.48034934497816606	B	B.1	-0.48034934497816606
1560	0.48034934497816606	B	B.1	-0.48034934497816606
1561	0.48034934497816606	B	B.1	-0.48034934497816606
1562	0.235807860262009	B	B.2	-0.235807860262009
1563	0.235807860262009	B	B.2	-0.235807860262009
1564	0.235807860262009	B	B.2	-0.235807860262009
1565	0.235807860262009	B	B.2	-0.235807860262009
1566	0.292576419213974	B	B.2	-0.292576419213974
1567	0.292576419213974	B	B.2	-0.292576419213974
1568	0.292576419213974	B	B.2	-0.292576419213974
1569	0.292576419213974	B	B.2	-0.292576419213974
1570	0.292576419213974	B	B.2	-0.292576419213974
1571	0.292576419213974	B	B.2	-0.292576419213974
1572	0.0152838427947598	B	B.2	-0.0152838427947598
1573	0.0152838427947598	B	B.2	-0.0152838427947598
1574	0.436681222707424	B	B.1	-0.436681222707424
1575	0.436681222707424	B	B.1	-0.436681222707424
1576	0.436681222707424	B	B.1	-0.436681222707424
1577	0.436681222707424	B	B.1	-0.436681222707424
1578	0.436681222707424	B	B.1	-0.436681222707424
1579	0.436681222707424	B	B.1	-0.436681222707424
1580	0.436681222707424	B	B.1	-0.436681222707424
1581	0.436681222707424	B	B.1	-0.436681222707424
1582	0.436681222707424	B	B.1	-0.436681222707424
1583	0.11353711790393	B	B.2	-0.11353711790393
1584	0.11353711790393	B	B.2	-0.11353711790393
1585	0.11353711790393	B	B.2	-0.11353711790393
1586	0.11353711790393	B	B.2	-0.11353711790393
1587	0.11353711790393	B	B.2	-0.11353711790393
1588	0.139737991266376	B	B.2	-0.139737991266376
1589	0.139737991266376	B	B.2	-0.139737991266376
1590	0.139737991266376	B	B.2	-0.139737991266376
1591	0.139737991266376	B	B.2	-0.139737991266376
1592	0.139737991266376	B	B.2	-0.139737991266376
1593	0.139737991266376	B	B.2	-0.139737991266376
1594	0.139737991266376	B	B.2	-0.139737991266376
1595	0.48908296943231394	B	B.1	-0.48908296943231394
1596	0.48908296943231394	B	B.1	-0.48908296943231394
1597	0.48908296943231394	B	B.1	-0.48908296943231394
1598	0.48908296943231394	B	B.1	-0.48908296943231394
1599	0.48908296943231394	B	B.1	-0.48908296943231394
1600	0.48908296943231394	B	B.1	-0.48908296943231394
1601	0.48908296943231394	B	B.1	-0.48908296943231394
1602	0.48908296943231394	B	B.1	-0.48908296943231394
1603	0.48908296943231394	B	B.1	-0.48908296943231394
1604	0.48908296943231394	B	B.1	-0.48908296943231394
1605	0.48908296943231394	B	B.1	-0.48908296943231394
1606	0.48908296943231394	B	B.1	-0.48908296943231394
1607	0.48908296943231394	B	B.1	-0.48908296943231394
1608	0.42139737991266396	B	B.1	-0.42139737991266396
1609	0.42139737991266396	B	B.1	-0.42139737991266396
1610	0.42139737991266396	B	B.1	-0.42139737991266396
1611	0.42139737991266396	B	B.1	-0.42139737991266396
1612	0.42139737991266396	B	B.1	-0.42139737991266396
1613	0.42139737991266396	B	B.1	-0.42139737991266396
1614	0.42139737991266396	B	B.1	-0.42139737991266396
1615	0.42139737991266396	B	B.1	-0.42139737991266396
1616	0.42139737991266396	B	B.1	-0.42139737991266396
1617	0.42139737991266396	B	B.1	-0.42139737991266396
1618	0.133187772925764	B	B.2	-0.133187772925764
1619	0.133187772925764	B	B.2	-0.133187772925764
1620	0.133187772925764	B	B.2	-0.133187772925764
1621	0.327510917030568	B	B.2	-0.327510917030568
1622	0.327510917030568	B	B.2	-0.327510917030568
1623	0.327510917030568	B	B.2	-0.327510917030568
1624	0.327510917030568	B	B.2	-0.327510917030568
1625	0.327510917030568	B	B.2	-0.327510917030568
1626	0.327510917030568	B	B.2	-0.327510917030568
1627	0.327510917030568	B	B.2	-0.327510917030568
1628	0.327510917030568	B	B.2	-0.327510917030568
1629	0.327510917030568	B	B.2	-0.327510917030568
1630	0.41266375545851497	B	B.1	-0.41266375545851497
1631	0.41266375545851497	B	B.1	-0.41266375545851497
1632	0.41266375545851497	B	B.1	-0.41266375545851497
1633	0.41266375545851497	B	B.1	-0.41266375545851497
1634	0.41266375545851497	B	B.1	-0.41266375545851497
1635	0.41266375545851497	B	B.1	-0.41266375545851497
1636	0.41266375545851497	B	B.1	-0.41266375545851497
1637	0.255458515283843	B	B.2	-0.255458515283843
1638	0.255458515283843	B	B.2	-0.255458515283843
1639	0.255458515283843	B	B.2	-0.255458515283843
1640	0.255458515283843	B	B.2	-0.255458515283843
1641	0.0611353711790393	B	B.2	-0.0611353711790393
1642	0.0611353711790393	B	B.2	-0.0611353711790393
1643	0.0611353711790393	B	B.2	-0.0611353711790393
1644	0.0611353711790393	B	B.2	-0.0611353711790393
1645	0.0611353711790393	B	B.2	-0.0611353711790393
1646	0.137554585152838	B	B.2	-0.137554585152838
1647	0.137554585152838	B	B.2	-0.137554585152838
1648	0.137554585152838	B	B.2	-0.137554585152838
1649	0.183406113537118	B	B.2	-0.183406113537118
1650	0.183406113537118	B	B.2	-0.183406113537118
1651	0.183406113537118	B	B.2	-0.183406113537118
1652	0.183406113537118	B	B.2	-0.183406113537118
1653	0.183406113537118	B	B.2	-0.183406113537118
1654	0.183406113537118	B	B.2	-0.183406113537118
1655	0.148471615720524	B	B.2	-0.148471615720524
1656	0.148471615720524	B	B.2	-0.148471615720524
1657	0.148471615720524	B	B.2	-0.148471615720524
1658	0.148471615720524	B	B.2	-0.148471615720524
1659	0.0109170305676856	B	B.2	-0.0109170305676856
1660	0.0109170305676856	B	B.2	-0.0109170305676856
1661	0.0109170305676856	B	B.2	-0.0109170305676856
1662	0.0109170305676856	B	B.2	-0.0109170305676856
1663	0.0065502183406113	B	B.2	-0.0065502183406113
1664	0.0065502183406113	B	B.2	-0.0065502183406113
1665	0.0065502183406113	B	B.2	-0.0065502183406113
1666	0.0065502183406113	B	B.2	-0.0065502183406113
1667	0.275109170305677	B	B.2	-0.275109170305677
1668	0.275109170305677	B	B.2	-0.275109170305677
1669	0.275109170305677	B	B.2	-0.275109170305677
1670	0.275109170305677	B	B.2	-0.275109170305677
1671	0.275109170305677	B	B.2	-0.275109170305677
1672	0.275109170305677	B	B.2	-0.275109170305677
1673	0.314410480349345	B	B.2	-0.314410480349345
1674	0.314410480349345	B	B.2	-0.314410480349345
1675	0.314410480349345	B	B.2	-0.314410480349345
1676	0.314410480349345	B	B.2	-0.314410480349345
1677	0.314410480349345	B	B.2	-0.314410480349345
1678	0.314410480349345	B	B.2	-0.314410480349345
1679	0.314410480349345	B	B.2	-0.314410480349345
1680	0.314410480349345	B	B.2	-0.314410480349345
1681	0.427947598253275	B	B.1	-0.427947598253275
1682	0.427947598253275	B	B.1	-0.427947598253275
1683	0.427947598253275	B	B.1	-0.427947598253275
1684	0.427947598253275	B	B.1	-0.427947598253275
1685	0.427947598253275	B	B.1	-0.427947598253275
1686	0.427947598253275	B	B.1	-0.427947598253275
1687	0.427947598253275	B	B.1	-0.427947598253275
1688	0.427947598253275	B	B.1	-0.427947598253275
1689	0.427947598253275	B	B.1	-0.427947598253275
1690	0.427947598253275	B	B.1	-0.427947598253275
1691	0.427947598253275	B	B.1	-0.427947598253275
1692	0.427947598253275	B	B.1	-0.427947598253275
1693	0.427947598253275	B	B.1	-0.427947598253275
1694	0.0349344978165939	B	B.2	-0.0349344978165939
1695	0.0349344978165939	B	B.2	-0.0349344978165939
1696	0.0349344978165939	B	B.2	-0.0349344978165939
1697	0.0349344978165939	B	B.2	-0.0349344978165939
1698	0.0349344978165939	B	B.2	-0.0349344978165939
1699	0.054585152838428	B	B.2	-0.054585152838428
1700	0.054585152838428	B	B.2	-0.054585152838428
1701	0.10262008733624502	B	B.2	-0.10262008733624502
1702	0.10262008733624502	B	B.2	-0.10262008733624502
1703	0.10262008733624502	B	B.2	-0.10262008733624502
1704	0.303493449781659	B	B.2	-0.303493449781659
1705	0.303493449781659	B	B.2	-0.303493449781659
1706	0.303493449781659	B	B.2	-0.303493449781659
1707	0.303493449781659	B	B.2	-0.303493449781659
1708	0.303493449781659	B	B.2	-0.303493449781659
1709	0.303493449781659	B	B.2	-0.303493449781659
1710	0.303493449781659	B	B.2	-0.303493449781659
1711	0.303493449781659	B	B.2	-0.303493449781659
1712	0.303493449781659	B	B.2	-0.303493449781659
1713	0.0283842794759825	B	B.2	-0.0283842794759825
1714	0.0283842794759825	B	B.2	-0.0283842794759825
1715	0.14410480349345	B	B.2	-0.14410480349345
1716	0.14410480349345	B	B.2	-0.14410480349345
1717	0.14410480349345	B	B.2	-0.14410480349345
1718	0.109170305676856	B	B.2	-0.109170305676856
1719	0.109170305676856	B	B.2	-0.109170305676856
1720	0.11572052401746699	B	B.2	-0.11572052401746699
1721	0.11572052401746699	B	B.2	-0.11572052401746699
1722	0.11572052401746699	B	B.2	-0.11572052401746699
1723	0.0087336244541484	B	B.2	-0.0087336244541484
1724	0.0087336244541484	B	B.2	-0.0087336244541484
1725	0.10480349344978199	B	B.2	-0.10480349344978199
1726	0.10480349344978199	B	B.2	-0.10480349344978199
1727	0.10480349344978199	B	B.2	-0.10480349344978199
1728	0.10480349344978199	B	B.2	-0.10480349344978199
1729	0.037117903930131	B	B.2	-0.037117903930131
1730	0.037117903930131	B	B.2	-0.037117903930131
1731	0.037117903930131	B	B.2	-0.037117903930131
1732	0.037117903930131	B	B.2	-0.037117903930131
1733	0.0021834061135371	B	B.2	-0.0021834061135371
1734	0.0021834061135371	B	B.2	-0.0021834061135371
1735	0.0021834061135371	B	B.2	-0.0021834061135371
1736	0.141921397379913	B	B.2	-0.141921397379913
1737	0.141921397379913	B	B.2	-0.141921397379913
1738	0.122270742358079	B	B.2	-0.122270742358079
1739	0.122270742358079	B	B.2	-0.122270742358079
1740	0.0851528384279476	B	B.2	-0.0851528384279476
1741	0.0851528384279476	B	B.2	-0.0851528384279476
1742	0.0851528384279476	B	B.2	-0.0851528384279476
1743	0.0851528384279476	B	B.2	-0.0851528384279476
1744	0.0851528384279476	B	B.2	-0.0851528384279476
1745	0.135371179039301	B	B.2	-0.135371179039301
1746	0.135371179039301	B	B.2	-0.135371179039301
1747	0.135371179039301	B	B.2	-0.135371179039301
1748	0.135371179039301	B	B.2	-0.135371179039301
1749	0.0240174672489083	B	B.2	-0.0240174672489083
1750	0.0240174672489083	B	B.2	-0.0240174672489083
1751	0.163755458515284	B	B.2	-0.163755458515284
1752	0.163755458515284	B	B.2	-0.163755458515284
1753	0.163755458515284	B	B.2	-0.163755458515284
1754	0.163755458515284	B	B.2	-0.163755458515284
1755	0.163755458515284	B	B.2	-0.163755458515284
1756	0.163755458515284	B	B.2	-0.163755458515284
1757	0.163755458515284	B	B.2	-0.163755458515284
1758	0.0262008733624454	B	B.2	-0.0262008733624454
1759	0.0262008733624454	B	B.2	-0.0262008733624454
1760	0.0262008733624454	B	B.2	-0.0262008733624454
1761	0.0174672489082969	B	B.2	-0.0174672489082969
1762	0.0174672489082969	B	B.2	-0.0174672489082969
1763	0.0960698689956332	B	B.2	-0.0960698689956332
1764	0.0960698689956332	B	B.2	-0.0960698689956332
1765	0.0960698689956332	B	B.2	-0.0960698689956332
1766	0.0807860262008734	B	B.2	-0.0807860262008734
1767	0.0807860262008734	B	B.2	-0.0807860262008734
1768	0.0807860262008734	B	B.2	-0.0807860262008734
1769	0.0807860262008734	B	B.2	-0.0807860262008734
1770	0.0807860262008734	B	B.2	-0.0807860262008734
1771	0.0807860262008734	B	B.2	-0.0807860262008734
1772	0.0982532751091703	B	B.2	-0.0982532751091703
1773	0.0982532751091703	B	B.2	-0.0982532751091703
1774	0.0982532751091703	B	B.2	-0.0982532751091703
1775	0.0982532751091703	B	B.2	-0.0982532751091703
1776	0.0393013100436681	B	B.2	-0.0393013100436681
1777	0.0393013100436681	B	B.2	-0.0393013100436681
1778	0.058951965065502196	B	B.2	-0.058951965065502196
1779	0.058951965065502196	B	B.2	-0.058951965065502196
1780	0.058951965065502196	B	B.2	-0.058951965065502196
1781	0.058951965065502196	B	B.2	-0.058951965065502196
1782	0.058951965065502196	B	B.2	-0.058951965065502196
1783	0.131004366812227	B	B.2	-0.131004366812227
1784	0.131004366812227	B	B.2	-0.131004366812227
1785	0.131004366812227	B	B.2	-0.131004366812227
1786	0.131004366812227	B	B.2	-0.131004366812227
1787	0.131004366812227	B	B.2	-0.131004366812227
1788	0.131004366812227	B	B.2	-0.131004366812227
1789	0.131004366812227	B	B.2	-0.131004366812227
1790	0.131004366812227	B	B.2	-0.131004366812227
1791	0.0305676855895197	B	B.2	-0.0305676855895197
1792	0.0305676855895197	B	B.2	-0.0305676855895197
1793	0.0305676855895197	B	B.2	-0.0305676855895197
1794	0.0305676855895197	B	B.2	-0.0305676855895197
1795	0.0873362445414847	B	B.2	-0.0873362445414847
1796	0.0873362445414847	B	B.2	-0.0873362445414847
1797	0.0873362445414847	B	B.2	-0.0873362445414847
1798	0.0873362445414847	B	B.2	-0.0873362445414847
1799	0.0873362445414847	B	B.2	-0.0873362445414847
1800	0.0873362445414847	B	B.2	-0.0873362445414847
1801	0.0873362445414847	B	B.2	-0.0873362445414847
1802	0.0873362445414847	B	B.2	-0.0873362445414847
1803	0.0873362445414847	B	B.2	-0.0873362445414847
1804	0.0131004366812227	B	B.2	-0.0131004366812227
1805	0.0131004366812227	B	B.2	-0.0131004366812227
1806	0.198689956331878	B	B.2	-0.198689956331878
1807	0.198689956331878	B	B.2	-0.198689956331878
1808	0.198689956331878	B	B.2	-0.198689956331878
1809	0.198689956331878	B	B.2	-0.198689956331878
1810	0.198689956331878	B	B.2	-0.198689956331878
1811	0.198689956331878	B	B.2	-0.198689956331878
1812	0.198689956331878	B	B.2	-0.198689956331878
1813	0.198689956331878	B	B.2	-0.198689956331878
1814	0.198689956331878	B	B.2	-0.198689956331878
1815	0.198689956331878	B	B.2	-0.198689956331878
1816	0.198689956331878	B	B.2	-0.198689956331878
1817	0.266375545851528	B	B.2	-0.266375545851528
1818	0.266375545851528	B	B.2	-0.266375545851528
1819	0.266375545851528	B	B.2	-0.266375545851528
1820	0.266375545851528	B	B.2	-0.266375545851528
1821	0.0043668122270742	B	B.2	-0.0043668122270742
1822	0.0043668122270742	B	B.2	-0.0043668122270742
1823	0.0043668122270742	B	B.2	-0.0043668122270742
1824	0.0043668122270742	B	B.2	-0.0043668122270742
1825	0.0043668122270742	B	B.2	-0.0043668122270742
1826	0.157205240174673	B	B.2	-0.157205240174673
1827	0.157205240174673	B	B.2	-0.157205240174673
1828	0.157205240174673	B	B.2	-0.157205240174673
1829	0.157205240174673	B	B.2	-0.157205240174673
1830	0.157205240174673	B	B.2	-0.157205240174673
1831	0.155021834061135	B	B.2	-0.155021834061135
1832	0.155021834061135	B	B.2	-0.155021834061135
1833	0.155021834061135	B	B.2	-0.155021834061135
1834	0.155021834061135	B	B.2	-0.155021834061135
1835	0.0938864628820961	B	B.2	-0.0938864628820961
1836	0.0938864628820961	B	B.2	-0.0938864628820961
1837	0.0938864628820961	B	B.2	-0.0938864628820961
1838	0.0938864628820961	B	B.2	-0.0938864628820961
1839	0.318777292576419	B	B.2	-0.318777292576419
1840	0.318777292576419	B	B.2	-0.318777292576419
1841	0.318777292576419	B	B.2	-0.318777292576419
1842	0.318777292576419	B	B.2	-0.318777292576419
1843	0.318777292576419	B	B.2	-0.318777292576419
1844	0.318777292576419	B	B.2	-0.318777292576419
1845	0.318777292576419	B	B.2	-0.318777292576419
1846	0.318777292576419	B	B.2	-0.318777292576419
1847				
1848	0.318777292576419	B	B.2	-0.318777292576419
1849	0.318777292576419	B	B.2	-0.318777292576419
1850	0.318777292576419	B	B.2	-0.318777292576419
1851	0.117903930131004	B	B.2	-0.117903930131004
1852	0.117903930131004	B	B.2	-0.117903930131004
1853	0.117903930131004	B	B.2	-0.117903930131004
1854	0.264192139737991	B	B.2	-0.264192139737991
1855				
1856	0.264192139737991	B	B.2	-0.264192139737991
1857	0.264192139737991	B	B.2	-0.264192139737991
1858	0.264192139737991	B	B.2	-0.264192139737991
1859	0.264192139737991	B	B.2	-0.264192139737991
1860	0.262008733624454	B	B.2	-0.262008733624454
1861	0.262008733624454	B	B.2	-0.262008733624454
1862	0.262008733624454	B	B.2	-0.262008733624454
1863	0.262008733624454	B	B.2	-0.262008733624454
1864	0.0196506550218341	B	B.2	-0.0196506550218341
1865	0.0196506550218341	B	B.2	-0.0196506550218341
1866	0.0196506550218341	B	B.2	-0.0196506550218341
1867	0.0196506550218341	B	B.2	-0.0196506550218341
1868	0.192139737991266	B	B.2	-0.192139737991266
1869	0.192139737991266	B	B.2	-0.192139737991266
1870	0.192139737991266	B	B.2	-0.192139737991266
1871	0.192139737991266	B	B.2	-0.192139737991266
1872	0.0567685589519651	B	B.2	-0.0567685589519651
1873	0.0567685589519651	B	B.2	-0.0567685589519651
1874	0.0567685589519651	B	B.2	-0.0567685589519651
1875	0.0567685589519651	B	B.2	-0.0567685589519651
1876	0.0567685589519651	B	B.2	-0.0567685589519651
1877	0.0567685589519651	B	B.2	-0.0567685589519651
1878	0.106986899563319	B	B.2	-0.106986899563319
1879	0.106986899563319	B	B.2	-0.106986899563319
1880	0.106986899563319	B	B.2	-0.106986899563319
1881	0.106986899563319	B	B.2	-0.106986899563319
1882	0.106986899563319	B	B.2	-0.106986899563319
1883	0.0829694323144105	B	B.2	-0.0829694323144105
1884	0.0829694323144105	B	B.2	-0.0829694323144105
1885	0.0829694323144105	B	B.2	-0.0829694323144105
1886	0.0829694323144105	B	B.2	-0.0829694323144105
1887	0.0502183406113537	B	B.2	-0.0502183406113537
1888	0.0502183406113537	B	B.2	-0.0502183406113537
1889	0.0502183406113537	B	B.2	-0.0502183406113537
1890	0.0502183406113537	B	B.2	-0.0502183406113537
1891	0.0524017467248908	B	B.2	-0.0524017467248908
1892	0.0524017467248908	B	B.2	-0.0524017467248908
1893	0.12882096069869	B	B.2	-0.12882096069869
1894	0.12882096069869	B	B.2	-0.12882096069869
1895	0.12882096069869	B	B.2	-0.12882096069869
1896	0.12882096069869	B	B.2	-0.12882096069869
1897	0.12882096069869	B	B.2	-0.12882096069869
1898	0.12882096069869	B	B.2	-0.12882096069869
1899	0.12882096069869	B	B.2	-0.12882096069869
1900	0.0218340611353712	B	B.2	-0.0218340611353712
1901	0.0218340611353712	B	B.2	-0.0218340611353712
1902	0.0436681222707424	B	B.2	-0.0436681222707424
1903	0.0436681222707424	B	B.2	-0.0436681222707424
1904	0.0436681222707424	B	B.2	-0.0436681222707424
1905	0.0436681222707424	B	B.2	-0.0436681222707424
1906	0.0480349344978166	B	B.2	-0.0480349344978166
1907	0.0480349344978166	B	B.2	-0.0480349344978166
1908	0.0480349344978166	B	B.2	-0.0480349344978166
1909	0.0480349344978166	B	B.2	-0.0480349344978166
1910	0.0480349344978166	B	B.2	-0.0480349344978166
1911	0.0327510917030568	B	B.2	-0.0327510917030568
1912	0.0327510917030568	B	B.2	-0.0327510917030568
1913	0.0327510917030568	B	B.2	-0.0327510917030568
1914	0.0327510917030568	B	B.2	-0.0327510917030568
1915	0.0786026200873363	B	B.2	-0.0786026200873363
1916	0.0786026200873363	B	B.2	-0.0786026200873363
1917	0.0786026200873363	B	B.2	-0.0786026200873363
1918	0.0786026200873363	B	B.2	-0.0786026200873363
1919	0.0786026200873363	B	B.2	-0.0786026200873363
1920	0.0786026200873363	B	B.2	-0.0786026200873363
1921	0.10043668122270702	B	B.2	-0.10043668122270702
1922	0.10043668122270702	B	B.2	-0.10043668122270702
1923	0.10043668122270702	B	B.2	-0.10043668122270702
1924	0.0414847161572052	B	B.2	-0.0414847161572052
1925	0.0414847161572052	B	B.2	-0.0414847161572052
1926	0.0414847161572052	B	B.2	-0.0414847161572052
1927	0.0414847161572052	B	B.2	-0.0414847161572052
1928	0.0458515283842795	B	B.2	-0.0458515283842795
1929	0.0458515283842795	B	B.2	-0.0458515283842795
1930	0.074235807860262	B	B.2	-0.074235807860262
1931	0.074235807860262	B	B.2	-0.074235807860262
1932	0.323144104803493	B	B.2	-0.323144104803493
1933	0.323144104803493	B	B.2	-0.323144104803493
1934	0.323144104803493	B	B.2	-0.323144104803493
1935	0.323144104803493	B	B.2	-0.323144104803493
1936	0.323144104803493	B	B.2	-0.323144104803493
1937	0.323144104803493	B	B.2	-0.323144104803493
1938	0.323144104803493	B	B.2	-0.323144104803493
1939	0.312227074235808	B	B.2	-0.312227074235808
1940	0.312227074235808	B	B.2	-0.312227074235808
1941	0.312227074235808	B	B.2	-0.312227074235808
1942	0.312227074235808	B	B.2	-0.312227074235808
1943	0.329694323144105	B	B.2	-0.329694323144105
1944	0.329694323144105	B	B.2	-0.329694323144105
1945	0.329694323144105	B	B.2	-0.329694323144105
1946	0.329694323144105	B	B.2	-0.329694323144105
1947	0.329694323144105	B	B.2	-0.329694323144105
1948	0.0895196506550218	B	B.2	-0.0895196506550218
1949	0.0895196506550218	B	B.2	-0.0895196506550218
1950	0.0895196506550218	B	B.2	-0.0895196506550218
1951	0.0895196506550218	B	B.2	-0.0895196506550218
1952	0.331877729257642	B	B.2	-0.331877729257642
1953	0.331877729257642	B	B.2	-0.331877729257642
1954	0.331877729257642	B	B.2	-0.331877729257642
1955	0.331877729257642	B	B.2	-0.331877729257642
1956	0.331877729257642	B	B.2	-0.331877729257642
1957	0.331877729257642	B	B.2	-0.331877729257642
1958	0.331877729257642	B	B.2	-0.331877729257642
1959	0.331877729257642	B	B.2	-0.331877729257642
1960	0.0764192139737991	B	B.2	-0.0764192139737991
1961	0.0764192139737991	B	B.2	-0.0764192139737991
1962	0.091703056768559	B	B.2	-0.091703056768559
1963	0.091703056768559	B	B.2	-0.091703056768559
1964	0.091703056768559	B	B.2	-0.091703056768559
1965	0.091703056768559	B	B.2	-0.091703056768559
1966	0.233624454148472	B	B.2	-0.233624454148472
1967	0.233624454148472	B	B.2	-0.233624454148472
1968	0.233624454148472	B	B.2	-0.233624454148472
1969	0.233624454148472	B	B.2	-0.233624454148472
1970	0.486899563318777	B	B.1	-0.486899563318777
1971	0.486899563318777	B	B.1	-0.486899563318777
1972	0.486899563318777	B	B.1	-0.486899563318777
1973	0.486899563318777	B	B.1	-0.486899563318777
1974	0.486899563318777	B	B.1	-0.486899563318777
1975	0.486899563318777	B	B.1	-0.486899563318777
1976	0.486899563318777	B	B.1	-0.486899563318777
1977	0.486899563318777	B	B.1	-0.486899563318777
1978	0.486899563318777	B	B.1	-0.486899563318777
1979	0.486899563318777	B	B.1	-0.486899563318777
1980	0.486899563318777	B	B.1	-0.486899563318777
1981	0.486899563318777	B	B.1	-0.486899563318777
1982	0.486899563318777	B	B.1	-0.486899563318777
1983	0.486899563318777	B	B.1	-0.486899563318777
1984	0.165938864628821	B	B.2	-0.165938864628821
1985	0.165938864628821	B	B.2	-0.165938864628821
1986	0.165938864628821	B	B.2	-0.165938864628821
1987	0.237991266375546	B	B.2	-0.237991266375546
1988	0.237991266375546	B	B.2	-0.237991266375546
1989	0.237991266375546	B	B.2	-0.237991266375546
1990	0.237991266375546	B	B.2	-0.237991266375546
1991	0.237991266375546	B	B.2	-0.237991266375546
1992	0.237991266375546	B	B.2	-0.237991266375546
1993	0.237991266375546	B	B.2	-0.237991266375546
1994	0.362445414847162	B	B.1	-0.362445414847162
1995	0.362445414847162	B	B.1	-0.362445414847162
1996	0.362445414847162	B	B.1	-0.362445414847162
1997	0.362445414847162	B	B.1	-0.362445414847162
1998	0.362445414847162	B	B.1	-0.362445414847162
1999	0.362445414847162	B	B.1	-0.362445414847162
2000	0.362445414847162	B	B.1	-0.362445414847162
2001	0.362445414847162	B	B.1	-0.362445414847162
2002	0.362445414847162	B	B.1	-0.362445414847162
2003	0.124454148471616	B	B.2	-0.124454148471616
2004	0.124454148471616	B	B.2	-0.124454148471616
2005	0.124454148471616	B	B.2	-0.124454148471616
2006	0.124454148471616	B	B.2	-0.124454148471616
2007	0.124454148471616	B	B.2	-0.124454148471616
2008	0.231441048034935	B	B.2	-0.231441048034935
2009	0.231441048034935	B	B.2	-0.231441048034935
2010	0.231441048034935	B	B.2	-0.231441048034935
2011	0.231441048034935	B	B.2	-0.231441048034935
2012	0.231441048034935	B	B.2	-0.231441048034935
2013	0.187772925764192	B	B.2	-0.187772925764192
2014	0.187772925764192	B	B.2	-0.187772925764192
2015	0.482532751091703	B	B.1	-0.482532751091703
2016	0.482532751091703	B	B.1	-0.482532751091703
2017	0.482532751091703	B	B.1	-0.482532751091703
2018	0.482532751091703	B	B.1	-0.482532751091703
2019	0.482532751091703	B	B.1	-0.482532751091703
2020	0.482532751091703	B	B.1	-0.482532751091703
2021	0.382096069868996	B	B.1	-0.382096069868996
2022	0.382096069868996	B	B.1	-0.382096069868996
2023	0.382096069868996	B	B.1	-0.382096069868996
2024	0.382096069868996	B	B.1	-0.382096069868996
2025	0.382096069868996	B	B.1	-0.382096069868996
2026	0.382096069868996	B	B.1	-0.382096069868996
2027	0.382096069868996	B	B.1	-0.382096069868996
2028	0.336244541484716	B	B.1	-0.336244541484716
2029	0.336244541484716	B	B.1	-0.336244541484716
2030	0.336244541484716	B	B.1	-0.336244541484716
2031	0.336244541484716	B	B.1	-0.336244541484716
2032	0.336244541484716	B	B.1	-0.336244541484716
2033	0.336244541484716	B	B.1	-0.336244541484716
2034	0.336244541484716	B	B.1	-0.336244541484716
2035	0.209606986899563	B	B.2	-0.209606986899563
2036	0.209606986899563	B	B.2	-0.209606986899563
2037	0.209606986899563	B	B.2	-0.209606986899563
2038	0.209606986899563	B	B.2	-0.209606986899563
2039	0.209606986899563	B	B.2	-0.209606986899563
2040	0.168122270742358	B	B.2	-0.168122270742358
2041	0.168122270742358	B	B.2	-0.168122270742358
2042	0.168122270742358	B	B.2	-0.168122270742358
2043	0.34061135371179	B	B.1	-0.34061135371179
2044				
2045				
2046				
2047				
2048				
2049				
2050	0.34061135371179	B	B.1	-0.34061135371179
2051	0.34061135371179	B	B.1	-0.34061135371179
2052	0.34061135371179	B	B.1	-0.34061135371179
2053	0.34061135371179	B	B.1	-0.34061135371179
2054	0.34061135371179	B	B.1	-0.34061135371179
2055	0.34061135371179	B	B.1	-0.34061135371179
2056	0.246724890829694	B	B.2	-0.246724890829694
2057	0.246724890829694	B	B.2	-0.246724890829694
2058	0.246724890829694	B	B.2	-0.246724890829694
2059	0.246724890829694	B	B.2	-0.246724890829694
2060	0.373362445414847	B	B.1	-0.373362445414847
2061	0.373362445414847	B	B.1	-0.373362445414847
2062	0.373362445414847	B	B.1	-0.373362445414847
2063	0.373362445414847	B	B.1	-0.373362445414847
2064	0.373362445414847	B	B.1	-0.373362445414847
2065	0.373362445414847	B	B.1	-0.373362445414847
2066	0.373362445414847	B	B.1	-0.373362445414847
2067	0.194323144104804	B	B.2	-0.194323144104804
2068	0.194323144104804	B	B.2	-0.194323144104804
2069	0.251091703056769	B	B.2	-0.251091703056769
2070	0.251091703056769	B	B.2	-0.251091703056769
2071	0.251091703056769	B	B.2	-0.251091703056769
2072	0.251091703056769	B	B.2	-0.251091703056769
2073	0.251091703056769	B	B.2	-0.251091703056769
2074	0.251091703056769	B	B.2	-0.251091703056769
2075	0.251091703056769	B	B.2	-0.251091703056769
2076	0.24017467248908303	B	B.2	-0.24017467248908303
2077	0.24017467248908303	B	B.2	-0.24017467248908303
2078	0.24017467248908303	B	B.2	-0.24017467248908303
2079				
2080	0.24017467248908303	B	B.2	-0.24017467248908303
2081				
2082	0.45633187772925793	B	B.1	-0.45633187772925793
2083	0.45633187772925793	B	B.1	-0.45633187772925793
2084	0.45633187772925793	B	B.1	-0.45633187772925793
2085	0.45633187772925793	B	B.1	-0.45633187772925793
2086	0.45633187772925793	B	B.1	-0.45633187772925793
2087	0.45633187772925793	B	B.1	-0.45633187772925793
2088	0.45633187772925793	B	B.1	-0.45633187772925793
2089	0.45633187772925793	B	B.1	-0.45633187772925793
2090	0.45633187772925793	B	B.1	-0.45633187772925793
2091	0.45633187772925793	B	B.1	-0.45633187772925793
2092	0.45633187772925793	B	B.1	-0.45633187772925793
2093	0.45633187772925793	B	B.1	-0.45633187772925793
2094	0.45633187772925793	B	B.1	-0.45633187772925793
2095	0.45633187772925793	B	B.1	-0.45633187772925793
2096	0.45633187772925793	B	B.1	-0.45633187772925793
2097	0.45633187772925793	B	B.1	-0.45633187772925793
2098	0.45633187772925793	B	B.1	-0.45633187772925793
2099	0.24454148471615697	B	B.2	-0.24454148471615697
2100	0.24454148471615697	B	B.2	-0.24454148471615697
2101	0.24454148471615697	B	B.2	-0.24454148471615697
2102	0.24454148471615697	B	B.2	-0.24454148471615697
2103	0.24454148471615697	B	B.2	-0.24454148471615697
2104	0.24454148471615697	B	B.2	-0.24454148471615697
2105	0.24454148471615697	B	B.2	-0.24454148471615697
2106	0.24454148471615697	B	B.2	-0.24454148471615697
2107	0.224890829694323	B	B.2	-0.224890829694323
2108	0.224890829694323	B	B.2	-0.224890829694323
2109	0.224890829694323	B	B.2	-0.224890829694323
2110	0.224890829694323	B	B.2	-0.224890829694323
2111	0.224890829694323	B	B.2	-0.224890829694323
2112	0.224890829694323	B	B.2	-0.224890829694323
2113	0.224890829694323	B	B.2	-0.224890829694323
2114	0.224890829694323	B	B.2	-0.224890829694323
2115	0.224890829694323	B	B.2	-0.224890829694323
2116	0.172489082969432	B	B.2	-0.172489082969432
2117	0.172489082969432	B	B.2	-0.172489082969432
2118	0.172489082969432	B	B.2	-0.172489082969432
2119	0.172489082969432	B	B.2	-0.172489082969432
2120	0.172489082969432	B	B.2	-0.172489082969432
2121	0.172489082969432	B	B.2	-0.172489082969432
2122	0.172489082969432	B	B.2	-0.172489082969432
2123	0.0633187772925764	B	B.2	-0.0633187772925764
2124	0.0633187772925764	B	B.2	-0.0633187772925764
2125	0.0633187772925764	B	B.2	-0.0633187772925764
2126	0.364628820960699	B	B.1	-0.364628820960699
2127	0.364628820960699	B	B.1	-0.364628820960699
2128	0.364628820960699	B	B.1	-0.364628820960699
2129	0.364628820960699	B	B.1	-0.364628820960699
2130	0.364628820960699	B	B.1	-0.364628820960699
2131	0.364628820960699	B	B.1	-0.364628820960699
2132	0.364628820960699	B	B.1	-0.364628820960699
2133	0.364628820960699	B	B.1	-0.364628820960699
2134	0.364628820960699	B	B.1	-0.364628820960699
2135	0.185589519650655	B	B.2	-0.185589519650655
2136	0.185589519650655	B	B.2	-0.185589519650655
2137	0.185589519650655	B	B.2	-0.185589519650655
2138	0.347161572052402	B	B.1	-0.347161572052402
2139	0.347161572052402	B	B.1	-0.347161572052402
2140	0.347161572052402	B	B.1	-0.347161572052402
2141	0.347161572052402	B	B.1	-0.347161572052402
2142	0.347161572052402	B	B.1	-0.347161572052402
2143	0.473799126637555	B	B.1	-0.473799126637555
2144	0.473799126637555	B	B.1	-0.473799126637555
2145	0.473799126637555	B	B.1	-0.473799126637555
2146	0.473799126637555	B	B.1	-0.473799126637555
2147	0.473799126637555	B	B.1	-0.473799126637555
2148	0.473799126637555	B	B.1	-0.473799126637555
2149	0.473799126637555	B	B.1	-0.473799126637555
2150	0.473799126637555	B	B.1	-0.473799126637555
2151	0.473799126637555	B	B.1	-0.473799126637555
2152	0.473799126637555	B	B.1	-0.473799126637555
2153	0.473799126637555	B	B.1	-0.473799126637555
2154	0.473799126637555	B	B.1	-0.473799126637555
2155	0.473799126637555	B	B.1	-0.473799126637555
2156	0.473799126637555	B	B.1	-0.473799126637555
2157	0.38646288209607	B	B.1	-0.38646288209607
2158	0.38646288209607	B	B.1	-0.38646288209607
2159	0.38646288209607	B	B.1	-0.38646288209607
2160	0.38646288209607	B	B.1	-0.38646288209607
2161	0.38646288209607	B	B.1	-0.38646288209607
2162	0.38646288209607	B	B.1	-0.38646288209607
2163	0.38646288209607	B	B.1	-0.38646288209607
2164	0.38646288209607	B	B.1	-0.38646288209607
2165	0.38646288209607	B	B.1	-0.38646288209607
2166	0.38646288209607	B	B.1	-0.38646288209607
2167	0.38646288209607	B	B.1	-0.38646288209607
2168	0.38646288209607	B	B.1	-0.38646288209607
2169	0.38646288209607	B	B.1	-0.38646288209607
2170	0.358078602620087	B	B.1	-0.358078602620087
2171	0.358078602620087	B	B.1	-0.358078602620087
2172	0.358078602620087	B	B.1	-0.358078602620087
2173	0.358078602620087	B	B.1	-0.358078602620087
2174	0.358078602620087	B	B.1	-0.358078602620087
2175	0.358078602620087	B	B.1	-0.358078602620087
2176	0.358078602620087	B	B.1	-0.358078602620087
2177	0.358078602620087	B	B.1	-0.358078602620087
2178	0.358078602620087	B	B.1	-0.358078602620087
2179	0.358078602620087	B	B.1	-0.358078602620087
2180	0.358078602620087	B	B.1	-0.358078602620087
2181	0.205240174672489	B	B.2	-0.205240174672489
2182	0.205240174672489	B	B.2	-0.205240174672489
2183	0.205240174672489	B	B.2	-0.205240174672489
2184	0.0655021834061135	B	B.2	-0.0655021834061135
2185	0.0655021834061135	B	B.2	-0.0655021834061135
2186	0.0655021834061135	B	B.2	-0.0655021834061135
2187	0.0655021834061135	B	B.2	-0.0655021834061135
2188	0.338427947598253	B	B.1	-0.338427947598253
2189	0.338427947598253	B	B.1	-0.338427947598253
2190	0.338427947598253	B	B.1	-0.338427947598253
2191	0.338427947598253	B	B.1	-0.338427947598253
2192	0.338427947598253	B	B.1	-0.338427947598253
2193	0.338427947598253	B	B.1	-0.338427947598253
2194	0.37117903930131	B	B.1	-0.37117903930131
2195	0.37117903930131	B	B.1	-0.37117903930131
2196	0.37117903930131	B	B.1	-0.37117903930131
2197	0.37117903930131	B	B.1	-0.37117903930131
2198	0.37117903930131	B	B.1	-0.37117903930131
2199	0.37117903930131	B	B.1	-0.37117903930131
2200	0.37117903930131	B	B.1	-0.37117903930131
2201	0.37117903930131	B	B.1	-0.37117903930131
2202	0.37117903930131	B	B.1	-0.37117903930131
2203	0.37117903930131	B	B.1	-0.37117903930131
2204	0.207423580786026	B	B.2	-0.207423580786026
2205	0.207423580786026	B	B.2	-0.207423580786026
2206	0.207423580786026	B	B.2	-0.207423580786026
2207	0.207423580786026	B	B.2	-0.207423580786026
2208	0.207423580786026	B	B.2	-0.207423580786026
2209	0.207423580786026	B	B.2	-0.207423580786026
2210	0.207423580786026	B	B.2	-0.207423580786026
2211	0.220524017467249	B	B.2	-0.220524017467249
2212	0.220524017467249	B	B.2	-0.220524017467249
2213	0.220524017467249	B	B.2	-0.220524017467249
2214	0.24235807860262	B	B.2	-0.24235807860262
2215	0.24235807860262	B	B.2	-0.24235807860262
2216	0.24235807860262	B	B.2	-0.24235807860262
2217	0.24235807860262	B	B.2	-0.24235807860262
2218	0.24235807860262	B	B.2	-0.24235807860262
2219	0.24235807860262	B	B.2	-0.24235807860262
2220	0.24235807860262	B	B.2	-0.24235807860262
2221	0.24235807860262	B	B.2	-0.24235807860262
2222	0.24235807860262	B	B.2	-0.24235807860262
2223	0.24235807860262	B	B.2	-0.24235807860262
2224	0.0698689956331878	B	B.2	-0.0698689956331878
2225	0.0698689956331878	B	B.2	-0.0698689956331878
2226	0.353711790393013	B	B.1	-0.353711790393013
2227	0.353711790393013	B	B.1	-0.353711790393013
2228	0.353711790393013	B	B.1	-0.353711790393013
2229	0.353711790393013	B	B.1	-0.353711790393013
2230	0.353711790393013	B	B.1	-0.353711790393013
2231	0.353711790393013	B	B.1	-0.353711790393013
2232	0.353711790393013	B	B.1	-0.353711790393013
2233	0.353711790393013	B	B.1	-0.353711790393013
2234	0.181222707423581	B	B.2	-0.181222707423581
2235	0.181222707423581	B	B.2	-0.181222707423581
2236	0.181222707423581	B	B.2	-0.181222707423581
2237	0.360262008733625	B	B.1	-0.360262008733625
2238	0.360262008733625	B	B.1	-0.360262008733625
2239	0.360262008733625	B	B.1	-0.360262008733625
2240	0.360262008733625	B	B.1	-0.360262008733625
2241	0.360262008733625	B	B.1	-0.360262008733625
2242	0.360262008733625	B	B.1	-0.360262008733625
2243	0.360262008733625	B	B.1	-0.360262008733625
2244	0.360262008733625	B	B.1	-0.360262008733625
2245	0.360262008733625	B	B.1	-0.360262008733625
2246	0.360262008733625	B	B.1	-0.360262008733625
2247	0.360262008733625	B	B.1	-0.360262008733625
2248	0.49344978165938896	B	B.1	-0.49344978165938896
2249	0.49344978165938896	B	B.1	-0.49344978165938896
2250	0.49344978165938896	B	B.1	-0.49344978165938896
2251	0.49344978165938896	B	B.1	-0.49344978165938896
2252	0.49344978165938896	B	B.1	-0.49344978165938896
2253	0.49344978165938896	B	B.1	-0.49344978165938896
2254	0.49344978165938896	B	B.1	-0.49344978165938896
2255	0.49344978165938896	B	B.1	-0.49344978165938896
2256	0.49344978165938896	B	B.1	-0.49344978165938896
2257	0.49344978165938896	B	B.1	-0.49344978165938896
2258	0.49344978165938896	B	B.1	-0.49344978165938896
2259	0.49344978165938896	B	B.1	-0.49344978165938896
2260	0.49344978165938896	B	B.1	-0.49344978165938896
2261	0.334061135371179	B	B.2	-0.334061135371179
2262	0.334061135371179	B	B.2	-0.334061135371179
2263	0.334061135371179	B	B.2	-0.334061135371179
2264	0.334061135371179	B	B.2	-0.334061135371179
2265	0.334061135371179	B	B.2	-0.334061135371179
2266	0.334061135371179	B	B.2	-0.334061135371179
2267	0.334061135371179	B	B.2	-0.334061135371179
2268	0.334061135371179	B	B.2	-0.334061135371179
2269	0.334061135371179	B	B.2	-0.334061135371179
2270	0.349344978165939	B	B.1	-0.349344978165939
2271	0.349344978165939	B	B.1	-0.349344978165939
2272	0.349344978165939	B	B.1	-0.349344978165939
2273	0.349344978165939	B	B.1	-0.349344978165939
2274	0.196506550218341	B	B.2	-0.196506550218341
2275	0.196506550218341	B	B.2	-0.196506550218341
2276	0.196506550218341	B	B.2	-0.196506550218341
2277	0.196506550218341	B	B.2	-0.196506550218341
2278	0.196506550218341	B	B.2	-0.196506550218341
2279	0.196506550218341	B	B.2	-0.196506550218341
2280	0.2117903930131	B	B.2	-0.2117903930131
2281	0.2117903930131	B	B.2	-0.2117903930131
2282	0.2117903930131	B	B.2	-0.2117903930131
2283	0.174672489082969	B	B.2	-0.174672489082969
2284	0.174672489082969	B	B.2	-0.174672489082969
2285	0.174672489082969	B	B.2	-0.174672489082969
2286				
2287	0.174672489082969	B	B.2	-0.174672489082969
2288	0.22925764192139703	B	B.2	-0.22925764192139703
2289	0.22925764192139703	B	B.2	-0.22925764192139703
2290	0.22925764192139703	B	B.2	-0.22925764192139703
2291	0.22925764192139703	B	B.2	-0.22925764192139703
2292	0.22925764192139703	B	B.2	-0.22925764192139703
2293	0.176855895196507	B	B.2	-0.176855895196507
2294	0.176855895196507	B	B.2	-0.176855895196507
2295	0.491266375545852	B	B.1	-0.491266375545852
2296	0.491266375545852	B	B.1	-0.491266375545852
2297	0.491266375545852	B	B.1	-0.491266375545852
2298	0.491266375545852	B	B.1	-0.491266375545852
2299	0.491266375545852	B	B.1	-0.491266375545852
2300	0.491266375545852	B	B.1	-0.491266375545852
2301	0.491266375545852	B	B.1	-0.491266375545852
2302	0.491266375545852	B	B.1	-0.491266375545852
2303	0.491266375545852	B	B.1	-0.491266375545852
2304	0.491266375545852	B	B.1	-0.491266375545852
2305	0.491266375545852	B	B.1	-0.491266375545852
2306	0.491266375545852	B	B.1	-0.491266375545852
2307	0.491266375545852	B	B.1	-0.491266375545852
2308	0.491266375545852	B	B.1	-0.491266375545852
2309	0.491266375545852	B	B.1	-0.491266375545852
2310	0.344978165938865	B	B.1	-0.344978165938865
2311	0.344978165938865	B	B.1	-0.344978165938865
2312	0.344978165938865	B	B.1	-0.344978165938865
2313	0.344978165938865	B	B.1	-0.344978165938865
2314	0.189956331877729	B	B.2	-0.189956331877729
2315				
2316				
2317				
2318	0.189956331877729	B	B.2	-0.189956331877729
2319	0.189956331877729	B	B.2	-0.189956331877729
2320	0.189956331877729	B	B.2	-0.189956331877729
2321	0.189956331877729	B	B.2	-0.189956331877729
2322	0.222707423580786	B	B.2	-0.222707423580786
2323	0.222707423580786	B	B.2	-0.222707423580786
2324	0.222707423580786	B	B.2	-0.222707423580786
2325	0.222707423580786	B	B.2	-0.222707423580786
2326	0.222707423580786	B	B.2	-0.222707423580786
2327	0.222707423580786	B	B.2	-0.222707423580786
2328	0.222707423580786	B	B.2	-0.222707423580786
2329	0.179039301310044	B	B.2	-0.179039301310044
2330	0.179039301310044	B	B.2	-0.179039301310044
2331				
2332	0.179039301310044	B	B.2	-0.179039301310044
2333	0.179039301310044	B	B.2	-0.179039301310044
2334	0.170305676855895	B	B.2	-0.170305676855895
2335	0.170305676855895	B	B.2	-0.170305676855895
2336	0.170305676855895	B	B.2	-0.170305676855895
2337	0.170305676855895	B	B.2	-0.170305676855895
2338	0.170305676855895	B	B.2	-0.170305676855895
2339	0.0676855895196507	B	B.2	-0.0676855895196507
2340	0.0676855895196507	B	B.2	-0.0676855895196507
2341	0.0676855895196507	B	B.2	-0.0676855895196507
2342	0.0676855895196507	B	B.2	-0.0676855895196507
2343	0.161572052401747	B	B.2	-0.161572052401747
2344	0.161572052401747	B	B.2	-0.161572052401747
2345	0.161572052401747	B	B.2	-0.161572052401747
2346	0.0720524017467249	B	B.2	-0.0720524017467249
2347	0.0720524017467249	B	B.2	-0.0720524017467249
2348	0.40174672489083	B	B.1	-0.40174672489083
2349	0.40174672489083	B	B.1	-0.40174672489083
2350	0.40174672489083	B	B.1	-0.40174672489083
2351	0.40174672489083	B	B.1	-0.40174672489083
2352	0.40174672489083	B	B.1	-0.40174672489083
2353	0.406113537117904	B	B.1	-0.406113537117904
2354	0.406113537117904	B	B.1	-0.406113537117904
2355	0.406113537117904	B	B.1	-0.406113537117904
2356	0.406113537117904	B	B.1	-0.406113537117904
2357	0.406113537117904	B	B.1	-0.406113537117904
2358	0.406113537117904	B	B.1	-0.406113537117904
2359	0.406113537117904	B	B.1	-0.406113537117904
2360	0.611353711790393	A	A.2	0.611353711790393
2361	0.611353711790393	A	A.2	0.611353711790393
2362	0.611353711790393	A	A.2	0.611353711790393
2363	0.611353711790393	A	A.2	0.611353711790393
2364	0.611353711790393	A	A.2	0.611353711790393
2365	0.611353711790393	A	A.2	0.611353711790393
2366	0.368995633187773	B	B.1	-0.368995633187773
2367	0.368995633187773	B	B.1	-0.368995633187773
2368	0.368995633187773	B	B.1	-0.368995633187773
2369	0.368995633187773	B	B.1	-0.368995633187773
2370	0.368995633187773	B	B.1	-0.368995633187773
2371	0.22707423580786	B	B.2	-0.22707423580786
2372	0.22707423580786	B	B.2	-0.22707423580786
2373	0.22707423580786	B	B.2	-0.22707423580786
2374	0.22707423580786	B	B.2	-0.22707423580786
2375	0.24890829694323097	B	B.2	-0.24890829694323097
2376	0.24890829694323097	B	B.2	-0.24890829694323097
2377	0.24890829694323097	B	B.2	-0.24890829694323097
2378	0.24890829694323097	B	B.2	-0.24890829694323097
2379	0.24890829694323097	B	B.2	-0.24890829694323097
2380	0.24890829694323097	B	B.2	-0.24890829694323097
2381	0.534934497816594	A	A.2	0.534934497816594
2382	0.534934497816594	A	A.2	0.534934497816594
2383	0.534934497816594	A	A.2	0.534934497816594
2384	0.534934497816594	A	A.2	0.534934497816594
2385	0.534934497816594	A	A.2	0.534934497816594
2386	0.534934497816594	A	A.2	0.534934497816594
2387	0.534934497816594	A	A.2	0.534934497816594
2388	0.534934497816594	A	A.2	0.534934497816594
2389	0.534934497816594	A	A.2	0.534934497816594
2390	0.622270742358079	A	A.2	0.622270742358079
2391	0.622270742358079	A	A.2	0.622270742358079
2392	0.622270742358079	A	A.2	0.622270742358079
2393	0.622270742358079	A	A.2	0.622270742358079
2394	0.622270742358079	A	A.2	0.622270742358079
2395	0.622270742358079	A	A.2	0.622270742358079
2396	0.622270742358079	A	A.2	0.622270742358079
2397	0.622270742358079	A	A.2	0.622270742358079
2398	0.622270742358079	A	A.2	0.622270742358079
2399	0.62882096069869	A	A.2	0.62882096069869
2400	0.62882096069869	A	A.2	0.62882096069869
2401	0.62882096069869	A	A.2	0.62882096069869
2402	0.62882096069869	A	A.2	0.62882096069869
2403				
2404	0.532751091703057	A	A.2	0.532751091703057
2405	0.532751091703057	A	A.2	0.532751091703057
2406	0.532751091703057	A	A.2	0.532751091703057
2407	0.532751091703057	A	A.2	0.532751091703057
2408	0.532751091703057	A	A.2	0.532751091703057
2409	0.615720524017467	A	A.2	0.615720524017467
2410	0.615720524017467	A	A.2	0.615720524017467
2411	0.615720524017467	A	A.2	0.615720524017467
2412	0.615720524017467	A	A.2	0.615720524017467
2413	0.615720524017467	A	A.2	0.615720524017467
2414	0.615720524017467	A	A.2	0.615720524017467
2415	0.615720524017467	A	A.2	0.615720524017467
2416	0.615720524017467	A	A.2	0.615720524017467
2417	0.615720524017467	A	A.2	0.615720524017467
2418				
2419	0.615720524017467	A	A.2	0.615720524017467
2420	0.596069868995633	A	A.2	0.596069868995633
2421	0.596069868995633	A	A.2	0.596069868995633
2422	0.596069868995633	A	A.2	0.596069868995633
2423	0.596069868995633	A	A.2	0.596069868995633
2424	0.596069868995633	A	A.2	0.596069868995633
2425	0.596069868995633	A	A.2	0.596069868995633
2426	0.596069868995633	A	A.2	0.596069868995633
2427	0.600436681222707	A	A.2	0.600436681222707
2428	0.600436681222707	A	A.2	0.600436681222707
2429	0.600436681222707	A	A.2	0.600436681222707
2430	0.600436681222707	A	A.2	0.600436681222707
2431	0.600436681222707	A	A.2	0.600436681222707
2432	0.600436681222707	A	A.2	0.600436681222707
2433	0.600436681222707	A	A.2	0.600436681222707
2434	0.600436681222707	A	A.2	0.600436681222707
2435	0.600436681222707	A	A.2	0.600436681222707
2436	0.600436681222707	A	A.2	0.600436681222707
2437	0.600436681222707	A	A.2	0.600436681222707
2438	0.600436681222707	A	A.2	0.600436681222707
2439	0.589519650655022	A	A.2	0.589519650655022
2440	0.589519650655022	A	A.2	0.589519650655022
2441	0.589519650655022	A	A.2	0.589519650655022
2442	0.589519650655022	A	A.2	0.589519650655022
2443	0.589519650655022	A	A.2	0.589519650655022
2444	0.589519650655022	A	A.2	0.589519650655022
2445	0.589519650655022	A	A.2	0.589519650655022
2446	0.589519650655022	A	A.2	0.589519650655022
2447	0.589519650655022	A	A.2	0.589519650655022
2448	0.589519650655022	A	A.2	0.589519650655022
2449	0.589519650655022	A	A.2	0.589519650655022
2450	0.59825327510917	A	A.2	0.59825327510917
2451	0.59825327510917	A	A.2	0.59825327510917
2452	0.59825327510917	A	A.2	0.59825327510917
2453	0.59825327510917	A	A.2	0.59825327510917
2454	0.59825327510917	A	A.2	0.59825327510917
2455	0.59825327510917	A	A.2	0.59825327510917
2456	0.59825327510917	A	A.2	0.59825327510917
2457	0.59825327510917	A	A.2	0.59825327510917
2458	0.59825327510917	A	A.2	0.59825327510917
2459	0.59825327510917	A	A.2	0.59825327510917
2460	0.561135371179039	A	A.2	0.561135371179039
2461	0.561135371179039	A	A.2	0.561135371179039
2462	0.561135371179039	A	A.2	0.561135371179039
2463	0.561135371179039	A	A.2	0.561135371179039
2464	0.561135371179039	A	A.2	0.561135371179039
2465	0.558951965065502	A	A.2	0.558951965065502
2466	0.558951965065502	A	A.2	0.558951965065502
2467	0.558951965065502	A	A.2	0.558951965065502
2468	0.558951965065502	A	A.2	0.558951965065502
2469	0.620087336244542	A	A.2	0.620087336244542
2470	0.620087336244542	A	A.2	0.620087336244542
2471	0.620087336244542	A	A.2	0.620087336244542
2472	0.620087336244542	A	A.2	0.620087336244542
2473	0.620087336244542	A	A.2	0.620087336244542
2474	0.620087336244542	A	A.2	0.620087336244542
2475	0.620087336244542	A	A.2	0.620087336244542
2476	0.620087336244542	A	A.2	0.620087336244542
2477	0.620087336244542	A	A.2	0.620087336244542
2478	0.620087336244542	A	A.2	0.620087336244542
2479	0.620087336244542	A	A.2	0.620087336244542
2480	0.620087336244542	A	A.2	0.620087336244542
2481	0.602620087336245	A	A.2	0.602620087336245
2482	0.602620087336245	A	A.2	0.602620087336245
2483	0.602620087336245	A	A.2	0.602620087336245
2484	0.602620087336245	A	A.2	0.602620087336245
2485	0.602620087336245	A	A.2	0.602620087336245
2486	0.602620087336245	A	A.2	0.602620087336245
2487	0.602620087336245	A	A.2	0.602620087336245
2488	0.602620087336245	A	A.2	0.602620087336245
2489	0.602620087336245	A	A.2	0.602620087336245
2490	0.602620087336245	A	A.2	0.602620087336245
2491	0.602620087336245	A	A.2	0.602620087336245
2492	0.602620087336245	A	A.2	0.602620087336245
2493	0.585152838427948	A	A.2	0.585152838427948
2494	0.585152838427948	A	A.2	0.585152838427948
2495	0.585152838427948	A	A.2	0.585152838427948
2496	0.585152838427948	A	A.2	0.585152838427948
2497	0.585152838427948	A	A.2	0.585152838427948
2498	0.585152838427948	A	A.2	0.585152838427948
2499	0.585152838427948	A	A.2	0.585152838427948
2500	0.585152838427948	A	A.2	0.585152838427948
2501	0.585152838427948	A	A.2	0.585152838427948
2502	0.585152838427948	A	A.2	0.585152838427948
2503	0.585152838427948	A	A.2	0.585152838427948
2504	0.585152838427948	A	A.2	0.585152838427948
2505	0.585152838427948	A	A.2	0.585152838427948
2506	0.585152838427948	A	A.2	0.585152838427948
2507	0.585152838427948	A	A.2	0.585152838427948
2508	0.585152838427948	A	A.2	0.585152838427948
2509	0.585152838427948	A	A.2	0.585152838427948
2510	0.585152838427948	A	A.2	0.585152838427948
2511	0.565502183406114	A	A.2	0.565502183406114
2512	0.565502183406114	A	A.2	0.565502183406114
2513	0.565502183406114	A	A.2	0.565502183406114
2514	0.565502183406114	A	A.2	0.565502183406114
2515	0.565502183406114	A	A.2	0.565502183406114
2516	0.565502183406114	A	A.2	0.565502183406114
2517	0.565502183406114	A	A.2	0.565502183406114
2518	0.565502183406114	A	A.2	0.565502183406114
2519	0.565502183406114	A	A.2	0.565502183406114
2520	0.580786026200873	A	A.2	0.580786026200873
2521	0.580786026200873	A	A.2	0.580786026200873
2522	0.580786026200873	A	A.2	0.580786026200873
2523	0.580786026200873	A	A.2	0.580786026200873
2524	0.580786026200873	A	A.2	0.580786026200873
2525	0.580786026200873	A	A.2	0.580786026200873
2526	0.580786026200873	A	A.2	0.580786026200873
2527	0.580786026200873	A	A.2	0.580786026200873
2528	0.580786026200873	A	A.2	0.580786026200873
2529	0.580786026200873	A	A.2	0.580786026200873
2530	0.580786026200873	A	A.2	0.580786026200873
2531	0.580786026200873	A	A.2	0.580786026200873
2532	0.580786026200873	A	A.2	0.580786026200873
2533	0.580786026200873	A	A.2	0.580786026200873
2534	0.606986899563319	A	A.2	0.606986899563319
2535	0.606986899563319	A	A.2	0.606986899563319
2536	0.606986899563319	A	A.2	0.606986899563319
2537	0.606986899563319	A	A.2	0.606986899563319
2538	0.606986899563319	A	A.2	0.606986899563319
2539	0.606986899563319	A	A.2	0.606986899563319
2540	0.606986899563319	A	A.2	0.606986899563319
2541	0.606986899563319	A	A.2	0.606986899563319
2542	0.606986899563319	A	A.2	0.606986899563319
2543	0.606986899563319	A	A.2	0.606986899563319
2544	0.604803493449782	A	A.2	0.604803493449782
2545	0.604803493449782	A	A.2	0.604803493449782
2546	0.604803493449782	A	A.2	0.604803493449782
2547	0.604803493449782	A	A.2	0.604803493449782
2548	0.604803493449782	A	A.2	0.604803493449782
2549	0.604803493449782	A	A.2	0.604803493449782
2550	0.604803493449782	A	A.2	0.604803493449782
2551	0.604803493449782	A	A.2	0.604803493449782
2552	0.604803493449782	A	A.2	0.604803493449782
2553	0.604803493449782	A	A.2	0.604803493449782
2554	0.604803493449782	A	A.2	0.604803493449782
2555	0.587336244541485	A	A.2	0.587336244541485
2556	0.587336244541485	A	A.2	0.587336244541485
2557	0.587336244541485	A	A.2	0.587336244541485
2558	0.587336244541485	A	A.2	0.587336244541485
2559	0.587336244541485	A	A.2	0.587336244541485
2560	0.587336244541485	A	A.2	0.587336244541485
2561	0.587336244541485	A	A.2	0.587336244541485
2562	0.587336244541485	A	A.2	0.587336244541485
2563	0.587336244541485	A	A.2	0.587336244541485
2564	0.587336244541485	A	A.2	0.587336244541485
2565	0.587336244541485	A	A.2	0.587336244541485
2566	0.587336244541485	A	A.2	0.587336244541485
2567	0.587336244541485	A	A.2	0.587336244541485
2568	0.587336244541485	A	A.2	0.587336244541485
2569	0.587336244541485	A	A.2	0.587336244541485
2570	0.587336244541485	A	A.2	0.587336244541485
2571	0.587336244541485	A	A.2	0.587336244541485
2572	0.587336244541485	A	A.2	0.587336244541485
2573	0.587336244541485	A	A.2	0.587336244541485
2574	0.587336244541485	A	A.2	0.587336244541485
2575	0.587336244541485	A	A.2	0.587336244541485
2576	0.587336244541485	A	A.2	0.587336244541485
2577	0.591703056768559	A	A.2	0.591703056768559
2578	0.591703056768559	A	A.2	0.591703056768559
2579	0.591703056768559	A	A.2	0.591703056768559
2580	0.591703056768559	A	A.2	0.591703056768559
2581	0.591703056768559	A	A.2	0.591703056768559
2582	0.591703056768559	A	A.2	0.591703056768559
2583	0.591703056768559	A	A.2	0.591703056768559
2584	0.591703056768559	A	A.2	0.591703056768559
2585	0.591703056768559	A	A.2	0.591703056768559
2586	0.617903930131004	A	A.2	0.617903930131004
2587	0.617903930131004	A	A.2	0.617903930131004
2588	0.617903930131004	A	A.2	0.617903930131004
2589	0.617903930131004	A	A.2	0.617903930131004
2590	0.617903930131004	A	A.2	0.617903930131004
2591	0.617903930131004	A	A.2	0.617903930131004
2592	0.617903930131004	A	A.2	0.617903930131004
2593	0.617903930131004	A	A.2	0.617903930131004
2594	0.617903930131004	A	A.2	0.617903930131004
2595	0.617903930131004	A	A.2	0.617903930131004
2596	0.617903930131004	A	A.2	0.617903930131004
2597	0.617903930131004	A	A.2	0.617903930131004
2598	0.617903930131004	A	A.2	0.617903930131004
2599	0.617903930131004	A	A.2	0.617903930131004
2600	0.617903930131004	A	A.2	0.617903930131004
2601	0.617903930131004	A	A.2	0.617903930131004
2602	0.617903930131004	A	A.2	0.617903930131004
2603	0.617903930131004	A	A.2	0.617903930131004
2604	0.617903930131004	A	A.2	0.617903930131004
2605	0.617903930131004	A	A.2	0.617903930131004
2606	0.617903930131004	A	A.2	0.617903930131004
2607	0.617903930131004	A	A.2	0.617903930131004
2608	0.617903930131004	A	A.2	0.617903930131004
2609	0.617903930131004	A	A.2	0.617903930131004
2610	0.537117903930131	A	A.2	0.537117903930131
2611	0.537117903930131	A	A.2	0.537117903930131
2612	0.537117903930131	A	A.2	0.537117903930131
2613	0.537117903930131	A	A.2	0.537117903930131
2614	0.537117903930131	A	A.2	0.537117903930131
2615	0.554585152838428	A	A.2	0.554585152838428
2616	0.554585152838428	A	A.2	0.554585152838428
2617	0.554585152838428	A	A.2	0.554585152838428
2618	0.554585152838428	A	A.2	0.554585152838428
2619	0.554585152838428	A	A.2	0.554585152838428
2620	0.554585152838428	A	A.2	0.554585152838428
2621	0.554585152838428	A	A.2	0.554585152838428
2622	0.554585152838428	A	A.2	0.554585152838428
2623	0.554585152838428	A	A.2	0.554585152838428
2624	0.609170305676856	A	A.2	0.609170305676856
2625	0.609170305676856	A	A.2	0.609170305676856
2626	0.609170305676856	A	A.2	0.609170305676856
2627	0.609170305676856	A	A.2	0.609170305676856
2628	0.609170305676856	A	A.2	0.609170305676856
2629	0.609170305676856	A	A.2	0.609170305676856
2630	0.631004366812227	A	A.2	0.631004366812227
2631	0.631004366812227	A	A.2	0.631004366812227
2632	0.631004366812227	A	A.2	0.631004366812227
2633	0.631004366812227	A	A.2	0.631004366812227
2634	0.631004366812227	A	A.2	0.631004366812227
2635	0.631004366812227	A	A.2	0.631004366812227
2636	0.631004366812227	A	A.2	0.631004366812227
2637	0.631004366812227	A	A.2	0.631004366812227
2638	0.631004366812227	A	A.2	0.631004366812227
2639	0.631004366812227	A	A.2	0.631004366812227
2640	0.631004366812227	A	A.2	0.631004366812227
2641	0.631004366812227	A	A.2	0.631004366812227
2642	0.54585152838428	A	A.2	0.54585152838428
2643	0.54585152838428	A	A.2	0.54585152838428
2644	0.54585152838428	A	A.2	0.54585152838428
2645	0.54585152838428	A	A.2	0.54585152838428
2646	0.593886462882096	A	A.2	0.593886462882096
2647	0.593886462882096	A	A.2	0.593886462882096
2648	0.593886462882096	A	A.2	0.593886462882096
2649	0.593886462882096	A	A.2	0.593886462882096
2650	0.593886462882096	A	A.2	0.593886462882096
2651	0.593886462882096	A	A.2	0.593886462882096
2652	0.593886462882096	A	A.2	0.593886462882096
2653	0.593886462882096	A	A.2	0.593886462882096
2654	0.593886462882096	A	A.2	0.593886462882096
2655	0.593886462882096	A	A.2	0.593886462882096
2656	0.563318777292576	A	A.2	0.563318777292576
2657	0.563318777292576	A	A.2	0.563318777292576
2658	0.563318777292576	A	A.2	0.563318777292576
2659	0.563318777292576	A	A.2	0.563318777292576
2660	0.563318777292576	A	A.2	0.563318777292576
2661	0.517467248908297	A	A.2	0.517467248908297
2662	0.517467248908297	A	A.2	0.517467248908297
2663	0.517467248908297	A	A.2	0.517467248908297
2664	0.517467248908297	A	A.2	0.517467248908297
2665	0.624454148471616	A	A.2	0.624454148471616
2666	0.624454148471616	A	A.2	0.624454148471616
2667	0.624454148471616	A	A.2	0.624454148471616
2668	0.624454148471616	A	A.2	0.624454148471616
2669	0.624454148471616	A	A.2	0.624454148471616
2670	0.624454148471616	A	A.2	0.624454148471616
2671	0.624454148471616	A	A.2	0.624454148471616
2672	0.624454148471616	A	A.2	0.624454148471616
2673	0.624454148471616	A	A.2	0.624454148471616
2674	0.624454148471616	A	A.2	0.624454148471616
2675	0.624454148471616	A	A.2	0.624454148471616
2676	0.552401746724891	A	A.2	0.552401746724891
2677	0.552401746724891	A	A.2	0.552401746724891
2678	0.510917030567686	B	B.1	-0.510917030567686
2679	0.510917030567686	B	B.1	-0.510917030567686
2680	0.510917030567686	B	B.1	-0.510917030567686
2681	0.510917030567686	B	B.1	-0.510917030567686
2682	0.510917030567686	B	B.1	-0.510917030567686
2683	0.510917030567686	B	B.1	-0.510917030567686
2684	0.510917030567686	B	B.1	-0.510917030567686
2685	0.510917030567686	B	B.1	-0.510917030567686
2686	0.510917030567686	B	B.1	-0.510917030567686
2687	0.519650655021834	A	A.2	0.519650655021834
2688	0.519650655021834	A	A.2	0.519650655021834
2689	0.519650655021834	A	A.2	0.519650655021834
2690	0.519650655021834	A	A.2	0.519650655021834
2691	0.519650655021834	A	A.2	0.519650655021834
2692	0.519650655021834	A	A.2	0.519650655021834
2693	0.519650655021834	A	A.2	0.519650655021834
2694	0.626637554585153	A	A.2	0.626637554585153
2695	0.626637554585153	A	A.2	0.626637554585153
2696	0.626637554585153	A	A.2	0.626637554585153
2697	0.626637554585153	A	A.2	0.626637554585153
2698	0.528384279475983	A	A.2	0.528384279475983
2699	0.528384279475983	A	A.2	0.528384279475983
2700	0.528384279475983	A	A.2	0.528384279475983
2701	0.528384279475983	A	A.2	0.528384279475983
2702	0.528384279475983	A	A.2	0.528384279475983
2703	0.528384279475983	A	A.2	0.528384279475983
2704	0.528384279475983	A	A.2	0.528384279475983
2705	0.526200873362445	A	A.2	0.526200873362445
2706	0.526200873362445	A	A.2	0.526200873362445
2707	0.526200873362445	A	A.2	0.526200873362445
2708	0.526200873362445	A	A.2	0.526200873362445
2709	0.51528384279476	B	B.1	-0.51528384279476
2710	0.51528384279476	B	B.1	-0.51528384279476
2711	0.51528384279476	B	B.1	-0.51528384279476
2712	0.51528384279476	B	B.1	-0.51528384279476
2713	0.51528384279476	B	B.1	-0.51528384279476
2714	0.541484716157205	A	A.2	0.541484716157205
2715				
2716				
2717	0.541484716157205	A	A.2	0.541484716157205
2718	0.541484716157205	A	A.2	0.541484716157205
2719	0.541484716157205	A	A.2	0.541484716157205
2720	0.541484716157205	A	A.2	0.541484716157205
2721	0.541484716157205	A	A.2	0.541484716157205
2722	0.541484716157205	A	A.2	0.541484716157205
2723	0.521834061135371	A	A.2	0.521834061135371
2724	0.521834061135371	A	A.2	0.521834061135371
2725	0.521834061135371	A	A.2	0.521834061135371
2726	0.521834061135371	A	A.2	0.521834061135371
2727	0.521834061135371	A	A.2	0.521834061135371
2728	0.521834061135371	A	A.2	0.521834061135371
2729	0.53056768558952	A	A.2	0.53056768558952
2730	0.53056768558952	A	A.2	0.53056768558952
2731	0.53056768558952	A	A.2	0.53056768558952
2732	0.53056768558952	A	A.2	0.53056768558952
2733	0.53056768558952	A	A.2	0.53056768558952
2734	0.53056768558952	A	A.2	0.53056768558952
2735	0.53056768558952	A	A.2	0.53056768558952
2736	0.53056768558952	A	A.2	0.53056768558952
2737	0.524017467248908	A	A.2	0.524017467248908
2738	0.524017467248908	A	A.2	0.524017467248908
2739	0.524017467248908	A	A.2	0.524017467248908
2740	0.524017467248908	A	A.2	0.524017467248908
2741	0.524017467248908	A	A.2	0.524017467248908
2742	0.524017467248908	A	A.2	0.524017467248908
2743	0.524017467248908	A	A.2	0.524017467248908
2744	0.524017467248908	A	A.2	0.524017467248908
2745	0.445414847161572	B	B.1	-0.445414847161572
2746	0.445414847161572	B	B.1	-0.445414847161572
2747	0.445414847161572	B	B.1	-0.445414847161572
2748	0.445414847161572	B	B.1	-0.445414847161572
2749	0.445414847161572	B	B.1	-0.445414847161572
2750	0.445414847161572	B	B.1	-0.445414847161572
2751	0.445414847161572	B	B.1	-0.445414847161572
2752	0.445414847161572	B	B.1	-0.445414847161572
2753	0.445414847161572	B	B.1	-0.445414847161572
2754	0.445414847161572	B	B.1	-0.445414847161572
2755	0.445414847161572	B	B.1	-0.445414847161572
2756	0.445414847161572	B	B.1	-0.445414847161572
2757	0.375545851528384	B	B.1	-0.375545851528384
2758	0.375545851528384	B	B.1	-0.375545851528384
2759	0.375545851528384	B	B.1	-0.375545851528384
2760	0.375545851528384	B	B.1	-0.375545851528384
2761	0.375545851528384	B	B.1	-0.375545851528384
2762	0.375545851528384	B	B.1	-0.375545851528384
2763	0.375545851528384	B	B.1	-0.375545851528384
2764	0.375545851528384	B	B.1	-0.375545851528384
2765	0.375545851528384	B	B.1	-0.375545851528384
2766	0.375545851528384	B	B.1	-0.375545851528384
2767	0.375545851528384	B	B.1	-0.375545851528384
2768	0.375545851528384	B	B.1	-0.375545851528384
2769	0.384279475982533	B	B.1	-0.384279475982533
2770	0.384279475982533	B	B.1	-0.384279475982533
2771	0.384279475982533	B	B.1	-0.384279475982533
2772	0.384279475982533	B	B.1	-0.384279475982533
2773	0.384279475982533	B	B.1	-0.384279475982533
2774	0.384279475982533	B	B.1	-0.384279475982533
2775	0.384279475982533	B	B.1	-0.384279475982533
2776	0.384279475982533	B	B.1	-0.384279475982533
2777	0.384279475982533	B	B.1	-0.384279475982533
2778	0.384279475982533	B	B.1	-0.384279475982533
2779	0.495633187772926	B	B.1	-0.495633187772926
2780	0.495633187772926	B	B.1	-0.495633187772926
2781	0.495633187772926	B	B.1	-0.495633187772926
2782	0.495633187772926	B	B.1	-0.495633187772926
2783	0.495633187772926	B	B.1	-0.495633187772926
2784	0.495633187772926	B	B.1	-0.495633187772926
2785	0.495633187772926	B	B.1	-0.495633187772926
2786	0.49781659388646304	B	B.1	-0.49781659388646304
2787	0.49781659388646304	B	B.1	-0.49781659388646304
2788	0.49781659388646304	B	B.1	-0.49781659388646304
2789	0.390829694323144	B	B.1	-0.390829694323144
2790	0.390829694323144	B	B.1	-0.390829694323144
2791	0.390829694323144	B	B.1	-0.390829694323144
2792	0.390829694323144	B	B.1	-0.390829694323144
2793	0.390829694323144	B	B.1	-0.390829694323144
2794	0.5	B	B.1	-0.5
2795	0.5	B	B.1	-0.5
2796	0.5	B	B.1	-0.5
2797	0.5	B	B.1	-0.5
2798	0.5	B	B.1	-0.5
2799	0.5	B	B.1	-0.5
2800	0.5	B	B.1	-0.5
2801	0.5	B	B.1	-0.5
2802	0.5	B	B.1	-0.5
2803	0.5	B	B.1	-0.5
2804	0.399563318777293	B	B.1	-0.399563318777293
2805	0.399563318777293	B	B.1	-0.399563318777293
2806	0.399563318777293	B	B.1	-0.399563318777293
2807	0.399563318777293	B	B.1	-0.399563318777293
2808	0.399563318777293	B	B.1	-0.399563318777293
2809	0.454148471615721	B	B.1	-0.454148471615721
2810	0.454148471615721	B	B.1	-0.454148471615721
2811	0.454148471615721	B	B.1	-0.454148471615721
2812	0.454148471615721	B	B.1	-0.454148471615721
2813	0.454148471615721	B	B.1	-0.454148471615721
2814	0.454148471615721	B	B.1	-0.454148471615721
2815	0.454148471615721	B	B.1	-0.454148471615721
2816	0.454148471615721	B	B.1	-0.454148471615721
2817	0.454148471615721	B	B.1	-0.454148471615721
2818	0.454148471615721	B	B.1	-0.454148471615721
2819	0.454148471615721	B	B.1	-0.454148471615721
2820	0.454148471615721	B	B.1	-0.454148471615721
2821				
2822	0.397379912663755	B	B.1	-0.397379912663755
2823	0.397379912663755	B	B.1	-0.397379912663755
2824	0.397379912663755	B	B.1	-0.397379912663755
2825	0.397379912663755	B	B.1	-0.397379912663755
2826	0.397379912663755	B	B.1	-0.397379912663755
2827	0.460698689956332	B	B.1	-0.460698689956332
2828	0.460698689956332	B	B.1	-0.460698689956332
2829	0.460698689956332	B	B.1	-0.460698689956332
2830				
2831				
2832	0.460698689956332	B	B.1	-0.460698689956332
2833	0.200873362445415	B	B.2	-0.200873362445415
2834	0.200873362445415	B	B.2	-0.200873362445415
2835	0.200873362445415	B	B.2	-0.200873362445415
2836	0.200873362445415	B	B.2	-0.200873362445415
2837	0.200873362445415	B	B.2	-0.200873362445415
2838	0.200873362445415	B	B.2	-0.200873362445415
2839	0.200873362445415	B	B.2	-0.200873362445415
2840	0.578602620087336	A	A.2	0.578602620087336
2841	0.578602620087336	A	A.2	0.578602620087336
2842	0.578602620087336	A	A.2	0.578602620087336
2843	0.578602620087336	A	A.2	0.578602620087336
2844	0.578602620087336	A	A.2	0.578602620087336
2845	0.58296943231441	A	A.2	0.58296943231441
2846	0.58296943231441	A	A.2	0.58296943231441
2847	0.58296943231441	A	A.2	0.58296943231441
2848	0.572052401746725	A	A.2	0.572052401746725
2849	0.572052401746725	A	A.2	0.572052401746725
2850	0.572052401746725	A	A.2	0.572052401746725
2851	0.572052401746725	A	A.2	0.572052401746725
2852	0.572052401746725	A	A.2	0.572052401746725
2853	0.572052401746725	A	A.2	0.572052401746725
2854	0.572052401746725	A	A.2	0.572052401746725
2855	0.567685589519651	A	A.2	0.567685589519651
2856	0.567685589519651	A	A.2	0.567685589519651
2857	0.567685589519651	A	A.2	0.567685589519651
2858	0.567685589519651	A	A.2	0.567685589519651
2859	0.567685589519651	A	A.2	0.567685589519651
2860	0.567685589519651	A	A.2	0.567685589519651
2861	0.567685589519651	A	A.2	0.567685589519651
2862	0.567685589519651	A	A.2	0.567685589519651
2863	0.567685589519651	A	A.2	0.567685589519651
2864	0.567685589519651	A	A.2	0.567685589519651
2865	0.567685589519651	A	A.2	0.567685589519651
2866	0.567685589519651	A	A.2	0.567685589519651
2867	0.567685589519651	A	A.2	0.567685589519651
2868	0.567685589519651	A	A.2	0.567685589519651
2869	0.567685589519651	A	A.2	0.567685589519651
2870	0.567685589519651	A	A.2	0.567685589519651
2871	0.567685589519651	A	A.2	0.567685589519651
2872	0.567685589519651	A	A.2	0.567685589519651
2873	0.567685589519651	A	A.2	0.567685589519651
2874	0.567685589519651	A	A.2	0.567685589519651
2875	0.567685589519651	A	A.2	0.567685589519651
2876	0.567685589519651	A	A.2	0.567685589519651
2877	0.567685589519651	A	A.2	0.567685589519651
2878	0.567685589519651	A	A.2	0.567685589519651
2879	0.567685589519651	A	A.2	0.567685589519651
2880	0.567685589519651	A	A.2	0.567685589519651
2881	0.569868995633188	A	A.2	0.569868995633188
2882	0.569868995633188	A	A.2	0.569868995633188
2883	0.569868995633188	A	A.2	0.569868995633188
2884	0.569868995633188	A	A.2	0.569868995633188
2885	0.569868995633188	A	A.2	0.569868995633188
2886	0.569868995633188	A	A.2	0.569868995633188
2887	0.569868995633188	A	A.2	0.569868995633188
2888	0.569868995633188	A	A.2	0.569868995633188
2889	0.569868995633188	A	A.2	0.569868995633188
2890	0.569868995633188	A	A.2	0.569868995633188
2891	0.569868995633188	A	A.2	0.569868995633188
2892	0.569868995633188	A	A.2	0.569868995633188
2893	0.569868995633188	A	A.2	0.569868995633188
2894	0.569868995633188	A	A.2	0.569868995633188
2895	0.569868995633188	A	A.2	0.569868995633188
2896	0.508733624454148	B	B.1	-0.508733624454148
2897	0.508733624454148	B	B.1	-0.508733624454148
2898	0.508733624454148	B	B.1	-0.508733624454148
2899	0.556768558951965	A	A.2	0.556768558951965
2900	0.556768558951965	A	A.2	0.556768558951965
2901	0.556768558951965	A	A.2	0.556768558951965
2902	0.556768558951965	A	A.2	0.556768558951965
2903	0.61353711790393	A	A.2	0.61353711790393
2904	0.61353711790393	A	A.2	0.61353711790393
2905	0.574235807860262	A	A.2	0.574235807860262
2906	0.574235807860262	A	A.2	0.574235807860262
2907	0.504366812227074	B	B.1	-0.504366812227074
2908	0.504366812227074	B	B.1	-0.504366812227074
2909	0.504366812227074	B	B.1	-0.504366812227074
2910	0.504366812227074	B	B.1	-0.504366812227074
2911	0.504366812227074	B	B.1	-0.504366812227074
2912	0.504366812227074	B	B.1	-0.504366812227074
2913	0.504366812227074	B	B.1	-0.504366812227074
2914	0.504366812227074	B	B.1	-0.504366812227074
2915	0.504366812227074	B	B.1	-0.504366812227074
2916	0.504366812227074	B	B.1	-0.504366812227074
2917	0.504366812227074	B	B.1	-0.504366812227074
2918	0.576419213973799	A	A.2	0.576419213973799
2919	0.576419213973799	A	A.2	0.576419213973799
2920	0.576419213973799	A	A.2	0.576419213973799
2921	0.506550218340611	B	B.1	-0.506550218340611
2922	0.506550218340611	B	B.1	-0.506550218340611
2923	0.506550218340611	B	B.1	-0.506550218340611
2924	0.506550218340611	B	B.1	-0.506550218340611
2925	0.548034934497817	A	A.2	0.548034934497817
2926	0.548034934497817	A	A.2	0.548034934497817
2927	0.548034934497817	A	A.2	0.548034934497817
2928	0.548034934497817	A	A.2	0.548034934497817
2929	0.548034934497817	A	A.2	0.548034934497817
2930	0.449781659388646	B	B.1	-0.449781659388646
2931	0.449781659388646	B	B.1	-0.449781659388646
2932	0.449781659388646	B	B.1	-0.449781659388646
2933	0.449781659388646	B	B.1	-0.449781659388646
2934	0.449781659388646	B	B.1	-0.449781659388646
2935	0.449781659388646	B	B.1	-0.449781659388646
2936				
2937	0.449781659388646	B	B.1	-0.449781659388646
2938	0.449781659388646	B	B.1	-0.449781659388646
2939	0.449781659388646	B	B.1	-0.449781659388646
2940	0.449781659388646	B	B.1	-0.449781659388646
2941	0.410480349344978	B	B.1	-0.410480349344978
2942	0.410480349344978	B	B.1	-0.410480349344978
2943	0.410480349344978	B	B.1	-0.410480349344978
2944	0.410480349344978	B	B.1	-0.410480349344978
2945	0.410480349344978	B	B.1	-0.410480349344978
2946	0.410480349344978	B	B.1	-0.410480349344978
2947	0.410480349344978	B	B.1	-0.410480349344978
2948	0.410480349344978	B	B.1	-0.410480349344978
2949	0.410480349344978	B	B.1	-0.410480349344978
2950	0.410480349344978	B	B.1	-0.410480349344978
2951	0.40829694323144106	B	B.1	-0.40829694323144106
2952	0.40829694323144106	B	B.1	-0.40829694323144106
2953	0.40829694323144106	B	B.1	-0.40829694323144106
2954	0.40829694323144106	B	B.1	-0.40829694323144106
2955	0.40829694323144106	B	B.1	-0.40829694323144106
2956	0.40829694323144106	B	B.1	-0.40829694323144106
2957	0.40829694323144106	B	B.1	-0.40829694323144106
2958	0.40829694323144106	B	B.1	-0.40829694323144106
2959	0.40829694323144106	B	B.1	-0.40829694323144106
2960	0.40829694323144106	B	B.1	-0.40829694323144106
2961	0.40829694323144106	B	B.1	-0.40829694323144106
2962	0.40829694323144106	B	B.1	-0.40829694323144106
2963	0.40829694323144106	B	B.1	-0.40829694323144106
2964	0.40829694323144106	B	B.1	-0.40829694323144106
2965	0.395196506550218	B	B.1	-0.395196506550218
2966	0.395196506550218	B	B.1	-0.395196506550218
2967	0.395196506550218	B	B.1	-0.395196506550218
2968	0.342794759825328	B	B.1	-0.342794759825328
2969	0.342794759825328	B	B.1	-0.342794759825328
2970	0.342794759825328	B	B.1	-0.342794759825328
2971	0.342794759825328	B	B.1	-0.342794759825328
2972	0.342794759825328	B	B.1	-0.342794759825328
2973	0.342794759825328	B	B.1	-0.342794759825328
2974	0.403930131004367	B	B.1	-0.403930131004367
2975	0.403930131004367	B	B.1	-0.403930131004367
2976	0.403930131004367	B	B.1	-0.403930131004367
2977	0.403930131004367	B	B.1	-0.403930131004367
2978	0.403930131004367	B	B.1	-0.403930131004367
2979	0.203056768558952	B	B.2	-0.203056768558952
2980	0.203056768558952	B	B.2	-0.203056768558952
2981	0.203056768558952	B	B.2	-0.203056768558952
2982	0.203056768558952	B	B.2	-0.203056768558952
2983	0.419213973799127	B	B.1	-0.419213973799127
2984	0.419213973799127	B	B.1	-0.419213973799127
2985	0.419213973799127	B	B.1	-0.419213973799127
2986	0.419213973799127	B	B.1	-0.419213973799127
2987	0.4628820960698691	B	B.1	-0.4628820960698691
2988	0.4628820960698691	B	B.1	-0.4628820960698691
2989	0.4628820960698691	B	B.1	-0.4628820960698691
2990	0.4628820960698691	B	B.1	-0.4628820960698691
2991				
2992	0.351528384279476	B	B.1	-0.351528384279476
2993	0.351528384279476	B	B.1	-0.351528384279476
2994	0.351528384279476	B	B.1	-0.351528384279476
2995	0.351528384279476	B	B.1	-0.351528384279476
2996	0.35589519650655	B	B.1	-0.35589519650655
2997	0.35589519650655	B	B.1	-0.35589519650655
2998	0.35589519650655	B	B.1	-0.35589519650655
2999	0.35589519650655	B	B.1	-0.35589519650655
3000	0.443231441048035	B	B.1	-0.443231441048035
3001	0.443231441048035	B	B.1	-0.443231441048035
3002	0.443231441048035	B	B.1	-0.443231441048035
3003	0.443231441048035	B	B.1	-0.443231441048035
3004	0.443231441048035	B	B.1	-0.443231441048035
3005	0.443231441048035	B	B.1	-0.443231441048035
3006	0.443231441048035	B	B.1	-0.443231441048035
3007	0.443231441048035	B	B.1	-0.443231441048035
3008	0.443231441048035	B	B.1	-0.443231441048035
3009	0.458515283842795	B	B.1	-0.458515283842795
3010	0.458515283842795	B	B.1	-0.458515283842795
3011	0.458515283842795	B	B.1	-0.458515283842795
3012	0.458515283842795	B	B.1	-0.458515283842795
3013	0.458515283842795	B	B.1	-0.458515283842795
3014	0.458515283842795	B	B.1	-0.458515283842795
3015	0.458515283842795	B	B.1	-0.458515283842795
3016	0.458515283842795	B	B.1	-0.458515283842795
3017	0.458515283842795	B	B.1	-0.458515283842795
3018	0.458515283842795	B	B.1	-0.458515283842795
3019	0.48471615720524	B	B.1	-0.48471615720524
3020	0.48471615720524	B	B.1	-0.48471615720524
3021	0.48471615720524	B	B.1	-0.48471615720524
3022	0.48471615720524	B	B.1	-0.48471615720524
3023	0.48471615720524	B	B.1	-0.48471615720524
3024	0.48471615720524	B	B.1	-0.48471615720524
3025	0.48471615720524	B	B.1	-0.48471615720524
3026	0.48471615720524	B	B.1	-0.48471615720524
3027	0.48471615720524	B	B.1	-0.48471615720524
3028	0.44759825327510894	B	B.1	-0.44759825327510894
3029	0.44759825327510894	B	B.1	-0.44759825327510894
3030	0.44759825327510894	B	B.1	-0.44759825327510894
3031	0.44759825327510894	B	B.1	-0.44759825327510894
3032	0.44759825327510894	B	B.1	-0.44759825327510894
3033	0.44759825327510894	B	B.1	-0.44759825327510894
3034	0.388646288209607	B	B.1	-0.388646288209607
3035	0.388646288209607	B	B.1	-0.388646288209607
3036	0.388646288209607	B	B.1	-0.388646288209607
3037	0.388646288209607	B	B.1	-0.388646288209607
3038	0.388646288209607	B	B.1	-0.388646288209607
3039	0.451965065502183	B	B.1	-0.451965065502183
3040	0.451965065502183	B	B.1	-0.451965065502183
3041	0.451965065502183	B	B.1	-0.451965065502183
3042	0.451965065502183	B	B.1	-0.451965065502183
3043	0.451965065502183	B	B.1	-0.451965065502183
3044	0.451965065502183	B	B.1	-0.451965065502183
3045	0.451965065502183	B	B.1	-0.451965065502183
3046	0.451965065502183	B	B.1	-0.451965065502183
3047	0.393013100436681	B	B.1	-0.393013100436681
3048	0.393013100436681	B	B.1	-0.393013100436681
3049	0.393013100436681	B	B.1	-0.393013100436681
3050	0.393013100436681	B	B.1	-0.393013100436681
3051	0.393013100436681	B	B.1	-0.393013100436681
3052	0.478165938864629	B	B.1	-0.478165938864629
3053	0.478165938864629	B	B.1	-0.478165938864629
3054	0.478165938864629	B	B.1	-0.478165938864629
3055				
3056	0.478165938864629	B	B.1	-0.478165938864629
3057	0.478165938864629	B	B.1	-0.478165938864629
3058	0.478165938864629	B	B.1	-0.478165938864629
3059	0.478165938864629	B	B.1	-0.478165938864629
3060	0.478165938864629	B	B.1	-0.478165938864629
3061	0.478165938864629	B	B.1	-0.478165938864629
3062				
3063	0.502183406113537	B	B.1	-0.502183406113537
3064	0.502183406113537	B	B.1	-0.502183406113537
3065				
3066	0.502183406113537	B	B.1	-0.502183406113537
3067	0.502183406113537	B	B.1	-0.502183406113537
3068	0.502183406113537	B	B.1	-0.502183406113537
3069	0.502183406113537	B	B.1	-0.502183406113537
3070	0.502183406113537	B	B.1	-0.502183406113537
3071	0.502183406113537	B	B.1	-0.502183406113537
3072	0.502183406113537	B	B.1	-0.502183406113537
3073	0.502183406113537	B	B.1	-0.502183406113537
3074	0.502183406113537	B	B.1	-0.502183406113537
3075	0.502183406113537	B	B.1	-0.502183406113537
3076	0.502183406113537	B	B.1	-0.502183406113537
3077	0.502183406113537	B	B.1	-0.502183406113537
3078	0.502183406113537	B	B.1	-0.502183406113537
3079	0.502183406113537	B	B.1	-0.502183406113537
3080	0.502183406113537	B	B.1	-0.502183406113537
3081	0.543668122270742	A	A.2	0.543668122270742
3082	0.543668122270742	A	A.2	0.543668122270742
3083				
3084				
3085				
3086	0.543668122270742	A	A.2	0.543668122270742
3087	0.543668122270742	A	A.2	0.543668122270742
3088	0.543668122270742	A	A.2	0.543668122270742
3089	0.543668122270742	A	A.2	0.543668122270742
3090	0.543668122270742	A	A.2	0.543668122270742
3091	0.543668122270742	A	A.2	0.543668122270742
3092	0.543668122270742	A	A.2	0.543668122270742
3093	0.543668122270742	A	A.2	0.543668122270742
3094	0.539301310043668	A	A.2	0.539301310043668
3095	0.539301310043668	A	A.2	0.539301310043668
3096	0.539301310043668	A	A.2	0.539301310043668
3097	0.539301310043668	A	A.2	0.539301310043668
3098	0.539301310043668	A	A.2	0.539301310043668
3099	0.539301310043668	A	A.2	0.539301310043668
3100	0.539301310043668	A	A.2	0.539301310043668
3101	0.539301310043668	A	A.2	0.539301310043668
3102	0.550218340611354	A	A.2	0.550218340611354
3103	0.550218340611354	A	A.2	0.550218340611354
3104	0.550218340611354	A	A.2	0.550218340611354
3105	0.550218340611354	A	A.2	0.550218340611354
3106	0.550218340611354	A	A.2	0.550218340611354
3107				
3108	0.550218340611354	A	A.2	0.550218340611354
3109				
3110	0.550218340611354	A	A.2	0.550218340611354
3111	0.513100436681223	B	B.1	-0.513100436681223
3112	0.513100436681223	B	B.1	-0.513100436681223
3113	0.513100436681223	B	B.1	-0.513100436681223
3114	0.513100436681223	B	B.1	-0.513100436681223
3115	0.513100436681223	B	B.1	-0.513100436681223
3116	0.513100436681223	B	B.1	-0.513100436681223
3117	0.513100436681223	B	B.1	-0.513100436681223
3118	0.513100436681223	B	B.1	-0.513100436681223
3119	0.513100436681223	B	B.1	-0.513100436681223
3120	0.513100436681223	B	B.1	-0.513100436681223
