chr	pos_start	pos_end	comp_name	comp_rank	continous_rank
chrX	63800001	63810000	B.2.2.1.2.2.2.2	0.125	0.0479452054794521
chrX	63810001	63820000	B.2.2.1.2.2.2.2	0.125	0.0479452054794521
chrX	63820001	63830000	B.2.2.1.2.2.2.2	0.125	0.0479452054794521
chrX	63830001	63840000	B.2.2.1.2.2.2.2	0.125	0.0479452054794521
chrX	63840001	63850000	B.2.2.1.2.2.2.2	0.125	0.0479452054794521
chrX	63850001	63860000	B.2.2.1.2.2.2.2	0.125	0.0479452054794521
chrX	63860001	63870000	B.2.2.1.2.2.2.2	0.125	0.0479452054794521
chrX	63870001	63880000	B.2.2.1.2.2.2.2	0.125	0.0479452054794521
chrX	63880001	63890000	B.2.2.1.2.2.2.2	0.125	0.0479452054794521
chrX	63890001	63900000	B.2.2.1.2.2.2.2	0.125	0.0479452054794521
chrX	63900001	63910000	B.2.2.1.2.2.2.2	0.125	0.0479452054794521
chrX	63910001	63920000	B.2.2.1.2.2.2.2	0.125	0.0479452054794521
chrX	63920001	63930000	B.2.2.1.2.2.2.2	0.125	0.0479452054794521
chrX	63930001	63940000	B.2.2.1.2.2.2.2	0.125	0.0479452054794521
chrX	63940001	63950000	B.2.2.1.2.2.2.2	0.125	0.0479452054794521
chrX	63950001	63960000	B.2.2.1.2.2.2.2	0.125	0.0479452054794521
chrX	63960001	63970000	B.2.2.1.2.2.2.2	0.125	0.0479452054794521
chrX	63970001	63980000	B.2.2.1.2.2.2.2	0.125	0.0479452054794521
chrX	63980001	63990000	B.2.2.1.2.2.2.2	0.125	0.0479452054794521
chrX	63990001	6.4e+07	B.2.2.1.2.2.2.2	0.125	0.0479452054794521
chrX	64000001	64010000	B.2.2.1.2.2.2.2	0.125	0.0479452054794521
chrX	64010001	64020000	B.2.2.1.2.2.2.2	0.125	0.0479452054794521
chrX	64020001	64030000	B.2.2.1.2.2.2.2	0.125	0.0479452054794521
chrX	64030001	64040000	B.2.2.1.2.2.2.2	0.125	0.0479452054794521
chrX	64040001	64050000	B.2.2.1.2.2.2.2	0.125	0.0479452054794521
chrX	64050001	64060000	B.2.2.1.2.2.2.2	0.125	0.0479452054794521
chrX	64060001	64070000	B.2.2.1.2.2.2.2	0.125	0.0479452054794521
chrX	64070001	64080000	B.2.2.1.2.2.2.2	0.125	0.0479452054794521
chrX	64080001	64090000	B.2.2.1.2.2.2.2	0.125	0.0479452054794521
chrX	64090001	64100000	B.2.2.1.2.2.2.2	0.125	0.0479452054794521
chrX	64100001	64110000	B.2.2.1.2.2.1.1.1.1	0.125	0.0787671232876712
chrX	64110001	64120000	B.2.2.1.2.2.1.1.1.1	0.125	0.0787671232876712
chrX	64120001	64130000	B.2.2.1.2.2.1.1.1.1	0.125	0.0787671232876712
chrX	64130001	64140000	B.2.2.1.2.2.1.1.1.1	0.125	0.0787671232876712
chrX	64140001	64150000	B.2.2.1.2.2.1.1.1.1	0.125	0.0787671232876712
chrX	64150001	64160000	B.2.2.1.2.2.1.1.1.1	0.125	0.0787671232876712
chrX	64160001	64170000	B.2.2.1.2.2.1.1.1.1	0.125	0.0787671232876712
chrX	64170001	64180000	B.2.2.1.2.2.1.1.1.1	0.125	0.0787671232876712
chrX	64180001	64190000	B.2.2.1.2.2.1.1.1.1	0.125	0.0787671232876712
chrX	64190001	64200000	B.2.2.1.2.2.1.1.1.1	0.125	0.0787671232876712
chrX	64200001	64210000	B.2.2.1.2.2.1.1.1.1	0.125	0.0787671232876712
chrX	64210001	64220000	B.2.2.1.2.2.1.1.1.1	0.125	0.0787671232876712
chrX	64220001	64230000	B.2.2.1.2.2.1.1.1.1	0.125	0.0787671232876712
chrX	64230001	64240000	B.2.2.1.2.2.1.1.1.1	0.125	0.0787671232876712
chrX	64240001	64250000	B.2.2.1.2.2.1.1.1.1	0.125	0.0787671232876712
chrX	64250001	64260000	B.2.2.1.2.2.1.1.1.2.1	0.125	0.0753424657534247
chrX	64260001	64270000	B.2.2.1.2.2.1.1.1.2.1	0.125	0.0753424657534247
chrX	64270001	64280000	B.2.2.1.2.2.1.1.1.2.1	0.125	0.0753424657534247
chrX	64280001	64290000	B.2.2.1.2.2.1.1.1.2.1	0.125	0.0753424657534247
chrX	64290001	64300000	B.2.2.1.2.2.1.1.1.2.1	0.125	0.0753424657534247
chrX	64300001	64310000	B.2.2.1.2.2.1.1.1.2.1	0.125	0.0753424657534247
chrX	64310001	64320000	B.2.2.1.2.2.1.1.1.2.1	0.125	0.0753424657534247
chrX	64320001	64330000	B.2.2.1.2.2.1.1.1.2.1	0.125	0.0753424657534247
chrX	64330001	64340000	B.2.2.1.2.2.1.1.1.2.1	0.125	0.0753424657534247
chrX	64340001	64350000	B.2.2.1.2.2.1.1.1.2.1	0.125	0.0753424657534247
chrX	64350001	64360000	B.2.2.1.2.2.1.1.1.2.1	0.125	0.0753424657534247
chrX	64360001	64370000	B.2.2.1.2.2.1.1.1.2.1	0.125	0.0753424657534247
chrX	64370001	64380000	B.2.2.1.2.2.1.1.1.2.1	0.125	0.0753424657534247
chrX	64380001	64390000	B.2.2.1.2.2.1.1.1.2.1	0.125	0.0753424657534247
chrX	64390001	64400000	B.2.2.1.2.2.1.1.1.2.1	0.125	0.0753424657534247
chrX	64400001	64410000	B.2.1.2.2.1.2.1.2.1	0.25	0.226027397260274
chrX	64410001	64420000	B.2.1.2.2.1.2.1.2.1	0.25	0.226027397260274
chrX	64420001	64430000	B.2.1.2.2.1.2.1.2.1	0.25	0.226027397260274
chrX	64430001	64440000	B.2.1.2.2.1.2.1.2.1	0.25	0.226027397260274
chrX	64440001	64450000	B.2.1.2.2.1.2.1.2.1	0.25	0.226027397260274
chrX	64450001	64460000	B.2.1.2.2.1.2.1.2.1	0.25	0.226027397260274
chrX	64460001	64470000	B.2.1.2.2.1.2.1.2.1	0.25	0.226027397260274
chrX	64470001	64480000	B.2.1.2.2.1.2.1.2.1	0.25	0.226027397260274
chrX	64480001	64490000	B.2.1.2.2.1.2.1.2.1	0.25	0.226027397260274
chrX	64490001	64500000	B.2.1.2.2.1.2.1.2.1	0.25	0.226027397260274
chrX	64500001	64510000	B.2.1.2.2.1.2.1.2.1	0.25	0.226027397260274
chrX	64510001	64520000	B.2.1.2.2.1.2.1.2.1	0.25	0.226027397260274
chrX	64520001	64530000	B.2.1.2.2.1.2.1.2.1	0.25	0.226027397260274
chrX	64530001	64540000	B.2.1.2.2.1.2.1.2.1	0.25	0.226027397260274
chrX	64540001	64550000	B.2.1.2.2.1.2.1.2.1	0.25	0.226027397260274
chrX	64550001	64560000	B.2.1.2.2.1.2.1.2.1	0.25	0.226027397260274
chrX	64560001	64570000	B.2.1.2.2.1.2.1.2.1	0.25	0.226027397260274
chrX	64570001	64580000	B.2.1.2.2.1.2.1.2.1	0.25	0.226027397260274
chrX	64580001	64590000	B.2.1.2.2.1.2.1.2.1	0.25	0.226027397260274
chrX	64590001	64600000	B.2.1.2.2.1.2.1.2.1	0.25	0.226027397260274
chrX	64600001	64610000	B.2.1.2.2.1.2.1.2.1	0.25	0.226027397260274
chrX	64610001	64620000	B.2.1.2.2.1.2.1.2.1	0.25	0.226027397260274
chrX	64620001	64630000	B.2.1.2.2.1.2.1.2.1	0.25	0.226027397260274
chrX	64630001	64640000	B.2.1.2.2.1.2.1.2.1	0.25	0.226027397260274
chrX	64640001	64650000	B.2.1.2.2.1.2.1.2.1	0.25	0.226027397260274
chrX	64650001	64660000	B.2.1.2.2.1.2.1.2.1	0.25	0.226027397260274
chrX	64660001	64670000	B.2.1.2.2.1.2.1.2.1	0.25	0.226027397260274
chrX	64670001	64680000	B.2.1.2.2.1.2.1.2.1	0.25	0.226027397260274
chrX	64680001	64690000	B.2.1.2.2.1.2.1.2.1	0.25	0.226027397260274
chrX	64690001	64700000	B.2.1.2.2.1.2.1.2.1	0.25	0.226027397260274
chrX	64700001	64710000	B.2.1.2.2.1.2.1.2.1	0.25	0.226027397260274
chrX	64710001	64720000	B.2.1.2.2.1.2.1.2.1	0.25	0.226027397260274
chrX	64720001	64730000	B.2.1.2.2.1.2.1.2.1	0.25	0.226027397260274
chrX	64730001	64740000	B.2.1.2.2.1.2.1.2.1	0.25	0.226027397260274
chrX	64740001	64750000	B.2.1.2.2.1.2.1.2.1	0.25	0.226027397260274
chrX	64750001	64760000	B.2.1.2.2.1.2.1.2.1	0.25	0.226027397260274
chrX	64760001	64770000	B.2.1.2.2.1.2.1.2.1	0.25	0.226027397260274
chrX	64770001	64780000	B.2.1.2.2.1.2.1.2.1	0.25	0.226027397260274
chrX	64780001	64790000	B.2.1.2.2.1.2.1.2.1	0.25	0.226027397260274
chrX	64790001	64800000	B.2.1.2.2.1.2.1.2.1	0.25	0.226027397260274
chrX	64800001	64810000	B.2.1.2.2.1.2.1.2.1	0.25	0.226027397260274
chrX	64810001	64820000	B.2.1.2.2.1.2.1.2.1	0.25	0.226027397260274
chrX	64820001	64830000	B.2.1.2.2.1.2.1.2.1	0.25	0.226027397260274
chrX	64830001	64840000	B.2.1.2.2.1.2.1.2.1	0.25	0.226027397260274
chrX	64840001	64850000	B.2.1.2.2.1.2.1.2.1	0.25	0.226027397260274
chrX	64850001	64860000	A.2.2.1.1.1.1.1	0.625	0.763698630136986
chrX	64860001	64870000	A.2.2.1.1.1.1.1	0.625	0.763698630136986
chrX	64870001	64880000	A.2.2.1.1.1.1.1	0.625	0.763698630136986
chrX	64880001	64890000	A.2.2.1.1.1.1.1	0.625	0.763698630136986
chrX	64890001	64900000	A.2.2.1.1.1.1.1	0.625	0.763698630136986
chrX	64900001	64910000	A.2.2.1.1.1.1.1	0.625	0.763698630136986
chrX	64910001	64920000	A.2.2.1.1.1.1.1	0.625	0.763698630136986
chrX	64920001	64930000	A.2.2.1.1.1.1.1	0.625	0.763698630136986
chrX	64930001	64940000	A.2.2.1.1.1.1.1	0.625	0.763698630136986
chrX	64940001	64950000	A.2.2.1.1.1.1.1	0.625	0.763698630136986
chrX	64950001	64960000	A.2.2.1.1.1.1.1	0.625	0.763698630136986
chrX	64960001	64970000	A.2.2.1.1.1.1.1	0.625	0.763698630136986
chrX	64970001	64980000	A.2.2.1.1.1.1.1	0.625	0.763698630136986
chrX	64980001	64990000	A.2.2.1.1.1.1.1	0.625	0.763698630136986
chrX	64990001	6.5e+07	A.2.2.1.1.1.1.1	0.625	0.763698630136986
chrX	65000001	65010000	A.2.2.1.1.1.1.1	0.625	0.763698630136986
chrX	65010001	65020000	A.2.2.1.1.1.1.1	0.625	0.763698630136986
chrX	65020001	65030000	A.2.2.1.1.1.1.1	0.625	0.763698630136986
chrX	65030001	65040000	A.2.2.1.1.1.1.1	0.625	0.763698630136986
chrX	65040001	65050000	A.2.2.1.1.1.1.1	0.625	0.763698630136986
chrX	65050001	65060000	B.2.1.2.2.1.2.1.1	0.25	0.229452054794521
chrX	65060001	65070000	B.2.1.2.2.1.2.1.1	0.25	0.229452054794521
chrX	65070001	65080000	B.2.1.2.2.1.2.1.1	0.25	0.229452054794521
chrX	65080001	65090000	B.2.1.2.2.1.2.1.1	0.25	0.229452054794521
chrX	65090001	65100000	B.2.1.2.2.1.2.1.1	0.25	0.229452054794521
chrX	65100001	65110000	B.2.1.2.2.1.2.1.1	0.25	0.229452054794521
chrX	65110001	65120000	B.2.1.2.2.1.2.1.1	0.25	0.229452054794521
chrX	65120001	65130000	B.2.1.2.2.1.2.1.1	0.25	0.229452054794521
chrX	65130001	65140000	B.2.1.2.2.1.2.1.1	0.25	0.229452054794521
chrX	65140001	65150000	B.2.1.2.2.1.2.1.1	0.25	0.229452054794521
chrX	65150001	65160000	B.2.1.2.2.1.2.1.1	0.25	0.229452054794521
chrX	65160001	65170000	B.2.1.2.2.1.2.1.1	0.25	0.229452054794521
chrX	65170001	65180000	B.2.1.2.2.1.2.1.1	0.25	0.229452054794521
chrX	65180001	65190000	B.2.1.2.2.1.2.1.1	0.25	0.229452054794521
chrX	65190001	65200000	B.2.1.2.2.1.2.1.1	0.25	0.229452054794521
chrX	65200001	65210000	B.2.1.2.2.1.2.1.1	0.25	0.229452054794521
chrX	65210001	65220000	B.2.1.2.2.1.2.1.1	0.25	0.229452054794521
chrX	65220001	65230000	B.2.1.2.2.1.2.1.1	0.25	0.229452054794521
chrX	65230001	65240000	B.2.1.2.2.1.2.1.1	0.25	0.229452054794521
chrX	65240001	65250000	B.2.1.2.2.1.2.1.1	0.25	0.229452054794521
chrX	65250001	65260000	B.2.2.1.2.2.1.1.2.1.1.2	0.125	0.0650684931506849
chrX	65260001	65270000	B.2.2.1.2.2.1.1.2.1.1.2	0.125	0.0650684931506849
chrX	65270001	65280000	B.2.2.1.2.2.1.1.2.1.1.2	0.125	0.0650684931506849
chrX	65280001	65290000	B.2.2.1.2.2.1.1.2.1.1.2	0.125	0.0650684931506849
chrX	65290001	65300000	B.2.2.1.2.2.1.1.2.1.1.2	0.125	0.0650684931506849
chrX	65300001	65310000	B.2.2.1.2.2.1.1.2.1.1.2	0.125	0.0650684931506849
chrX	65310001	65320000	B.2.2.1.2.2.1.1.2.1.1.2	0.125	0.0650684931506849
chrX	65320001	65330000	B.2.2.1.2.2.1.1.2.1.1.2	0.125	0.0650684931506849
chrX	65330001	65340000	B.2.2.1.2.2.1.1.2.1.1.2	0.125	0.0650684931506849
chrX	65340001	65350000	B.2.2.1.2.2.1.1.2.1.1.2	0.125	0.0650684931506849
chrX	65350001	65360000	B.2.2.1.2.2.1.1.2.1.1.2	0.125	0.0650684931506849
chrX	65360001	65370000	B.2.2.1.2.2.1.1.2.1.1.2	0.125	0.0650684931506849
chrX	65370001	65380000	B.2.2.1.2.2.1.1.2.1.1.2	0.125	0.0650684931506849
chrX	65380001	65390000	B.2.2.1.2.2.1.1.2.1.1.2	0.125	0.0650684931506849
chrX	65390001	65400000	B.2.2.1.2.2.1.1.2.1.1.2	0.125	0.0650684931506849
chrX	65400001	65410000	B.2.2.1.2.2.1.1.2.1.1.2	0.125	0.0650684931506849
chrX	65410001	65420000	B.2.2.1.2.2.1.1.2.1.1.2	0.125	0.0650684931506849
chrX	65420001	65430000	B.2.2.1.2.2.1.1.2.1.1.2	0.125	0.0650684931506849
chrX	65430001	65440000	B.2.2.1.2.2.1.1.2.1.1.2	0.125	0.0650684931506849
chrX	65440001	65450000	B.2.2.1.2.2.1.1.2.1.1.2	0.125	0.0650684931506849
chrX	65450001	65460000	B.2.2.1.2.2.1.1.2.1.1.2	0.125	0.0650684931506849
chrX	65460001	65470000	B.2.2.1.2.2.1.1.2.1.1.2	0.125	0.0650684931506849
chrX	65470001	65480000	B.2.2.1.2.2.1.1.2.1.1.2	0.125	0.0650684931506849
chrX	65480001	65490000	B.2.2.1.2.2.1.1.2.1.1.2	0.125	0.0650684931506849
chrX	65490001	65500000	B.2.2.1.2.2.1.1.2.1.1.2	0.125	0.0650684931506849
chrX	65500001	65510000	B.2.2.1.2.2.2.1	0.125	0.0513698630136986
chrX	65510001	65520000	B.2.2.1.2.2.2.1	0.125	0.0513698630136986
chrX	65520001	65530000	B.2.2.1.2.2.2.1	0.125	0.0513698630136986
chrX	65530001	65540000	B.2.2.1.2.2.2.1	0.125	0.0513698630136986
chrX	65540001	65550000	B.2.2.1.2.2.2.1	0.125	0.0513698630136986
chrX	65550001	65560000	B.2.2.1.2.2.2.1	0.125	0.0513698630136986
chrX	65560001	65570000	B.2.2.1.2.2.2.1	0.125	0.0513698630136986
chrX	65570001	65580000	B.2.2.1.2.2.2.1	0.125	0.0513698630136986
chrX	65580001	65590000	B.2.2.1.2.2.2.1	0.125	0.0513698630136986
chrX	65590001	65600000	B.2.2.1.2.2.2.1	0.125	0.0513698630136986
chrX	65600001	65610000	B.2.2.1.2.2.2.1	0.125	0.0513698630136986
chrX	65610001	65620000	B.2.2.1.2.2.2.1	0.125	0.0513698630136986
chrX	65620001	65630000	B.2.2.1.2.2.2.1	0.125	0.0513698630136986
chrX	65630001	65640000	B.2.2.1.2.2.2.1	0.125	0.0513698630136986
chrX	65640001	65650000	B.2.2.1.2.2.2.1	0.125	0.0513698630136986
chrX	65650001	65660000	B.2.2.2.2.1.2	0.125	0.0102739726027397
chrX	65660001	65670000	B.2.2.2.2.1.2	0.125	0.0102739726027397
chrX	65670001	65680000	B.2.2.2.2.1.2	0.125	0.0102739726027397
chrX	65680001	65690000	B.2.2.2.2.1.2	0.125	0.0102739726027397
chrX	65690001	65700000	B.2.2.2.2.1.2	0.125	0.0102739726027397
chrX	65700001	65710000	B.2.2.2.2.1.2	0.125	0.0102739726027397
chrX	65710001	65720000	B.2.2.2.2.1.2	0.125	0.0102739726027397
chrX	65720001	65730000	B.2.2.2.2.1.2	0.125	0.0102739726027397
chrX	65730001	65740000	B.2.2.2.2.1.2	0.125	0.0102739726027397
chrX	65740001	65750000	B.2.2.2.2.1.2	0.125	0.0102739726027397
chrX	65750001	65760000	B.2.2.2.2.1.2	0.125	0.0102739726027397
chrX	65760001	65770000	B.2.2.2.2.1.2	0.125	0.0102739726027397
chrX	65770001	65780000	B.2.2.2.2.1.2	0.125	0.0102739726027397
chrX	65780001	65790000	B.2.2.2.2.1.2	0.125	0.0102739726027397
chrX	65790001	65800000	B.2.2.2.2.1.2	0.125	0.0102739726027397
chrX	65800001	65810000	B.2.2.2.2.1.2	0.125	0.0102739726027397
chrX	65810001	65820000	B.2.2.2.2.1.2	0.125	0.0102739726027397
chrX	65820001	65830000	B.2.2.2.2.1.2	0.125	0.0102739726027397
chrX	65830001	65840000	B.2.2.2.2.1.2	0.125	0.0102739726027397
chrX	65840001	65850000	B.2.2.2.2.1.2	0.125	0.0102739726027397
chrX	65850001	65860000	B.2.2.2.2.1.2	0.125	0.0102739726027397
chrX	65860001	65870000	B.2.2.2.2.1.2	0.125	0.0102739726027397
chrX	65870001	65880000	B.2.2.2.2.1.2	0.125	0.0102739726027397
chrX	65880001	65890000	B.2.2.2.2.1.2	0.125	0.0102739726027397
chrX	65890001	65900000	B.2.2.2.2.1.2	0.125	0.0102739726027397
chrX	65900001	65910000	B.2.2.2.2.1.2	0.125	0.0102739726027397
chrX	65910001	65920000	B.2.2.2.2.1.2	0.125	0.0102739726027397
chrX	65920001	65930000	B.2.2.2.2.1.2	0.125	0.0102739726027397
chrX	65930001	65940000	B.2.2.2.2.1.2	0.125	0.0102739726027397
chrX	65940001	65950000	B.2.2.2.2.1.2	0.125	0.0102739726027397
chrX	65950001	65960000	B.2.2.2.2.1.2	0.125	0.0102739726027397
chrX	65960001	65970000	B.2.2.2.2.1.2	0.125	0.0102739726027397
chrX	65970001	65980000	B.2.2.2.2.1.2	0.125	0.0102739726027397
chrX	65980001	65990000	B.2.2.2.2.1.2	0.125	0.0102739726027397
chrX	65990001	6.6e+07	B.2.2.2.2.1.2	0.125	0.0102739726027397
chrX	66000001	66010000	B.2.2.2.2.1.2	0.125	0.0102739726027397
chrX	66010001	66020000	B.2.2.2.2.1.2	0.125	0.0102739726027397
chrX	66020001	66030000	B.2.2.2.2.1.2	0.125	0.0102739726027397
chrX	66030001	66040000	B.2.2.2.2.1.2	0.125	0.0102739726027397
chrX	66040001	66050000	B.2.2.2.2.1.2	0.125	0.0102739726027397
chrX	66050001	66060000	B.2.2.2.2.1.2	0.125	0.0102739726027397
chrX	66060001	66070000	B.2.2.2.2.1.2	0.125	0.0102739726027397
chrX	66070001	66080000	B.2.2.2.2.1.2	0.125	0.0102739726027397
chrX	66080001	66090000	B.2.2.2.2.1.2	0.125	0.0102739726027397
chrX	66090001	66100000	B.2.2.2.2.1.2	0.125	0.0102739726027397
chrX	66100001	66110000	B.2.2.1.1.2.2.2	0.125	0.102739726027397
chrX	66110001	66120000	B.2.2.1.1.2.2.2	0.125	0.102739726027397
chrX	66120001	66130000	B.2.2.1.1.2.2.2	0.125	0.102739726027397
chrX	66130001	66140000	B.2.2.1.1.2.2.2	0.125	0.102739726027397
chrX	66140001	66150000	B.2.2.1.1.2.2.2	0.125	0.102739726027397
chrX	66150001	66160000	B.2.2.1.1.2.2.2	0.125	0.102739726027397
chrX	66160001	66170000	B.2.2.1.1.2.2.2	0.125	0.102739726027397
chrX	66170001	66180000	B.2.2.1.1.2.2.2	0.125	0.102739726027397
chrX	66180001	66190000	B.2.2.1.1.2.2.2	0.125	0.102739726027397
chrX	66190001	66200000	B.2.2.1.1.2.2.2	0.125	0.102739726027397
chrX	66200001	66210000	B.2.2.1.1.2.2.2	0.125	0.102739726027397
chrX	66210001	66220000	B.2.2.1.1.2.2.2	0.125	0.102739726027397
chrX	66220001	66230000	B.2.2.1.1.2.2.2	0.125	0.102739726027397
chrX	66230001	66240000	B.2.2.1.1.2.2.2	0.125	0.102739726027397
chrX	66240001	66250000	B.2.2.1.1.2.2.2	0.125	0.102739726027397
chrX	66250001	66260000	B.2.2.1.1.2.2.2	0.125	0.102739726027397
chrX	66260001	66270000	B.2.2.1.1.2.2.2	0.125	0.102739726027397
chrX	66270001	66280000	B.2.2.1.1.2.2.2	0.125	0.102739726027397
chrX	66280001	66290000	B.2.2.1.1.2.2.2	0.125	0.102739726027397
chrX	66290001	66300000	B.2.2.1.1.2.2.2	0.125	0.102739726027397
chrX	66300001	66310000	B.2.2.1.1.2.2.2	0.125	0.102739726027397
chrX	66310001	66320000	B.2.2.1.1.2.2.2	0.125	0.102739726027397
chrX	66320001	66330000	B.2.2.1.1.2.2.2	0.125	0.102739726027397
chrX	66330001	66340000	B.2.2.1.1.2.2.2	0.125	0.102739726027397
chrX	66340001	66350000	B.2.2.1.1.2.2.2	0.125	0.102739726027397
chrX	66350001	66360000	B.2.2.1.1.2.2.2	0.125	0.102739726027397
chrX	66360001	66370000	B.2.2.1.1.2.2.2	0.125	0.102739726027397
chrX	66370001	66380000	B.2.2.1.1.2.2.2	0.125	0.102739726027397
chrX	66380001	66390000	B.2.2.1.1.2.2.2	0.125	0.102739726027397
chrX	66390001	66400000	B.2.2.1.1.2.2.2	0.125	0.102739726027397
chrX	66400001	66410000	B.2.2.1.1.2.2.2	0.125	0.102739726027397
chrX	66410001	66420000	B.2.2.1.1.2.2.2	0.125	0.102739726027397
chrX	66420001	66430000	B.2.2.1.1.2.2.2	0.125	0.102739726027397
chrX	66430001	66440000	B.2.2.1.1.2.2.2	0.125	0.102739726027397
chrX	66440001	66450000	B.2.2.1.1.2.2.2	0.125	0.102739726027397
chrX	66450001	66460000	B.2.2.1.1.1.1.2.2	0.125	0.11986301369863
chrX	66460001	66470000	B.2.2.1.1.1.1.2.2	0.125	0.11986301369863
chrX	66470001	66480000	B.2.2.1.1.1.1.2.2	0.125	0.11986301369863
chrX	66480001	66490000	B.2.2.1.1.1.1.2.2	0.125	0.11986301369863
chrX	66490001	66500000	B.2.2.1.1.1.1.2.2	0.125	0.11986301369863
chrX	66500001	66510000	B.2.2.1.1.1.1.2.2	0.125	0.11986301369863
chrX	66510001	66520000	B.2.2.1.1.1.1.2.2	0.125	0.11986301369863
chrX	66520001	66530000	B.2.2.1.1.1.1.2.2	0.125	0.11986301369863
chrX	66530001	66540000	B.2.2.1.1.1.1.2.2	0.125	0.11986301369863
chrX	66540001	66550000	B.2.2.1.1.1.1.2.2	0.125	0.11986301369863
chrX	66550001	66560000	B.2.2.1.1.1.1.2.2	0.125	0.11986301369863
chrX	66560001	66570000	B.2.2.1.1.1.1.2.2	0.125	0.11986301369863
chrX	66570001	66580000	B.2.2.1.1.1.1.2.2	0.125	0.11986301369863
chrX	66580001	66590000	B.2.2.1.1.1.1.2.2	0.125	0.11986301369863
chrX	66590001	66600000	B.2.2.1.1.1.1.2.2	0.125	0.11986301369863
chrX	66600001	66610000	B.2.2.1.1.1.1.2.2	0.125	0.11986301369863
chrX	66610001	66620000	B.2.2.1.1.1.1.2.2	0.125	0.11986301369863
chrX	66620001	66630000	B.2.2.1.1.1.1.2.2	0.125	0.11986301369863
chrX	66630001	66640000	B.2.2.1.1.1.1.2.2	0.125	0.11986301369863
chrX	66640001	66650000	B.2.2.1.1.1.1.2.2	0.125	0.11986301369863
chrX	66650001	66660000	B.2.2.1.1.1.1.2.2	0.125	0.11986301369863
chrX	66660001	66670000	B.2.2.1.1.1.1.2.2	0.125	0.11986301369863
chrX	66670001	66680000	B.2.2.1.1.1.1.2.2	0.125	0.11986301369863
chrX	66680001	66690000	B.2.2.1.1.1.1.2.2	0.125	0.11986301369863
chrX	66690001	66700000	B.2.2.1.1.1.1.2.2	0.125	0.11986301369863
chrX	66700001	66710000	B.2.2.1.1.1.1.2.2	0.125	0.11986301369863
chrX	66710001	66720000	B.2.2.1.1.1.1.2.2	0.125	0.11986301369863
chrX	66720001	66730000	B.2.2.1.1.1.1.2.2	0.125	0.11986301369863
chrX	66730001	66740000	B.2.2.1.1.1.1.2.2	0.125	0.11986301369863
chrX	66740001	66750000	B.2.2.1.1.1.1.2.2	0.125	0.11986301369863
chrX	66750001	66760000	B.2.2.1.1.1.1.2.2	0.125	0.11986301369863
chrX	66760001	66770000	B.2.2.1.1.1.1.2.2	0.125	0.11986301369863
chrX	66770001	66780000	B.2.2.1.1.1.1.2.2	0.125	0.11986301369863
chrX	66780001	66790000	B.2.2.1.1.1.1.2.2	0.125	0.11986301369863
chrX	66790001	66800000	B.2.2.1.1.1.1.2.2	0.125	0.11986301369863
chrX	66800001	66810000	B.2.1.2.2.1.2.1.2.2	0.25	0.222602739726027
chrX	66810001	66820000	B.2.1.2.2.1.2.1.2.2	0.25	0.222602739726027
chrX	66820001	66830000	B.2.1.2.2.1.2.1.2.2	0.25	0.222602739726027
chrX	66830001	66840000	B.2.1.2.2.1.2.1.2.2	0.25	0.222602739726027
chrX	66840001	66850000	B.2.1.2.2.1.2.1.2.2	0.25	0.222602739726027
chrX	66850001	66860000	B.2.1.2.2.1.2.1.2.2	0.25	0.222602739726027
chrX	66860001	66870000	B.2.1.2.2.1.2.1.2.2	0.25	0.222602739726027
chrX	66870001	66880000	B.2.1.2.2.1.2.1.2.2	0.25	0.222602739726027
chrX	66880001	66890000	B.2.1.2.2.1.2.1.2.2	0.25	0.222602739726027
chrX	66890001	66900000	B.2.1.2.2.1.2.1.2.2	0.25	0.222602739726027
chrX	66900001	66910000	B.2.1.2.2.1.2.1.2.2	0.25	0.222602739726027
chrX	66910001	66920000	B.2.1.2.2.1.2.1.2.2	0.25	0.222602739726027
chrX	66920001	66930000	B.2.1.2.2.1.2.1.2.2	0.25	0.222602739726027
chrX	66930001	66940000	B.2.1.2.2.1.2.1.2.2	0.25	0.222602739726027
chrX	66940001	66950000	B.2.1.2.2.1.2.1.2.2	0.25	0.222602739726027
chrX	66950001	66960000	B.2.1.2.2.1.2.1.2.2	0.25	0.222602739726027
chrX	66960001	66970000	B.2.1.2.2.1.2.1.2.2	0.25	0.222602739726027
chrX	66970001	66980000	B.2.1.2.2.1.2.1.2.2	0.25	0.222602739726027
chrX	66980001	66990000	B.2.1.2.2.1.2.1.2.2	0.25	0.222602739726027
chrX	66990001	6.7e+07	B.2.1.2.2.1.2.1.2.2	0.25	0.222602739726027
chrX	67000001	67010000	B.2.1.2.2.1.2.1.2.2	0.25	0.222602739726027
chrX	67010001	67020000	B.2.1.2.2.1.2.1.2.2	0.25	0.222602739726027
chrX	67020001	67030000	B.2.1.2.2.1.2.1.2.2	0.25	0.222602739726027
chrX	67030001	67040000	B.2.1.2.2.1.2.1.2.2	0.25	0.222602739726027
chrX	67040001	67050000	B.2.1.2.2.1.2.1.2.2	0.25	0.222602739726027
chrX	67050001	67060000	B.2.1.2.2.1.2.1.2.2	0.25	0.222602739726027
chrX	67060001	67070000	B.2.1.2.2.1.2.1.2.2	0.25	0.222602739726027
chrX	67070001	67080000	B.2.1.2.2.1.2.1.2.2	0.25	0.222602739726027
chrX	67080001	67090000	B.2.1.2.2.1.2.1.2.2	0.25	0.222602739726027
chrX	67090001	67100000	B.2.1.2.2.1.2.1.2.2	0.25	0.222602739726027
chrX	67100001	67110000	B.1.1.1.2.1.2.1.2	0.5	0.636986301369863
chrX	67110001	67120000	B.1.1.1.2.1.2.1.2	0.5	0.636986301369863
chrX	67120001	67130000	B.1.1.1.2.1.2.1.2	0.5	0.636986301369863
chrX	67130001	67140000	B.1.1.1.2.1.2.1.2	0.5	0.636986301369863
chrX	67140001	67150000	B.1.1.1.2.1.2.1.2	0.5	0.636986301369863
chrX	67150001	67160000	B.1.1.1.2.1.2.1.2	0.5	0.636986301369863
chrX	67160001	67170000	B.1.1.1.2.1.2.1.2	0.5	0.636986301369863
chrX	67170001	67180000	B.1.1.1.2.1.2.1.2	0.5	0.636986301369863
chrX	67180001	67190000	B.1.1.1.2.1.2.1.2	0.5	0.636986301369863
chrX	67190001	67200000	B.1.1.1.2.1.2.1.2	0.5	0.636986301369863
chrX	67200001	67210000	B.1.1.1.2.1.2.1.2	0.5	0.636986301369863
chrX	67210001	67220000	B.1.1.1.2.1.2.1.2	0.5	0.636986301369863
chrX	67220001	67230000	B.1.1.1.2.1.2.1.2	0.5	0.636986301369863
chrX	67230001	67240000	B.1.1.1.2.1.2.1.2	0.5	0.636986301369863
chrX	67240001	67250000	B.1.1.1.2.1.2.1.2	0.5	0.636986301369863
chrX	67250001	67260000	B.1.1.1.2.1.2.1.2	0.5	0.636986301369863
chrX	67260001	67270000	B.1.1.1.2.1.2.1.2	0.5	0.636986301369863
chrX	67270001	67280000	B.1.1.1.2.1.2.1.2	0.5	0.636986301369863
chrX	67280001	67290000	B.1.1.1.2.1.2.1.2	0.5	0.636986301369863
chrX	67290001	67300000	B.1.1.1.2.1.2.1.2	0.5	0.636986301369863
chrX	67300001	67310000	B.1.1.1.2.1.2.1.2	0.5	0.636986301369863
chrX	67310001	67320000	B.1.1.1.2.1.2.1.2	0.5	0.636986301369863
chrX	67320001	67330000	B.1.1.1.2.1.2.1.2	0.5	0.636986301369863
chrX	67330001	67340000	B.1.1.1.2.1.2.1.2	0.5	0.636986301369863
chrX	67340001	67350000	B.1.1.1.2.1.2.1.2	0.5	0.636986301369863
chrX	67350001	67360000	B.1.1.1.2.1.2.1.2	0.5	0.636986301369863
chrX	67360001	67370000	B.1.1.1.2.1.2.1.2	0.5	0.636986301369863
chrX	67370001	67380000	B.1.1.1.2.1.2.1.2	0.5	0.636986301369863
chrX	67380001	67390000	B.1.1.1.2.1.2.1.2	0.5	0.636986301369863
chrX	67390001	67400000	B.1.1.1.2.1.2.1.2	0.5	0.636986301369863
chrX	67400001	67410000	B.1.1.1.2.1.2.1.2	0.5	0.636986301369863
chrX	67410001	67420000	B.1.1.1.2.1.2.1.2	0.5	0.636986301369863
chrX	67420001	67430000	B.1.1.1.2.1.2.1.2	0.5	0.636986301369863
chrX	67430001	67440000	B.1.1.1.2.1.2.1.2	0.5	0.636986301369863
chrX	67440001	67450000	B.1.1.1.2.1.2.1.2	0.5	0.636986301369863
chrX	67450001	67460000	B.1.1.1.2.1.2.1.2	0.5	0.636986301369863
chrX	67460001	67470000	B.1.1.1.2.1.2.1.2	0.5	0.636986301369863
chrX	67470001	67480000	B.1.1.1.2.1.2.1.2	0.5	0.636986301369863
chrX	67480001	67490000	B.1.1.1.2.1.2.1.2	0.5	0.636986301369863
chrX	67490001	67500000	B.1.1.1.2.1.2.1.2	0.5	0.636986301369863
chrX	67500001	67510000	B.1.1.1.2.1.2.1.2	0.5	0.636986301369863
chrX	67510001	67520000	B.1.1.1.2.1.2.1.2	0.5	0.636986301369863
chrX	67520001	67530000	B.1.1.1.2.1.2.1.2	0.5	0.636986301369863
chrX	67530001	67540000	B.1.1.1.2.1.2.1.2	0.5	0.636986301369863
chrX	67540001	67550000	B.1.1.1.2.1.2.1.2	0.5	0.636986301369863
chrX	67550001	67560000	B.1.1.1.2.1.2.1.2	0.5	0.636986301369863
chrX	67560001	67570000	B.1.1.1.2.1.2.1.2	0.5	0.636986301369863
chrX	67570001	67580000	B.1.1.1.2.1.2.1.2	0.5	0.636986301369863
chrX	67580001	67590000	B.1.1.1.2.1.2.1.2	0.5	0.636986301369863
chrX	67590001	67600000	B.1.1.1.2.1.2.1.2	0.5	0.636986301369863
chrX	67600001	67610000	B.1.1.1.2.1.2.1.2	0.5	0.636986301369863
chrX	67610001	67620000	B.1.1.1.2.1.2.1.2	0.5	0.636986301369863
chrX	67620001	67630000	B.1.1.1.2.1.2.1.2	0.5	0.636986301369863
chrX	67630001	67640000	B.1.1.1.2.1.2.1.2	0.5	0.636986301369863
chrX	67640001	67650000	B.1.1.1.2.1.2.1.2	0.5	0.636986301369863
chrX	67650001	67660000	A.2.2.1.1.1.1.2	0.625	0.76027397260274
chrX	67660001	67670000	A.2.2.1.1.1.1.2	0.625	0.76027397260274
chrX	67670001	67680000	A.2.2.1.1.1.1.2	0.625	0.76027397260274
chrX	67680001	67690000	A.2.2.1.1.1.1.2	0.625	0.76027397260274
chrX	67690001	67700000	A.2.2.1.1.1.1.2	0.625	0.76027397260274
chrX	67700001	67710000	A.2.2.1.1.1.1.2	0.625	0.76027397260274
chrX	67710001	67720000	A.2.2.1.1.1.1.2	0.625	0.76027397260274
chrX	67720001	67730000	A.2.2.1.1.1.1.2	0.625	0.76027397260274
chrX	67730001	67740000	A.2.2.1.1.1.1.2	0.625	0.76027397260274
chrX	67740001	67750000	A.2.2.1.1.1.1.2	0.625	0.76027397260274
chrX	67750001	67760000	A.2.2.1.1.1.1.2	0.625	0.76027397260274
chrX	67760001	67770000	A.2.2.1.1.1.1.2	0.625	0.76027397260274
chrX	67770001	67780000	A.2.2.1.1.1.1.2	0.625	0.76027397260274
chrX	67780001	67790000	A.2.2.1.1.1.1.2	0.625	0.76027397260274
chrX	67790001	67800000	A.2.2.1.1.1.1.2	0.625	0.76027397260274
chrX	67800001	67810000	A.2.1.1.1.2.1	0.75	0.845890410958904
chrX	67810001	67820000	A.2.1.1.1.2.1	0.75	0.845890410958904
chrX	67820001	67830000	A.2.1.1.1.2.1	0.75	0.845890410958904
chrX	67830001	67840000	A.2.1.1.1.2.1	0.75	0.845890410958904
chrX	67840001	67850000	A.2.1.1.1.2.1	0.75	0.845890410958904
chrX	67850001	67860000	A.2.1.1.1.2.1	0.75	0.845890410958904
chrX	67860001	67870000	A.2.1.1.1.2.1	0.75	0.845890410958904
chrX	67870001	67880000	A.2.1.1.1.2.1	0.75	0.845890410958904
chrX	67880001	67890000	A.2.1.1.1.2.1	0.75	0.845890410958904
chrX	67890001	67900000	A.2.1.1.1.2.1	0.75	0.845890410958904
chrX	67900001	67910000	A.2.1.1.1.2.1	0.75	0.845890410958904
chrX	67910001	67920000	A.2.1.1.1.2.1	0.75	0.845890410958904
chrX	67920001	67930000	A.2.1.1.1.2.1	0.75	0.845890410958904
chrX	67930001	67940000	A.2.1.1.1.2.1	0.75	0.845890410958904
chrX	67940001	67950000	A.2.1.1.1.2.1	0.75	0.845890410958904
chrX	67950001	67960000	A.2.1.1.1.2.1	0.75	0.845890410958904
chrX	67960001	67970000	A.2.1.1.1.2.1	0.75	0.845890410958904
chrX	67970001	67980000	A.2.1.1.1.2.1	0.75	0.845890410958904
chrX	67980001	67990000	A.2.1.1.1.2.1	0.75	0.845890410958904
chrX	67990001	6.8e+07	A.2.1.1.1.2.1	0.75	0.845890410958904
chrX	68000001	68010000	A.2.1.1.1.2.1	0.75	0.845890410958904
chrX	68010001	68020000	A.2.1.1.1.2.1	0.75	0.845890410958904
chrX	68020001	68030000	A.2.1.1.1.2.1	0.75	0.845890410958904
chrX	68030001	68040000	A.2.1.1.1.2.1	0.75	0.845890410958904
chrX	68040001	68050000	A.2.1.1.1.2.1	0.75	0.845890410958904
chrX	68050001	68060000	A.2.1.1.1.2.1	0.75	0.845890410958904
chrX	68060001	68070000	A.2.1.1.1.2.1	0.75	0.845890410958904
chrX	68070001	68080000	A.2.1.1.1.2.1	0.75	0.845890410958904
chrX	68080001	68090000	A.2.1.1.1.2.1	0.75	0.845890410958904
chrX	68090001	68100000	A.2.1.1.1.2.1	0.75	0.845890410958904
chrX	68100001	68110000	A.2.1.1.1.2.1	0.75	0.845890410958904
chrX	68110001	68120000	A.2.1.1.1.2.1	0.75	0.845890410958904
chrX	68120001	68130000	A.2.1.1.1.2.1	0.75	0.845890410958904
chrX	68130001	68140000	A.2.1.1.1.2.1	0.75	0.845890410958904
chrX	68140001	68150000	A.2.1.1.1.2.1	0.75	0.845890410958904
chrX	68150001	68160000	A.2.1.1.1.2.1	0.75	0.845890410958904
chrX	68160001	68170000	A.2.1.1.1.2.1	0.75	0.845890410958904
chrX	68170001	68180000	A.2.1.1.1.2.1	0.75	0.845890410958904
chrX	68180001	68190000	A.2.1.1.1.2.1	0.75	0.845890410958904
chrX	68190001	68200000	A.2.1.1.1.2.1	0.75	0.845890410958904
chrX	68200001	68210000	A.2.1.1.1.2.2.1.1	0.75	0.842465753424658
chrX	68210001	68220000	A.2.1.1.1.2.2.1.1	0.75	0.842465753424658
chrX	68220001	68230000	A.2.1.1.1.2.2.1.1	0.75	0.842465753424658
chrX	68230001	68240000	A.2.1.1.1.2.2.1.1	0.75	0.842465753424658
chrX	68240001	68250000	A.2.1.1.1.2.2.1.1	0.75	0.842465753424658
chrX	68250001	68260000	A.2.1.1.1.2.2.1.1	0.75	0.842465753424658
chrX	68260001	68270000	A.2.1.1.1.2.2.1.1	0.75	0.842465753424658
chrX	68270001	68280000	A.2.1.1.1.2.2.1.1	0.75	0.842465753424658
chrX	68280001	68290000	A.2.1.1.1.2.2.1.1	0.75	0.842465753424658
chrX	68290001	68300000	A.2.1.1.1.2.2.1.1	0.75	0.842465753424658
chrX	68300001	68310000	A.2.1.1.1.2.2.1.1	0.75	0.842465753424658
chrX	68310001	68320000	A.2.1.1.1.2.2.1.1	0.75	0.842465753424658
chrX	68320001	68330000	A.2.1.1.1.2.2.1.1	0.75	0.842465753424658
chrX	68330001	68340000	A.2.1.1.1.2.2.1.1	0.75	0.842465753424658
chrX	68340001	68350000	A.2.1.1.1.2.2.1.1	0.75	0.842465753424658
chrX	68350001	68360000	A.2.1.1.1.2.2.1.1	0.75	0.842465753424658
chrX	68360001	68370000	A.2.1.1.1.2.2.1.1	0.75	0.842465753424658
chrX	68370001	68380000	A.2.1.1.1.2.2.1.1	0.75	0.842465753424658
chrX	68380001	68390000	A.2.1.1.1.2.2.1.1	0.75	0.842465753424658
chrX	68390001	68400000	A.2.1.1.1.2.2.1.1	0.75	0.842465753424658
chrX	68400001	68410000	A.2.1.1.1.2.2.1.1	0.75	0.842465753424658
chrX	68410001	68420000	A.2.1.1.1.2.2.1.1	0.75	0.842465753424658
chrX	68420001	68430000	A.2.1.1.1.2.2.1.1	0.75	0.842465753424658
chrX	68430001	68440000	A.2.1.1.1.2.2.1.1	0.75	0.842465753424658
chrX	68440001	68450000	A.2.1.1.1.2.2.1.1	0.75	0.842465753424658
chrX	68450001	68460000	A.2.1.1.1.2.2.1.1	0.75	0.842465753424658
chrX	68460001	68470000	A.2.1.1.1.2.2.1.1	0.75	0.842465753424658
chrX	68470001	68480000	A.2.1.1.1.2.2.1.1	0.75	0.842465753424658
chrX	68480001	68490000	A.2.1.1.1.2.2.1.1	0.75	0.842465753424658
chrX	68490001	68500000	A.2.1.1.1.2.2.1.1	0.75	0.842465753424658
chrX	68500001	68510000	A.2.1.1.1.2.2.1.1	0.75	0.842465753424658
chrX	68510001	68520000	A.2.1.1.1.2.2.1.1	0.75	0.842465753424658
chrX	68520001	68530000	A.2.1.1.1.2.2.1.1	0.75	0.842465753424658
chrX	68530001	68540000	A.2.1.1.1.2.2.1.1	0.75	0.842465753424658
chrX	68540001	68550000	A.2.1.1.1.2.2.1.1	0.75	0.842465753424658
chrX	68550001	68560000	A.2.1.1.1.2.2.1.1	0.75	0.842465753424658
chrX	68560001	68570000	A.2.1.1.1.2.2.1.1	0.75	0.842465753424658
chrX	68570001	68580000	A.2.1.1.1.2.2.1.1	0.75	0.842465753424658
chrX	68580001	68590000	A.2.1.1.1.2.2.1.1	0.75	0.842465753424658
chrX	68590001	68600000	A.2.1.1.1.2.2.1.1	0.75	0.842465753424658
chrX	68600001	68610000	A.2.1.1.1.2.2.1.1	0.75	0.842465753424658
chrX	68610001	68620000	A.2.1.1.1.2.2.1.1	0.75	0.842465753424658
chrX	68620001	68630000	A.2.1.1.1.2.2.1.1	0.75	0.842465753424658
chrX	68630001	68640000	A.2.1.1.1.2.2.1.1	0.75	0.842465753424658
chrX	68640001	68650000	A.2.1.1.1.2.2.1.1	0.75	0.842465753424658
chrX	68650001	68660000	B.1.2.1.2.2.1.2.1	0.375	0.465753424657534
chrX	68660001	68670000	B.1.2.1.2.2.1.2.1	0.375	0.465753424657534
chrX	68670001	68680000	B.1.2.1.2.2.1.2.1	0.375	0.465753424657534
chrX	68680001	68690000	B.1.2.1.2.2.1.2.1	0.375	0.465753424657534
chrX	68690001	68700000	B.1.2.1.2.2.1.2.1	0.375	0.465753424657534
chrX	68700001	68710000	B.1.2.1.2.2.1.2.1	0.375	0.465753424657534
chrX	68710001	68720000	B.1.2.1.2.2.1.2.1	0.375	0.465753424657534
chrX	68720001	68730000	B.1.2.1.2.2.1.2.1	0.375	0.465753424657534
chrX	68730001	68740000	B.1.2.1.2.2.1.2.1	0.375	0.465753424657534
chrX	68740001	68750000	B.1.2.1.2.2.1.2.1	0.375	0.465753424657534
chrX	68750001	68760000	A.2.1.1.2.1.2.2	0.75	0.815068493150685
chrX	68760001	68770000	A.2.1.1.2.1.2.2	0.75	0.815068493150685
chrX	68770001	68780000	A.2.1.1.2.1.2.2	0.75	0.815068493150685
chrX	68780001	68790000	A.2.1.1.2.1.2.2	0.75	0.815068493150685
chrX	68790001	68800000	A.2.1.1.2.1.2.2	0.75	0.815068493150685
chrX	68800001	68810000	A.2.1.1.2.1.2.2	0.75	0.815068493150685
chrX	68810001	68820000	A.2.1.1.2.1.2.2	0.75	0.815068493150685
chrX	68820001	68830000	A.2.1.1.2.1.2.2	0.75	0.815068493150685
chrX	68830001	68840000	A.2.1.1.2.1.2.2	0.75	0.815068493150685
chrX	68840001	68850000	A.2.1.1.2.1.2.2	0.75	0.815068493150685
chrX	68850001	68860000	A.2.1.1.2.1.2.2	0.75	0.815068493150685
chrX	68860001	68870000	A.2.1.1.2.1.2.2	0.75	0.815068493150685
chrX	68870001	68880000	A.2.1.1.2.1.2.2	0.75	0.815068493150685
chrX	68880001	68890000	A.2.1.1.2.1.2.2	0.75	0.815068493150685
chrX	68890001	68900000	A.2.1.1.2.1.2.2	0.75	0.815068493150685
chrX	68900001	68910000	A.2.1.1.2.1.2.2	0.75	0.815068493150685
chrX	68910001	68920000	A.2.1.1.2.1.2.2	0.75	0.815068493150685
chrX	68920001	68930000	A.2.1.1.2.1.2.2	0.75	0.815068493150685
chrX	68930001	68940000	A.2.1.1.2.1.2.2	0.75	0.815068493150685
chrX	68940001	68950000	A.2.1.1.2.1.2.2	0.75	0.815068493150685
chrX	68950001	68960000	A.2.1.1.2.1.2.2	0.75	0.815068493150685
chrX	68960001	68970000	A.2.1.1.2.1.2.2	0.75	0.815068493150685
chrX	68970001	68980000	A.2.1.1.2.1.2.2	0.75	0.815068493150685
chrX	68980001	68990000	A.2.1.1.2.1.2.2	0.75	0.815068493150685
chrX	68990001	6.9e+07	A.2.1.1.2.1.2.2	0.75	0.815068493150685
chrX	69000001	69010000	A.2.1.1.2.1.2.2	0.75	0.815068493150685
chrX	69010001	69020000	A.2.1.1.2.1.2.2	0.75	0.815068493150685
chrX	69020001	69030000	A.2.1.1.2.1.2.2	0.75	0.815068493150685
chrX	69030001	69040000	A.2.1.1.2.1.2.2	0.75	0.815068493150685
chrX	69040001	69050000	A.2.1.1.2.1.2.2	0.75	0.815068493150685
chrX	69050001	69060000	A.2.1.1.2.1.2.2	0.75	0.815068493150685
chrX	69060001	69070000	A.2.1.1.2.1.2.2	0.75	0.815068493150685
chrX	69070001	69080000	A.2.1.1.2.1.2.2	0.75	0.815068493150685
chrX	69080001	69090000	A.2.1.1.2.1.2.2	0.75	0.815068493150685
chrX	69090001	69100000	A.2.1.1.2.1.2.2	0.75	0.815068493150685
chrX	69100001	69110000	A.2.1.1.2.1.2.2	0.75	0.815068493150685
chrX	69110001	69120000	A.2.1.1.2.1.2.2	0.75	0.815068493150685
chrX	69120001	69130000	A.2.1.1.2.1.2.2	0.75	0.815068493150685
chrX	69130001	69140000	A.2.1.1.2.1.2.2	0.75	0.815068493150685
chrX	69140001	69150000	A.2.1.1.2.1.2.2	0.75	0.815068493150685
chrX	69150001	69160000	A.2.1.1.2.1.2.2	0.75	0.815068493150685
chrX	69160001	69170000	A.2.1.1.2.1.2.2	0.75	0.815068493150685
chrX	69170001	69180000	A.2.1.1.2.1.2.2	0.75	0.815068493150685
chrX	69180001	69190000	A.2.1.1.2.1.2.2	0.75	0.815068493150685
chrX	69190001	69200000	A.2.1.1.2.1.2.2	0.75	0.815068493150685
chrX	69200001	69210000	A.2.1.1.2.1.2.2	0.75	0.815068493150685
chrX	69210001	69220000	A.2.1.1.2.1.2.2	0.75	0.815068493150685
chrX	69220001	69230000	A.2.1.1.2.1.2.2	0.75	0.815068493150685
chrX	69230001	69240000	A.2.1.1.2.1.2.2	0.75	0.815068493150685
chrX	69240001	69250000	A.2.1.1.2.1.2.2	0.75	0.815068493150685
chrX	69250001	69260000	A.2.1.1.2.1.2.2	0.75	0.815068493150685
chrX	69260001	69270000	A.2.1.1.2.1.2.2	0.75	0.815068493150685
chrX	69270001	69280000	A.2.1.1.2.1.2.2	0.75	0.815068493150685
chrX	69280001	69290000	A.2.1.1.2.1.2.2	0.75	0.815068493150685
chrX	69290001	69300000	A.2.1.1.2.1.2.2	0.75	0.815068493150685
chrX	69300001	69310000	A.2.1.1.2.1.2.2	0.75	0.815068493150685
chrX	69310001	69320000	A.2.1.1.2.1.2.2	0.75	0.815068493150685
chrX	69320001	69330000	A.2.1.1.2.1.2.2	0.75	0.815068493150685
chrX	69330001	69340000	A.2.1.1.2.1.2.2	0.75	0.815068493150685
chrX	69340001	69350000	A.2.1.1.2.1.2.2	0.75	0.815068493150685
chrX	69350001	69360000	A.2.1.1.2.1.2.2	0.75	0.815068493150685
chrX	69360001	69370000	A.2.1.1.2.1.2.2	0.75	0.815068493150685
chrX	69370001	69380000	A.2.1.1.2.1.2.2	0.75	0.815068493150685
chrX	69380001	69390000	A.2.1.1.2.1.2.2	0.75	0.815068493150685
chrX	69390001	69400000	A.2.1.1.2.1.2.2	0.75	0.815068493150685
chrX	69400001	69410000	A.2.1.1.2.1.2.2	0.75	0.815068493150685
chrX	69410001	69420000	A.2.1.1.2.1.2.2	0.75	0.815068493150685
chrX	69420001	69430000	A.2.1.1.2.1.2.2	0.75	0.815068493150685
chrX	69430001	69440000	A.2.1.1.2.1.2.2	0.75	0.815068493150685
chrX	69440001	69450000	A.2.1.1.2.1.2.2	0.75	0.815068493150685
chrX	69450001	69460000	A.2.1.1.2.1.2.2	0.75	0.815068493150685
chrX	69460001	69470000	A.2.1.1.2.1.2.2	0.75	0.815068493150685
chrX	69470001	69480000	A.2.1.1.2.1.2.2	0.75	0.815068493150685
chrX	69480001	69490000	A.2.1.1.2.1.2.2	0.75	0.815068493150685
chrX	69490001	69500000	A.2.1.1.2.1.2.2	0.75	0.815068493150685
chrX	69500001	69510000	A.2.1.1.2.1.2.2	0.75	0.815068493150685
chrX	69510001	69520000	A.2.1.1.2.1.2.2	0.75	0.815068493150685
chrX	69520001	69530000	A.2.1.1.2.1.2.2	0.75	0.815068493150685
chrX	69530001	69540000	A.2.1.1.2.1.2.2	0.75	0.815068493150685
chrX	69540001	69550000	A.2.1.1.2.1.2.2	0.75	0.815068493150685
chrX	69550001	69560000	A.2.1.1.2.1.2.2	0.75	0.815068493150685
chrX	69560001	69570000	A.2.1.1.2.1.2.2	0.75	0.815068493150685
chrX	69570001	69580000	A.2.1.1.2.1.2.2	0.75	0.815068493150685
chrX	69580001	69590000	A.2.1.1.2.1.2.2	0.75	0.815068493150685
chrX	69590001	69600000	A.2.1.1.2.1.2.2	0.75	0.815068493150685
chrX	69600001	69610000	A.2.1.1.2.1.2.2	0.75	0.815068493150685
chrX	69610001	69620000	A.2.1.1.2.1.2.2	0.75	0.815068493150685
chrX	69620001	69630000	A.2.1.1.2.1.2.2	0.75	0.815068493150685
chrX	69630001	69640000	A.2.1.1.2.1.2.2	0.75	0.815068493150685
chrX	69640001	69650000	A.2.1.1.2.1.2.2	0.75	0.815068493150685
chrX	69650001	69660000	A.2.1.1.2.1.2.2	0.75	0.815068493150685
chrX	69660001	69670000	A.2.1.1.2.1.2.2	0.75	0.815068493150685
chrX	69670001	69680000	A.2.1.1.2.1.2.2	0.75	0.815068493150685
chrX	69680001	69690000	A.2.1.1.2.1.2.2	0.75	0.815068493150685
chrX	69690001	69700000	A.2.1.1.2.1.2.2	0.75	0.815068493150685
chrX	69700001	69710000	A.2.1.1.2.1.2.2	0.75	0.815068493150685
chrX	69710001	69720000	A.2.1.1.2.1.2.2	0.75	0.815068493150685
chrX	69720001	69730000	A.2.1.1.2.1.2.2	0.75	0.815068493150685
chrX	69730001	69740000	A.2.1.1.2.1.2.2	0.75	0.815068493150685
chrX	69740001	69750000	A.2.1.1.2.1.2.2	0.75	0.815068493150685
chrX	69750001	69760000	A.1.2.2.1.2.2	0.875	0.873287671232877
chrX	69760001	69770000	A.1.2.2.1.2.2	0.875	0.873287671232877
chrX	69770001	69780000	A.1.2.2.1.2.2	0.875	0.873287671232877
chrX	69780001	69790000	A.1.2.2.1.2.2	0.875	0.873287671232877
chrX	69790001	69800000	A.1.2.2.1.2.2	0.875	0.873287671232877
chrX	69800001	69810000	A.1.2.2.1.2.2	0.875	0.873287671232877
chrX	69810001	69820000	A.1.2.2.1.2.2	0.875	0.873287671232877
chrX	69820001	69830000	A.1.2.2.1.2.2	0.875	0.873287671232877
chrX	69830001	69840000	A.1.2.2.1.2.2	0.875	0.873287671232877
chrX	69840001	69850000	A.1.2.2.1.2.2	0.875	0.873287671232877
chrX	69850001	69860000	A.1.2.2.1.2.2	0.875	0.873287671232877
chrX	69860001	69870000	A.1.2.2.1.2.2	0.875	0.873287671232877
chrX	69870001	69880000	A.1.2.2.1.2.2	0.875	0.873287671232877
chrX	69880001	69890000	A.1.2.2.1.2.2	0.875	0.873287671232877
chrX	69890001	69900000	A.1.2.2.1.2.2	0.875	0.873287671232877
chrX	69900001	69910000	A.1.2.2.1.2.2	0.875	0.873287671232877
chrX	69910001	69920000	A.1.2.2.1.2.2	0.875	0.873287671232877
chrX	69920001	69930000	A.1.2.2.1.2.2	0.875	0.873287671232877
chrX	69930001	69940000	A.1.2.2.1.2.2	0.875	0.873287671232877
chrX	69940001	69950000	A.1.2.2.1.2.2	0.875	0.873287671232877
chrX	69950001	69960000	A.1.2.2.1.2.2	0.875	0.873287671232877
chrX	69960001	69970000	A.1.2.2.1.2.2	0.875	0.873287671232877
chrX	69970001	69980000	A.1.2.2.1.2.2	0.875	0.873287671232877
chrX	69980001	69990000	A.1.2.2.1.2.2	0.875	0.873287671232877
chrX	69990001	7e+07	A.1.2.2.1.2.2	0.875	0.873287671232877
chrX	70000001	70010000	A.1.2.2.1.2.2	0.875	0.873287671232877
chrX	70010001	70020000	A.1.2.2.1.2.2	0.875	0.873287671232877
chrX	70020001	70030000	A.1.2.2.1.2.2	0.875	0.873287671232877
chrX	70030001	70040000	A.1.2.2.1.2.2	0.875	0.873287671232877
chrX	70040001	70050000	A.1.2.2.1.2.2	0.875	0.873287671232877
chrX	70050001	70060000	A.1.2.2.1.2.2	0.875	0.873287671232877
chrX	70060001	70070000	A.1.2.2.1.2.2	0.875	0.873287671232877
chrX	70070001	70080000	A.1.2.2.1.2.2	0.875	0.873287671232877
chrX	70080001	70090000	A.1.2.2.1.2.2	0.875	0.873287671232877
chrX	70090001	70100000	A.1.2.2.1.2.2	0.875	0.873287671232877
chrX	70100001	70110000	A.1.2.1.1.1.1.1	0.875	0.941780821917808
chrX	70110001	70120000	A.1.2.1.1.1.1.1	0.875	0.941780821917808
chrX	70120001	70130000	A.1.2.1.1.1.1.1	0.875	0.941780821917808
chrX	70130001	70140000	A.1.2.1.1.1.1.1	0.875	0.941780821917808
chrX	70140001	70150000	A.1.2.1.1.1.1.1	0.875	0.941780821917808
chrX	70150001	70160000	A.1.2.1.1.1.1.1	0.875	0.941780821917808
chrX	70160001	70170000	A.1.2.1.1.1.1.1	0.875	0.941780821917808
chrX	70170001	70180000	A.1.2.1.1.1.1.1	0.875	0.941780821917808
chrX	70180001	70190000	A.1.2.1.1.1.1.1	0.875	0.941780821917808
chrX	70190001	70200000	A.1.2.1.1.1.1.1	0.875	0.941780821917808
chrX	70200001	70210000	A.1.2.1.1.1.1.1	0.875	0.941780821917808
chrX	70210001	70220000	A.1.2.1.1.1.1.1	0.875	0.941780821917808
chrX	70220001	70230000	A.1.2.1.1.1.1.1	0.875	0.941780821917808
chrX	70230001	70240000	A.1.2.1.1.1.1.1	0.875	0.941780821917808
chrX	70240001	70250000	A.1.2.1.1.1.1.1	0.875	0.941780821917808
chrX	70250001	70260000	A.1.2.1.1.1.1.1	0.875	0.941780821917808
chrX	70260001	70270000	A.1.2.1.1.1.1.1	0.875	0.941780821917808
chrX	70270001	70280000	A.1.2.1.1.1.1.1	0.875	0.941780821917808
chrX	70280001	70290000	A.1.2.1.1.1.1.1	0.875	0.941780821917808
chrX	70290001	70300000	A.1.2.1.1.1.1.1	0.875	0.941780821917808
chrX	70300001	70310000	A.1.2.1.1.1.1.1	0.875	0.941780821917808
chrX	70310001	70320000	A.1.2.1.1.1.1.1	0.875	0.941780821917808
chrX	70320001	70330000	A.1.2.1.1.1.1.1	0.875	0.941780821917808
chrX	70330001	70340000	A.1.2.1.1.1.1.1	0.875	0.941780821917808
chrX	70340001	70350000	A.1.2.1.1.1.1.1	0.875	0.941780821917808
chrX	70350001	70360000	A.1.2.1.1.1.1.1	0.875	0.941780821917808
chrX	70360001	70370000	A.1.2.1.1.1.1.1	0.875	0.941780821917808
chrX	70370001	70380000	A.1.2.1.1.1.1.1	0.875	0.941780821917808
chrX	70380001	70390000	A.1.2.1.1.1.1.1	0.875	0.941780821917808
chrX	70390001	70400000	A.1.2.1.1.1.1.1	0.875	0.941780821917808
chrX	70400001	70410000	A.1.2.1.1.1.1.1	0.875	0.941780821917808
chrX	70410001	70420000	A.1.2.1.1.1.1.1	0.875	0.941780821917808
chrX	70420001	70430000	A.1.2.1.1.1.1.1	0.875	0.941780821917808
chrX	70430001	70440000	A.1.2.1.1.1.1.1	0.875	0.941780821917808
chrX	70440001	70450000	A.1.2.1.1.1.1.1	0.875	0.941780821917808
chrX	70450001	70460000	A.1.1.2.1.2.1.2	1	0.962328767123288
chrX	70460001	70470000	A.1.1.2.1.2.1.2	1	0.962328767123288
chrX	70470001	70480000	A.1.1.2.1.2.1.2	1	0.962328767123288
chrX	70480001	70490000	A.1.1.2.1.2.1.2	1	0.962328767123288
chrX	70490001	70500000	A.1.1.2.1.2.1.2	1	0.962328767123288
chrX	70500001	70510000	A.1.1.2.1.2.1.2	1	0.962328767123288
chrX	70510001	70520000	A.1.1.2.1.2.1.2	1	0.962328767123288
chrX	70520001	70530000	A.1.1.2.1.2.1.2	1	0.962328767123288
chrX	70530001	70540000	A.1.1.2.1.2.1.2	1	0.962328767123288
chrX	70540001	70550000	A.1.1.2.1.2.1.2	1	0.962328767123288
chrX	70550001	70560000	A.1.1.2.1.2.1.2	1	0.962328767123288
chrX	70560001	70570000	A.1.1.2.1.2.1.2	1	0.962328767123288
chrX	70570001	70580000	A.1.1.2.1.2.1.2	1	0.962328767123288
chrX	70580001	70590000	A.1.1.2.1.2.1.2	1	0.962328767123288
chrX	70590001	70600000	A.1.1.2.1.2.1.2	1	0.962328767123288
chrX	70600001	70610000	A.1.1.2.1.2.1.2	1	0.962328767123288
chrX	70610001	70620000	A.1.1.2.1.2.1.2	1	0.962328767123288
chrX	70620001	70630000	A.1.1.2.1.2.1.2	1	0.962328767123288
chrX	70630001	70640000	A.1.1.2.1.2.1.2	1	0.962328767123288
chrX	70640001	70650000	A.1.1.2.1.2.1.2	1	0.962328767123288
chrX	70650001	70660000	A.1.1.2.1.2.1.2	1	0.962328767123288
chrX	70660001	70670000	A.1.1.2.1.2.1.2	1	0.962328767123288
chrX	70670001	70680000	A.1.1.2.1.2.1.2	1	0.962328767123288
chrX	70680001	70690000	A.1.1.2.1.2.1.2	1	0.962328767123288
chrX	70690001	70700000	A.1.1.2.1.2.1.2	1	0.962328767123288
chrX	70700001	70710000	A.1.1.2.1.2.1.2	1	0.962328767123288
chrX	70710001	70720000	A.1.1.2.1.2.1.2	1	0.962328767123288
chrX	70720001	70730000	A.1.1.2.1.2.1.2	1	0.962328767123288
chrX	70730001	70740000	A.1.1.2.1.2.1.2	1	0.962328767123288
chrX	70740001	70750000	A.1.1.2.1.2.1.2	1	0.962328767123288
chrX	70750001	70760000	A.1.2.1.1.2.2	0.875	0.924657534246575
chrX	70760001	70770000	A.1.2.1.1.2.2	0.875	0.924657534246575
chrX	70770001	70780000	A.1.2.1.1.2.2	0.875	0.924657534246575
chrX	70780001	70790000	A.1.2.1.1.2.2	0.875	0.924657534246575
chrX	70790001	70800000	A.1.2.1.1.2.2	0.875	0.924657534246575
chrX	70800001	70810000	A.1.2.1.1.2.2	0.875	0.924657534246575
chrX	70810001	70820000	A.1.2.1.1.2.2	0.875	0.924657534246575
chrX	70820001	70830000	A.1.2.1.1.2.2	0.875	0.924657534246575
chrX	70830001	70840000	A.1.2.1.1.2.2	0.875	0.924657534246575
chrX	70840001	70850000	A.1.2.1.1.2.2	0.875	0.924657534246575
chrX	70850001	70860000	A.1.2.1.1.2.2	0.875	0.924657534246575
chrX	70860001	70870000	A.1.2.1.1.2.2	0.875	0.924657534246575
chrX	70870001	70880000	A.1.2.1.1.2.2	0.875	0.924657534246575
chrX	70880001	70890000	A.1.2.1.1.2.2	0.875	0.924657534246575
chrX	70890001	70900000	A.1.2.1.1.2.2	0.875	0.924657534246575
chrX	71000001	71010000	A.1.2.1.1.2.2	0.875	0.924657534246575
chrX	71010001	71020000	A.1.2.1.1.2.2	0.875	0.924657534246575
chrX	71020001	71030000	A.1.2.1.1.2.2	0.875	0.924657534246575
chrX	71030001	71040000	A.1.2.1.1.2.2	0.875	0.924657534246575
chrX	71040001	71050000	A.1.2.1.1.2.2	0.875	0.924657534246575
chrX	71050001	71060000	A.1.2.1.1.2.2	0.875	0.924657534246575
chrX	71060001	71070000	A.1.2.1.1.2.2	0.875	0.924657534246575
chrX	71070001	71080000	A.1.2.1.1.2.2	0.875	0.924657534246575
chrX	71080001	71090000	A.1.2.1.1.2.2	0.875	0.924657534246575
chrX	71090001	71100000	A.1.2.1.1.2.2	0.875	0.924657534246575
chrX	71100001	71110000	A.1.2.1.1.2.2	0.875	0.924657534246575
chrX	71110001	71120000	A.1.2.1.1.2.2	0.875	0.924657534246575
chrX	71120001	71130000	A.1.2.1.1.2.2	0.875	0.924657534246575
chrX	71130001	71140000	A.1.2.1.1.2.2	0.875	0.924657534246575
chrX	71140001	71150000	A.1.2.1.1.2.2	0.875	0.924657534246575
chrX	71150001	71160000	A.1.2.1.1.2.2	0.875	0.924657534246575
chrX	71160001	71170000	A.1.2.1.1.2.2	0.875	0.924657534246575
chrX	71170001	71180000	A.1.2.1.1.2.2	0.875	0.924657534246575
chrX	71180001	71190000	A.1.2.1.1.2.2	0.875	0.924657534246575
chrX	71190001	71200000	A.1.2.1.1.2.2	0.875	0.924657534246575
chrX	71200001	71210000	A.2.1.1.1.1.2.2.1	0.75	0.852739726027397
chrX	71210001	71220000	A.2.1.1.1.1.2.2.1	0.75	0.852739726027397
chrX	71220001	71230000	A.2.1.1.1.1.2.2.1	0.75	0.852739726027397
chrX	71230001	71240000	A.2.1.1.1.1.2.2.1	0.75	0.852739726027397
chrX	71240001	71250000	A.2.1.1.1.1.2.2.1	0.75	0.852739726027397
chrX	71250001	71260000	A.2.1.1.1.1.2.2.1	0.75	0.852739726027397
chrX	71260001	71270000	A.2.1.1.1.1.2.2.1	0.75	0.852739726027397
chrX	71270001	71280000	A.2.1.1.1.1.2.2.1	0.75	0.852739726027397
chrX	71280001	71290000	A.2.1.1.1.1.2.2.1	0.75	0.852739726027397
chrX	71290001	71300000	A.2.1.1.1.1.2.2.1	0.75	0.852739726027397
chrX	71300001	71310000	A.1.2.1.2.1.2.2	0.875	0.904109589041096
chrX	71310001	71320000	A.1.2.1.2.1.2.2	0.875	0.904109589041096
chrX	71320001	71330000	A.1.2.1.2.1.2.2	0.875	0.904109589041096
chrX	71330001	71340000	A.1.2.1.2.1.2.2	0.875	0.904109589041096
chrX	71340001	71350000	A.1.2.1.2.1.2.2	0.875	0.904109589041096
chrX	71350001	71360000	A.1.2.1.2.1.2.2	0.875	0.904109589041096
chrX	71360001	71370000	A.1.2.1.2.1.2.2	0.875	0.904109589041096
chrX	71370001	71380000	A.1.2.1.2.1.2.2	0.875	0.904109589041096
chrX	71380001	71390000	A.1.2.1.2.1.2.2	0.875	0.904109589041096
chrX	71390001	71400000	A.1.2.1.2.1.2.2	0.875	0.904109589041096
chrX	71400001	71410000	A.1.2.1.2.1.2.2	0.875	0.904109589041096
chrX	71410001	71420000	A.1.2.1.2.1.2.2	0.875	0.904109589041096
chrX	71420001	71430000	A.1.2.1.2.1.2.2	0.875	0.904109589041096
chrX	71430001	71440000	A.1.2.1.2.1.2.2	0.875	0.904109589041096
chrX	71440001	71450000	A.1.2.1.2.1.2.2	0.875	0.904109589041096
chrX	71450001	71460000	A.1.2.1.2.1.2.2	0.875	0.904109589041096
chrX	71460001	71470000	A.1.2.1.2.1.2.2	0.875	0.904109589041096
chrX	71470001	71480000	A.1.2.1.2.1.2.2	0.875	0.904109589041096
chrX	71480001	71490000	A.1.2.1.2.1.2.2	0.875	0.904109589041096
chrX	71490001	71500000	A.1.2.1.2.1.2.2	0.875	0.904109589041096
chrX	71500001	71510000	A.1.2.1.2.1.2.2	0.875	0.904109589041096
chrX	71510001	71520000	A.1.2.1.2.1.2.2	0.875	0.904109589041096
chrX	71520001	71530000	A.1.2.1.2.1.2.2	0.875	0.904109589041096
chrX	71530001	71540000	A.1.2.1.2.1.2.2	0.875	0.904109589041096
chrX	71540001	71550000	A.1.2.1.2.1.2.2	0.875	0.904109589041096
chrX	71550001	71560000	A.1.2.1.2.1.2.2	0.875	0.904109589041096
chrX	71560001	71570000	A.1.2.1.2.1.2.2	0.875	0.904109589041096
chrX	71570001	71580000	A.1.2.1.2.1.2.2	0.875	0.904109589041096
chrX	71580001	71590000	A.1.2.1.2.1.2.2	0.875	0.904109589041096
chrX	71590001	71600000	A.1.2.1.2.1.2.2	0.875	0.904109589041096
chrX	71600001	71610000	A.1.2.1.2.1.2.2	0.875	0.904109589041096
chrX	71610001	71620000	A.1.2.1.2.1.2.2	0.875	0.904109589041096
chrX	71620001	71630000	A.1.2.1.2.1.2.2	0.875	0.904109589041096
chrX	71630001	71640000	A.1.2.1.2.1.2.2	0.875	0.904109589041096
chrX	71640001	71650000	A.1.2.1.2.1.2.2	0.875	0.904109589041096
chrX	71650001	71660000	A.2.1.1.1.2.2.1.2	0.75	0.839041095890411
chrX	71660001	71670000	A.2.1.1.1.2.2.1.2	0.75	0.839041095890411
chrX	71670001	71680000	A.2.1.1.1.2.2.1.2	0.75	0.839041095890411
chrX	71680001	71690000	A.2.1.1.1.2.2.1.2	0.75	0.839041095890411
chrX	71690001	71700000	A.2.1.1.1.2.2.1.2	0.75	0.839041095890411
chrX	71700001	71710000	A.2.1.1.1.2.2.1.2	0.75	0.839041095890411
chrX	71710001	71720000	A.2.1.1.1.2.2.1.2	0.75	0.839041095890411
chrX	71720001	71730000	A.2.1.1.1.2.2.1.2	0.75	0.839041095890411
chrX	71730001	71740000	A.2.1.1.1.2.2.1.2	0.75	0.839041095890411
chrX	71740001	71750000	A.2.1.1.1.2.2.1.2	0.75	0.839041095890411
chrX	71750001	71760000	A.2.1.1.1.2.2.1.2	0.75	0.839041095890411
chrX	71760001	71770000	A.2.1.1.1.2.2.1.2	0.75	0.839041095890411
chrX	71770001	71780000	A.2.1.1.1.2.2.1.2	0.75	0.839041095890411
chrX	71780001	71790000	A.2.1.1.1.2.2.1.2	0.75	0.839041095890411
chrX	71790001	71800000	A.2.1.1.1.2.2.1.2	0.75	0.839041095890411
chrX	71800001	71810000	A.2.1.1.1.2.2.1.2	0.75	0.839041095890411
chrX	71810001	71820000	A.2.1.1.1.2.2.1.2	0.75	0.839041095890411
chrX	71820001	71830000	A.2.1.1.1.2.2.1.2	0.75	0.839041095890411
chrX	71830001	71840000	A.2.1.1.1.2.2.1.2	0.75	0.839041095890411
chrX	71840001	71850000	A.2.1.1.1.2.2.1.2	0.75	0.839041095890411
chrX	71850001	71860000	B.2.1.2.2.1.1.2.2.2	0.25	0.232876712328767
chrX	71860001	71870000	B.2.1.2.2.1.1.2.2.2	0.25	0.232876712328767
chrX	71870001	71880000	B.2.1.2.2.1.1.2.2.2	0.25	0.232876712328767
chrX	71880001	71890000	B.2.1.2.2.1.1.2.2.2	0.25	0.232876712328767
chrX	71890001	71900000	B.2.1.2.2.1.1.2.2.2	0.25	0.232876712328767
chrX	71900001	71910000	B.2.1.2.2.1.1.2.2.2	0.25	0.232876712328767
chrX	71910001	71920000	B.2.1.2.2.1.1.2.2.2	0.25	0.232876712328767
chrX	71920001	71930000	B.2.1.2.2.1.1.2.2.2	0.25	0.232876712328767
chrX	71930001	71940000	B.2.1.2.2.1.1.2.2.2	0.25	0.232876712328767
chrX	71940001	71950000	B.2.1.2.2.1.1.2.2.2	0.25	0.232876712328767
chrX	71950001	71960000	B.2.1.2.2.1.1.2.2.2	0.25	0.232876712328767
chrX	71960001	71970000	B.2.1.2.2.1.1.2.2.2	0.25	0.232876712328767
chrX	71970001	71980000	B.2.1.2.2.1.1.2.2.2	0.25	0.232876712328767
chrX	71980001	71990000	B.2.1.2.2.1.1.2.2.2	0.25	0.232876712328767
chrX	71990001	7.2e+07	B.2.1.2.2.1.1.2.2.2	0.25	0.232876712328767
chrX	72200001	72210000	B.2.1.2.2.1.1.2.2.2	0.25	0.232876712328767
chrX	72210001	72220000	B.2.1.2.2.1.1.2.2.2	0.25	0.232876712328767
chrX	72220001	72230000	B.2.1.2.2.1.1.2.2.2	0.25	0.232876712328767
chrX	72230001	72240000	B.2.1.2.2.1.1.2.2.2	0.25	0.232876712328767
chrX	72240001	72250000	B.2.1.2.2.1.1.2.2.2	0.25	0.232876712328767
chrX	72250001	72260000	B.2.1.2.2.1.1.2.2.2	0.25	0.232876712328767
chrX	72260001	72270000	B.2.1.2.2.1.1.2.2.2	0.25	0.232876712328767
chrX	72270001	72280000	B.2.1.2.2.1.1.2.2.2	0.25	0.232876712328767
chrX	72280001	72290000	B.2.1.2.2.1.1.2.2.2	0.25	0.232876712328767
chrX	72290001	72300000	B.2.1.2.2.1.1.2.2.2	0.25	0.232876712328767
chrX	72300001	72310000	B.2.1.2.2.1.1.2.2.2	0.25	0.232876712328767
chrX	72310001	72320000	B.2.1.2.2.1.1.2.2.2	0.25	0.232876712328767
chrX	72320001	72330000	B.2.1.2.2.1.1.2.2.2	0.25	0.232876712328767
chrX	72330001	72340000	B.2.1.2.2.1.1.2.2.2	0.25	0.232876712328767
chrX	72340001	72350000	B.2.1.2.2.1.1.2.2.2	0.25	0.232876712328767
chrX	72350001	72360000	B.2.1.2.2.1.1.2.2.2	0.25	0.232876712328767
chrX	72360001	72370000	B.2.1.2.2.1.1.2.2.2	0.25	0.232876712328767
chrX	72370001	72380000	B.2.1.2.2.1.1.2.2.2	0.25	0.232876712328767
chrX	72380001	72390000	B.2.1.2.2.1.1.2.2.2	0.25	0.232876712328767
chrX	72390001	72400000	B.2.1.2.2.1.1.2.2.2	0.25	0.232876712328767
chrX	72400001	72410000	B.2.1.2.2.1.1.2.2.2	0.25	0.232876712328767
chrX	72410001	72420000	B.2.1.2.2.1.1.2.2.2	0.25	0.232876712328767
chrX	72420001	72430000	B.2.1.2.2.1.1.2.2.2	0.25	0.232876712328767
chrX	72430001	72440000	B.2.1.2.2.1.1.2.2.2	0.25	0.232876712328767
chrX	72440001	72450000	B.2.1.2.2.1.1.2.2.2	0.25	0.232876712328767
chrX	72450001	72460000	B.2.1.2.2.1.1.2.2.2	0.25	0.232876712328767
chrX	72460001	72470000	B.2.1.2.2.1.1.2.2.2	0.25	0.232876712328767
chrX	72470001	72480000	B.2.1.2.2.1.1.2.2.2	0.25	0.232876712328767
chrX	72480001	72490000	B.2.1.2.2.1.1.2.2.2	0.25	0.232876712328767
chrX	72490001	72500000	B.2.1.2.2.1.1.2.2.2	0.25	0.232876712328767
chrX	72500001	72510000	B.2.1.2.2.1.1.2.2.2	0.25	0.232876712328767
chrX	72510001	72520000	B.2.1.2.2.1.1.2.2.2	0.25	0.232876712328767
chrX	72520001	72530000	B.2.1.2.2.1.1.2.2.2	0.25	0.232876712328767
chrX	72530001	72540000	B.2.1.2.2.1.1.2.2.2	0.25	0.232876712328767
chrX	72540001	72550000	B.2.1.2.2.1.1.2.2.2	0.25	0.232876712328767
chrX	72550001	72560000	B.2.1.2.2.1.1.2.2.2	0.25	0.232876712328767
chrX	72560001	72570000	B.2.1.2.2.1.1.2.2.2	0.25	0.232876712328767
chrX	72570001	72580000	B.2.1.2.2.1.1.2.2.2	0.25	0.232876712328767
chrX	72580001	72590000	B.2.1.2.2.1.1.2.2.2	0.25	0.232876712328767
chrX	72590001	72600000	B.2.1.2.2.1.1.2.2.2	0.25	0.232876712328767
chrX	72600001	72610000	B.2.1.2.2.1.1.2.2.2	0.25	0.232876712328767
chrX	72610001	72620000	B.2.1.2.2.1.1.2.2.2	0.25	0.232876712328767
chrX	72620001	72630000	B.2.1.2.2.1.1.2.2.2	0.25	0.232876712328767
chrX	72630001	72640000	B.2.1.2.2.1.1.2.2.2	0.25	0.232876712328767
chrX	72640001	72650000	B.2.1.2.2.1.1.2.2.2	0.25	0.232876712328767
chrX	72650001	72660000	B.2.1.2.2.1.1.2.2.2	0.25	0.232876712328767
chrX	72660001	72670000	B.2.1.2.2.1.1.2.2.2	0.25	0.232876712328767
chrX	72670001	72680000	B.2.1.2.2.1.1.2.2.2	0.25	0.232876712328767
chrX	72680001	72690000	B.2.1.2.2.1.1.2.2.2	0.25	0.232876712328767
chrX	72690001	72700000	B.2.1.2.2.1.1.2.2.2	0.25	0.232876712328767
chrX	72700001	72710000	B.2.1.2.2.1.2.2.1.1	0.25	0.219178082191781
chrX	72710001	72720000	B.2.1.2.2.1.2.2.1.1	0.25	0.219178082191781
chrX	72720001	72730000	B.2.1.2.2.1.2.2.1.1	0.25	0.219178082191781
chrX	72730001	72740000	B.2.1.2.2.1.2.2.1.1	0.25	0.219178082191781
chrX	72740001	72750000	B.2.1.2.2.1.2.2.1.1	0.25	0.219178082191781
chrX	72750001	72760000	B.2.1.2.2.1.2.2.1.1	0.25	0.219178082191781
chrX	72760001	72770000	B.2.1.2.2.1.2.2.1.1	0.25	0.219178082191781
chrX	72770001	72780000	B.2.1.2.2.1.2.2.1.1	0.25	0.219178082191781
chrX	72780001	72790000	B.2.1.2.2.1.2.2.1.1	0.25	0.219178082191781
chrX	72790001	72800000	B.2.1.2.2.1.2.2.1.1	0.25	0.219178082191781
chrX	72800001	72810000	B.2.1.2.2.1.2.2.1.1	0.25	0.219178082191781
chrX	72810001	72820000	B.2.1.2.2.1.2.2.1.1	0.25	0.219178082191781
chrX	72820001	72830000	B.2.1.2.2.1.2.2.1.1	0.25	0.219178082191781
chrX	72830001	72840000	B.2.1.2.2.1.2.2.1.1	0.25	0.219178082191781
chrX	72840001	72850000	B.2.1.2.2.1.2.2.1.1	0.25	0.219178082191781
chrX	72850001	72860000	B.2.1.2.2.1.2.2.1.1	0.25	0.219178082191781
chrX	72860001	72870000	B.2.1.2.2.1.2.2.1.1	0.25	0.219178082191781
chrX	72870001	72880000	B.2.1.2.2.1.2.2.1.1	0.25	0.219178082191781
chrX	72880001	72890000	B.2.1.2.2.1.2.2.1.1	0.25	0.219178082191781
chrX	72890001	72900000	B.2.1.2.2.1.2.2.1.1	0.25	0.219178082191781
chrX	72900001	72910000	B.2.1.2.2.1.2.2.1.1	0.25	0.219178082191781
chrX	72910001	72920000	B.2.1.2.2.1.2.2.1.1	0.25	0.219178082191781
chrX	72920001	72930000	B.2.1.2.2.1.2.2.1.1	0.25	0.219178082191781
chrX	72930001	72940000	B.2.1.2.2.1.2.2.1.1	0.25	0.219178082191781
chrX	72940001	72950000	B.2.1.2.2.1.2.2.1.1	0.25	0.219178082191781
chrX	72950001	72960000	B.2.1.2.2.1.2.2.1.1	0.25	0.219178082191781
chrX	72960001	72970000	B.2.1.2.2.1.2.2.1.1	0.25	0.219178082191781
chrX	72970001	72980000	B.2.1.2.2.1.2.2.1.1	0.25	0.219178082191781
chrX	72980001	72990000	B.2.1.2.2.1.2.2.1.1	0.25	0.219178082191781
chrX	72990001	7.3e+07	B.2.1.2.2.1.2.2.1.1	0.25	0.219178082191781
chrX	73000001	73010000	B.2.1.2.2.1.2.2.1.1	0.25	0.219178082191781
chrX	73010001	73020000	B.2.1.2.2.1.2.2.1.1	0.25	0.219178082191781
chrX	73020001	73030000	B.2.1.2.2.1.2.2.1.1	0.25	0.219178082191781
chrX	73030001	73040000	B.2.1.2.2.1.2.2.1.1	0.25	0.219178082191781
chrX	73040001	73050000	B.2.1.2.2.1.2.2.1.1	0.25	0.219178082191781
chrX	73050001	73060000	A.2.1.1.2.1.1.2	0.75	0.828767123287671
chrX	73060001	73070000	A.2.1.1.2.1.1.2	0.75	0.828767123287671
chrX	73070001	73080000	A.2.1.1.2.1.1.2	0.75	0.828767123287671
chrX	73080001	73090000	A.2.1.1.2.1.1.2	0.75	0.828767123287671
chrX	73090001	73100000	A.2.1.1.2.1.1.2	0.75	0.828767123287671
chrX	73100001	73110000	A.2.1.1.2.1.1.2	0.75	0.828767123287671
chrX	73110001	73120000	A.2.1.1.2.1.1.2	0.75	0.828767123287671
chrX	73120001	73130000	A.2.1.1.2.1.1.2	0.75	0.828767123287671
chrX	73130001	73140000	A.2.1.1.2.1.1.2	0.75	0.828767123287671
chrX	73140001	73150000	A.2.1.1.2.1.1.2	0.75	0.828767123287671
chrX	73150001	73160000	A.2.1.1.2.1.1.2	0.75	0.828767123287671
chrX	73160001	73170000	A.2.1.1.2.1.1.2	0.75	0.828767123287671
chrX	73170001	73180000	A.2.1.1.2.1.1.2	0.75	0.828767123287671
chrX	73180001	73190000	A.2.1.1.2.1.1.2	0.75	0.828767123287671
chrX	73190001	73200000	A.2.1.1.2.1.1.2	0.75	0.828767123287671
chrX	73200001	73210000	A.2.1.1.2.1.1.2	0.75	0.828767123287671
chrX	73210001	73220000	A.2.1.1.2.1.1.2	0.75	0.828767123287671
chrX	73220001	73230000	A.2.1.1.2.1.1.2	0.75	0.828767123287671
chrX	73230001	73240000	A.2.1.1.2.1.1.2	0.75	0.828767123287671
chrX	73240001	73250000	A.2.1.1.2.1.1.2	0.75	0.828767123287671
chrX	73250001	73260000	A.2.1.1.2.1.1.2	0.75	0.828767123287671
chrX	73260001	73270000	A.2.1.1.2.1.1.2	0.75	0.828767123287671
chrX	73270001	73280000	A.2.1.1.2.1.1.2	0.75	0.828767123287671
chrX	73280001	73290000	A.2.1.1.2.1.1.2	0.75	0.828767123287671
chrX	73290001	73300000	A.2.1.1.2.1.1.2	0.75	0.828767123287671
chrX	73300001	73310000	A.2.1.1.2.1.1.2	0.75	0.828767123287671
chrX	73310001	73320000	A.2.1.1.2.1.1.2	0.75	0.828767123287671
chrX	73320001	73330000	A.2.1.1.2.1.1.2	0.75	0.828767123287671
chrX	73330001	73340000	A.2.1.1.2.1.1.2	0.75	0.828767123287671
chrX	73340001	73350000	A.2.1.1.2.1.1.2	0.75	0.828767123287671
chrX	73350001	73360000	A.2.1.1.2.1.1.2	0.75	0.828767123287671
chrX	73360001	73370000	A.2.1.1.2.1.1.2	0.75	0.828767123287671
chrX	73370001	73380000	A.2.1.1.2.1.1.2	0.75	0.828767123287671
chrX	73380001	73390000	A.2.1.1.2.1.1.2	0.75	0.828767123287671
chrX	73390001	73400000	A.2.1.1.2.1.1.2	0.75	0.828767123287671
chrX	73400001	73410000	A.2.2.1.2.2.2.2	0.625	0.712328767123288
chrX	73410001	73420000	A.2.2.1.2.2.2.2	0.625	0.712328767123288
chrX	73420001	73430000	A.2.2.1.2.2.2.2	0.625	0.712328767123288
chrX	73430001	73440000	A.2.2.1.2.2.2.2	0.625	0.712328767123288
chrX	73440001	73450000	A.2.2.1.2.2.2.2	0.625	0.712328767123288
chrX	73450001	73460000	A.2.2.1.2.2.2.2	0.625	0.712328767123288
chrX	73460001	73470000	A.2.2.1.2.2.2.2	0.625	0.712328767123288
chrX	73470001	73480000	A.2.2.1.2.2.2.2	0.625	0.712328767123288
chrX	73480001	73490000	A.2.2.1.2.2.2.2	0.625	0.712328767123288
chrX	73490001	73500000	A.2.2.1.2.2.2.2	0.625	0.712328767123288
chrX	73500001	73510000	A.1.2.2.1.2.1	0.875	0.876712328767123
chrX	73510001	73520000	A.1.2.2.1.2.1	0.875	0.876712328767123
chrX	73520001	73530000	A.1.2.2.1.2.1	0.875	0.876712328767123
chrX	73530001	73540000	A.1.2.2.1.2.1	0.875	0.876712328767123
chrX	73540001	73550000	A.1.2.2.1.2.1	0.875	0.876712328767123
chrX	73550001	73560000	A.1.2.2.1.2.1	0.875	0.876712328767123
chrX	73560001	73570000	A.1.2.2.1.2.1	0.875	0.876712328767123
chrX	73570001	73580000	A.1.2.2.1.2.1	0.875	0.876712328767123
chrX	73580001	73590000	A.1.2.2.1.2.1	0.875	0.876712328767123
chrX	73590001	73600000	A.1.2.2.1.2.1	0.875	0.876712328767123
chrX	73600001	73610000	A.1.2.2.1.2.1	0.875	0.876712328767123
chrX	73610001	73620000	A.1.2.2.1.2.1	0.875	0.876712328767123
chrX	73620001	73630000	A.1.2.2.1.2.1	0.875	0.876712328767123
chrX	73630001	73640000	A.1.2.2.1.2.1	0.875	0.876712328767123
chrX	73640001	73650000	A.1.2.2.1.2.1	0.875	0.876712328767123
chrX	73650001	73660000	A.1.2.2.1.2.1	0.875	0.876712328767123
chrX	73660001	73670000	A.1.2.2.1.2.1	0.875	0.876712328767123
chrX	73670001	73680000	A.1.2.2.1.2.1	0.875	0.876712328767123
chrX	73680001	73690000	A.1.2.2.1.2.1	0.875	0.876712328767123
chrX	73690001	73700000	A.1.2.2.1.2.1	0.875	0.876712328767123
chrX	73700001	73710000	A.1.2.2.1.2.1	0.875	0.876712328767123
chrX	73710001	73720000	A.1.2.2.1.2.1	0.875	0.876712328767123
chrX	73720001	73730000	A.1.2.2.1.2.1	0.875	0.876712328767123
chrX	73730001	73740000	A.1.2.2.1.2.1	0.875	0.876712328767123
chrX	73740001	73750000	A.1.2.2.1.2.1	0.875	0.876712328767123
chrX	73750001	73760000	B.2.1.2.2.1.2.2.1.2.1	0.25	0.215753424657534
chrX	73760001	73770000	B.2.1.2.2.1.2.2.1.2.1	0.25	0.215753424657534
chrX	73770001	73780000	B.2.1.2.2.1.2.2.1.2.1	0.25	0.215753424657534
chrX	73780001	73790000	B.2.1.2.2.1.2.2.1.2.1	0.25	0.215753424657534
chrX	73790001	73800000	B.2.1.2.2.1.2.2.1.2.1	0.25	0.215753424657534
chrX	73800001	73810000	B.2.1.2.2.1.2.2.1.2.1	0.25	0.215753424657534
chrX	73810001	73820000	B.2.1.2.2.1.2.2.1.2.1	0.25	0.215753424657534
chrX	73820001	73830000	B.2.1.2.2.1.2.2.1.2.1	0.25	0.215753424657534
chrX	73830001	73840000	B.2.1.2.2.1.2.2.1.2.1	0.25	0.215753424657534
chrX	73840001	73850000	B.2.1.2.2.1.2.2.1.2.1	0.25	0.215753424657534
chrX	73850001	73860000	B.2.1.2.2.1.2.2.1.2.1	0.25	0.215753424657534
chrX	73860001	73870000	B.2.1.2.2.1.2.2.1.2.1	0.25	0.215753424657534
chrX	73870001	73880000	B.2.1.2.2.1.2.2.1.2.1	0.25	0.215753424657534
chrX	73880001	73890000	B.2.1.2.2.1.2.2.1.2.1	0.25	0.215753424657534
chrX	73890001	73900000	B.2.1.2.2.1.2.2.1.2.1	0.25	0.215753424657534
chrX	73900001	73910000	B.2.1.2.2.1.2.2.1.2.1	0.25	0.215753424657534
chrX	73910001	73920000	B.2.1.2.2.1.2.2.1.2.1	0.25	0.215753424657534
chrX	73920001	73930000	B.2.1.2.2.1.2.2.1.2.1	0.25	0.215753424657534
chrX	73930001	73940000	B.2.1.2.2.1.2.2.1.2.1	0.25	0.215753424657534
chrX	73940001	73950000	B.2.1.2.2.1.2.2.1.2.1	0.25	0.215753424657534
chrX	73950001	73960000	B.2.1.2.2.1.2.2.1.2.1	0.25	0.215753424657534
chrX	73960001	73970000	B.2.1.2.2.1.2.2.1.2.1	0.25	0.215753424657534
chrX	73970001	73980000	B.2.1.2.2.1.2.2.1.2.1	0.25	0.215753424657534
chrX	73980001	73990000	B.2.1.2.2.1.2.2.1.2.1	0.25	0.215753424657534
chrX	73990001	7.4e+07	B.2.1.2.2.1.2.2.1.2.1	0.25	0.215753424657534
chrX	74000001	74010000	B.2.1.2.2.1.2.2.1.2.1	0.25	0.215753424657534
chrX	74010001	74020000	B.2.1.2.2.1.2.2.1.2.1	0.25	0.215753424657534
chrX	74020001	74030000	B.2.1.2.2.1.2.2.1.2.1	0.25	0.215753424657534
chrX	74030001	74040000	B.2.1.2.2.1.2.2.1.2.1	0.25	0.215753424657534
chrX	74040001	74050000	B.2.1.2.2.1.2.2.1.2.1	0.25	0.215753424657534
chrX	74050001	74060000	B.2.1.2.2.1.2.2.1.2.1	0.25	0.215753424657534
chrX	74060001	74070000	B.2.1.2.2.1.2.2.1.2.1	0.25	0.215753424657534
chrX	74070001	74080000	B.2.1.2.2.1.2.2.1.2.1	0.25	0.215753424657534
chrX	74080001	74090000	B.2.1.2.2.1.2.2.1.2.1	0.25	0.215753424657534
chrX	74090001	74100000	B.2.1.2.2.1.2.2.1.2.1	0.25	0.215753424657534
chrX	74100001	74110000	B.2.1.2.2.1.2.2.1.2.1	0.25	0.215753424657534
chrX	74110001	74120000	B.2.1.2.2.1.2.2.1.2.1	0.25	0.215753424657534
chrX	74120001	74130000	B.2.1.2.2.1.2.2.1.2.1	0.25	0.215753424657534
chrX	74130001	74140000	B.2.1.2.2.1.2.2.1.2.1	0.25	0.215753424657534
chrX	74140001	74150000	B.2.1.2.2.1.2.2.1.2.1	0.25	0.215753424657534
chrX	74150001	74160000	B.2.2.1.2.2.1.1.2.2	0.125	0.0582191780821918
chrX	74160001	74170000	B.2.2.1.2.2.1.1.2.2	0.125	0.0582191780821918
chrX	74170001	74180000	B.2.2.1.2.2.1.1.2.2	0.125	0.0582191780821918
chrX	74180001	74190000	B.2.2.1.2.2.1.1.2.2	0.125	0.0582191780821918
chrX	74190001	74200000	B.2.2.1.2.2.1.1.2.2	0.125	0.0582191780821918
chrX	74200001	74210000	B.2.2.1.2.2.1.1.2.2	0.125	0.0582191780821918
chrX	74210001	74220000	B.2.2.1.2.2.1.1.2.2	0.125	0.0582191780821918
chrX	74220001	74230000	B.2.2.1.2.2.1.1.2.2	0.125	0.0582191780821918
chrX	74230001	74240000	B.2.2.1.2.2.1.1.2.2	0.125	0.0582191780821918
chrX	74240001	74250000	B.2.2.1.2.2.1.1.2.2	0.125	0.0582191780821918
chrX	74250001	74260000	B.2.2.1.2.2.1.1.2.2	0.125	0.0582191780821918
chrX	74260001	74270000	B.2.2.1.2.2.1.1.2.2	0.125	0.0582191780821918
chrX	74270001	74280000	B.2.2.1.2.2.1.1.2.2	0.125	0.0582191780821918
chrX	74280001	74290000	B.2.2.1.2.2.1.1.2.2	0.125	0.0582191780821918
chrX	74290001	74300000	B.2.2.1.2.2.1.1.2.2	0.125	0.0582191780821918
chrX	74300001	74310000	B.2.2.1.2.2.1.1.2.2	0.125	0.0582191780821918
chrX	74310001	74320000	B.2.2.1.2.2.1.1.2.2	0.125	0.0582191780821918
chrX	74320001	74330000	B.2.2.1.2.2.1.1.2.2	0.125	0.0582191780821918
chrX	74330001	74340000	B.2.2.1.2.2.1.1.2.2	0.125	0.0582191780821918
chrX	74340001	74350000	B.2.2.1.2.2.1.1.2.2	0.125	0.0582191780821918
chrX	74350001	74360000	B.2.2.1.2.2.1.1.2.2	0.125	0.0582191780821918
chrX	74360001	74370000	B.2.2.1.2.2.1.1.2.2	0.125	0.0582191780821918
chrX	74370001	74380000	B.2.2.1.2.2.1.1.2.2	0.125	0.0582191780821918
chrX	74380001	74390000	B.2.2.1.2.2.1.1.2.2	0.125	0.0582191780821918
chrX	74390001	74400000	B.2.2.1.2.2.1.1.2.2	0.125	0.0582191780821918
chrX	74400001	74410000	B.2.2.1.2.2.1.1.2.2	0.125	0.0582191780821918
chrX	74410001	74420000	B.2.2.1.2.2.1.1.2.2	0.125	0.0582191780821918
chrX	74420001	74430000	B.2.2.1.2.2.1.1.2.2	0.125	0.0582191780821918
chrX	74430001	74440000	B.2.2.1.2.2.1.1.2.2	0.125	0.0582191780821918
chrX	74440001	74450000	B.2.2.1.2.2.1.1.2.2	0.125	0.0582191780821918
chrX	74450001	74460000	B.2.2.1.2.2.1.1.2.2	0.125	0.0582191780821918
chrX	74460001	74470000	B.2.2.1.2.2.1.1.2.2	0.125	0.0582191780821918
chrX	74470001	74480000	B.2.2.1.2.2.1.1.2.2	0.125	0.0582191780821918
chrX	74480001	74490000	B.2.2.1.2.2.1.1.2.2	0.125	0.0582191780821918
chrX	74490001	74500000	B.2.2.1.2.2.1.1.2.2	0.125	0.0582191780821918
chrX	74500001	74510000	B.2.2.1.2.2.1.1.2.2	0.125	0.0582191780821918
chrX	74510001	74520000	B.2.2.1.2.2.1.1.2.2	0.125	0.0582191780821918
chrX	74520001	74530000	B.2.2.1.2.2.1.1.2.2	0.125	0.0582191780821918
chrX	74530001	74540000	B.2.2.1.2.2.1.1.2.2	0.125	0.0582191780821918
chrX	74540001	74550000	B.2.2.1.2.2.1.1.2.2	0.125	0.0582191780821918
chrX	74550001	74560000	B.2.2.1.2.2.1.1.2.2	0.125	0.0582191780821918
chrX	74560001	74570000	B.2.2.1.2.2.1.1.2.2	0.125	0.0582191780821918
chrX	74570001	74580000	B.2.2.1.2.2.1.1.2.2	0.125	0.0582191780821918
chrX	74580001	74590000	B.2.2.1.2.2.1.1.2.2	0.125	0.0582191780821918
chrX	74590001	74600000	B.2.2.1.2.2.1.1.2.2	0.125	0.0582191780821918
chrX	74600001	74610000	B.2.2.1.2.2.1.1.2.2	0.125	0.0582191780821918
chrX	74610001	74620000	B.2.2.1.2.2.1.1.2.2	0.125	0.0582191780821918
chrX	74620001	74630000	B.2.2.1.2.2.1.1.2.2	0.125	0.0582191780821918
chrX	74630001	74640000	B.2.2.1.2.2.1.1.2.2	0.125	0.0582191780821918
chrX	74640001	74650000	B.2.2.1.2.2.1.1.2.2	0.125	0.0582191780821918
chrX	74650001	74660000	B.2.2.1.2.2.1.1.2.2	0.125	0.0582191780821918
chrX	74660001	74670000	B.2.2.1.2.2.1.1.2.2	0.125	0.0582191780821918
chrX	74670001	74680000	B.2.2.1.2.2.1.1.2.2	0.125	0.0582191780821918
chrX	74680001	74690000	B.2.2.1.2.2.1.1.2.2	0.125	0.0582191780821918
chrX	74690001	74700000	B.2.2.1.2.2.1.1.2.2	0.125	0.0582191780821918
chrX	74700001	74710000	B.2.2.1.2.2.1.1.2.2	0.125	0.0582191780821918
chrX	74710001	74720000	B.2.2.1.2.2.1.1.2.2	0.125	0.0582191780821918
chrX	74720001	74730000	B.2.2.1.2.2.1.1.2.2	0.125	0.0582191780821918
chrX	74730001	74740000	B.2.2.1.2.2.1.1.2.2	0.125	0.0582191780821918
chrX	74740001	74750000	B.2.2.1.2.2.1.1.2.2	0.125	0.0582191780821918
chrX	74750001	74760000	B.2.2.1.1.2.1.2	0.125	0.10958904109589
chrX	74760001	74770000	B.2.2.1.1.2.1.2	0.125	0.10958904109589
chrX	74770001	74780000	B.2.2.1.1.2.1.2	0.125	0.10958904109589
chrX	74780001	74790000	B.2.2.1.1.2.1.2	0.125	0.10958904109589
chrX	74790001	74800000	B.2.2.1.1.2.1.2	0.125	0.10958904109589
chrX	74800001	74810000	B.2.2.1.1.2.1.2	0.125	0.10958904109589
chrX	74810001	74820000	B.2.2.1.1.2.1.2	0.125	0.10958904109589
chrX	74820001	74830000	B.2.2.1.1.2.1.2	0.125	0.10958904109589
chrX	74830001	74840000	B.2.2.1.1.2.1.2	0.125	0.10958904109589
chrX	74840001	74850000	B.2.2.1.1.2.1.2	0.125	0.10958904109589
chrX	74850001	74860000	B.2.2.1.1.2.1.2	0.125	0.10958904109589
chrX	74860001	74870000	B.2.2.1.1.2.1.2	0.125	0.10958904109589
chrX	74870001	74880000	B.2.2.1.1.2.1.2	0.125	0.10958904109589
chrX	74880001	74890000	B.2.2.1.1.2.1.2	0.125	0.10958904109589
chrX	74890001	74900000	B.2.2.1.1.2.1.2	0.125	0.10958904109589
chrX	74900001	74910000	B.2.2.1.1.2.1.2	0.125	0.10958904109589
chrX	74910001	74920000	B.2.2.1.1.2.1.2	0.125	0.10958904109589
chrX	74920001	74930000	B.2.2.1.1.2.1.2	0.125	0.10958904109589
chrX	74930001	74940000	B.2.2.1.1.2.1.2	0.125	0.10958904109589
chrX	74940001	74950000	B.2.2.1.1.2.1.2	0.125	0.10958904109589
chrX	74950001	74960000	B.2.2.1.1.2.1.2	0.125	0.10958904109589
chrX	74960001	74970000	B.2.2.1.1.2.1.2	0.125	0.10958904109589
chrX	74970001	74980000	B.2.2.1.1.2.1.2	0.125	0.10958904109589
chrX	74980001	74990000	B.2.2.1.1.2.1.2	0.125	0.10958904109589
chrX	74990001	7.5e+07	B.2.2.1.1.2.1.2	0.125	0.10958904109589
chrX	75000001	75010000	B.2.2.1.1.2.1.2	0.125	0.10958904109589
chrX	75010001	75020000	B.2.2.1.1.2.1.2	0.125	0.10958904109589
chrX	75020001	75030000	B.2.2.1.1.2.1.2	0.125	0.10958904109589
chrX	75030001	75040000	B.2.2.1.1.2.1.2	0.125	0.10958904109589
chrX	75040001	75050000	B.2.2.1.1.2.1.2	0.125	0.10958904109589
chrX	75050001	75060000	B.2.2.1.1.2.1.2	0.125	0.10958904109589
chrX	75060001	75070000	B.2.2.1.1.2.1.2	0.125	0.10958904109589
chrX	75070001	75080000	B.2.2.1.1.2.1.2	0.125	0.10958904109589
chrX	75080001	75090000	B.2.2.1.1.2.1.2	0.125	0.10958904109589
chrX	75090001	75100000	B.2.2.1.1.2.1.2	0.125	0.10958904109589
chrX	75100001	75110000	B.2.2.1.1.2.1.2	0.125	0.10958904109589
chrX	75110001	75120000	B.2.2.1.1.2.1.2	0.125	0.10958904109589
chrX	75120001	75130000	B.2.2.1.1.2.1.2	0.125	0.10958904109589
chrX	75130001	75140000	B.2.2.1.1.2.1.2	0.125	0.10958904109589
chrX	75140001	75150000	B.2.2.1.1.2.1.2	0.125	0.10958904109589
chrX	75150001	75160000	B.2.2.1.1.2.1.1	0.125	0.113013698630137
chrX	75160001	75170000	B.2.2.1.1.2.1.1	0.125	0.113013698630137
chrX	75170001	75180000	B.2.2.1.1.2.1.1	0.125	0.113013698630137
chrX	75180001	75190000	B.2.2.1.1.2.1.1	0.125	0.113013698630137
chrX	75190001	75200000	B.2.2.1.1.2.1.1	0.125	0.113013698630137
chrX	75200001	75210000	B.2.2.1.1.2.1.1	0.125	0.113013698630137
chrX	75210001	75220000	B.2.2.1.1.2.1.1	0.125	0.113013698630137
chrX	75220001	75230000	B.2.2.1.1.2.1.1	0.125	0.113013698630137
chrX	75230001	75240000	B.2.2.1.1.2.1.1	0.125	0.113013698630137
chrX	75240001	75250000	B.2.2.1.1.2.1.1	0.125	0.113013698630137
chrX	75250001	75260000	B.2.2.1.1.2.1.1	0.125	0.113013698630137
chrX	75260001	75270000	B.2.2.1.1.2.1.1	0.125	0.113013698630137
chrX	75270001	75280000	B.2.2.1.1.2.1.1	0.125	0.113013698630137
chrX	75280001	75290000	B.2.2.1.1.2.1.1	0.125	0.113013698630137
chrX	75290001	75300000	B.2.2.1.1.2.1.1	0.125	0.113013698630137
chrX	75300001	75310000	B.2.2.1.1.2.1.1	0.125	0.113013698630137
chrX	75310001	75320000	B.2.2.1.1.2.1.1	0.125	0.113013698630137
chrX	75320001	75330000	B.2.2.1.1.2.1.1	0.125	0.113013698630137
chrX	75330001	75340000	B.2.2.1.1.2.1.1	0.125	0.113013698630137
chrX	75340001	75350000	B.2.2.1.1.2.1.1	0.125	0.113013698630137
chrX	75350001	75360000	B.2.2.1.1.2.1.1	0.125	0.113013698630137
chrX	75360001	75370000	B.2.2.1.1.2.1.1	0.125	0.113013698630137
chrX	75370001	75380000	B.2.2.1.1.2.1.1	0.125	0.113013698630137
chrX	75380001	75390000	B.2.2.1.1.2.1.1	0.125	0.113013698630137
chrX	75390001	75400000	B.2.2.1.1.2.1.1	0.125	0.113013698630137
chrX	75400001	75410000	B.2.2.1.1.2.1.1	0.125	0.113013698630137
chrX	75410001	75420000	B.2.2.1.1.2.1.1	0.125	0.113013698630137
chrX	75420001	75430000	B.2.2.1.1.2.1.1	0.125	0.113013698630137
chrX	75430001	75440000	B.2.2.1.1.2.1.1	0.125	0.113013698630137
chrX	75440001	75450000	B.2.2.1.1.2.1.1	0.125	0.113013698630137
chrX	75450001	75460000	B.2.2.1.1.2.1.1	0.125	0.113013698630137
chrX	75460001	75470000	B.2.2.1.1.2.1.1	0.125	0.113013698630137
chrX	75470001	75480000	B.2.2.1.1.2.1.1	0.125	0.113013698630137
chrX	75480001	75490000	B.2.2.1.1.2.1.1	0.125	0.113013698630137
chrX	75490001	75500000	B.2.2.1.1.2.1.1	0.125	0.113013698630137
chrX	75500001	75510000	B.2.2.1.1.2.1.1	0.125	0.113013698630137
chrX	75510001	75520000	B.2.2.1.1.2.1.1	0.125	0.113013698630137
chrX	75520001	75530000	B.2.2.1.1.2.1.1	0.125	0.113013698630137
chrX	75530001	75540000	B.2.2.1.1.2.1.1	0.125	0.113013698630137
chrX	75540001	75550000	B.2.2.1.1.2.1.1	0.125	0.113013698630137
chrX	75550001	75560000	B.2.2.1.1.2.1.1	0.125	0.113013698630137
chrX	75560001	75570000	B.2.2.1.1.2.1.1	0.125	0.113013698630137
chrX	75570001	75580000	B.2.2.1.1.2.1.1	0.125	0.113013698630137
chrX	75580001	75590000	B.2.2.1.1.2.1.1	0.125	0.113013698630137
chrX	75590001	75600000	B.2.2.1.1.2.1.1	0.125	0.113013698630137
chrX	75600001	75610000	B.2.2.1.1.2.1.1	0.125	0.113013698630137
chrX	75610001	75620000	B.2.2.1.1.2.1.1	0.125	0.113013698630137
chrX	75620001	75630000	B.2.2.1.1.2.1.1	0.125	0.113013698630137
chrX	75630001	75640000	B.2.2.1.1.2.1.1	0.125	0.113013698630137
chrX	75640001	75650000	B.2.2.1.1.2.1.1	0.125	0.113013698630137
chrX	75650001	75660000	B.2.2.1.1.2.1.1	0.125	0.113013698630137
chrX	75660001	75670000	B.2.2.1.1.2.1.1	0.125	0.113013698630137
chrX	75670001	75680000	B.2.2.1.1.2.1.1	0.125	0.113013698630137
chrX	75680001	75690000	B.2.2.1.1.2.1.1	0.125	0.113013698630137
chrX	75690001	75700000	B.2.2.1.1.2.1.1	0.125	0.113013698630137
chrX	75700001	75710000	B.2.2.1.1.2.1.1	0.125	0.113013698630137
chrX	75710001	75720000	B.2.2.1.1.2.1.1	0.125	0.113013698630137
chrX	75720001	75730000	B.2.2.1.1.2.1.1	0.125	0.113013698630137
chrX	75730001	75740000	B.2.2.1.1.2.1.1	0.125	0.113013698630137
chrX	75740001	75750000	B.2.2.1.1.2.1.1	0.125	0.113013698630137
chrX	75750001	75760000	B.2.1.2.2.2.2.2.1.1	0.25	0.154109589041096
chrX	75760001	75770000	B.2.1.2.2.2.2.2.1.1	0.25	0.154109589041096
chrX	75770001	75780000	B.2.1.2.2.2.2.2.1.1	0.25	0.154109589041096
chrX	75780001	75790000	B.2.1.2.2.2.2.2.1.1	0.25	0.154109589041096
chrX	75790001	75800000	B.2.1.2.2.2.2.2.1.1	0.25	0.154109589041096
chrX	75800001	75810000	B.2.1.2.2.2.2.2.1.1	0.25	0.154109589041096
chrX	75810001	75820000	B.2.1.2.2.2.2.2.1.1	0.25	0.154109589041096
chrX	75820001	75830000	B.2.1.2.2.2.2.2.1.1	0.25	0.154109589041096
chrX	75830001	75840000	B.2.1.2.2.2.2.2.1.1	0.25	0.154109589041096
chrX	75840001	75850000	B.2.1.2.2.2.2.2.1.1	0.25	0.154109589041096
chrX	75850001	75860000	B.2.1.2.2.2.2.2.1.1	0.25	0.154109589041096
chrX	75860001	75870000	B.2.1.2.2.2.2.2.1.1	0.25	0.154109589041096
chrX	75870001	75880000	B.2.1.2.2.2.2.2.1.1	0.25	0.154109589041096
chrX	75880001	75890000	B.2.1.2.2.2.2.2.1.1	0.25	0.154109589041096
chrX	75890001	75900000	B.2.1.2.2.2.2.2.1.1	0.25	0.154109589041096
chrX	75900001	75910000	B.2.1.2.2.2.2.2.1.1	0.25	0.154109589041096
chrX	75910001	75920000	B.2.1.2.2.2.2.2.1.1	0.25	0.154109589041096
chrX	75920001	75930000	B.2.1.2.2.2.2.2.1.1	0.25	0.154109589041096
chrX	75930001	75940000	B.2.1.2.2.2.2.2.1.1	0.25	0.154109589041096
chrX	75940001	75950000	B.2.1.2.2.2.2.2.1.1	0.25	0.154109589041096
chrX	75950001	75960000	B.2.1.2.2.2.2.2.1.1	0.25	0.154109589041096
chrX	75960001	75970000	B.2.1.2.2.2.2.2.1.1	0.25	0.154109589041096
chrX	75970001	75980000	B.2.1.2.2.2.2.2.1.1	0.25	0.154109589041096
chrX	75980001	75990000	B.2.1.2.2.2.2.2.1.1	0.25	0.154109589041096
chrX	75990001	7.6e+07	B.2.1.2.2.2.2.2.1.1	0.25	0.154109589041096
chrX	76000001	76010000	B.2.1.2.2.2.2.2.1.1	0.25	0.154109589041096
chrX	76010001	76020000	B.2.1.2.2.2.2.2.1.1	0.25	0.154109589041096
chrX	76020001	76030000	B.2.1.2.2.2.2.2.1.1	0.25	0.154109589041096
chrX	76030001	76040000	B.2.1.2.2.2.2.2.1.1	0.25	0.154109589041096
chrX	76040001	76050000	B.2.1.2.2.2.2.2.1.1	0.25	0.154109589041096
chrX	76050001	76060000	B.2.1.2.2.2.2.2.1.1	0.25	0.154109589041096
chrX	76060001	76070000	B.2.1.2.2.2.2.2.1.1	0.25	0.154109589041096
chrX	76070001	76080000	B.2.1.2.2.2.2.2.1.1	0.25	0.154109589041096
chrX	76080001	76090000	B.2.1.2.2.2.2.2.1.1	0.25	0.154109589041096
chrX	76090001	76100000	B.2.1.2.2.2.2.2.1.1	0.25	0.154109589041096
chrX	76100001	76110000	B.2.1.2.2.2.2.2.1.1	0.25	0.154109589041096
chrX	76110001	76120000	B.2.1.2.2.2.2.2.1.1	0.25	0.154109589041096
chrX	76120001	76130000	B.2.1.2.2.2.2.2.1.1	0.25	0.154109589041096
chrX	76130001	76140000	B.2.1.2.2.2.2.2.1.1	0.25	0.154109589041096
chrX	76140001	76150000	B.2.1.2.2.2.2.2.1.1	0.25	0.154109589041096
chrX	76150001	76160000	B.2.1.2.2.2.2.2.1.1	0.25	0.154109589041096
chrX	76160001	76170000	B.2.1.2.2.2.2.2.1.1	0.25	0.154109589041096
chrX	76170001	76180000	B.2.1.2.2.2.2.2.1.1	0.25	0.154109589041096
chrX	76180001	76190000	B.2.1.2.2.2.2.2.1.1	0.25	0.154109589041096
chrX	76190001	76200000	B.2.1.2.2.2.2.2.1.1	0.25	0.154109589041096
chrX	76200001	76210000	B.2.1.2.2.1.2.2.1.2.2	0.25	0.212328767123288
chrX	76210001	76220000	B.2.1.2.2.1.2.2.1.2.2	0.25	0.212328767123288
chrX	76220001	76230000	B.2.1.2.2.1.2.2.1.2.2	0.25	0.212328767123288
chrX	76230001	76240000	B.2.1.2.2.1.2.2.1.2.2	0.25	0.212328767123288
chrX	76240001	76250000	B.2.1.2.2.1.2.2.1.2.2	0.25	0.212328767123288
chrX	76250001	76260000	B.2.1.2.2.1.2.2.1.2.2	0.25	0.212328767123288
chrX	76260001	76270000	B.2.1.2.2.1.2.2.1.2.2	0.25	0.212328767123288
chrX	76270001	76280000	B.2.1.2.2.1.2.2.1.2.2	0.25	0.212328767123288
chrX	76280001	76290000	B.2.1.2.2.1.2.2.1.2.2	0.25	0.212328767123288
chrX	76290001	76300000	B.2.1.2.2.1.2.2.1.2.2	0.25	0.212328767123288
chrX	76300001	76310000	B.2.1.2.2.1.2.2.1.2.2	0.25	0.212328767123288
chrX	76310001	76320000	B.2.1.2.2.1.2.2.1.2.2	0.25	0.212328767123288
chrX	76320001	76330000	B.2.1.2.2.1.2.2.1.2.2	0.25	0.212328767123288
chrX	76330001	76340000	B.2.1.2.2.1.2.2.1.2.2	0.25	0.212328767123288
chrX	76340001	76350000	B.2.1.2.2.1.2.2.1.2.2	0.25	0.212328767123288
chrX	76350001	76360000	B.1.2.1.1.1.2.2.2	0.375	0.517123287671233
chrX	76360001	76370000	B.1.2.1.1.1.2.2.2	0.375	0.517123287671233
chrX	76370001	76380000	B.1.2.1.1.1.2.2.2	0.375	0.517123287671233
chrX	76380001	76390000	B.1.2.1.1.1.2.2.2	0.375	0.517123287671233
chrX	76390001	76400000	B.1.2.1.1.1.2.2.2	0.375	0.517123287671233
chrX	76400001	76410000	B.1.2.1.1.1.2.2.2	0.375	0.517123287671233
chrX	76410001	76420000	B.1.2.1.1.1.2.2.2	0.375	0.517123287671233
chrX	76420001	76430000	B.1.2.1.1.1.2.2.2	0.375	0.517123287671233
chrX	76430001	76440000	B.1.2.1.1.1.2.2.2	0.375	0.517123287671233
chrX	76440001	76450000	B.1.2.1.1.1.2.2.2	0.375	0.517123287671233
chrX	76450001	76460000	B.1.2.1.1.1.2.2.2	0.375	0.517123287671233
chrX	76460001	76470000	B.1.2.1.1.1.2.2.2	0.375	0.517123287671233
chrX	76470001	76480000	B.1.2.1.1.1.2.2.2	0.375	0.517123287671233
chrX	76480001	76490000	B.1.2.1.1.1.2.2.2	0.375	0.517123287671233
chrX	76490001	76500000	B.1.2.1.1.1.2.2.2	0.375	0.517123287671233
chrX	76500001	76510000	B.1.2.1.1.1.2.2.2	0.375	0.517123287671233
chrX	76510001	76520000	B.1.2.1.1.1.2.2.2	0.375	0.517123287671233
chrX	76520001	76530000	B.1.2.1.1.1.2.2.2	0.375	0.517123287671233
chrX	76530001	76540000	B.1.2.1.1.1.2.2.2	0.375	0.517123287671233
chrX	76540001	76550000	B.1.2.1.1.1.2.2.2	0.375	0.517123287671233
chrX	76550001	76560000	B.1.2.1.1.1.2.2.2	0.375	0.517123287671233
chrX	76560001	76570000	B.1.2.1.1.1.2.2.2	0.375	0.517123287671233
chrX	76570001	76580000	B.1.2.1.1.1.2.2.2	0.375	0.517123287671233
chrX	76580001	76590000	B.1.2.1.1.1.2.2.2	0.375	0.517123287671233
chrX	76590001	76600000	B.1.2.1.1.1.2.2.2	0.375	0.517123287671233
chrX	76600001	76610000	B.1.2.1.1.1.2.2.2	0.375	0.517123287671233
chrX	76610001	76620000	B.1.2.1.1.1.2.2.2	0.375	0.517123287671233
chrX	76620001	76630000	B.1.2.1.1.1.2.2.2	0.375	0.517123287671233
chrX	76630001	76640000	B.1.2.1.1.1.2.2.2	0.375	0.517123287671233
chrX	76640001	76650000	B.1.2.1.1.1.2.2.2	0.375	0.517123287671233
chrX	76700001	76710000	B.1.2.1.1.1.2.2.2	0.375	0.517123287671233
chrX	76710001	76720000	B.1.2.1.1.1.2.2.2	0.375	0.517123287671233
chrX	76720001	76730000	B.1.2.1.1.1.2.2.2	0.375	0.517123287671233
chrX	76730001	76740000	B.1.2.1.1.1.2.2.2	0.375	0.517123287671233
chrX	76740001	76750000	B.1.2.1.1.1.2.2.2	0.375	0.517123287671233
chrX	76750001	76760000	B.1.2.1.1.1.2.2.2	0.375	0.517123287671233
chrX	76760001	76770000	B.1.2.1.1.1.2.2.2	0.375	0.517123287671233
chrX	76770001	76780000	B.1.2.1.1.1.2.2.2	0.375	0.517123287671233
chrX	76780001	76790000	B.1.2.1.1.1.2.2.2	0.375	0.517123287671233
chrX	76790001	76800000	B.1.2.1.1.1.2.2.2	0.375	0.517123287671233
chrX	76800001	76810000	B.1.2.1.1.1.2.2.2	0.375	0.517123287671233
chrX	76810001	76820000	B.1.2.1.1.1.2.2.2	0.375	0.517123287671233
chrX	76820001	76830000	B.1.2.1.1.1.2.2.2	0.375	0.517123287671233
chrX	76830001	76840000	B.1.2.1.1.1.2.2.2	0.375	0.517123287671233
chrX	76840001	76850000	B.1.2.1.1.1.2.2.2	0.375	0.517123287671233
chrX	76850001	76860000	B.1.2.1.1.1.2.2.2	0.375	0.517123287671233
chrX	76860001	76870000	B.1.2.1.1.1.2.2.2	0.375	0.517123287671233
chrX	76870001	76880000	B.1.2.1.1.1.2.2.2	0.375	0.517123287671233
chrX	76880001	76890000	B.1.2.1.1.1.2.2.2	0.375	0.517123287671233
chrX	76890001	76900000	B.1.2.1.1.1.2.2.2	0.375	0.517123287671233
chrX	76900001	76910000	A.2.1.1.1.2.2.2	0.75	0.835616438356164
chrX	76910001	76920000	A.2.1.1.1.2.2.2	0.75	0.835616438356164
chrX	76920001	76930000	A.2.1.1.1.2.2.2	0.75	0.835616438356164
chrX	76930001	76940000	A.2.1.1.1.2.2.2	0.75	0.835616438356164
chrX	76940001	76950000	A.2.1.1.1.2.2.2	0.75	0.835616438356164
chrX	76950001	76960000	A.2.1.1.1.2.2.2	0.75	0.835616438356164
chrX	76960001	76970000	A.2.1.1.1.2.2.2	0.75	0.835616438356164
chrX	76970001	76980000	A.2.1.1.1.2.2.2	0.75	0.835616438356164
chrX	76980001	76990000	A.2.1.1.1.2.2.2	0.75	0.835616438356164
chrX	76990001	7.7e+07	A.2.1.1.1.2.2.2	0.75	0.835616438356164
chrX	77000001	77010000	A.2.1.1.1.2.2.2	0.75	0.835616438356164
chrX	77010001	77020000	A.2.1.1.1.2.2.2	0.75	0.835616438356164
chrX	77020001	77030000	A.2.1.1.1.2.2.2	0.75	0.835616438356164
chrX	77030001	77040000	A.2.1.1.1.2.2.2	0.75	0.835616438356164
chrX	77040001	77050000	A.2.1.1.1.2.2.2	0.75	0.835616438356164
chrX	77050001	77060000	A.2.2.1.1.2	0.625	0.753424657534247
chrX	77060001	77070000	A.2.2.1.1.2	0.625	0.753424657534247
chrX	77070001	77080000	A.2.2.1.1.2	0.625	0.753424657534247
chrX	77080001	77090000	A.2.2.1.1.2	0.625	0.753424657534247
chrX	77090001	77100000	A.2.2.1.1.2	0.625	0.753424657534247
chrX	77100001	77110000	A.2.2.1.1.2	0.625	0.753424657534247
chrX	77110001	77120000	A.2.2.1.1.2	0.625	0.753424657534247
chrX	77120001	77130000	A.2.2.1.1.2	0.625	0.753424657534247
chrX	77130001	77140000	A.2.2.1.1.2	0.625	0.753424657534247
chrX	77140001	77150000	A.2.2.1.1.2	0.625	0.753424657534247
chrX	77150001	77160000	A.2.2.1.1.2	0.625	0.753424657534247
chrX	77160001	77170000	A.2.2.1.1.2	0.625	0.753424657534247
chrX	77170001	77180000	A.2.2.1.1.2	0.625	0.753424657534247
chrX	77180001	77190000	A.2.2.1.1.2	0.625	0.753424657534247
chrX	77190001	77200000	A.2.2.1.1.2	0.625	0.753424657534247
chrX	77200001	77210000	A.2.2.1.1.2	0.625	0.753424657534247
chrX	77210001	77220000	A.2.2.1.1.2	0.625	0.753424657534247
chrX	77220001	77230000	A.2.2.1.1.2	0.625	0.753424657534247
chrX	77230001	77240000	A.2.2.1.1.2	0.625	0.753424657534247
chrX	77240001	77250000	A.2.2.1.1.2	0.625	0.753424657534247
chrX	77250001	77260000	A.2.2.1.1.2	0.625	0.753424657534247
chrX	77260001	77270000	A.2.2.1.1.2	0.625	0.753424657534247
chrX	77270001	77280000	A.2.2.1.1.2	0.625	0.753424657534247
chrX	77280001	77290000	A.2.2.1.1.2	0.625	0.753424657534247
chrX	77290001	77300000	A.2.2.1.1.2	0.625	0.753424657534247
chrX	77300001	77310000	A.2.2.1.1.2	0.625	0.753424657534247
chrX	77310001	77320000	A.2.2.1.1.2	0.625	0.753424657534247
chrX	77320001	77330000	A.2.2.1.1.2	0.625	0.753424657534247
chrX	77330001	77340000	A.2.2.1.1.2	0.625	0.753424657534247
chrX	77340001	77350000	A.2.2.1.1.2	0.625	0.753424657534247
chrX	77350001	77360000	A.2.2.1.1.2	0.625	0.753424657534247
chrX	77360001	77370000	A.2.2.1.1.2	0.625	0.753424657534247
chrX	77370001	77380000	A.2.2.1.1.2	0.625	0.753424657534247
chrX	77380001	77390000	A.2.2.1.1.2	0.625	0.753424657534247
chrX	77390001	77400000	A.2.2.1.1.2	0.625	0.753424657534247
chrX	77400001	77410000	A.2.2.1.1.2	0.625	0.753424657534247
chrX	77410001	77420000	A.2.2.1.1.2	0.625	0.753424657534247
chrX	77420001	77430000	A.2.2.1.1.2	0.625	0.753424657534247
chrX	77430001	77440000	A.2.2.1.1.2	0.625	0.753424657534247
chrX	77440001	77450000	A.2.2.1.1.2	0.625	0.753424657534247
chrX	77450001	77460000	A.2.2.1.1.2	0.625	0.753424657534247
chrX	77460001	77470000	A.2.2.1.1.2	0.625	0.753424657534247
chrX	77470001	77480000	A.2.2.1.1.2	0.625	0.753424657534247
chrX	77480001	77490000	A.2.2.1.1.2	0.625	0.753424657534247
chrX	77490001	77500000	A.2.2.1.1.2	0.625	0.753424657534247
chrX	77500001	77510000	A.2.2.1.1.2	0.625	0.753424657534247
chrX	77510001	77520000	A.2.2.1.1.2	0.625	0.753424657534247
chrX	77520001	77530000	A.2.2.1.1.2	0.625	0.753424657534247
chrX	77530001	77540000	A.2.2.1.1.2	0.625	0.753424657534247
chrX	77540001	77550000	A.2.2.1.1.2	0.625	0.753424657534247
chrX	77550001	77560000	A.2.2.1.1.2	0.625	0.753424657534247
chrX	77560001	77570000	A.2.2.1.1.2	0.625	0.753424657534247
chrX	77570001	77580000	A.2.2.1.1.2	0.625	0.753424657534247
chrX	77580001	77590000	A.2.2.1.1.2	0.625	0.753424657534247
chrX	77590001	77600000	A.2.2.1.1.2	0.625	0.753424657534247
chrX	77600001	77610000	A.2.2.1.1.2	0.625	0.753424657534247
chrX	77610001	77620000	A.2.2.1.1.2	0.625	0.753424657534247
chrX	77620001	77630000	A.2.2.1.1.2	0.625	0.753424657534247
chrX	77630001	77640000	A.2.2.1.1.2	0.625	0.753424657534247
chrX	77640001	77650000	A.2.2.1.1.2	0.625	0.753424657534247
chrX	77650001	77660000	A.2.2.1.1.2	0.625	0.753424657534247
chrX	77660001	77670000	A.2.2.1.1.2	0.625	0.753424657534247
chrX	77670001	77680000	A.2.2.1.1.2	0.625	0.753424657534247
chrX	77680001	77690000	A.2.2.1.1.2	0.625	0.753424657534247
chrX	77690001	77700000	A.2.2.1.1.2	0.625	0.753424657534247
chrX	77700001	77710000	A.2.2.1.1.2	0.625	0.753424657534247
chrX	77710001	77720000	A.2.2.1.1.2	0.625	0.753424657534247
chrX	77720001	77730000	A.2.2.1.1.2	0.625	0.753424657534247
chrX	77730001	77740000	A.2.2.1.1.2	0.625	0.753424657534247
chrX	77740001	77750000	A.2.2.1.1.2	0.625	0.753424657534247
chrX	77750001	77760000	A.2.2.1.1.2	0.625	0.753424657534247
chrX	77760001	77770000	A.2.2.1.1.2	0.625	0.753424657534247
chrX	77770001	77780000	A.2.2.1.1.2	0.625	0.753424657534247
chrX	77780001	77790000	A.2.2.1.1.2	0.625	0.753424657534247
chrX	77790001	77800000	A.2.2.1.1.2	0.625	0.753424657534247
chrX	77800001	77810000	A.2.2.1.1.2	0.625	0.753424657534247
chrX	77810001	77820000	A.2.2.1.1.2	0.625	0.753424657534247
chrX	77820001	77830000	A.2.2.1.1.2	0.625	0.753424657534247
chrX	77830001	77840000	A.2.2.1.1.2	0.625	0.753424657534247
chrX	77840001	77850000	A.2.2.1.1.2	0.625	0.753424657534247
chrX	77850001	77860000	A.2.2.1.1.2	0.625	0.753424657534247
chrX	77860001	77870000	A.2.2.1.1.2	0.625	0.753424657534247
chrX	77870001	77880000	A.2.2.1.1.2	0.625	0.753424657534247
chrX	77880001	77890000	A.2.2.1.1.2	0.625	0.753424657534247
chrX	77890001	77900000	A.2.2.1.1.2	0.625	0.753424657534247
chrX	77900001	77910000	B.2.2.1.2.2.1.1.2.1.2	0.125	0.0616438356164384
chrX	77910001	77920000	B.2.2.1.2.2.1.1.2.1.2	0.125	0.0616438356164384
chrX	77920001	77930000	B.2.2.1.2.2.1.1.2.1.2	0.125	0.0616438356164384
chrX	77930001	77940000	B.2.2.1.2.2.1.1.2.1.2	0.125	0.0616438356164384
chrX	77940001	77950000	B.2.2.1.2.2.1.1.2.1.2	0.125	0.0616438356164384
chrX	77950001	77960000	B.2.2.1.2.2.1.1.2.1.2	0.125	0.0616438356164384
chrX	77960001	77970000	B.2.2.1.2.2.1.1.2.1.2	0.125	0.0616438356164384
chrX	77970001	77980000	B.2.2.1.2.2.1.1.2.1.2	0.125	0.0616438356164384
chrX	77980001	77990000	B.2.2.1.2.2.1.1.2.1.2	0.125	0.0616438356164384
chrX	77990001	7.8e+07	B.2.2.1.2.2.1.1.2.1.2	0.125	0.0616438356164384
chrX	78000001	78010000	B.2.2.1.2.2.1.1.2.1.2	0.125	0.0616438356164384
chrX	78010001	78020000	B.2.2.1.2.2.1.1.2.1.2	0.125	0.0616438356164384
chrX	78020001	78030000	B.2.2.1.2.2.1.1.2.1.2	0.125	0.0616438356164384
chrX	78030001	78040000	B.2.2.1.2.2.1.1.2.1.2	0.125	0.0616438356164384
chrX	78040001	78050000	B.2.2.1.2.2.1.1.2.1.2	0.125	0.0616438356164384
chrX	78050001	78060000	B.2.2.1.2.2.1.1.2.1.2	0.125	0.0616438356164384
chrX	78060001	78070000	B.2.2.1.2.2.1.1.2.1.2	0.125	0.0616438356164384
chrX	78070001	78080000	B.2.2.1.2.2.1.1.2.1.2	0.125	0.0616438356164384
chrX	78080001	78090000	B.2.2.1.2.2.1.1.2.1.2	0.125	0.0616438356164384
chrX	78090001	78100000	B.2.2.1.2.2.1.1.2.1.2	0.125	0.0616438356164384
chrX	78100001	78110000	B.2.2.1.2.2.1.1.2.1.2	0.125	0.0616438356164384
chrX	78110001	78120000	B.2.2.1.2.2.1.1.2.1.2	0.125	0.0616438356164384
chrX	78120001	78130000	B.2.2.1.2.2.1.1.2.1.2	0.125	0.0616438356164384
chrX	78130001	78140000	B.2.2.1.2.2.1.1.2.1.2	0.125	0.0616438356164384
chrX	78140001	78150000	B.2.2.1.2.2.1.1.2.1.2	0.125	0.0616438356164384
chrX	78150001	78160000	B.2.2.1.2.2.1.1.2.1.2	0.125	0.0616438356164384
chrX	78160001	78170000	B.2.2.1.2.2.1.1.2.1.2	0.125	0.0616438356164384
chrX	78170001	78180000	B.2.2.1.2.2.1.1.2.1.2	0.125	0.0616438356164384
chrX	78180001	78190000	B.2.2.1.2.2.1.1.2.1.2	0.125	0.0616438356164384
chrX	78190001	78200000	B.2.2.1.2.2.1.1.2.1.2	0.125	0.0616438356164384
chrX	78200001	78210000	B.2.2.1.2.2.1.1.2.1.2	0.125	0.0616438356164384
chrX	78210001	78220000	B.2.2.1.2.2.1.1.2.1.2	0.125	0.0616438356164384
chrX	78220001	78230000	B.2.2.1.2.2.1.1.2.1.2	0.125	0.0616438356164384
chrX	78230001	78240000	B.2.2.1.2.2.1.1.2.1.2	0.125	0.0616438356164384
chrX	78240001	78250000	B.2.2.1.2.2.1.1.2.1.2	0.125	0.0616438356164384
chrX	78250001	78260000	B.1.2.1.2.2.1.2.2.1	0.375	0.462328767123288
chrX	78260001	78270000	B.1.2.1.2.2.1.2.2.1	0.375	0.462328767123288
chrX	78270001	78280000	B.1.2.1.2.2.1.2.2.1	0.375	0.462328767123288
chrX	78280001	78290000	B.1.2.1.2.2.1.2.2.1	0.375	0.462328767123288
chrX	78290001	78300000	B.1.2.1.2.2.1.2.2.1	0.375	0.462328767123288
chrX	78300001	78310000	B.1.2.1.2.2.1.2.2.1	0.375	0.462328767123288
chrX	78310001	78320000	B.1.2.1.2.2.1.2.2.1	0.375	0.462328767123288
chrX	78320001	78330000	B.1.2.1.2.2.1.2.2.1	0.375	0.462328767123288
chrX	78330001	78340000	B.1.2.1.2.2.1.2.2.1	0.375	0.462328767123288
chrX	78340001	78350000	B.1.2.1.2.2.1.2.2.1	0.375	0.462328767123288
chrX	78350001	78360000	B.1.2.1.2.2.1.2.2.1	0.375	0.462328767123288
chrX	78360001	78370000	B.1.2.1.2.2.1.2.2.1	0.375	0.462328767123288
chrX	78370001	78380000	B.1.2.1.2.2.1.2.2.1	0.375	0.462328767123288
chrX	78380001	78390000	B.1.2.1.2.2.1.2.2.1	0.375	0.462328767123288
chrX	78390001	78400000	B.1.2.1.2.2.1.2.2.1	0.375	0.462328767123288
chrX	78400001	78410000	B.2.2.1.2.2.1.1.2.1.1.1	0.125	0.0684931506849315
chrX	78410001	78420000	B.2.2.1.2.2.1.1.2.1.1.1	0.125	0.0684931506849315
chrX	78420001	78430000	B.2.2.1.2.2.1.1.2.1.1.1	0.125	0.0684931506849315
chrX	78430001	78440000	B.2.2.1.2.2.1.1.2.1.1.1	0.125	0.0684931506849315
chrX	78440001	78450000	B.2.2.1.2.2.1.1.2.1.1.1	0.125	0.0684931506849315
chrX	78450001	78460000	B.2.2.1.2.2.1.1.2.1.1.1	0.125	0.0684931506849315
chrX	78460001	78470000	B.2.2.1.2.2.1.1.2.1.1.1	0.125	0.0684931506849315
chrX	78470001	78480000	B.2.2.1.2.2.1.1.2.1.1.1	0.125	0.0684931506849315
chrX	78480001	78490000	B.2.2.1.2.2.1.1.2.1.1.1	0.125	0.0684931506849315
chrX	78490001	78500000	B.2.2.1.2.2.1.1.2.1.1.1	0.125	0.0684931506849315
chrX	78500001	78510000	B.2.2.1.2.2.1.1.2.1.1.1	0.125	0.0684931506849315
chrX	78510001	78520000	B.2.2.1.2.2.1.1.2.1.1.1	0.125	0.0684931506849315
chrX	78520001	78530000	B.2.2.1.2.2.1.1.2.1.1.1	0.125	0.0684931506849315
chrX	78530001	78540000	B.2.2.1.2.2.1.1.2.1.1.1	0.125	0.0684931506849315
chrX	78540001	78550000	B.2.2.1.2.2.1.1.2.1.1.1	0.125	0.0684931506849315
chrX	78550001	78560000	B.2.2.1.2.2.1.1.2.1.1.1	0.125	0.0684931506849315
chrX	78560001	78570000	B.2.2.1.2.2.1.1.2.1.1.1	0.125	0.0684931506849315
chrX	78570001	78580000	B.2.2.1.2.2.1.1.2.1.1.1	0.125	0.0684931506849315
chrX	78580001	78590000	B.2.2.1.2.2.1.1.2.1.1.1	0.125	0.0684931506849315
chrX	78590001	78600000	B.2.2.1.2.2.1.1.2.1.1.1	0.125	0.0684931506849315
chrX	78600001	78610000	B.2.2.1.2.2.1.1.2.1.1.1	0.125	0.0684931506849315
chrX	78610001	78620000	B.2.2.1.2.2.1.1.2.1.1.1	0.125	0.0684931506849315
chrX	78620001	78630000	B.2.2.1.2.2.1.1.2.1.1.1	0.125	0.0684931506849315
chrX	78630001	78640000	B.2.2.1.2.2.1.1.2.1.1.1	0.125	0.0684931506849315
chrX	78640001	78650000	B.2.2.1.2.2.1.1.2.1.1.1	0.125	0.0684931506849315
chrX	78650001	78660000	B.2.2.1.2.2.1.1.2.1.1.1	0.125	0.0684931506849315
chrX	78660001	78670000	B.2.2.1.2.2.1.1.2.1.1.1	0.125	0.0684931506849315
chrX	78670001	78680000	B.2.2.1.2.2.1.1.2.1.1.1	0.125	0.0684931506849315
chrX	78680001	78690000	B.2.2.1.2.2.1.1.2.1.1.1	0.125	0.0684931506849315
chrX	78690001	78700000	B.2.2.1.2.2.1.1.2.1.1.1	0.125	0.0684931506849315
chrX	78700001	78710000	B.2.2.1.2.2.1.1.2.1.1.1	0.125	0.0684931506849315
chrX	78710001	78720000	B.2.2.1.2.2.1.1.2.1.1.1	0.125	0.0684931506849315
chrX	78720001	78730000	B.2.2.1.2.2.1.1.2.1.1.1	0.125	0.0684931506849315
chrX	78730001	78740000	B.2.2.1.2.2.1.1.2.1.1.1	0.125	0.0684931506849315
chrX	78740001	78750000	B.2.2.1.2.2.1.1.2.1.1.1	0.125	0.0684931506849315
chrX	78750001	78760000	B.2.2.1.2.2.1.1.2.1.1.1	0.125	0.0684931506849315
chrX	78760001	78770000	B.2.2.1.2.2.1.1.2.1.1.1	0.125	0.0684931506849315
chrX	78770001	78780000	B.2.2.1.2.2.1.1.2.1.1.1	0.125	0.0684931506849315
chrX	78780001	78790000	B.2.2.1.2.2.1.1.2.1.1.1	0.125	0.0684931506849315
chrX	78790001	78800000	B.2.2.1.2.2.1.1.2.1.1.1	0.125	0.0684931506849315
chrX	78800001	78810000	B.2.2.1.2.2.1.1.2.1.1.1	0.125	0.0684931506849315
chrX	78810001	78820000	B.2.2.1.2.2.1.1.2.1.1.1	0.125	0.0684931506849315
chrX	78820001	78830000	B.2.2.1.2.2.1.1.2.1.1.1	0.125	0.0684931506849315
chrX	78830001	78840000	B.2.2.1.2.2.1.1.2.1.1.1	0.125	0.0684931506849315
chrX	78840001	78850000	B.2.2.1.2.2.1.1.2.1.1.1	0.125	0.0684931506849315
chrX	78850001	78860000	B.2.2.1.2.2.1.1.2.1.1.1	0.125	0.0684931506849315
chrX	78860001	78870000	B.2.2.1.2.2.1.1.2.1.1.1	0.125	0.0684931506849315
chrX	78870001	78880000	B.2.2.1.2.2.1.1.2.1.1.1	0.125	0.0684931506849315
chrX	78880001	78890000	B.2.2.1.2.2.1.1.2.1.1.1	0.125	0.0684931506849315
chrX	78890001	78900000	B.2.2.1.2.2.1.1.2.1.1.1	0.125	0.0684931506849315
chrX	78900001	78910000	B.2.2.1.2.2.1.1.2.1.1.1	0.125	0.0684931506849315
chrX	78910001	78920000	B.2.2.1.2.2.1.1.2.1.1.1	0.125	0.0684931506849315
chrX	78920001	78930000	B.2.2.1.2.2.1.1.2.1.1.1	0.125	0.0684931506849315
chrX	78930001	78940000	B.2.2.1.2.2.1.1.2.1.1.1	0.125	0.0684931506849315
chrX	78940001	78950000	B.2.2.1.2.2.1.1.2.1.1.1	0.125	0.0684931506849315
chrX	78950001	78960000	B.2.2.1.2.2.1.1.2.1.1.1	0.125	0.0684931506849315
chrX	78960001	78970000	B.2.2.1.2.2.1.1.2.1.1.1	0.125	0.0684931506849315
chrX	78970001	78980000	B.2.2.1.2.2.1.1.2.1.1.1	0.125	0.0684931506849315
chrX	78980001	78990000	B.2.2.1.2.2.1.1.2.1.1.1	0.125	0.0684931506849315
chrX	78990001	7.9e+07	B.2.2.1.2.2.1.1.2.1.1.1	0.125	0.0684931506849315
chrX	79000001	79010000	B.2.2.1.2.2.1.1.2.1.1.1	0.125	0.0684931506849315
chrX	79010001	79020000	B.2.2.1.2.2.1.1.2.1.1.1	0.125	0.0684931506849315
chrX	79020001	79030000	B.2.2.1.2.2.1.1.2.1.1.1	0.125	0.0684931506849315
chrX	79030001	79040000	B.2.2.1.2.2.1.1.2.1.1.1	0.125	0.0684931506849315
chrX	79040001	79050000	B.2.2.1.2.2.1.1.2.1.1.1	0.125	0.0684931506849315
chrX	79050001	79060000	B.2.2.1.2.2.1.1.2.1.1.1	0.125	0.0684931506849315
chrX	79060001	79070000	B.2.2.1.2.2.1.1.2.1.1.1	0.125	0.0684931506849315
chrX	79070001	79080000	B.2.2.1.2.2.1.1.2.1.1.1	0.125	0.0684931506849315
chrX	79080001	79090000	B.2.2.1.2.2.1.1.2.1.1.1	0.125	0.0684931506849315
chrX	79090001	79100000	B.2.2.1.2.2.1.1.2.1.1.1	0.125	0.0684931506849315
chrX	79100001	79110000	B.2.2.1.2.2.1.1.2.1.1.1	0.125	0.0684931506849315
chrX	79110001	79120000	B.2.2.1.2.2.1.1.2.1.1.1	0.125	0.0684931506849315
chrX	79120001	79130000	B.2.2.1.2.2.1.1.2.1.1.1	0.125	0.0684931506849315
chrX	79130001	79140000	B.2.2.1.2.2.1.1.2.1.1.1	0.125	0.0684931506849315
chrX	79140001	79150000	B.2.2.1.2.2.1.1.2.1.1.1	0.125	0.0684931506849315
chrX	79150001	79160000	B.2.2.1.2.1.1.2.1.1	0.125	0.0924657534246575
chrX	79160001	79170000	B.2.2.1.2.1.1.2.1.1	0.125	0.0924657534246575
chrX	79170001	79180000	B.2.2.1.2.1.1.2.1.1	0.125	0.0924657534246575
chrX	79180001	79190000	B.2.2.1.2.1.1.2.1.1	0.125	0.0924657534246575
chrX	79190001	79200000	B.2.2.1.2.1.1.2.1.1	0.125	0.0924657534246575
chrX	79200001	79210000	B.2.2.1.2.1.1.2.1.1	0.125	0.0924657534246575
chrX	79210001	79220000	B.2.2.1.2.1.1.2.1.1	0.125	0.0924657534246575
chrX	79220001	79230000	B.2.2.1.2.1.1.2.1.1	0.125	0.0924657534246575
chrX	79230001	79240000	B.2.2.1.2.1.1.2.1.1	0.125	0.0924657534246575
chrX	79240001	79250000	B.2.2.1.2.1.1.2.1.1	0.125	0.0924657534246575
chrX	79250001	79260000	B.1.2.1.2.2.2.1.2.2.1	0.375	0.441780821917808
chrX	79260001	79270000	B.1.2.1.2.2.2.1.2.2.1	0.375	0.441780821917808
chrX	79270001	79280000	B.1.2.1.2.2.2.1.2.2.1	0.375	0.441780821917808
chrX	79280001	79290000	B.1.2.1.2.2.2.1.2.2.1	0.375	0.441780821917808
chrX	79290001	79300000	B.1.2.1.2.2.2.1.2.2.1	0.375	0.441780821917808
chrX	79300001	79310000	B.1.2.1.2.2.2.1.2.2.1	0.375	0.441780821917808
chrX	79310001	79320000	B.1.2.1.2.2.2.1.2.2.1	0.375	0.441780821917808
chrX	79320001	79330000	B.1.2.1.2.2.2.1.2.2.1	0.375	0.441780821917808
chrX	79330001	79340000	B.1.2.1.2.2.2.1.2.2.1	0.375	0.441780821917808
chrX	79340001	79350000	B.1.2.1.2.2.2.1.2.2.1	0.375	0.441780821917808
chrX	79350001	79360000	B.1.2.1.2.2.2.1.2.2.1	0.375	0.441780821917808
chrX	79360001	79370000	B.1.2.1.2.2.2.1.2.2.1	0.375	0.441780821917808
chrX	79370001	79380000	B.1.2.1.2.2.2.1.2.2.1	0.375	0.441780821917808
chrX	79380001	79390000	B.1.2.1.2.2.2.1.2.2.1	0.375	0.441780821917808
chrX	79390001	79400000	B.1.2.1.2.2.2.1.2.2.1	0.375	0.441780821917808
chrX	79400001	79410000	B.1.2.1.2.2.2.1.2.2.1	0.375	0.441780821917808
chrX	79410001	79420000	B.1.2.1.2.2.2.1.2.2.1	0.375	0.441780821917808
chrX	79420001	79430000	B.1.2.1.2.2.2.1.2.2.1	0.375	0.441780821917808
chrX	79430001	79440000	B.1.2.1.2.2.2.1.2.2.1	0.375	0.441780821917808
chrX	79440001	79450000	B.1.2.1.2.2.2.1.2.2.1	0.375	0.441780821917808
chrX	79450001	79460000	B.1.2.1.2.2.2.1.2.2.1	0.375	0.441780821917808
chrX	79460001	79470000	B.1.2.1.2.2.2.1.2.2.1	0.375	0.441780821917808
chrX	79470001	79480000	B.1.2.1.2.2.2.1.2.2.1	0.375	0.441780821917808
chrX	79480001	79490000	B.1.2.1.2.2.2.1.2.2.1	0.375	0.441780821917808
chrX	79490001	79500000	B.1.2.1.2.2.2.1.2.2.1	0.375	0.441780821917808
chrX	79500001	79510000	B.2.2.1.2.1.1.1.2	0.125	0.0958904109589041
chrX	79510001	79520000	B.2.2.1.2.1.1.1.2	0.125	0.0958904109589041
chrX	79520001	79530000	B.2.2.1.2.1.1.1.2	0.125	0.0958904109589041
chrX	79530001	79540000	B.2.2.1.2.1.1.1.2	0.125	0.0958904109589041
chrX	79540001	79550000	B.2.2.1.2.1.1.1.2	0.125	0.0958904109589041
chrX	79550001	79560000	B.2.2.1.2.1.1.1.2	0.125	0.0958904109589041
chrX	79560001	79570000	B.2.2.1.2.1.1.1.2	0.125	0.0958904109589041
chrX	79570001	79580000	B.2.2.1.2.1.1.1.2	0.125	0.0958904109589041
chrX	79580001	79590000	B.2.2.1.2.1.1.1.2	0.125	0.0958904109589041
chrX	79590001	79600000	B.2.2.1.2.1.1.1.2	0.125	0.0958904109589041
chrX	79600001	79610000	B.2.2.1.2.1.1.1.2	0.125	0.0958904109589041
chrX	79610001	79620000	B.2.2.1.2.1.1.1.2	0.125	0.0958904109589041
chrX	79620001	79630000	B.2.2.1.2.1.1.1.2	0.125	0.0958904109589041
chrX	79630001	79640000	B.2.2.1.2.1.1.1.2	0.125	0.0958904109589041
chrX	79640001	79650000	B.2.2.1.2.1.1.1.2	0.125	0.0958904109589041
chrX	79650001	79660000	B.2.2.1.2.1.1.1.2	0.125	0.0958904109589041
chrX	79660001	79670000	B.2.2.1.2.1.1.1.2	0.125	0.0958904109589041
chrX	79670001	79680000	B.2.2.1.2.1.1.1.2	0.125	0.0958904109589041
chrX	79680001	79690000	B.2.2.1.2.1.1.1.2	0.125	0.0958904109589041
chrX	79690001	79700000	B.2.2.1.2.1.1.1.2	0.125	0.0958904109589041
chrX	79700001	79710000	B.2.2.1.2.1.1.1.1	0.125	0.0993150684931507
chrX	79710001	79720000	B.2.2.1.2.1.1.1.1	0.125	0.0993150684931507
chrX	79720001	79730000	B.2.2.1.2.1.1.1.1	0.125	0.0993150684931507
chrX	79730001	79740000	B.2.2.1.2.1.1.1.1	0.125	0.0993150684931507
chrX	79740001	79750000	B.2.2.1.2.1.1.1.1	0.125	0.0993150684931507
chrX	79750001	79760000	B.2.2.1.2.1.1.1.1	0.125	0.0993150684931507
chrX	79760001	79770000	B.2.2.1.2.1.1.1.1	0.125	0.0993150684931507
chrX	79770001	79780000	B.2.2.1.2.1.1.1.1	0.125	0.0993150684931507
chrX	79780001	79790000	B.2.2.1.2.1.1.1.1	0.125	0.0993150684931507
chrX	79790001	79800000	B.2.2.1.2.1.1.1.1	0.125	0.0993150684931507
chrX	79800001	79810000	B.2.2.1.2.1.1.1.1	0.125	0.0993150684931507
chrX	79810001	79820000	B.2.2.1.2.1.1.1.1	0.125	0.0993150684931507
chrX	79820001	79830000	B.2.2.1.2.1.1.1.1	0.125	0.0993150684931507
chrX	79830001	79840000	B.2.2.1.2.1.1.1.1	0.125	0.0993150684931507
chrX	79840001	79850000	B.2.2.1.2.1.1.1.1	0.125	0.0993150684931507
chrX	79850001	79860000	B.2.2.1.2.1.1.1.1	0.125	0.0993150684931507
chrX	79860001	79870000	B.2.2.1.2.1.1.1.1	0.125	0.0993150684931507
chrX	79870001	79880000	B.2.2.1.2.1.1.1.1	0.125	0.0993150684931507
chrX	79880001	79890000	B.2.2.1.2.1.1.1.1	0.125	0.0993150684931507
chrX	79890001	79900000	B.2.2.1.2.1.1.1.1	0.125	0.0993150684931507
chrX	79900001	79910000	B.2.2.1.2.1.1.1.1	0.125	0.0993150684931507
chrX	79910001	79920000	B.2.2.1.2.1.1.1.1	0.125	0.0993150684931507
chrX	79920001	79930000	B.2.2.1.2.1.1.1.1	0.125	0.0993150684931507
chrX	79930001	79940000	B.2.2.1.2.1.1.1.1	0.125	0.0993150684931507
chrX	79940001	79950000	B.2.2.1.2.1.1.1.1	0.125	0.0993150684931507
chrX	79950001	79960000	B.1.1.1.2.2.1.2.2.1	0.5	0.606164383561644
chrX	79960001	79970000	B.1.1.1.2.2.1.2.2.1	0.5	0.606164383561644
chrX	79970001	79980000	B.1.1.1.2.2.1.2.2.1	0.5	0.606164383561644
chrX	79980001	79990000	B.1.1.1.2.2.1.2.2.1	0.5	0.606164383561644
chrX	79990001	8e+07	B.1.1.1.2.2.1.2.2.1	0.5	0.606164383561644
chrX	80000001	80010000	B.1.1.1.2.2.1.2.2.1	0.5	0.606164383561644
chrX	80010001	80020000	B.1.1.1.2.2.1.2.2.1	0.5	0.606164383561644
chrX	80020001	80030000	B.1.1.1.2.2.1.2.2.1	0.5	0.606164383561644
chrX	80030001	80040000	B.1.1.1.2.2.1.2.2.1	0.5	0.606164383561644
chrX	80040001	80050000	B.1.1.1.2.2.1.2.2.1	0.5	0.606164383561644
chrX	80050001	80060000	B.1.1.1.2.2.1.2.2.1	0.5	0.606164383561644
chrX	80060001	80070000	B.1.1.1.2.2.1.2.2.1	0.5	0.606164383561644
chrX	80070001	80080000	B.1.1.1.2.2.1.2.2.1	0.5	0.606164383561644
chrX	80080001	80090000	B.1.1.1.2.2.1.2.2.1	0.5	0.606164383561644
chrX	80090001	80100000	B.1.1.1.2.2.1.2.2.1	0.5	0.606164383561644
chrX	80100001	80110000	B.2.2.1.2.1.1.2.1.2	0.125	0.089041095890411
chrX	80110001	80120000	B.2.2.1.2.1.1.2.1.2	0.125	0.089041095890411
chrX	80120001	80130000	B.2.2.1.2.1.1.2.1.2	0.125	0.089041095890411
chrX	80130001	80140000	B.2.2.1.2.1.1.2.1.2	0.125	0.089041095890411
chrX	80140001	80150000	B.2.2.1.2.1.1.2.1.2	0.125	0.089041095890411
chrX	80150001	80160000	B.2.2.1.2.1.1.2.1.2	0.125	0.089041095890411
chrX	80160001	80170000	B.2.2.1.2.1.1.2.1.2	0.125	0.089041095890411
chrX	80170001	80180000	B.2.2.1.2.1.1.2.1.2	0.125	0.089041095890411
chrX	80180001	80190000	B.2.2.1.2.1.1.2.1.2	0.125	0.089041095890411
chrX	80190001	80200000	B.2.2.1.2.1.1.2.1.2	0.125	0.089041095890411
chrX	80200001	80210000	B.2.2.1.2.1.1.2.1.2	0.125	0.089041095890411
chrX	80210001	80220000	B.2.2.1.2.1.1.2.1.2	0.125	0.089041095890411
chrX	80220001	80230000	B.2.2.1.2.1.1.2.1.2	0.125	0.089041095890411
chrX	80230001	80240000	B.2.2.1.2.1.1.2.1.2	0.125	0.089041095890411
chrX	80240001	80250000	B.2.2.1.2.1.1.2.1.2	0.125	0.089041095890411
chrX	80250001	80260000	B.2.2.1.2.1.1.2.1.2	0.125	0.089041095890411
chrX	80260001	80270000	B.2.2.1.2.1.1.2.1.2	0.125	0.089041095890411
chrX	80270001	80280000	B.2.2.1.2.1.1.2.1.2	0.125	0.089041095890411
chrX	80280001	80290000	B.2.2.1.2.1.1.2.1.2	0.125	0.089041095890411
chrX	80290001	80300000	B.2.2.1.2.1.1.2.1.2	0.125	0.089041095890411
chrX	80300001	80310000	B.2.2.1.2.1.1.2.1.2	0.125	0.089041095890411
chrX	80310001	80320000	B.2.2.1.2.1.1.2.1.2	0.125	0.089041095890411
chrX	80320001	80330000	B.2.2.1.2.1.1.2.1.2	0.125	0.089041095890411
chrX	80330001	80340000	B.2.2.1.2.1.1.2.1.2	0.125	0.089041095890411
chrX	80340001	80350000	B.2.2.1.2.1.1.2.1.2	0.125	0.089041095890411
chrX	80350001	80360000	B.2.2.1.2.1.1.2.1.2	0.125	0.089041095890411
chrX	80360001	80370000	B.2.2.1.2.1.1.2.1.2	0.125	0.089041095890411
chrX	80370001	80380000	B.2.2.1.2.1.1.2.1.2	0.125	0.089041095890411
chrX	80380001	80390000	B.2.2.1.2.1.1.2.1.2	0.125	0.089041095890411
chrX	80390001	80400000	B.2.2.1.2.1.1.2.1.2	0.125	0.089041095890411
chrX	80400001	80410000	B.2.2.1.2.1.1.2.1.2	0.125	0.089041095890411
chrX	80410001	80420000	B.2.2.1.2.1.1.2.1.2	0.125	0.089041095890411
chrX	80420001	80430000	B.2.2.1.2.1.1.2.1.2	0.125	0.089041095890411
chrX	80430001	80440000	B.2.2.1.2.1.1.2.1.2	0.125	0.089041095890411
chrX	80440001	80450000	B.2.2.1.2.1.1.2.1.2	0.125	0.089041095890411
chrX	80450001	80460000	B.2.2.1.2.1.1.2.1.2	0.125	0.089041095890411
chrX	80460001	80470000	B.2.2.1.2.1.1.2.1.2	0.125	0.089041095890411
chrX	80470001	80480000	B.2.2.1.2.1.1.2.1.2	0.125	0.089041095890411
chrX	80480001	80490000	B.2.2.1.2.1.1.2.1.2	0.125	0.089041095890411
chrX	80490001	80500000	B.2.2.1.2.1.1.2.1.2	0.125	0.089041095890411
chrX	80500001	80510000	B.2.2.1.2.1.1.2.1.2	0.125	0.089041095890411
chrX	80510001	80520000	B.2.2.1.2.1.1.2.1.2	0.125	0.089041095890411
chrX	80520001	80530000	B.2.2.1.2.1.1.2.1.2	0.125	0.089041095890411
chrX	80530001	80540000	B.2.2.1.2.1.1.2.1.2	0.125	0.089041095890411
chrX	80540001	80550000	B.2.2.1.2.1.1.2.1.2	0.125	0.089041095890411
chrX	80550001	80560000	B.2.2.1.2.2.1.1.1.2.2	0.125	0.0719178082191781
chrX	80560001	80570000	B.2.2.1.2.2.1.1.1.2.2	0.125	0.0719178082191781
chrX	80570001	80580000	B.2.2.1.2.2.1.1.1.2.2	0.125	0.0719178082191781
chrX	80580001	80590000	B.2.2.1.2.2.1.1.1.2.2	0.125	0.0719178082191781
chrX	80590001	80600000	B.2.2.1.2.2.1.1.1.2.2	0.125	0.0719178082191781
chrX	80600001	80610000	B.2.2.1.2.2.1.1.1.2.2	0.125	0.0719178082191781
chrX	80610001	80620000	B.2.2.1.2.2.1.1.1.2.2	0.125	0.0719178082191781
chrX	80620001	80630000	B.2.2.1.2.2.1.1.1.2.2	0.125	0.0719178082191781
chrX	80630001	80640000	B.2.2.1.2.2.1.1.1.2.2	0.125	0.0719178082191781
chrX	80640001	80650000	B.2.2.1.2.2.1.1.1.2.2	0.125	0.0719178082191781
chrX	80650001	80660000	B.2.2.1.2.2.1.1.1.2.2	0.125	0.0719178082191781
chrX	80660001	80670000	B.2.2.1.2.2.1.1.1.2.2	0.125	0.0719178082191781
chrX	80670001	80680000	B.2.2.1.2.2.1.1.1.2.2	0.125	0.0719178082191781
chrX	80680001	80690000	B.2.2.1.2.2.1.1.1.2.2	0.125	0.0719178082191781
chrX	80690001	80700000	B.2.2.1.2.2.1.1.1.2.2	0.125	0.0719178082191781
chrX	80700001	80710000	B.2.2.1.2.2.1.1.1.2.2	0.125	0.0719178082191781
chrX	80710001	80720000	B.2.2.1.2.2.1.1.1.2.2	0.125	0.0719178082191781
chrX	80720001	80730000	B.2.2.1.2.2.1.1.1.2.2	0.125	0.0719178082191781
chrX	80730001	80740000	B.2.2.1.2.2.1.1.1.2.2	0.125	0.0719178082191781
chrX	80740001	80750000	B.2.2.1.2.2.1.1.1.2.2	0.125	0.0719178082191781
chrX	80750001	80760000	B.1.2.1.2.2.1.2.2.2.2	0.375	0.455479452054795
chrX	80760001	80770000	B.1.2.1.2.2.1.2.2.2.2	0.375	0.455479452054795
chrX	80770001	80780000	B.1.2.1.2.2.1.2.2.2.2	0.375	0.455479452054795
chrX	80780001	80790000	B.1.2.1.2.2.1.2.2.2.2	0.375	0.455479452054795
chrX	80790001	80800000	B.1.2.1.2.2.1.2.2.2.2	0.375	0.455479452054795
chrX	80800001	80810000	B.1.2.1.2.2.1.2.2.2.2	0.375	0.455479452054795
chrX	80810001	80820000	B.1.2.1.2.2.1.2.2.2.2	0.375	0.455479452054795
chrX	80820001	80830000	B.1.2.1.2.2.1.2.2.2.2	0.375	0.455479452054795
chrX	80830001	80840000	B.1.2.1.2.2.1.2.2.2.2	0.375	0.455479452054795
chrX	80840001	80850000	B.1.2.1.2.2.1.2.2.2.2	0.375	0.455479452054795
chrX	80850001	80860000	B.1.2.1.2.2.1.2.2.2.2	0.375	0.455479452054795
chrX	80860001	80870000	B.1.2.1.2.2.1.2.2.2.2	0.375	0.455479452054795
chrX	80870001	80880000	B.1.2.1.2.2.1.2.2.2.2	0.375	0.455479452054795
chrX	80880001	80890000	B.1.2.1.2.2.1.2.2.2.2	0.375	0.455479452054795
chrX	80890001	80900000	B.1.2.1.2.2.1.2.2.2.2	0.375	0.455479452054795
chrX	80900001	80910000	B.2.2.1.1.2.2.1	0.125	0.106164383561644
chrX	80910001	80920000	B.2.2.1.1.2.2.1	0.125	0.106164383561644
chrX	80920001	80930000	B.2.2.1.1.2.2.1	0.125	0.106164383561644
chrX	80930001	80940000	B.2.2.1.1.2.2.1	0.125	0.106164383561644
chrX	80940001	80950000	B.2.2.1.1.2.2.1	0.125	0.106164383561644
chrX	80950001	80960000	B.2.2.1.1.2.2.1	0.125	0.106164383561644
chrX	80960001	80970000	B.2.2.1.1.2.2.1	0.125	0.106164383561644
chrX	80970001	80980000	B.2.2.1.1.2.2.1	0.125	0.106164383561644
chrX	80980001	80990000	B.2.2.1.1.2.2.1	0.125	0.106164383561644
chrX	80990001	8.1e+07	B.2.2.1.1.2.2.1	0.125	0.106164383561644
chrX	81000001	81010000	B.2.2.1.1.2.2.1	0.125	0.106164383561644
chrX	81010001	81020000	B.2.2.1.1.2.2.1	0.125	0.106164383561644
chrX	81020001	81030000	B.2.2.1.1.2.2.1	0.125	0.106164383561644
chrX	81030001	81040000	B.2.2.1.1.2.2.1	0.125	0.106164383561644
chrX	81040001	81050000	B.2.2.1.1.2.2.1	0.125	0.106164383561644
chrX	81050001	81060000	B.2.2.1.1.2.2.1	0.125	0.106164383561644
chrX	81060001	81070000	B.2.2.1.1.2.2.1	0.125	0.106164383561644
chrX	81070001	81080000	B.2.2.1.1.2.2.1	0.125	0.106164383561644
chrX	81080001	81090000	B.2.2.1.1.2.2.1	0.125	0.106164383561644
chrX	81090001	81100000	B.2.2.1.1.2.2.1	0.125	0.106164383561644
chrX	81100001	81110000	B.2.2.1.1.2.2.1	0.125	0.106164383561644
chrX	81110001	81120000	B.2.2.1.1.2.2.1	0.125	0.106164383561644
chrX	81120001	81130000	B.2.2.1.1.2.2.1	0.125	0.106164383561644
chrX	81130001	81140000	B.2.2.1.1.2.2.1	0.125	0.106164383561644
chrX	81140001	81150000	B.2.2.1.1.2.2.1	0.125	0.106164383561644
chrX	81150001	81160000	B.2.1.2.2.2.2.2.2.1	0.25	0.136986301369863
chrX	81160001	81170000	B.2.1.2.2.2.2.2.2.1	0.25	0.136986301369863
chrX	81170001	81180000	B.2.1.2.2.2.2.2.2.1	0.25	0.136986301369863
chrX	81180001	81190000	B.2.1.2.2.2.2.2.2.1	0.25	0.136986301369863
chrX	81190001	81200000	B.2.1.2.2.2.2.2.2.1	0.25	0.136986301369863
chrX	81200001	81210000	B.2.1.2.2.2.2.2.2.1	0.25	0.136986301369863
chrX	81210001	81220000	B.2.1.2.2.2.2.2.2.1	0.25	0.136986301369863
chrX	81220001	81230000	B.2.1.2.2.2.2.2.2.1	0.25	0.136986301369863
chrX	81230001	81240000	B.2.1.2.2.2.2.2.2.1	0.25	0.136986301369863
chrX	81240001	81250000	B.2.1.2.2.2.2.2.2.1	0.25	0.136986301369863
chrX	81250001	81260000	B.2.1.2.2.2.2.2.2.1	0.25	0.136986301369863
chrX	81260001	81270000	B.2.1.2.2.2.2.2.2.1	0.25	0.136986301369863
chrX	81270001	81280000	B.2.1.2.2.2.2.2.2.1	0.25	0.136986301369863
chrX	81280001	81290000	B.2.1.2.2.2.2.2.2.1	0.25	0.136986301369863
chrX	81290001	81300000	B.2.1.2.2.2.2.2.2.1	0.25	0.136986301369863
chrX	81300001	81310000	B.2.1.2.2.2.2.2.2.1	0.25	0.136986301369863
chrX	81310001	81320000	B.2.1.2.2.2.2.2.2.1	0.25	0.136986301369863
chrX	81320001	81330000	B.2.1.2.2.2.2.2.2.1	0.25	0.136986301369863
chrX	81330001	81340000	B.2.1.2.2.2.2.2.2.1	0.25	0.136986301369863
chrX	81340001	81350000	B.2.1.2.2.2.2.2.2.1	0.25	0.136986301369863
chrX	81350001	81360000	B.2.1.2.2.2.2.2.2.1	0.25	0.136986301369863
chrX	81360001	81370000	B.2.1.2.2.2.2.2.2.1	0.25	0.136986301369863
chrX	81370001	81380000	B.2.1.2.2.2.2.2.2.1	0.25	0.136986301369863
chrX	81380001	81390000	B.2.1.2.2.2.2.2.2.1	0.25	0.136986301369863
chrX	81390001	81400000	B.2.1.2.2.2.2.2.2.1	0.25	0.136986301369863
chrX	81400001	81410000	B.2.1.2.2.2.2.2.2.1	0.25	0.136986301369863
chrX	81410001	81420000	B.2.1.2.2.2.2.2.2.1	0.25	0.136986301369863
chrX	81420001	81430000	B.2.1.2.2.2.2.2.2.1	0.25	0.136986301369863
chrX	81430001	81440000	B.2.1.2.2.2.2.2.2.1	0.25	0.136986301369863
chrX	81440001	81450000	B.2.1.2.2.2.2.2.2.1	0.25	0.136986301369863
chrX	81450001	81460000	B.2.1.2.2.2.2.2.2.1	0.25	0.136986301369863
chrX	81460001	81470000	B.2.1.2.2.2.2.2.2.1	0.25	0.136986301369863
chrX	81470001	81480000	B.2.1.2.2.2.2.2.2.1	0.25	0.136986301369863
chrX	81480001	81490000	B.2.1.2.2.2.2.2.2.1	0.25	0.136986301369863
chrX	81490001	81500000	B.2.1.2.2.2.2.2.2.1	0.25	0.136986301369863
chrX	81500001	81510000	B.2.1.2.2.2.2.2.2.1	0.25	0.136986301369863
chrX	81510001	81520000	B.2.1.2.2.2.2.2.2.1	0.25	0.136986301369863
chrX	81520001	81530000	B.2.1.2.2.2.2.2.2.1	0.25	0.136986301369863
chrX	81530001	81540000	B.2.1.2.2.2.2.2.2.1	0.25	0.136986301369863
chrX	81540001	81550000	B.2.1.2.2.2.2.2.2.1	0.25	0.136986301369863
chrX	81550001	81560000	B.1.2.1.2.1.1.2.2	0.375	0.48972602739726
chrX	81560001	81570000	B.1.2.1.2.1.1.2.2	0.375	0.48972602739726
chrX	81570001	81580000	B.1.2.1.2.1.1.2.2	0.375	0.48972602739726
chrX	81580001	81590000	B.1.2.1.2.1.1.2.2	0.375	0.48972602739726
chrX	81590001	81600000	B.1.2.1.2.1.1.2.2	0.375	0.48972602739726
chrX	81600001	81610000	B.1.2.1.2.1.1.2.2	0.375	0.48972602739726
chrX	81610001	81620000	B.1.2.1.2.1.1.2.2	0.375	0.48972602739726
chrX	81620001	81630000	B.1.2.1.2.1.1.2.2	0.375	0.48972602739726
chrX	81630001	81640000	B.1.2.1.2.1.1.2.2	0.375	0.48972602739726
chrX	81640001	81650000	B.1.2.1.2.1.1.2.2	0.375	0.48972602739726
chrX	81650001	81660000	B.1.2.1.2.1.1.2.2	0.375	0.48972602739726
chrX	81660001	81670000	B.1.2.1.2.1.1.2.2	0.375	0.48972602739726
chrX	81670001	81680000	B.1.2.1.2.1.1.2.2	0.375	0.48972602739726
chrX	81680001	81690000	B.1.2.1.2.1.1.2.2	0.375	0.48972602739726
chrX	81690001	81700000	B.1.2.1.2.1.1.2.2	0.375	0.48972602739726
chrX	81700001	81710000	B.1.2.1.2.1.1.2.2	0.375	0.48972602739726
chrX	81710001	81720000	B.1.2.1.2.1.1.2.2	0.375	0.48972602739726
chrX	81720001	81730000	B.1.2.1.2.1.1.2.2	0.375	0.48972602739726
chrX	81730001	81740000	B.1.2.1.2.1.1.2.2	0.375	0.48972602739726
chrX	81740001	81750000	B.1.2.1.2.1.1.2.2	0.375	0.48972602739726
chrX	81750001	81760000	B.1.2.1.2.1.1.2.2	0.375	0.48972602739726
chrX	81760001	81770000	B.1.2.1.2.1.1.2.2	0.375	0.48972602739726
chrX	81770001	81780000	B.1.2.1.2.1.1.2.2	0.375	0.48972602739726
chrX	81780001	81790000	B.1.2.1.2.1.1.2.2	0.375	0.48972602739726
chrX	81790001	81800000	B.1.2.1.2.1.1.2.2	0.375	0.48972602739726
chrX	81800001	81810000	B.1.2.1.2.1.1.2.2	0.375	0.48972602739726
chrX	81810001	81820000	B.1.2.1.2.1.1.2.2	0.375	0.48972602739726
chrX	81820001	81830000	B.1.2.1.2.1.1.2.2	0.375	0.48972602739726
chrX	81830001	81840000	B.1.2.1.2.1.1.2.2	0.375	0.48972602739726
chrX	81840001	81850000	B.1.2.1.2.1.1.2.2	0.375	0.48972602739726
chrX	81850001	81860000	B.1.2.1.2.1.1.2.2	0.375	0.48972602739726
chrX	81860001	81870000	B.1.2.1.2.1.1.2.2	0.375	0.48972602739726
chrX	81870001	81880000	B.1.2.1.2.1.1.2.2	0.375	0.48972602739726
chrX	81880001	81890000	B.1.2.1.2.1.1.2.2	0.375	0.48972602739726
chrX	81890001	81900000	B.1.2.1.2.1.1.2.2	0.375	0.48972602739726
chrX	81900001	81910000	B.1.2.1.2.1.1.2.2	0.375	0.48972602739726
chrX	81910001	81920000	B.1.2.1.2.1.1.2.2	0.375	0.48972602739726
chrX	81920001	81930000	B.1.2.1.2.1.1.2.2	0.375	0.48972602739726
chrX	81930001	81940000	B.1.2.1.2.1.1.2.2	0.375	0.48972602739726
chrX	81940001	81950000	B.1.2.1.2.1.1.2.2	0.375	0.48972602739726
chrX	81950001	81960000	B.1.2.1.2.1.1.2.2	0.375	0.48972602739726
chrX	81960001	81970000	B.1.2.1.2.1.1.2.2	0.375	0.48972602739726
chrX	81970001	81980000	B.1.2.1.2.1.1.2.2	0.375	0.48972602739726
chrX	81980001	81990000	B.1.2.1.2.1.1.2.2	0.375	0.48972602739726
chrX	81990001	8.2e+07	B.1.2.1.2.1.1.2.2	0.375	0.48972602739726
chrX	82000001	82010000	B.1.2.1.2.1.2.1.1	0.375	0.486301369863014
chrX	82010001	82020000	B.1.2.1.2.1.2.1.1	0.375	0.486301369863014
chrX	82020001	82030000	B.1.2.1.2.1.2.1.1	0.375	0.486301369863014
chrX	82030001	82040000	B.1.2.1.2.1.2.1.1	0.375	0.486301369863014
chrX	82040001	82050000	B.1.2.1.2.1.2.1.1	0.375	0.486301369863014
chrX	82050001	82060000	B.1.2.1.2.1.2.1.1	0.375	0.486301369863014
chrX	82060001	82070000	B.1.2.1.2.1.2.1.1	0.375	0.486301369863014
chrX	82070001	82080000	B.1.2.1.2.1.2.1.1	0.375	0.486301369863014
chrX	82080001	82090000	B.1.2.1.2.1.2.1.1	0.375	0.486301369863014
chrX	82090001	82100000	B.1.2.1.2.1.2.1.1	0.375	0.486301369863014
chrX	82100001	82110000	B.1.2.1.2.1.2.1.1	0.375	0.486301369863014
chrX	82110001	82120000	B.1.2.1.2.1.2.1.1	0.375	0.486301369863014
chrX	82120001	82130000	B.1.2.1.2.1.2.1.1	0.375	0.486301369863014
chrX	82130001	82140000	B.1.2.1.2.1.2.1.1	0.375	0.486301369863014
chrX	82140001	82150000	B.1.2.1.2.1.2.1.1	0.375	0.486301369863014
chrX	82150001	82160000	B.2.2.2.2.1.1	0.125	0.0136986301369863
chrX	82160001	82170000	B.2.2.2.2.1.1	0.125	0.0136986301369863
chrX	82170001	82180000	B.2.2.2.2.1.1	0.125	0.0136986301369863
chrX	82180001	82190000	B.2.2.2.2.1.1	0.125	0.0136986301369863
chrX	82190001	82200000	B.2.2.2.2.1.1	0.125	0.0136986301369863
chrX	82200001	82210000	B.2.2.2.2.1.1	0.125	0.0136986301369863
chrX	82210001	82220000	B.2.2.2.2.1.1	0.125	0.0136986301369863
chrX	82220001	82230000	B.2.2.2.2.1.1	0.125	0.0136986301369863
chrX	82230001	82240000	B.2.2.2.2.1.1	0.125	0.0136986301369863
chrX	82240001	82250000	B.2.2.2.2.1.1	0.125	0.0136986301369863
chrX	82250001	82260000	B.2.2.2.2.1.1	0.125	0.0136986301369863
chrX	82260001	82270000	B.2.2.2.2.1.1	0.125	0.0136986301369863
chrX	82270001	82280000	B.2.2.2.2.1.1	0.125	0.0136986301369863
chrX	82280001	82290000	B.2.2.2.2.1.1	0.125	0.0136986301369863
chrX	82290001	82300000	B.2.2.2.2.1.1	0.125	0.0136986301369863
chrX	82300001	82310000	B.2.2.2.2.1.1	0.125	0.0136986301369863
chrX	82310001	82320000	B.2.2.2.2.1.1	0.125	0.0136986301369863
chrX	82320001	82330000	B.2.2.2.2.1.1	0.125	0.0136986301369863
chrX	82330001	82340000	B.2.2.2.2.1.1	0.125	0.0136986301369863
chrX	82340001	82350000	B.2.2.2.2.1.1	0.125	0.0136986301369863
chrX	82350001	82360000	B.2.2.2.2.1.1	0.125	0.0136986301369863
chrX	82360001	82370000	B.2.2.2.2.1.1	0.125	0.0136986301369863
chrX	82370001	82380000	B.2.2.2.2.1.1	0.125	0.0136986301369863
chrX	82380001	82390000	B.2.2.2.2.1.1	0.125	0.0136986301369863
chrX	82390001	82400000	B.2.2.2.2.1.1	0.125	0.0136986301369863
chrX	82400001	82410000	B.2.2.2.2.1.1	0.125	0.0136986301369863
chrX	82410001	82420000	B.2.2.2.2.1.1	0.125	0.0136986301369863
chrX	82420001	82430000	B.2.2.2.2.1.1	0.125	0.0136986301369863
chrX	82430001	82440000	B.2.2.2.2.1.1	0.125	0.0136986301369863
chrX	82440001	82450000	B.2.2.2.2.1.1	0.125	0.0136986301369863
chrX	82450001	82460000	B.2.2.2.2.1.1	0.125	0.0136986301369863
chrX	82460001	82470000	B.2.2.2.2.1.1	0.125	0.0136986301369863
chrX	82470001	82480000	B.2.2.2.2.1.1	0.125	0.0136986301369863
chrX	82480001	82490000	B.2.2.2.2.1.1	0.125	0.0136986301369863
chrX	82490001	82500000	B.2.2.2.2.1.1	0.125	0.0136986301369863
chrX	82500001	82510000	B.2.2.2.2.1.1	0.125	0.0136986301369863
chrX	82510001	82520000	B.2.2.2.2.1.1	0.125	0.0136986301369863
chrX	82520001	82530000	B.2.2.2.2.1.1	0.125	0.0136986301369863
chrX	82530001	82540000	B.2.2.2.2.1.1	0.125	0.0136986301369863
chrX	82540001	82550000	B.2.2.2.2.1.1	0.125	0.0136986301369863
chrX	82550001	82560000	B.2.2.2.2.1.1	0.125	0.0136986301369863
chrX	82560001	82570000	B.2.2.2.2.1.1	0.125	0.0136986301369863
chrX	82570001	82580000	B.2.2.2.2.1.1	0.125	0.0136986301369863
chrX	82580001	82590000	B.2.2.2.2.1.1	0.125	0.0136986301369863
chrX	82590001	82600000	B.2.2.2.2.1.1	0.125	0.0136986301369863
chrX	82600001	82610000	B.2.2.2.2.1.1	0.125	0.0136986301369863
chrX	82610001	82620000	B.2.2.2.2.1.1	0.125	0.0136986301369863
chrX	82620001	82630000	B.2.2.2.2.1.1	0.125	0.0136986301369863
chrX	82630001	82640000	B.2.2.2.2.1.1	0.125	0.0136986301369863
chrX	82640001	82650000	B.2.2.2.2.1.1	0.125	0.0136986301369863
chrX	82650001	82660000	B.2.2.2.2.1.1	0.125	0.0136986301369863
chrX	82660001	82670000	B.2.2.2.2.1.1	0.125	0.0136986301369863
chrX	82670001	82680000	B.2.2.2.2.1.1	0.125	0.0136986301369863
chrX	82680001	82690000	B.2.2.2.2.1.1	0.125	0.0136986301369863
chrX	82690001	82700000	B.2.2.2.2.1.1	0.125	0.0136986301369863
chrX	82700001	82710000	B.2.2.2.2.1.1	0.125	0.0136986301369863
chrX	82710001	82720000	B.2.2.2.2.1.1	0.125	0.0136986301369863
chrX	82720001	82730000	B.2.2.2.2.1.1	0.125	0.0136986301369863
chrX	82730001	82740000	B.2.2.2.2.1.1	0.125	0.0136986301369863
chrX	82740001	82750000	B.2.2.2.2.1.1	0.125	0.0136986301369863
chrX	82750001	82760000	B.2.2.1.2.1.2	0.125	0.0821917808219178
chrX	82760001	82770000	B.2.2.1.2.1.2	0.125	0.0821917808219178
chrX	82770001	82780000	B.2.2.1.2.1.2	0.125	0.0821917808219178
chrX	82780001	82790000	B.2.2.1.2.1.2	0.125	0.0821917808219178
chrX	82790001	82800000	B.2.2.1.2.1.2	0.125	0.0821917808219178
chrX	82800001	82810000	B.2.2.1.2.1.2	0.125	0.0821917808219178
chrX	82810001	82820000	B.2.2.1.2.1.2	0.125	0.0821917808219178
chrX	82820001	82830000	B.2.2.1.2.1.2	0.125	0.0821917808219178
chrX	82830001	82840000	B.2.2.1.2.1.2	0.125	0.0821917808219178
chrX	82840001	82850000	B.2.2.1.2.1.2	0.125	0.0821917808219178
chrX	82850001	82860000	B.2.2.1.2.1.2	0.125	0.0821917808219178
chrX	82860001	82870000	B.2.2.1.2.1.2	0.125	0.0821917808219178
chrX	82870001	82880000	B.2.2.1.2.1.2	0.125	0.0821917808219178
chrX	82880001	82890000	B.2.2.1.2.1.2	0.125	0.0821917808219178
chrX	82890001	82900000	B.2.2.1.2.1.2	0.125	0.0821917808219178
chrX	82900001	82910000	B.2.2.1.2.1.2	0.125	0.0821917808219178
chrX	82910001	82920000	B.2.2.1.2.1.2	0.125	0.0821917808219178
chrX	82920001	82930000	B.2.2.1.2.1.2	0.125	0.0821917808219178
chrX	82930001	82940000	B.2.2.1.2.1.2	0.125	0.0821917808219178
chrX	82940001	82950000	B.2.2.1.2.1.2	0.125	0.0821917808219178
chrX	82950001	82960000	B.2.2.1.2.1.2	0.125	0.0821917808219178
chrX	82960001	82970000	B.2.2.1.2.1.2	0.125	0.0821917808219178
chrX	82970001	82980000	B.2.2.1.2.1.2	0.125	0.0821917808219178
chrX	82980001	82990000	B.2.2.1.2.1.2	0.125	0.0821917808219178
chrX	82990001	8.3e+07	B.2.2.1.2.1.2	0.125	0.0821917808219178
chrX	83000001	83010000	B.2.2.1.2.1.2	0.125	0.0821917808219178
chrX	83010001	83020000	B.2.2.1.2.1.2	0.125	0.0821917808219178
chrX	83020001	83030000	B.2.2.1.2.1.2	0.125	0.0821917808219178
chrX	83030001	83040000	B.2.2.1.2.1.2	0.125	0.0821917808219178
chrX	83040001	83050000	B.2.2.1.2.1.2	0.125	0.0821917808219178
chrX	83050001	83060000	B.2.2.1.2.1.2	0.125	0.0821917808219178
chrX	83060001	83070000	B.2.2.1.2.1.2	0.125	0.0821917808219178
chrX	83070001	83080000	B.2.2.1.2.1.2	0.125	0.0821917808219178
chrX	83080001	83090000	B.2.2.1.2.1.2	0.125	0.0821917808219178
chrX	83090001	83100000	B.2.2.1.2.1.2	0.125	0.0821917808219178
chrX	83100001	83110000	B.2.2.1.2.1.2	0.125	0.0821917808219178
chrX	83110001	83120000	B.2.2.1.2.1.2	0.125	0.0821917808219178
chrX	83120001	83130000	B.2.2.1.2.1.2	0.125	0.0821917808219178
chrX	83130001	83140000	B.2.2.1.2.1.2	0.125	0.0821917808219178
chrX	83140001	83150000	B.2.2.1.2.1.2	0.125	0.0821917808219178
chrX	83150001	83160000	B.2.2.1.2.1.2	0.125	0.0821917808219178
chrX	83160001	83170000	B.2.2.1.2.1.2	0.125	0.0821917808219178
chrX	83170001	83180000	B.2.2.1.2.1.2	0.125	0.0821917808219178
chrX	83180001	83190000	B.2.2.1.2.1.2	0.125	0.0821917808219178
chrX	83190001	83200000	B.2.2.1.2.1.2	0.125	0.0821917808219178
chrX	83200001	83210000	B.2.2.1.2.1.2	0.125	0.0821917808219178
chrX	83210001	83220000	B.2.2.1.2.1.2	0.125	0.0821917808219178
chrX	83220001	83230000	B.2.2.1.2.1.2	0.125	0.0821917808219178
chrX	83230001	83240000	B.2.2.1.2.1.2	0.125	0.0821917808219178
chrX	83240001	83250000	B.2.2.1.2.1.2	0.125	0.0821917808219178
chrX	83250001	83260000	B.2.2.1.2.1.2	0.125	0.0821917808219178
chrX	83260001	83270000	B.2.2.1.2.1.2	0.125	0.0821917808219178
chrX	83270001	83280000	B.2.2.1.2.1.2	0.125	0.0821917808219178
chrX	83280001	83290000	B.2.2.1.2.1.2	0.125	0.0821917808219178
chrX	83290001	83300000	B.2.2.1.2.1.2	0.125	0.0821917808219178
chrX	83300001	83310000	B.2.1.2.2.1.1.1.2.2	0.25	0.246575342465753
chrX	83310001	83320000	B.2.1.2.2.1.1.1.2.2	0.25	0.246575342465753
chrX	83320001	83330000	B.2.1.2.2.1.1.1.2.2	0.25	0.246575342465753
chrX	83330001	83340000	B.2.1.2.2.1.1.1.2.2	0.25	0.246575342465753
chrX	83340001	83350000	B.2.1.2.2.1.1.1.2.2	0.25	0.246575342465753
chrX	83350001	83360000	B.2.1.2.2.1.1.1.2.2	0.25	0.246575342465753
chrX	83360001	83370000	B.2.1.2.2.1.1.1.2.2	0.25	0.246575342465753
chrX	83370001	83380000	B.2.1.2.2.1.1.1.2.2	0.25	0.246575342465753
chrX	83380001	83390000	B.2.1.2.2.1.1.1.2.2	0.25	0.246575342465753
chrX	83390001	83400000	B.2.1.2.2.1.1.1.2.2	0.25	0.246575342465753
chrX	83400001	83410000	B.2.1.2.2.1.1.1.2.2	0.25	0.246575342465753
chrX	83410001	83420000	B.2.1.2.2.1.1.1.2.2	0.25	0.246575342465753
chrX	83420001	83430000	B.2.1.2.2.1.1.1.2.2	0.25	0.246575342465753
chrX	83430001	83440000	B.2.1.2.2.1.1.1.2.2	0.25	0.246575342465753
chrX	83440001	83450000	B.2.1.2.2.1.1.1.2.2	0.25	0.246575342465753
chrX	83450001	83460000	B.1.2.1.2.2.2.2	0.375	0.434931506849315
chrX	83460001	83470000	B.1.2.1.2.2.2.2	0.375	0.434931506849315
chrX	83470001	83480000	B.1.2.1.2.2.2.2	0.375	0.434931506849315
chrX	83480001	83490000	B.1.2.1.2.2.2.2	0.375	0.434931506849315
chrX	83490001	83500000	B.1.2.1.2.2.2.2	0.375	0.434931506849315
chrX	83500001	83510000	B.1.2.1.2.2.2.2	0.375	0.434931506849315
chrX	83510001	83520000	B.1.2.1.2.2.2.2	0.375	0.434931506849315
chrX	83520001	83530000	B.1.2.1.2.2.2.2	0.375	0.434931506849315
chrX	83530001	83540000	B.1.2.1.2.2.2.2	0.375	0.434931506849315
chrX	83540001	83550000	B.1.2.1.2.2.2.2	0.375	0.434931506849315
chrX	83550001	83560000	B.1.2.1.2.2.2.2	0.375	0.434931506849315
chrX	83560001	83570000	B.1.2.1.2.2.2.2	0.375	0.434931506849315
chrX	83570001	83580000	B.1.2.1.2.2.2.2	0.375	0.434931506849315
chrX	83580001	83590000	B.1.2.1.2.2.2.2	0.375	0.434931506849315
chrX	83590001	83600000	B.1.2.1.2.2.2.2	0.375	0.434931506849315
chrX	83600001	83610000	B.1.2.1.2.2.2.2	0.375	0.434931506849315
chrX	83610001	83620000	B.1.2.1.2.2.2.2	0.375	0.434931506849315
chrX	83620001	83630000	B.1.2.1.2.2.2.2	0.375	0.434931506849315
chrX	83630001	83640000	B.1.2.1.2.2.2.2	0.375	0.434931506849315
chrX	83640001	83650000	B.1.2.1.2.2.2.2	0.375	0.434931506849315
chrX	83650001	83660000	B.1.2.1.2.2.2.2	0.375	0.434931506849315
chrX	83660001	83670000	B.1.2.1.2.2.2.2	0.375	0.434931506849315
chrX	83670001	83680000	B.1.2.1.2.2.2.2	0.375	0.434931506849315
chrX	83680001	83690000	B.1.2.1.2.2.2.2	0.375	0.434931506849315
chrX	83690001	83700000	B.1.2.1.2.2.2.2	0.375	0.434931506849315
chrX	83700001	83710000	B.1.2.1.2.2.2.2	0.375	0.434931506849315
chrX	83710001	83720000	B.1.2.1.2.2.2.2	0.375	0.434931506849315
chrX	83720001	83730000	B.1.2.1.2.2.2.2	0.375	0.434931506849315
chrX	83730001	83740000	B.1.2.1.2.2.2.2	0.375	0.434931506849315
chrX	83740001	83750000	B.1.2.1.2.2.2.2	0.375	0.434931506849315
chrX	83750001	83760000	B.1.2.1.2.2.2.2	0.375	0.434931506849315
chrX	83760001	83770000	B.1.2.1.2.2.2.2	0.375	0.434931506849315
chrX	83770001	83780000	B.1.2.1.2.2.2.2	0.375	0.434931506849315
chrX	83780001	83790000	B.1.2.1.2.2.2.2	0.375	0.434931506849315
chrX	83790001	83800000	B.1.2.1.2.2.2.2	0.375	0.434931506849315
chrX	83800001	83810000	B.2.1.2.2.2.2.2.2.2.1	0.25	0.133561643835616
chrX	83810001	83820000	B.2.1.2.2.2.2.2.2.2.1	0.25	0.133561643835616
chrX	83820001	83830000	B.2.1.2.2.2.2.2.2.2.1	0.25	0.133561643835616
chrX	83830001	83840000	B.2.1.2.2.2.2.2.2.2.1	0.25	0.133561643835616
chrX	83840001	83850000	B.2.1.2.2.2.2.2.2.2.1	0.25	0.133561643835616
chrX	83850001	83860000	B.2.1.2.2.2.2.2.2.2.1	0.25	0.133561643835616
chrX	83860001	83870000	B.2.1.2.2.2.2.2.2.2.1	0.25	0.133561643835616
chrX	83870001	83880000	B.2.1.2.2.2.2.2.2.2.1	0.25	0.133561643835616
chrX	83880001	83890000	B.2.1.2.2.2.2.2.2.2.1	0.25	0.133561643835616
chrX	83890001	83900000	B.2.1.2.2.2.2.2.2.2.1	0.25	0.133561643835616
chrX	83900001	83910000	B.2.1.2.2.2.1.1.2.1	0.25	0.191780821917808
chrX	83910001	83920000	B.2.1.2.2.2.1.1.2.1	0.25	0.191780821917808
chrX	83920001	83930000	B.2.1.2.2.2.1.1.2.1	0.25	0.191780821917808
chrX	83930001	83940000	B.2.1.2.2.2.1.1.2.1	0.25	0.191780821917808
chrX	83940001	83950000	B.2.1.2.2.2.1.1.2.1	0.25	0.191780821917808
chrX	83950001	83960000	B.2.1.2.2.2.1.1.2.1	0.25	0.191780821917808
chrX	83960001	83970000	B.2.1.2.2.2.1.1.2.1	0.25	0.191780821917808
chrX	83970001	83980000	B.2.1.2.2.2.1.1.2.1	0.25	0.191780821917808
chrX	83980001	83990000	B.2.1.2.2.2.1.1.2.1	0.25	0.191780821917808
chrX	83990001	8.4e+07	B.2.1.2.2.2.1.1.2.1	0.25	0.191780821917808
chrX	84000001	84010000	B.2.1.2.2.2.1.1.2.1	0.25	0.191780821917808
chrX	84010001	84020000	B.2.1.2.2.2.1.1.2.1	0.25	0.191780821917808
chrX	84020001	84030000	B.2.1.2.2.2.1.1.2.1	0.25	0.191780821917808
chrX	84030001	84040000	B.2.1.2.2.2.1.1.2.1	0.25	0.191780821917808
chrX	84040001	84050000	B.2.1.2.2.2.1.1.2.1	0.25	0.191780821917808
chrX	84050001	84060000	B.2.1.2.2.2.1.1.2.1	0.25	0.191780821917808
chrX	84060001	84070000	B.2.1.2.2.2.1.1.2.1	0.25	0.191780821917808
chrX	84070001	84080000	B.2.1.2.2.2.1.1.2.1	0.25	0.191780821917808
chrX	84080001	84090000	B.2.1.2.2.2.1.1.2.1	0.25	0.191780821917808
chrX	84090001	84100000	B.2.1.2.2.2.1.1.2.1	0.25	0.191780821917808
chrX	84100001	84110000	B.2.1.2.2.2.1.1.2.1	0.25	0.191780821917808
chrX	84110001	84120000	B.2.1.2.2.2.1.1.2.1	0.25	0.191780821917808
chrX	84120001	84130000	B.2.1.2.2.2.1.1.2.1	0.25	0.191780821917808
chrX	84130001	84140000	B.2.1.2.2.2.1.1.2.1	0.25	0.191780821917808
chrX	84140001	84150000	B.2.1.2.2.2.1.1.2.1	0.25	0.191780821917808
chrX	84150001	84160000	B.1.1.1.1.1.2.1.1.2	0.5	0.674657534246575
chrX	84160001	84170000	B.1.1.1.1.1.2.1.1.2	0.5	0.674657534246575
chrX	84170001	84180000	B.1.1.1.1.1.2.1.1.2	0.5	0.674657534246575
chrX	84180001	84190000	B.1.1.1.1.1.2.1.1.2	0.5	0.674657534246575
chrX	84190001	84200000	B.1.1.1.1.1.2.1.1.2	0.5	0.674657534246575
chrX	84200001	84210000	B.1.1.1.1.1.2.1.1.2	0.5	0.674657534246575
chrX	84210001	84220000	B.1.1.1.1.1.2.1.1.2	0.5	0.674657534246575
chrX	84220001	84230000	B.1.1.1.1.1.2.1.1.2	0.5	0.674657534246575
chrX	84230001	84240000	B.1.1.1.1.1.2.1.1.2	0.5	0.674657534246575
chrX	84240001	84250000	B.1.1.1.1.1.2.1.1.2	0.5	0.674657534246575
chrX	84250001	84260000	B.1.1.1.1.1.2.1.1.2	0.5	0.674657534246575
chrX	84260001	84270000	B.1.1.1.1.1.2.1.1.2	0.5	0.674657534246575
chrX	84270001	84280000	B.1.1.1.1.1.2.1.1.2	0.5	0.674657534246575
chrX	84280001	84290000	B.1.1.1.1.1.2.1.1.2	0.5	0.674657534246575
chrX	84290001	84300000	B.1.1.1.1.1.2.1.1.2	0.5	0.674657534246575
chrX	84300001	84310000	B.1.1.1.1.1.2.1.1.2	0.5	0.674657534246575
chrX	84310001	84320000	B.1.1.1.1.1.2.1.1.2	0.5	0.674657534246575
chrX	84320001	84330000	B.1.1.1.1.1.2.1.1.2	0.5	0.674657534246575
chrX	84330001	84340000	B.1.1.1.1.1.2.1.1.2	0.5	0.674657534246575
chrX	84340001	84350000	B.1.1.1.1.1.2.1.1.2	0.5	0.674657534246575
chrX	84350001	84360000	B.1.1.1.1.1.2.1.1.2	0.5	0.674657534246575
chrX	84360001	84370000	B.1.1.1.1.1.2.1.1.2	0.5	0.674657534246575
chrX	84370001	84380000	B.1.1.1.1.1.2.1.1.2	0.5	0.674657534246575
chrX	84380001	84390000	B.1.1.1.1.1.2.1.1.2	0.5	0.674657534246575
chrX	84390001	84400000	B.1.1.1.1.1.2.1.1.2	0.5	0.674657534246575
chrX	84400001	84410000	B.1.2.1.2.2.1.2.2.2.1	0.375	0.458904109589041
chrX	84410001	84420000	B.1.2.1.2.2.1.2.2.2.1	0.375	0.458904109589041
chrX	84420001	84430000	B.1.2.1.2.2.1.2.2.2.1	0.375	0.458904109589041
chrX	84430001	84440000	B.1.2.1.2.2.1.2.2.2.1	0.375	0.458904109589041
chrX	84440001	84450000	B.1.2.1.2.2.1.2.2.2.1	0.375	0.458904109589041
chrX	84450001	84460000	B.1.2.1.2.2.1.2.2.2.1	0.375	0.458904109589041
chrX	84460001	84470000	B.1.2.1.2.2.1.2.2.2.1	0.375	0.458904109589041
chrX	84470001	84480000	B.1.2.1.2.2.1.2.2.2.1	0.375	0.458904109589041
chrX	84480001	84490000	B.1.2.1.2.2.1.2.2.2.1	0.375	0.458904109589041
chrX	84490001	84500000	B.1.2.1.2.2.1.2.2.2.1	0.375	0.458904109589041
chrX	84500001	84510000	B.1.2.1.2.2.1.2.2.2.1	0.375	0.458904109589041
chrX	84510001	84520000	B.1.2.1.2.2.1.2.2.2.1	0.375	0.458904109589041
chrX	84520001	84530000	B.1.2.1.2.2.1.2.2.2.1	0.375	0.458904109589041
chrX	84530001	84540000	B.1.2.1.2.2.1.2.2.2.1	0.375	0.458904109589041
chrX	84540001	84550000	B.1.2.1.2.2.1.2.2.2.1	0.375	0.458904109589041
chrX	84550001	84560000	B.1.2.1.2.2.1.2.2.2.1	0.375	0.458904109589041
chrX	84560001	84570000	B.1.2.1.2.2.1.2.2.2.1	0.375	0.458904109589041
chrX	84570001	84580000	B.1.2.1.2.2.1.2.2.2.1	0.375	0.458904109589041
chrX	84580001	84590000	B.1.2.1.2.2.1.2.2.2.1	0.375	0.458904109589041
chrX	84590001	84600000	B.1.2.1.2.2.1.2.2.2.1	0.375	0.458904109589041
chrX	84600001	84610000	B.1.1.1.2.2.2.1.2.2	0.5	0.592465753424658
chrX	84610001	84620000	B.1.1.1.2.2.2.1.2.2	0.5	0.592465753424658
chrX	84620001	84630000	B.1.1.1.2.2.2.1.2.2	0.5	0.592465753424658
chrX	84630001	84640000	B.1.1.1.2.2.2.1.2.2	0.5	0.592465753424658
chrX	84640001	84650000	B.1.1.1.2.2.2.1.2.2	0.5	0.592465753424658
chrX	84650001	84660000	B.1.1.1.2.2.2.1.2.2	0.5	0.592465753424658
chrX	84660001	84670000	B.1.1.1.2.2.2.1.2.2	0.5	0.592465753424658
chrX	84670001	84680000	B.1.1.1.2.2.2.1.2.2	0.5	0.592465753424658
chrX	84680001	84690000	B.1.1.1.2.2.2.1.2.2	0.5	0.592465753424658
chrX	84690001	84700000	B.1.1.1.2.2.2.1.2.2	0.5	0.592465753424658
chrX	84700001	84710000	B.1.1.1.2.2.2.1.2.2	0.5	0.592465753424658
chrX	84710001	84720000	B.1.1.1.2.2.2.1.2.2	0.5	0.592465753424658
chrX	84720001	84730000	B.1.1.1.2.2.2.1.2.2	0.5	0.592465753424658
chrX	84730001	84740000	B.1.1.1.2.2.2.1.2.2	0.5	0.592465753424658
chrX	84740001	84750000	B.1.1.1.2.2.2.1.2.2	0.5	0.592465753424658
chrX	84750001	84760000	B.2.1.2.2.2.2.1	0.25	0.157534246575342
chrX	84760001	84770000	B.2.1.2.2.2.2.1	0.25	0.157534246575342
chrX	84770001	84780000	B.2.1.2.2.2.2.1	0.25	0.157534246575342
chrX	84780001	84790000	B.2.1.2.2.2.2.1	0.25	0.157534246575342
chrX	84790001	84800000	B.2.1.2.2.2.2.1	0.25	0.157534246575342
chrX	84800001	84810000	B.2.1.2.2.2.2.1	0.25	0.157534246575342
chrX	84810001	84820000	B.2.1.2.2.2.2.1	0.25	0.157534246575342
chrX	84820001	84830000	B.2.1.2.2.2.2.1	0.25	0.157534246575342
chrX	84830001	84840000	B.2.1.2.2.2.2.1	0.25	0.157534246575342
chrX	84840001	84850000	B.2.1.2.2.2.2.1	0.25	0.157534246575342
chrX	84850001	84860000	B.2.1.2.2.2.2.1	0.25	0.157534246575342
chrX	84860001	84870000	B.2.1.2.2.2.2.1	0.25	0.157534246575342
chrX	84870001	84880000	B.2.1.2.2.2.2.1	0.25	0.157534246575342
chrX	84880001	84890000	B.2.1.2.2.2.2.1	0.25	0.157534246575342
chrX	84890001	84900000	B.2.1.2.2.2.2.1	0.25	0.157534246575342
chrX	84900001	84910000	B.2.1.2.2.2.2.1	0.25	0.157534246575342
chrX	84910001	84920000	B.2.1.2.2.2.2.1	0.25	0.157534246575342
chrX	84920001	84930000	B.2.1.2.2.2.2.1	0.25	0.157534246575342
chrX	84930001	84940000	B.2.1.2.2.2.2.1	0.25	0.157534246575342
chrX	84940001	84950000	B.2.1.2.2.2.2.1	0.25	0.157534246575342
chrX	84950001	84960000	B.2.1.2.2.2.2.1	0.25	0.157534246575342
chrX	84960001	84970000	B.2.1.2.2.2.2.1	0.25	0.157534246575342
chrX	84970001	84980000	B.2.1.2.2.2.2.1	0.25	0.157534246575342
chrX	84980001	84990000	B.2.1.2.2.2.2.1	0.25	0.157534246575342
chrX	84990001	8.5e+07	B.2.1.2.2.2.2.1	0.25	0.157534246575342
chrX	85000001	85010000	B.2.1.2.2.2.2.1	0.25	0.157534246575342
chrX	85010001	85020000	B.2.1.2.2.2.2.1	0.25	0.157534246575342
chrX	85020001	85030000	B.2.1.2.2.2.2.1	0.25	0.157534246575342
chrX	85030001	85040000	B.2.1.2.2.2.2.1	0.25	0.157534246575342
chrX	85040001	85050000	B.2.1.2.2.2.2.1	0.25	0.157534246575342
chrX	85050001	85060000	B.2.1.2.2.2.2.1	0.25	0.157534246575342
chrX	85060001	85070000	B.2.1.2.2.2.2.1	0.25	0.157534246575342
chrX	85070001	85080000	B.2.1.2.2.2.2.1	0.25	0.157534246575342
chrX	85080001	85090000	B.2.1.2.2.2.2.1	0.25	0.157534246575342
chrX	85090001	85100000	B.2.1.2.2.2.2.1	0.25	0.157534246575342
chrX	85100001	85110000	B.1.1.1.2.2.2.2.2	0.5	0.585616438356164
chrX	85110001	85120000	B.1.1.1.2.2.2.2.2	0.5	0.585616438356164
chrX	85120001	85130000	B.1.1.1.2.2.2.2.2	0.5	0.585616438356164
chrX	85130001	85140000	B.1.1.1.2.2.2.2.2	0.5	0.585616438356164
chrX	85140001	85150000	B.1.1.1.2.2.2.2.2	0.5	0.585616438356164
chrX	85150001	85160000	B.1.1.1.2.2.2.2.2	0.5	0.585616438356164
chrX	85160001	85170000	B.1.1.1.2.2.2.2.2	0.5	0.585616438356164
chrX	85170001	85180000	B.1.1.1.2.2.2.2.2	0.5	0.585616438356164
chrX	85180001	85190000	B.1.1.1.2.2.2.2.2	0.5	0.585616438356164
chrX	85190001	85200000	B.1.1.1.2.2.2.2.2	0.5	0.585616438356164
chrX	85200001	85210000	B.1.1.1.2.2.2.2.2	0.5	0.585616438356164
chrX	85210001	85220000	B.1.1.1.2.2.2.2.2	0.5	0.585616438356164
chrX	85220001	85230000	B.1.1.1.2.2.2.2.2	0.5	0.585616438356164
chrX	85230001	85240000	B.1.1.1.2.2.2.2.2	0.5	0.585616438356164
chrX	85240001	85250000	B.1.1.1.2.2.2.2.2	0.5	0.585616438356164
chrX	85250001	85260000	B.1.1.1.2.2.2.2.2	0.5	0.585616438356164
chrX	85260001	85270000	B.1.1.1.2.2.2.2.2	0.5	0.585616438356164
chrX	85270001	85280000	B.1.1.1.2.2.2.2.2	0.5	0.585616438356164
chrX	85280001	85290000	B.1.1.1.2.2.2.2.2	0.5	0.585616438356164
chrX	85290001	85300000	B.1.1.1.2.2.2.2.2	0.5	0.585616438356164
chrX	85300001	85310000	B.1.1.1.2.2.2.2.2	0.5	0.585616438356164
chrX	85310001	85320000	B.1.1.1.2.2.2.2.2	0.5	0.585616438356164
chrX	85320001	85330000	B.1.1.1.2.2.2.2.2	0.5	0.585616438356164
chrX	85330001	85340000	B.1.1.1.2.2.2.2.2	0.5	0.585616438356164
chrX	85340001	85350000	B.1.1.1.2.2.2.2.2	0.5	0.585616438356164
chrX	85350001	85360000	B.1.1.1.2.2.2.2.2	0.5	0.585616438356164
chrX	85360001	85370000	B.1.1.1.2.2.2.2.2	0.5	0.585616438356164
chrX	85370001	85380000	B.1.1.1.2.2.2.2.2	0.5	0.585616438356164
chrX	85380001	85390000	B.1.1.1.2.2.2.2.2	0.5	0.585616438356164
chrX	85390001	85400000	B.1.1.1.2.2.2.2.2	0.5	0.585616438356164
chrX	85400001	85410000	B.1.1.1.2.2.2.2.2	0.5	0.585616438356164
chrX	85410001	85420000	B.1.1.1.2.2.2.2.2	0.5	0.585616438356164
chrX	85420001	85430000	B.1.1.1.2.2.2.2.2	0.5	0.585616438356164
chrX	85430001	85440000	B.1.1.1.2.2.2.2.2	0.5	0.585616438356164
chrX	85440001	85450000	B.1.1.1.2.2.2.2.2	0.5	0.585616438356164
chrX	85450001	85460000	B.2.1.2.2.2.2.2.1.2.2.1.1	0.25	0.147260273972603
chrX	85460001	85470000	B.2.1.2.2.2.2.2.1.2.2.1.1	0.25	0.147260273972603
chrX	85470001	85480000	B.2.1.2.2.2.2.2.1.2.2.1.1	0.25	0.147260273972603
chrX	85480001	85490000	B.2.1.2.2.2.2.2.1.2.2.1.1	0.25	0.147260273972603
chrX	85490001	85500000	B.2.1.2.2.2.2.2.1.2.2.1.1	0.25	0.147260273972603
chrX	85500001	85510000	B.2.1.2.2.2.2.2.1.2.2.1.1	0.25	0.147260273972603
chrX	85510001	85520000	B.2.1.2.2.2.2.2.1.2.2.1.1	0.25	0.147260273972603
chrX	85520001	85530000	B.2.1.2.2.2.2.2.1.2.2.1.1	0.25	0.147260273972603
chrX	85530001	85540000	B.2.1.2.2.2.2.2.1.2.2.1.1	0.25	0.147260273972603
chrX	85540001	85550000	B.2.1.2.2.2.2.2.1.2.2.1.1	0.25	0.147260273972603
chrX	85550001	85560000	B.2.1.2.2.2.2.2.1.2.2.1.1	0.25	0.147260273972603
chrX	85560001	85570000	B.2.1.2.2.2.2.2.1.2.2.1.1	0.25	0.147260273972603
chrX	85570001	85580000	B.2.1.2.2.2.2.2.1.2.2.1.1	0.25	0.147260273972603
chrX	85580001	85590000	B.2.1.2.2.2.2.2.1.2.2.1.1	0.25	0.147260273972603
chrX	85590001	85600000	B.2.1.2.2.2.2.2.1.2.2.1.1	0.25	0.147260273972603
chrX	85600001	85610000	B.2.1.2.2.2.2.2.1.2.2.1.1	0.25	0.147260273972603
chrX	85610001	85620000	B.2.1.2.2.2.2.2.1.2.2.1.1	0.25	0.147260273972603
chrX	85620001	85630000	B.2.1.2.2.2.2.2.1.2.2.1.1	0.25	0.147260273972603
chrX	85630001	85640000	B.2.1.2.2.2.2.2.1.2.2.1.1	0.25	0.147260273972603
chrX	85640001	85650000	B.2.1.2.2.2.2.2.1.2.2.1.1	0.25	0.147260273972603
chrX	85650001	85660000	B.2.1.2.2.2.2.2.1.2.2.1.1	0.25	0.147260273972603
chrX	85660001	85670000	B.2.1.2.2.2.2.2.1.2.2.1.1	0.25	0.147260273972603
chrX	85670001	85680000	B.2.1.2.2.2.2.2.1.2.2.1.1	0.25	0.147260273972603
chrX	85680001	85690000	B.2.1.2.2.2.2.2.1.2.2.1.1	0.25	0.147260273972603
chrX	85690001	85700000	B.2.1.2.2.2.2.2.1.2.2.1.1	0.25	0.147260273972603
chrX	85700001	85710000	B.2.1.2.2.2.2.2.1.2.2.1.1	0.25	0.147260273972603
chrX	85710001	85720000	B.2.1.2.2.2.2.2.1.2.2.1.1	0.25	0.147260273972603
chrX	85720001	85730000	B.2.1.2.2.2.2.2.1.2.2.1.1	0.25	0.147260273972603
chrX	85730001	85740000	B.2.1.2.2.2.2.2.1.2.2.1.1	0.25	0.147260273972603
chrX	85740001	85750000	B.2.1.2.2.2.2.2.1.2.2.1.1	0.25	0.147260273972603
chrX	85750001	85760000	B.2.1.2.2.2.2.2.1.2.2.1.1	0.25	0.147260273972603
chrX	85760001	85770000	B.2.1.2.2.2.2.2.1.2.2.1.1	0.25	0.147260273972603
chrX	85770001	85780000	B.2.1.2.2.2.2.2.1.2.2.1.1	0.25	0.147260273972603
chrX	85780001	85790000	B.2.1.2.2.2.2.2.1.2.2.1.1	0.25	0.147260273972603
chrX	85790001	85800000	B.2.1.2.2.2.2.2.1.2.2.1.1	0.25	0.147260273972603
chrX	85800001	85810000	B.2.1.2.2.2.1.2.1.2.1	0.25	0.178082191780822
chrX	85810001	85820000	B.2.1.2.2.2.1.2.1.2.1	0.25	0.178082191780822
chrX	85820001	85830000	B.2.1.2.2.2.1.2.1.2.1	0.25	0.178082191780822
chrX	85830001	85840000	B.2.1.2.2.2.1.2.1.2.1	0.25	0.178082191780822
chrX	85840001	85850000	B.2.1.2.2.2.1.2.1.2.1	0.25	0.178082191780822
chrX	85850001	85860000	B.2.1.2.2.2.1.2.1.2.1	0.25	0.178082191780822
chrX	85860001	85870000	B.2.1.2.2.2.1.2.1.2.1	0.25	0.178082191780822
chrX	85870001	85880000	B.2.1.2.2.2.1.2.1.2.1	0.25	0.178082191780822
chrX	85880001	85890000	B.2.1.2.2.2.1.2.1.2.1	0.25	0.178082191780822
chrX	85890001	85900000	B.2.1.2.2.2.1.2.1.2.1	0.25	0.178082191780822
chrX	85900001	85910000	B.2.1.2.2.2.1.2.1.2.1	0.25	0.178082191780822
chrX	85910001	85920000	B.2.1.2.2.2.1.2.1.2.1	0.25	0.178082191780822
chrX	85920001	85930000	B.2.1.2.2.2.1.2.1.2.1	0.25	0.178082191780822
chrX	85930001	85940000	B.2.1.2.2.2.1.2.1.2.1	0.25	0.178082191780822
chrX	85940001	85950000	B.2.1.2.2.2.1.2.1.2.1	0.25	0.178082191780822
chrX	85950001	85960000	B.2.1.2.2.2.1.2.1.2.1	0.25	0.178082191780822
chrX	85960001	85970000	B.2.1.2.2.2.1.2.1.2.1	0.25	0.178082191780822
chrX	85970001	85980000	B.2.1.2.2.2.1.2.1.2.1	0.25	0.178082191780822
chrX	85980001	85990000	B.2.1.2.2.2.1.2.1.2.1	0.25	0.178082191780822
chrX	85990001	8.6e+07	B.2.1.2.2.2.1.2.1.2.1	0.25	0.178082191780822
chrX	86000001	86010000	B.1.2.1.2.1.2.2.1	0.375	0.479452054794521
chrX	86010001	86020000	B.1.2.1.2.1.2.2.1	0.375	0.479452054794521
chrX	86020001	86030000	B.1.2.1.2.1.2.2.1	0.375	0.479452054794521
chrX	86030001	86040000	B.1.2.1.2.1.2.2.1	0.375	0.479452054794521
chrX	86040001	86050000	B.1.2.1.2.1.2.2.1	0.375	0.479452054794521
chrX	86050001	86060000	B.1.2.1.2.1.2.2.1	0.375	0.479452054794521
chrX	86060001	86070000	B.1.2.1.2.1.2.2.1	0.375	0.479452054794521
chrX	86070001	86080000	B.1.2.1.2.1.2.2.1	0.375	0.479452054794521
chrX	86080001	86090000	B.1.2.1.2.1.2.2.1	0.375	0.479452054794521
chrX	86090001	86100000	B.1.2.1.2.1.2.2.1	0.375	0.479452054794521
chrX	86100001	86110000	B.1.2.1.2.1.2.2.1	0.375	0.479452054794521
chrX	86110001	86120000	B.1.2.1.2.1.2.2.1	0.375	0.479452054794521
chrX	86120001	86130000	B.1.2.1.2.1.2.2.1	0.375	0.479452054794521
chrX	86130001	86140000	B.1.2.1.2.1.2.2.1	0.375	0.479452054794521
chrX	86140001	86150000	B.1.2.1.2.1.2.2.1	0.375	0.479452054794521
chrX	86150001	86160000	B.1.2.1.2.1.2.2.1	0.375	0.479452054794521
chrX	86160001	86170000	B.1.2.1.2.1.2.2.1	0.375	0.479452054794521
chrX	86170001	86180000	B.1.2.1.2.1.2.2.1	0.375	0.479452054794521
chrX	86180001	86190000	B.1.2.1.2.1.2.2.1	0.375	0.479452054794521
chrX	86190001	86200000	B.1.2.1.2.1.2.2.1	0.375	0.479452054794521
chrX	86200001	86210000	B.1.2.1.2.1.2.2.1	0.375	0.479452054794521
chrX	86210001	86220000	B.1.2.1.2.1.2.2.1	0.375	0.479452054794521
chrX	86220001	86230000	B.1.2.1.2.1.2.2.1	0.375	0.479452054794521
chrX	86230001	86240000	B.1.2.1.2.1.2.2.1	0.375	0.479452054794521
chrX	86240001	86250000	B.1.2.1.2.1.2.2.1	0.375	0.479452054794521
chrX	86250001	86260000	B.1.2.1.2.2.2.1.2.2.2	0.375	0.438356164383562
chrX	86260001	86270000	B.1.2.1.2.2.2.1.2.2.2	0.375	0.438356164383562
chrX	86270001	86280000	B.1.2.1.2.2.2.1.2.2.2	0.375	0.438356164383562
chrX	86280001	86290000	B.1.2.1.2.2.2.1.2.2.2	0.375	0.438356164383562
chrX	86290001	86300000	B.1.2.1.2.2.2.1.2.2.2	0.375	0.438356164383562
chrX	86300001	86310000	B.1.2.1.2.2.2.1.2.2.2	0.375	0.438356164383562
chrX	86310001	86320000	B.1.2.1.2.2.2.1.2.2.2	0.375	0.438356164383562
chrX	86320001	86330000	B.1.2.1.2.2.2.1.2.2.2	0.375	0.438356164383562
chrX	86330001	86340000	B.1.2.1.2.2.2.1.2.2.2	0.375	0.438356164383562
chrX	86340001	86350000	B.1.2.1.2.2.2.1.2.2.2	0.375	0.438356164383562
chrX	86350001	86360000	B.1.2.1.2.2.2.1.2.2.2	0.375	0.438356164383562
chrX	86360001	86370000	B.1.2.1.2.2.2.1.2.2.2	0.375	0.438356164383562
chrX	86370001	86380000	B.1.2.1.2.2.2.1.2.2.2	0.375	0.438356164383562
chrX	86380001	86390000	B.1.2.1.2.2.2.1.2.2.2	0.375	0.438356164383562
chrX	86390001	86400000	B.1.2.1.2.2.2.1.2.2.2	0.375	0.438356164383562
chrX	86400001	86410000	B.1.2.1.2.2.2.1.2.2.2	0.375	0.438356164383562
chrX	86410001	86420000	B.1.2.1.2.2.2.1.2.2.2	0.375	0.438356164383562
chrX	86420001	86430000	B.1.2.1.2.2.2.1.2.2.2	0.375	0.438356164383562
chrX	86430001	86440000	B.1.2.1.2.2.2.1.2.2.2	0.375	0.438356164383562
chrX	86440001	86450000	B.1.2.1.2.2.2.1.2.2.2	0.375	0.438356164383562
chrX	86450001	86460000	B.1.1.1.2.1.2.2.2	0.5	0.626712328767123
chrX	86460001	86470000	B.1.1.1.2.1.2.2.2	0.5	0.626712328767123
chrX	86470001	86480000	B.1.1.1.2.1.2.2.2	0.5	0.626712328767123
chrX	86480001	86490000	B.1.1.1.2.1.2.2.2	0.5	0.626712328767123
chrX	86490001	86500000	B.1.1.1.2.1.2.2.2	0.5	0.626712328767123
chrX	86500001	86510000	B.1.1.1.2.1.2.2.2	0.5	0.626712328767123
chrX	86510001	86520000	B.1.1.1.2.1.2.2.2	0.5	0.626712328767123
chrX	86520001	86530000	B.1.1.1.2.1.2.2.2	0.5	0.626712328767123
chrX	86530001	86540000	B.1.1.1.2.1.2.2.2	0.5	0.626712328767123
chrX	86540001	86550000	B.1.1.1.2.1.2.2.2	0.5	0.626712328767123
chrX	86550001	86560000	B.1.1.1.2.1.2.2.2	0.5	0.626712328767123
chrX	86560001	86570000	B.1.1.1.2.1.2.2.2	0.5	0.626712328767123
chrX	86570001	86580000	B.1.1.1.2.1.2.2.2	0.5	0.626712328767123
chrX	86580001	86590000	B.1.1.1.2.1.2.2.2	0.5	0.626712328767123
chrX	86590001	86600000	B.1.1.1.2.1.2.2.2	0.5	0.626712328767123
chrX	86600001	86610000	B.1.1.1.2.1.2.2.2	0.5	0.626712328767123
chrX	86610001	86620000	B.1.1.1.2.1.2.2.2	0.5	0.626712328767123
chrX	86620001	86630000	B.1.1.1.2.1.2.2.2	0.5	0.626712328767123
chrX	86630001	86640000	B.1.1.1.2.1.2.2.2	0.5	0.626712328767123
chrX	86640001	86650000	B.1.1.1.2.1.2.2.2	0.5	0.626712328767123
chrX	86650001	86660000	B.1.1.1.2.1.2.2.2	0.5	0.626712328767123
chrX	86660001	86670000	B.1.1.1.2.1.2.2.2	0.5	0.626712328767123
chrX	86670001	86680000	B.1.1.1.2.1.2.2.2	0.5	0.626712328767123
chrX	86680001	86690000	B.1.1.1.2.1.2.2.2	0.5	0.626712328767123
chrX	86690001	86700000	B.1.1.1.2.1.2.2.2	0.5	0.626712328767123
chrX	86700001	86710000	B.1.1.1.2.2.2.2.1	0.5	0.589041095890411
chrX	86710001	86720000	B.1.1.1.2.2.2.2.1	0.5	0.589041095890411
chrX	86720001	86730000	B.1.1.1.2.2.2.2.1	0.5	0.589041095890411
chrX	86730001	86740000	B.1.1.1.2.2.2.2.1	0.5	0.589041095890411
chrX	86740001	86750000	B.1.1.1.2.2.2.2.1	0.5	0.589041095890411
chrX	86750001	86760000	B.1.1.1.2.2.2.2.1	0.5	0.589041095890411
chrX	86760001	86770000	B.1.1.1.2.2.2.2.1	0.5	0.589041095890411
chrX	86770001	86780000	B.1.1.1.2.2.2.2.1	0.5	0.589041095890411
chrX	86780001	86790000	B.1.1.1.2.2.2.2.1	0.5	0.589041095890411
chrX	86790001	86800000	B.1.1.1.2.2.2.2.1	0.5	0.589041095890411
chrX	86800001	86810000	B.1.2.1.2.1.2.2.2	0.375	0.476027397260274
chrX	86810001	86820000	B.1.2.1.2.1.2.2.2	0.375	0.476027397260274
chrX	86820001	86830000	B.1.2.1.2.1.2.2.2	0.375	0.476027397260274
chrX	86830001	86840000	B.1.2.1.2.1.2.2.2	0.375	0.476027397260274
chrX	86840001	86850000	B.1.2.1.2.1.2.2.2	0.375	0.476027397260274
chrX	86850001	86860000	B.1.2.1.2.1.2.2.2	0.375	0.476027397260274
chrX	86860001	86870000	B.1.2.1.2.1.2.2.2	0.375	0.476027397260274
chrX	86870001	86880000	B.1.2.1.2.1.2.2.2	0.375	0.476027397260274
chrX	86880001	86890000	B.1.2.1.2.1.2.2.2	0.375	0.476027397260274
chrX	86890001	86900000	B.1.2.1.2.1.2.2.2	0.375	0.476027397260274
chrX	86900001	86910000	B.1.2.1.2.1.2.2.2	0.375	0.476027397260274
chrX	86910001	86920000	B.1.2.1.2.1.2.2.2	0.375	0.476027397260274
chrX	86920001	86930000	B.1.2.1.2.1.2.2.2	0.375	0.476027397260274
chrX	86930001	86940000	B.1.2.1.2.1.2.2.2	0.375	0.476027397260274
chrX	86940001	86950000	B.1.2.1.2.1.2.2.2	0.375	0.476027397260274
chrX	86950001	86960000	B.1.2.1.2.1.2.2.2	0.375	0.476027397260274
chrX	86960001	86970000	B.1.2.1.2.1.2.2.2	0.375	0.476027397260274
chrX	86970001	86980000	B.1.2.1.2.1.2.2.2	0.375	0.476027397260274
chrX	86980001	86990000	B.1.2.1.2.1.2.2.2	0.375	0.476027397260274
chrX	86990001	8.7e+07	B.1.2.1.2.1.2.2.2	0.375	0.476027397260274
chrX	87000001	87010000	B.1.2.1.2.1.2.2.2	0.375	0.476027397260274
chrX	87010001	87020000	B.1.2.1.2.1.2.2.2	0.375	0.476027397260274
chrX	87020001	87030000	B.1.2.1.2.1.2.2.2	0.375	0.476027397260274
chrX	87030001	87040000	B.1.2.1.2.1.2.2.2	0.375	0.476027397260274
chrX	87040001	87050000	B.1.2.1.2.1.2.2.2	0.375	0.476027397260274
chrX	87050001	87060000	B.1.2.1.2.1.2.2.2	0.375	0.476027397260274
chrX	87060001	87070000	B.1.2.1.2.1.2.2.2	0.375	0.476027397260274
chrX	87070001	87080000	B.1.2.1.2.1.2.2.2	0.375	0.476027397260274
chrX	87080001	87090000	B.1.2.1.2.1.2.2.2	0.375	0.476027397260274
chrX	87090001	87100000	B.1.2.1.2.1.2.2.2	0.375	0.476027397260274
chrX	87100001	87110000	B.1.2.1.2.1.2.2.2	0.375	0.476027397260274
chrX	87110001	87120000	B.1.2.1.2.1.2.2.2	0.375	0.476027397260274
chrX	87120001	87130000	B.1.2.1.2.1.2.2.2	0.375	0.476027397260274
chrX	87130001	87140000	B.1.2.1.2.1.2.2.2	0.375	0.476027397260274
chrX	87140001	87150000	B.1.2.1.2.1.2.2.2	0.375	0.476027397260274
chrX	87150001	87160000	B.1.2.1.2.1.2.2.2	0.375	0.476027397260274
chrX	87160001	87170000	B.1.2.1.2.1.2.2.2	0.375	0.476027397260274
chrX	87170001	87180000	B.1.2.1.2.1.2.2.2	0.375	0.476027397260274
chrX	87180001	87190000	B.1.2.1.2.1.2.2.2	0.375	0.476027397260274
chrX	87190001	87200000	B.1.2.1.2.1.2.2.2	0.375	0.476027397260274
chrX	87200001	87210000	B.2.1.2.2.1.1.2.2.1	0.25	0.236301369863014
chrX	87210001	87220000	B.2.1.2.2.1.1.2.2.1	0.25	0.236301369863014
chrX	87220001	87230000	B.2.1.2.2.1.1.2.2.1	0.25	0.236301369863014
chrX	87230001	87240000	B.2.1.2.2.1.1.2.2.1	0.25	0.236301369863014
chrX	87240001	87250000	B.2.1.2.2.1.1.2.2.1	0.25	0.236301369863014
chrX	87250001	87260000	B.2.1.2.2.1.1.2.2.1	0.25	0.236301369863014
chrX	87260001	87270000	B.2.1.2.2.1.1.2.2.1	0.25	0.236301369863014
chrX	87270001	87280000	B.2.1.2.2.1.1.2.2.1	0.25	0.236301369863014
chrX	87280001	87290000	B.2.1.2.2.1.1.2.2.1	0.25	0.236301369863014
chrX	87290001	87300000	B.2.1.2.2.1.1.2.2.1	0.25	0.236301369863014
chrX	87300001	87310000	B.2.1.2.2.1.1.2.2.1	0.25	0.236301369863014
chrX	87310001	87320000	B.2.1.2.2.1.1.2.2.1	0.25	0.236301369863014
chrX	87320001	87330000	B.2.1.2.2.1.1.2.2.1	0.25	0.236301369863014
chrX	87330001	87340000	B.2.1.2.2.1.1.2.2.1	0.25	0.236301369863014
chrX	87340001	87350000	B.2.1.2.2.1.1.2.2.1	0.25	0.236301369863014
chrX	87350001	87360000	B.2.1.2.2.1.1.2.1.2	0.25	0.23972602739726
chrX	87360001	87370000	B.2.1.2.2.1.1.2.1.2	0.25	0.23972602739726
chrX	87370001	87380000	B.2.1.2.2.1.1.2.1.2	0.25	0.23972602739726
chrX	87380001	87390000	B.2.1.2.2.1.1.2.1.2	0.25	0.23972602739726
chrX	87390001	87400000	B.2.1.2.2.1.1.2.1.2	0.25	0.23972602739726
chrX	87400001	87410000	B.2.1.2.2.1.1.2.1.2	0.25	0.23972602739726
chrX	87410001	87420000	B.2.1.2.2.1.1.2.1.2	0.25	0.23972602739726
chrX	87420001	87430000	B.2.1.2.2.1.1.2.1.2	0.25	0.23972602739726
chrX	87430001	87440000	B.2.1.2.2.1.1.2.1.2	0.25	0.23972602739726
chrX	87440001	87450000	B.2.1.2.2.1.1.2.1.2	0.25	0.23972602739726
chrX	87450001	87460000	B.2.1.2.2.1.1.2.1.2	0.25	0.23972602739726
chrX	87460001	87470000	B.2.1.2.2.1.1.2.1.2	0.25	0.23972602739726
chrX	87470001	87480000	B.2.1.2.2.1.1.2.1.2	0.25	0.23972602739726
chrX	87480001	87490000	B.2.1.2.2.1.1.2.1.2	0.25	0.23972602739726
chrX	87490001	87500000	B.2.1.2.2.1.1.2.1.2	0.25	0.23972602739726
chrX	87500001	87510000	B.2.1.2.2.1.1.2.1.2	0.25	0.23972602739726
chrX	87510001	87520000	B.2.1.2.2.1.1.2.1.2	0.25	0.23972602739726
chrX	87520001	87530000	B.2.1.2.2.1.1.2.1.2	0.25	0.23972602739726
chrX	87530001	87540000	B.2.1.2.2.1.1.2.1.2	0.25	0.23972602739726
chrX	87540001	87550000	B.2.1.2.2.1.1.2.1.2	0.25	0.23972602739726
chrX	87550001	87560000	B.2.1.2.2.1.1.2.1.2	0.25	0.23972602739726
chrX	87560001	87570000	B.2.1.2.2.1.1.2.1.2	0.25	0.23972602739726
chrX	87570001	87580000	B.2.1.2.2.1.1.2.1.2	0.25	0.23972602739726
chrX	87580001	87590000	B.2.1.2.2.1.1.2.1.2	0.25	0.23972602739726
chrX	87590001	87600000	B.2.1.2.2.1.1.2.1.2	0.25	0.23972602739726
chrX	87600001	87610000	B.2.1.2.2.2.1.1.2.2	0.25	0.188356164383562
chrX	87610001	87620000	B.2.1.2.2.2.1.1.2.2	0.25	0.188356164383562
chrX	87620001	87630000	B.2.1.2.2.2.1.1.2.2	0.25	0.188356164383562
chrX	87630001	87640000	B.2.1.2.2.2.1.1.2.2	0.25	0.188356164383562
chrX	87640001	87650000	B.2.1.2.2.2.1.1.2.2	0.25	0.188356164383562
chrX	87650001	87660000	B.2.1.2.2.2.1.1.2.2	0.25	0.188356164383562
chrX	87660001	87670000	B.2.1.2.2.2.1.1.2.2	0.25	0.188356164383562
chrX	87670001	87680000	B.2.1.2.2.2.1.1.2.2	0.25	0.188356164383562
chrX	87680001	87690000	B.2.1.2.2.2.1.1.2.2	0.25	0.188356164383562
chrX	87690001	87700000	B.2.1.2.2.2.1.1.2.2	0.25	0.188356164383562
chrX	87700001	87710000	B.2.1.2.2.2.1.1.2.2	0.25	0.188356164383562
chrX	87710001	87720000	B.2.1.2.2.2.1.1.2.2	0.25	0.188356164383562
chrX	87720001	87730000	B.2.1.2.2.2.1.1.2.2	0.25	0.188356164383562
chrX	87730001	87740000	B.2.1.2.2.2.1.1.2.2	0.25	0.188356164383562
chrX	87740001	87750000	B.2.1.2.2.2.1.1.2.2	0.25	0.188356164383562
chrX	87750001	87760000	B.2.1.2.2.2.1.1.2.2	0.25	0.188356164383562
chrX	87760001	87770000	B.2.1.2.2.2.1.1.2.2	0.25	0.188356164383562
chrX	87770001	87780000	B.2.1.2.2.2.1.1.2.2	0.25	0.188356164383562
chrX	87780001	87790000	B.2.1.2.2.2.1.1.2.2	0.25	0.188356164383562
chrX	87790001	87800000	B.2.1.2.2.2.1.1.2.2	0.25	0.188356164383562
chrX	87800001	87810000	B.2.1.2.2.2.1.1.2.2	0.25	0.188356164383562
chrX	87810001	87820000	B.2.1.2.2.2.1.1.2.2	0.25	0.188356164383562
chrX	87820001	87830000	B.2.1.2.2.2.1.1.2.2	0.25	0.188356164383562
chrX	87830001	87840000	B.2.1.2.2.2.1.1.2.2	0.25	0.188356164383562
chrX	87840001	87850000	B.2.1.2.2.2.1.1.2.2	0.25	0.188356164383562
chrX	87850001	87860000	B.2.1.2.2.2.1.2.1.1.1	0.25	0.184931506849315
chrX	87860001	87870000	B.2.1.2.2.2.1.2.1.1.1	0.25	0.184931506849315
chrX	87870001	87880000	B.2.1.2.2.2.1.2.1.1.1	0.25	0.184931506849315
chrX	87880001	87890000	B.2.1.2.2.2.1.2.1.1.1	0.25	0.184931506849315
chrX	87890001	87900000	B.2.1.2.2.2.1.2.1.1.1	0.25	0.184931506849315
chrX	87900001	87910000	B.2.1.2.2.2.1.2.1.1.1	0.25	0.184931506849315
chrX	87910001	87920000	B.2.1.2.2.2.1.2.1.1.1	0.25	0.184931506849315
chrX	87920001	87930000	B.2.1.2.2.2.1.2.1.1.1	0.25	0.184931506849315
chrX	87930001	87940000	B.2.1.2.2.2.1.2.1.1.1	0.25	0.184931506849315
chrX	87940001	87950000	B.2.1.2.2.2.1.2.1.1.1	0.25	0.184931506849315
chrX	87950001	87960000	B.2.1.2.2.2.1.2.1.1.1	0.25	0.184931506849315
chrX	87960001	87970000	B.2.1.2.2.2.1.2.1.1.1	0.25	0.184931506849315
chrX	87970001	87980000	B.2.1.2.2.2.1.2.1.1.1	0.25	0.184931506849315
chrX	87980001	87990000	B.2.1.2.2.2.1.2.1.1.1	0.25	0.184931506849315
chrX	87990001	8.8e+07	B.2.1.2.2.2.1.2.1.1.1	0.25	0.184931506849315
chrX	88000001	88010000	B.2.1.2.2.2.1.2.1.1.1	0.25	0.184931506849315
chrX	88010001	88020000	B.2.1.2.2.2.1.2.1.1.1	0.25	0.184931506849315
chrX	88020001	88030000	B.2.1.2.2.2.1.2.1.1.1	0.25	0.184931506849315
chrX	88030001	88040000	B.2.1.2.2.2.1.2.1.1.1	0.25	0.184931506849315
chrX	88040001	88050000	B.2.1.2.2.2.1.2.1.1.1	0.25	0.184931506849315
chrX	88050001	88060000	B.2.1.2.2.2.1.2.1.1.1	0.25	0.184931506849315
chrX	88060001	88070000	B.2.1.2.2.2.1.2.1.1.1	0.25	0.184931506849315
chrX	88070001	88080000	B.2.1.2.2.2.1.2.1.1.1	0.25	0.184931506849315
chrX	88080001	88090000	B.2.1.2.2.2.1.2.1.1.1	0.25	0.184931506849315
chrX	88090001	88100000	B.2.1.2.2.2.1.2.1.1.1	0.25	0.184931506849315
chrX	88100001	88110000	B.2.1.2.2.2.1.2.1.1.1	0.25	0.184931506849315
chrX	88110001	88120000	B.2.1.2.2.2.1.2.1.1.1	0.25	0.184931506849315
chrX	88120001	88130000	B.2.1.2.2.2.1.2.1.1.1	0.25	0.184931506849315
chrX	88130001	88140000	B.2.1.2.2.2.1.2.1.1.1	0.25	0.184931506849315
chrX	88140001	88150000	B.2.1.2.2.2.1.2.1.1.1	0.25	0.184931506849315
chrX	88150001	88160000	B.2.1.2.2.2.1.2.1.1.1	0.25	0.184931506849315
chrX	88160001	88170000	B.2.1.2.2.2.1.2.1.1.1	0.25	0.184931506849315
chrX	88170001	88180000	B.2.1.2.2.2.1.2.1.1.1	0.25	0.184931506849315
chrX	88180001	88190000	B.2.1.2.2.2.1.2.1.1.1	0.25	0.184931506849315
chrX	88190001	88200000	B.2.1.2.2.2.1.2.1.1.1	0.25	0.184931506849315
chrX	88200001	88210000	B.2.2.1.1.1.1.2.1	0.125	0.123287671232877
chrX	88210001	88220000	B.2.2.1.1.1.1.2.1	0.125	0.123287671232877
chrX	88220001	88230000	B.2.2.1.1.1.1.2.1	0.125	0.123287671232877
chrX	88230001	88240000	B.2.2.1.1.1.1.2.1	0.125	0.123287671232877
chrX	88240001	88250000	B.2.2.1.1.1.1.2.1	0.125	0.123287671232877
chrX	88250001	88260000	B.2.2.1.1.1.1.2.1	0.125	0.123287671232877
chrX	88260001	88270000	B.2.2.1.1.1.1.2.1	0.125	0.123287671232877
chrX	88270001	88280000	B.2.2.1.1.1.1.2.1	0.125	0.123287671232877
chrX	88280001	88290000	B.2.2.1.1.1.1.2.1	0.125	0.123287671232877
chrX	88290001	88300000	B.2.2.1.1.1.1.2.1	0.125	0.123287671232877
chrX	88300001	88310000	B.2.2.1.1.1.1.2.1	0.125	0.123287671232877
chrX	88310001	88320000	B.2.2.1.1.1.1.2.1	0.125	0.123287671232877
chrX	88320001	88330000	B.2.2.1.1.1.1.2.1	0.125	0.123287671232877
chrX	88330001	88340000	B.2.2.1.1.1.1.2.1	0.125	0.123287671232877
chrX	88340001	88350000	B.2.2.1.1.1.1.2.1	0.125	0.123287671232877
chrX	88350001	88360000	B.2.2.1.1.1.1.2.1	0.125	0.123287671232877
chrX	88360001	88370000	B.2.2.1.1.1.1.2.1	0.125	0.123287671232877
chrX	88370001	88380000	B.2.2.1.1.1.1.2.1	0.125	0.123287671232877
chrX	88380001	88390000	B.2.2.1.1.1.1.2.1	0.125	0.123287671232877
chrX	88390001	88400000	B.2.2.1.1.1.1.2.1	0.125	0.123287671232877
chrX	88400001	88410000	B.2.2.1.1.1.1.2.1	0.125	0.123287671232877
chrX	88410001	88420000	B.2.2.1.1.1.1.2.1	0.125	0.123287671232877
chrX	88420001	88430000	B.2.2.1.1.1.1.2.1	0.125	0.123287671232877
chrX	88430001	88440000	B.2.2.1.1.1.1.2.1	0.125	0.123287671232877
chrX	88440001	88450000	B.2.2.1.1.1.1.2.1	0.125	0.123287671232877
chrX	88450001	88460000	B.2.2.1.1.1.1.2.1	0.125	0.123287671232877
chrX	88460001	88470000	B.2.2.1.1.1.1.2.1	0.125	0.123287671232877
chrX	88470001	88480000	B.2.2.1.1.1.1.2.1	0.125	0.123287671232877
chrX	88480001	88490000	B.2.2.1.1.1.1.2.1	0.125	0.123287671232877
chrX	88490001	88500000	B.2.2.1.1.1.1.2.1	0.125	0.123287671232877
chrX	88500001	88510000	B.2.2.1.1.1.1.2.1	0.125	0.123287671232877
chrX	88510001	88520000	B.2.2.1.1.1.1.2.1	0.125	0.123287671232877
chrX	88520001	88530000	B.2.2.1.1.1.1.2.1	0.125	0.123287671232877
chrX	88530001	88540000	B.2.2.1.1.1.1.2.1	0.125	0.123287671232877
chrX	88540001	88550000	B.2.2.1.1.1.1.2.1	0.125	0.123287671232877
chrX	88550001	88560000	B.2.2.1.1.1.1.2.1	0.125	0.123287671232877
chrX	88560001	88570000	B.2.2.1.1.1.1.2.1	0.125	0.123287671232877
chrX	88570001	88580000	B.2.2.1.1.1.1.2.1	0.125	0.123287671232877
chrX	88580001	88590000	B.2.2.1.1.1.1.2.1	0.125	0.123287671232877
chrX	88590001	88600000	B.2.2.1.1.1.1.2.1	0.125	0.123287671232877
chrX	88600001	88610000	B.2.2.1.1.1.1.2.1	0.125	0.123287671232877
chrX	88610001	88620000	B.2.2.1.1.1.1.2.1	0.125	0.123287671232877
chrX	88620001	88630000	B.2.2.1.1.1.1.2.1	0.125	0.123287671232877
chrX	88630001	88640000	B.2.2.1.1.1.1.2.1	0.125	0.123287671232877
chrX	88640001	88650000	B.2.2.1.1.1.1.2.1	0.125	0.123287671232877
chrX	88650001	88660000	B.2.2.1.1.1.1.2.1	0.125	0.123287671232877
chrX	88660001	88670000	B.2.2.1.1.1.1.2.1	0.125	0.123287671232877
chrX	88670001	88680000	B.2.2.1.1.1.1.2.1	0.125	0.123287671232877
chrX	88680001	88690000	B.2.2.1.1.1.1.2.1	0.125	0.123287671232877
chrX	88690001	88700000	B.2.2.1.1.1.1.2.1	0.125	0.123287671232877
chrX	88700001	88710000	B.2.2.1.1.1.1.2.1	0.125	0.123287671232877
chrX	88710001	88720000	B.2.2.1.1.1.1.2.1	0.125	0.123287671232877
chrX	88720001	88730000	B.2.2.1.1.1.1.2.1	0.125	0.123287671232877
chrX	88730001	88740000	B.2.2.1.1.1.1.2.1	0.125	0.123287671232877
chrX	88740001	88750000	B.2.2.1.1.1.1.2.1	0.125	0.123287671232877
chrX	88750001	88760000	B.2.2.1.2.2.1.2	0.125	0.0547945205479452
chrX	88760001	88770000	B.2.2.1.2.2.1.2	0.125	0.0547945205479452
chrX	88770001	88780000	B.2.2.1.2.2.1.2	0.125	0.0547945205479452
chrX	88780001	88790000	B.2.2.1.2.2.1.2	0.125	0.0547945205479452
chrX	88790001	88800000	B.2.2.1.2.2.1.2	0.125	0.0547945205479452
chrX	88800001	88810000	B.2.2.1.2.2.1.2	0.125	0.0547945205479452
chrX	88810001	88820000	B.2.2.1.2.2.1.2	0.125	0.0547945205479452
chrX	88820001	88830000	B.2.2.1.2.2.1.2	0.125	0.0547945205479452
chrX	88830001	88840000	B.2.2.1.2.2.1.2	0.125	0.0547945205479452
chrX	88840001	88850000	B.2.2.1.2.2.1.2	0.125	0.0547945205479452
chrX	88850001	88860000	B.2.2.1.2.2.1.2	0.125	0.0547945205479452
chrX	88860001	88870000	B.2.2.1.2.2.1.2	0.125	0.0547945205479452
chrX	88870001	88880000	B.2.2.1.2.2.1.2	0.125	0.0547945205479452
chrX	88880001	88890000	B.2.2.1.2.2.1.2	0.125	0.0547945205479452
chrX	88890001	88900000	B.2.2.1.2.2.1.2	0.125	0.0547945205479452
chrX	88900001	88910000	B.2.2.1.2.2.1.2	0.125	0.0547945205479452
chrX	88910001	88920000	B.2.2.1.2.2.1.2	0.125	0.0547945205479452
chrX	88920001	88930000	B.2.2.1.2.2.1.2	0.125	0.0547945205479452
chrX	88930001	88940000	B.2.2.1.2.2.1.2	0.125	0.0547945205479452
chrX	88940001	88950000	B.2.2.1.2.2.1.2	0.125	0.0547945205479452
chrX	88950001	88960000	B.2.2.1.2.2.1.2	0.125	0.0547945205479452
chrX	88960001	88970000	B.2.2.1.2.2.1.2	0.125	0.0547945205479452
chrX	88970001	88980000	B.2.2.1.2.2.1.2	0.125	0.0547945205479452
chrX	88980001	88990000	B.2.2.1.2.2.1.2	0.125	0.0547945205479452
chrX	88990001	8.9e+07	B.2.2.1.2.2.1.2	0.125	0.0547945205479452
chrX	89000001	89010000	B.2.2.1.2.2.1.2	0.125	0.0547945205479452
chrX	89010001	89020000	B.2.2.1.2.2.1.2	0.125	0.0547945205479452
chrX	89020001	89030000	B.2.2.1.2.2.1.2	0.125	0.0547945205479452
chrX	89030001	89040000	B.2.2.1.2.2.1.2	0.125	0.0547945205479452
chrX	89040001	89050000	B.2.2.1.2.2.1.2	0.125	0.0547945205479452
chrX	89050001	89060000	B.2.1.2.2.1.1.1.1	0.25	0.253424657534247
chrX	89060001	89070000	B.2.1.2.2.1.1.1.1	0.25	0.253424657534247
chrX	89070001	89080000	B.2.1.2.2.1.1.1.1	0.25	0.253424657534247
chrX	89080001	89090000	B.2.1.2.2.1.1.1.1	0.25	0.253424657534247
chrX	89090001	89100000	B.2.1.2.2.1.1.1.1	0.25	0.253424657534247
chrX	89100001	89110000	B.2.1.2.2.1.1.1.1	0.25	0.253424657534247
chrX	89110001	89120000	B.2.1.2.2.1.1.1.1	0.25	0.253424657534247
chrX	89120001	89130000	B.2.1.2.2.1.1.1.1	0.25	0.253424657534247
chrX	89130001	89140000	B.2.1.2.2.1.1.1.1	0.25	0.253424657534247
chrX	89140001	89150000	B.2.1.2.2.1.1.1.1	0.25	0.253424657534247
chrX	89150001	89160000	B.2.1.2.2.1.1.1.1	0.25	0.253424657534247
chrX	89160001	89170000	B.2.1.2.2.1.1.1.1	0.25	0.253424657534247
chrX	89170001	89180000	B.2.1.2.2.1.1.1.1	0.25	0.253424657534247
chrX	89180001	89190000	B.2.1.2.2.1.1.1.1	0.25	0.253424657534247
chrX	89190001	89200000	B.2.1.2.2.1.1.1.1	0.25	0.253424657534247
chrX	89200001	89210000	B.2.1.2.2.1.1.1.1	0.25	0.253424657534247
chrX	89210001	89220000	B.2.1.2.2.1.1.1.1	0.25	0.253424657534247
chrX	89220001	89230000	B.2.1.2.2.1.1.1.1	0.25	0.253424657534247
chrX	89230001	89240000	B.2.1.2.2.1.1.1.1	0.25	0.253424657534247
chrX	89240001	89250000	B.2.1.2.2.1.1.1.1	0.25	0.253424657534247
chrX	89250001	89260000	B.2.1.2.2.1.1.1.1	0.25	0.253424657534247
chrX	89260001	89270000	B.2.1.2.2.1.1.1.1	0.25	0.253424657534247
chrX	89270001	89280000	B.2.1.2.2.1.1.1.1	0.25	0.253424657534247
chrX	89280001	89290000	B.2.1.2.2.1.1.1.1	0.25	0.253424657534247
chrX	89290001	89300000	B.2.1.2.2.1.1.1.1	0.25	0.253424657534247
chrX	89300001	89310000	B.2.1.2.2.1.1.1.1	0.25	0.253424657534247
chrX	89310001	89320000	B.2.1.2.2.1.1.1.1	0.25	0.253424657534247
chrX	89320001	89330000	B.2.1.2.2.1.1.1.1	0.25	0.253424657534247
chrX	89330001	89340000	B.2.1.2.2.1.1.1.1	0.25	0.253424657534247
chrX	89340001	89350000	B.2.1.2.2.1.1.1.1	0.25	0.253424657534247
chrX	89350001	89360000	B.2.1.2.2.1.1.1.1	0.25	0.253424657534247
chrX	89360001	89370000	B.2.1.2.2.1.1.1.1	0.25	0.253424657534247
chrX	89370001	89380000	B.2.1.2.2.1.1.1.1	0.25	0.253424657534247
chrX	89380001	89390000	B.2.1.2.2.1.1.1.1	0.25	0.253424657534247
chrX	89390001	89400000	B.2.1.2.2.1.1.1.1	0.25	0.253424657534247
chrX	89400001	89410000	B.2.1.2.2.1.1.1.1	0.25	0.253424657534247
chrX	89410001	89420000	B.2.1.2.2.1.1.1.1	0.25	0.253424657534247
chrX	89420001	89430000	B.2.1.2.2.1.1.1.1	0.25	0.253424657534247
chrX	89430001	89440000	B.2.1.2.2.1.1.1.1	0.25	0.253424657534247
chrX	89440001	89450000	B.2.1.2.2.1.1.1.1	0.25	0.253424657534247
chrX	89450001	89460000	B.2.1.2.1.1.2.2	0.25	0.304794520547945
chrX	89460001	89470000	B.2.1.2.1.1.2.2	0.25	0.304794520547945
chrX	89470001	89480000	B.2.1.2.1.1.2.2	0.25	0.304794520547945
chrX	89480001	89490000	B.2.1.2.1.1.2.2	0.25	0.304794520547945
chrX	89490001	89500000	B.2.1.2.1.1.2.2	0.25	0.304794520547945
chrX	89500001	89510000	B.2.1.2.1.1.2.2	0.25	0.304794520547945
chrX	89510001	89520000	B.2.1.2.1.1.2.2	0.25	0.304794520547945
chrX	89520001	89530000	B.2.1.2.1.1.2.2	0.25	0.304794520547945
chrX	89530001	89540000	B.2.1.2.1.1.2.2	0.25	0.304794520547945
chrX	89540001	89550000	B.2.1.2.1.1.2.2	0.25	0.304794520547945
chrX	89550001	89560000	B.2.1.2.1.1.2.2	0.25	0.304794520547945
chrX	89560001	89570000	B.2.1.2.1.1.2.2	0.25	0.304794520547945
chrX	89570001	89580000	B.2.1.2.1.1.2.2	0.25	0.304794520547945
chrX	89580001	89590000	B.2.1.2.1.1.2.2	0.25	0.304794520547945
chrX	89590001	89600000	B.2.1.2.1.1.2.2	0.25	0.304794520547945
chrX	89600001	89610000	B.2.1.2.1.1.2.2	0.25	0.304794520547945
chrX	89610001	89620000	B.2.1.2.1.1.2.2	0.25	0.304794520547945
chrX	89620001	89630000	B.2.1.2.1.1.2.2	0.25	0.304794520547945
chrX	89630001	89640000	B.2.1.2.1.1.2.2	0.25	0.304794520547945
chrX	89640001	89650000	B.2.1.2.1.1.2.2	0.25	0.304794520547945
chrX	89650001	89660000	B.2.1.2.1.1.2.2	0.25	0.304794520547945
chrX	89660001	89670000	B.2.1.2.1.1.2.2	0.25	0.304794520547945
chrX	89670001	89680000	B.2.1.2.1.1.2.2	0.25	0.304794520547945
chrX	89680001	89690000	B.2.1.2.1.1.2.2	0.25	0.304794520547945
chrX	89690001	89700000	B.2.1.2.1.1.2.2	0.25	0.304794520547945
chrX	89700001	89710000	B.2.1.2.1.1.2.2	0.25	0.304794520547945
chrX	89710001	89720000	B.2.1.2.1.1.2.2	0.25	0.304794520547945
chrX	89720001	89730000	B.2.1.2.1.1.2.2	0.25	0.304794520547945
chrX	89730001	89740000	B.2.1.2.1.1.2.2	0.25	0.304794520547945
chrX	89740001	89750000	B.2.1.2.1.1.2.2	0.25	0.304794520547945
chrX	89750001	89760000	B.2.1.2.1.1.2.2	0.25	0.304794520547945
chrX	89760001	89770000	B.2.1.2.1.1.2.2	0.25	0.304794520547945
chrX	89770001	89780000	B.2.1.2.1.1.2.2	0.25	0.304794520547945
chrX	89780001	89790000	B.2.1.2.1.1.2.2	0.25	0.304794520547945
chrX	89790001	89800000	B.2.1.2.1.1.2.2	0.25	0.304794520547945
chrX	89800001	89810000	B.2.1.2.1.1.2.2	0.25	0.304794520547945
chrX	89810001	89820000	B.2.1.2.1.1.2.2	0.25	0.304794520547945
chrX	89820001	89830000	B.2.1.2.1.1.2.2	0.25	0.304794520547945
chrX	89830001	89840000	B.2.1.2.1.1.2.2	0.25	0.304794520547945
chrX	89840001	89850000	B.2.1.2.1.1.2.2	0.25	0.304794520547945
chrX	89850001	89860000	B.2.1.2.1.1.2.2	0.25	0.304794520547945
chrX	89860001	89870000	B.2.1.2.1.1.2.2	0.25	0.304794520547945
chrX	89870001	89880000	B.2.1.2.1.1.2.2	0.25	0.304794520547945
chrX	89880001	89890000	B.2.1.2.1.1.2.2	0.25	0.304794520547945
chrX	89890001	89900000	B.2.1.2.1.1.2.2	0.25	0.304794520547945
chrX	89900001	89910000	B.2.1.2.1.1.2.2	0.25	0.304794520547945
chrX	89910001	89920000	B.2.1.2.1.1.2.2	0.25	0.304794520547945
chrX	89920001	89930000	B.2.1.2.1.1.2.2	0.25	0.304794520547945
chrX	89930001	89940000	B.2.1.2.1.1.2.2	0.25	0.304794520547945
chrX	89940001	89950000	B.2.1.2.1.1.2.2	0.25	0.304794520547945
chrX	89950001	89960000	B.2.1.2.1.1.2.2	0.25	0.304794520547945
chrX	89960001	89970000	B.2.1.2.1.1.2.2	0.25	0.304794520547945
chrX	89970001	89980000	B.2.1.2.1.1.2.2	0.25	0.304794520547945
chrX	89980001	89990000	B.2.1.2.1.1.2.2	0.25	0.304794520547945
chrX	89990001	9e+07	B.2.1.2.1.1.2.2	0.25	0.304794520547945
chrX	90000001	90010000	B.2.2.1.1.1.2	0.125	0.116438356164384
chrX	90010001	90020000	B.2.2.1.1.1.2	0.125	0.116438356164384
chrX	90020001	90030000	B.2.2.1.1.1.2	0.125	0.116438356164384
chrX	90030001	90040000	B.2.2.1.1.1.2	0.125	0.116438356164384
chrX	90040001	90050000	B.2.2.1.1.1.2	0.125	0.116438356164384
chrX	90050001	90060000	B.2.2.1.1.1.2	0.125	0.116438356164384
chrX	90060001	90070000	B.2.2.1.1.1.2	0.125	0.116438356164384
chrX	90070001	90080000	B.2.2.1.1.1.2	0.125	0.116438356164384
chrX	90080001	90090000	B.2.2.1.1.1.2	0.125	0.116438356164384
chrX	90090001	90100000	B.2.2.1.1.1.2	0.125	0.116438356164384
chrX	90100001	90110000	B.2.2.1.1.1.2	0.125	0.116438356164384
chrX	90110001	90120000	B.2.2.1.1.1.2	0.125	0.116438356164384
chrX	90120001	90130000	B.2.2.1.1.1.2	0.125	0.116438356164384
chrX	90130001	90140000	B.2.2.1.1.1.2	0.125	0.116438356164384
chrX	90140001	90150000	B.2.2.1.1.1.2	0.125	0.116438356164384
chrX	90150001	90160000	B.2.2.1.1.1.2	0.125	0.116438356164384
chrX	90160001	90170000	B.2.2.1.1.1.2	0.125	0.116438356164384
chrX	90170001	90180000	B.2.2.1.1.1.2	0.125	0.116438356164384
chrX	90180001	90190000	B.2.2.1.1.1.2	0.125	0.116438356164384
chrX	90190001	90200000	B.2.2.1.1.1.2	0.125	0.116438356164384
chrX	90200001	90210000	B.2.2.1.1.1.2	0.125	0.116438356164384
chrX	90210001	90220000	B.2.2.1.1.1.2	0.125	0.116438356164384
chrX	90220001	90230000	B.2.2.1.1.1.2	0.125	0.116438356164384
chrX	90230001	90240000	B.2.2.1.1.1.2	0.125	0.116438356164384
chrX	90240001	90250000	B.2.2.1.1.1.2	0.125	0.116438356164384
chrX	90250001	90260000	B.2.2.1.1.1.2	0.125	0.116438356164384
chrX	90260001	90270000	B.2.2.1.1.1.2	0.125	0.116438356164384
chrX	90270001	90280000	B.2.2.1.1.1.2	0.125	0.116438356164384
chrX	90280001	90290000	B.2.2.1.1.1.2	0.125	0.116438356164384
chrX	90290001	90300000	B.2.2.1.1.1.2	0.125	0.116438356164384
chrX	90300001	90310000	B.2.2.1.1.1.2	0.125	0.116438356164384
chrX	90310001	90320000	B.2.2.1.1.1.2	0.125	0.116438356164384
chrX	90320001	90330000	B.2.2.1.1.1.2	0.125	0.116438356164384
chrX	90330001	90340000	B.2.2.1.1.1.2	0.125	0.116438356164384
chrX	90340001	90350000	B.2.2.1.1.1.2	0.125	0.116438356164384
chrX	90350001	90360000	B.2.1.2.1.1.1.1.1.1.1	0.25	0.325342465753425
chrX	90360001	90370000	B.2.1.2.1.1.1.1.1.1.1	0.25	0.325342465753425
chrX	90370001	90380000	B.2.1.2.1.1.1.1.1.1.1	0.25	0.325342465753425
chrX	90380001	90390000	B.2.1.2.1.1.1.1.1.1.1	0.25	0.325342465753425
chrX	90390001	90400000	B.2.1.2.1.1.1.1.1.1.1	0.25	0.325342465753425
chrX	90400001	90410000	B.2.1.2.1.1.1.1.1.1.1	0.25	0.325342465753425
chrX	90410001	90420000	B.2.1.2.1.1.1.1.1.1.1	0.25	0.325342465753425
chrX	90420001	90430000	B.2.1.2.1.1.1.1.1.1.1	0.25	0.325342465753425
chrX	90430001	90440000	B.2.1.2.1.1.1.1.1.1.1	0.25	0.325342465753425
chrX	90440001	90450000	B.2.1.2.1.1.1.1.1.1.1	0.25	0.325342465753425
chrX	90450001	90460000	B.2.1.2.1.1.1.1.1.1.1	0.25	0.325342465753425
chrX	90460001	90470000	B.2.1.2.1.1.1.1.1.1.1	0.25	0.325342465753425
chrX	90470001	90480000	B.2.1.2.1.1.1.1.1.1.1	0.25	0.325342465753425
chrX	90480001	90490000	B.2.1.2.1.1.1.1.1.1.1	0.25	0.325342465753425
chrX	90490001	90500000	B.2.1.2.1.1.1.1.1.1.1	0.25	0.325342465753425
chrX	90500001	90510000	B.2.1.2.1.1.1.1.1.1.1	0.25	0.325342465753425
chrX	90510001	90520000	B.2.1.2.1.1.1.1.1.1.1	0.25	0.325342465753425
chrX	90520001	90530000	B.2.1.2.1.1.1.1.1.1.1	0.25	0.325342465753425
chrX	90530001	90540000	B.2.1.2.1.1.1.1.1.1.1	0.25	0.325342465753425
chrX	90540001	90550000	B.2.1.2.1.1.1.1.1.1.1	0.25	0.325342465753425
chrX	90550001	90560000	B.2.1.2.1.1.1.1.1.1.1	0.25	0.325342465753425
chrX	90560001	90570000	B.2.1.2.1.1.1.1.1.1.1	0.25	0.325342465753425
chrX	90570001	90580000	B.2.1.2.1.1.1.1.1.1.1	0.25	0.325342465753425
chrX	90580001	90590000	B.2.1.2.1.1.1.1.1.1.1	0.25	0.325342465753425
chrX	90590001	90600000	B.2.1.2.1.1.1.1.1.1.1	0.25	0.325342465753425
chrX	90600001	90610000	B.2.1.2.1.1.1.1.1.1.1	0.25	0.325342465753425
chrX	90610001	90620000	B.2.1.2.1.1.1.1.1.1.1	0.25	0.325342465753425
chrX	90620001	90630000	B.2.1.2.1.1.1.1.1.1.1	0.25	0.325342465753425
chrX	90630001	90640000	B.2.1.2.1.1.1.1.1.1.1	0.25	0.325342465753425
chrX	90640001	90650000	B.2.1.2.1.1.1.1.1.1.1	0.25	0.325342465753425
chrX	90650001	90660000	B.2.1.2.1.1.1.1.1.1.1	0.25	0.325342465753425
chrX	90660001	90670000	B.2.1.2.1.1.1.1.1.1.1	0.25	0.325342465753425
chrX	90670001	90680000	B.2.1.2.1.1.1.1.1.1.1	0.25	0.325342465753425
chrX	90680001	90690000	B.2.1.2.1.1.1.1.1.1.1	0.25	0.325342465753425
chrX	90690001	90700000	B.2.1.2.1.1.1.1.1.1.1	0.25	0.325342465753425
chrX	90700001	90710000	B.2.1.2.1.1.1.1.1.1.1	0.25	0.325342465753425
chrX	90710001	90720000	B.2.1.2.1.1.1.1.1.1.1	0.25	0.325342465753425
chrX	90720001	90730000	B.2.1.2.1.1.1.1.1.1.1	0.25	0.325342465753425
chrX	90730001	90740000	B.2.1.2.1.1.1.1.1.1.1	0.25	0.325342465753425
chrX	90740001	90750000	B.2.1.2.1.1.1.1.1.1.1	0.25	0.325342465753425
chrX	90750001	90760000	B.2.1.2.1.2.2.1.1.1	0.25	0.287671232876712
chrX	90760001	90770000	B.2.1.2.1.2.2.1.1.1	0.25	0.287671232876712
chrX	90770001	90780000	B.2.1.2.1.2.2.1.1.1	0.25	0.287671232876712
chrX	90780001	90790000	B.2.1.2.1.2.2.1.1.1	0.25	0.287671232876712
chrX	90790001	90800000	B.2.1.2.1.2.2.1.1.1	0.25	0.287671232876712
chrX	90800001	90810000	B.2.1.2.1.2.2.1.1.1	0.25	0.287671232876712
chrX	90810001	90820000	B.2.1.2.1.2.2.1.1.1	0.25	0.287671232876712
chrX	90820001	90830000	B.2.1.2.1.2.2.1.1.1	0.25	0.287671232876712
chrX	90830001	90840000	B.2.1.2.1.2.2.1.1.1	0.25	0.287671232876712
chrX	90840001	90850000	B.2.1.2.1.2.2.1.1.1	0.25	0.287671232876712
chrX	90850001	90860000	B.2.1.2.1.2.2.1.1.1	0.25	0.287671232876712
chrX	90860001	90870000	B.2.1.2.1.2.2.1.1.1	0.25	0.287671232876712
chrX	90870001	90880000	B.2.1.2.1.2.2.1.1.1	0.25	0.287671232876712
chrX	90880001	90890000	B.2.1.2.1.2.2.1.1.1	0.25	0.287671232876712
chrX	90890001	90900000	B.2.1.2.1.2.2.1.1.1	0.25	0.287671232876712
chrX	90900001	90910000	B.2.1.2.1.2.2.1.1.1	0.25	0.287671232876712
chrX	90910001	90920000	B.2.1.2.1.2.2.1.1.1	0.25	0.287671232876712
chrX	90920001	90930000	B.2.1.2.1.2.2.1.1.1	0.25	0.287671232876712
chrX	90930001	90940000	B.2.1.2.1.2.2.1.1.1	0.25	0.287671232876712
chrX	90940001	90950000	B.2.1.2.1.2.2.1.1.1	0.25	0.287671232876712
chrX	90950001	90960000	B.2.1.2.1.2.2.1.1.1	0.25	0.287671232876712
chrX	90960001	90970000	B.2.1.2.1.2.2.1.1.1	0.25	0.287671232876712
chrX	90970001	90980000	B.2.1.2.1.2.2.1.1.1	0.25	0.287671232876712
chrX	90980001	90990000	B.2.1.2.1.2.2.1.1.1	0.25	0.287671232876712
chrX	90990001	9.1e+07	B.2.1.2.1.2.2.1.1.1	0.25	0.287671232876712
chrX	91000001	91010000	B.2.1.2.1.2.2.1.1.1	0.25	0.287671232876712
chrX	91010001	91020000	B.2.1.2.1.2.2.1.1.1	0.25	0.287671232876712
chrX	91020001	91030000	B.2.1.2.1.2.2.1.1.1	0.25	0.287671232876712
chrX	91030001	91040000	B.2.1.2.1.2.2.1.1.1	0.25	0.287671232876712
chrX	91040001	91050000	B.2.1.2.1.2.2.1.1.1	0.25	0.287671232876712
chrX	91050001	91060000	B.2.1.2.1.2.2.1.1.1	0.25	0.287671232876712
chrX	91060001	91070000	B.2.1.2.1.2.2.1.1.1	0.25	0.287671232876712
chrX	91070001	91080000	B.2.1.2.1.2.2.1.1.1	0.25	0.287671232876712
chrX	91080001	91090000	B.2.1.2.1.2.2.1.1.1	0.25	0.287671232876712
chrX	91090001	91100000	B.2.1.2.1.2.2.1.1.1	0.25	0.287671232876712
chrX	91100001	91110000	B.2.1.2.1.2.2.1.1.1	0.25	0.287671232876712
chrX	91110001	91120000	B.2.1.2.1.2.2.1.1.1	0.25	0.287671232876712
chrX	91120001	91130000	B.2.1.2.1.2.2.1.1.1	0.25	0.287671232876712
chrX	91130001	91140000	B.2.1.2.1.2.2.1.1.1	0.25	0.287671232876712
chrX	91140001	91150000	B.2.1.2.1.2.2.1.1.1	0.25	0.287671232876712
chrX	91150001	91160000	B.2.1.2.1.2.2.1.1.1	0.25	0.287671232876712
chrX	91160001	91170000	B.2.1.2.1.2.2.1.1.1	0.25	0.287671232876712
chrX	91170001	91180000	B.2.1.2.1.2.2.1.1.1	0.25	0.287671232876712
chrX	91180001	91190000	B.2.1.2.1.2.2.1.1.1	0.25	0.287671232876712
chrX	91190001	91200000	B.2.1.2.1.2.2.1.1.1	0.25	0.287671232876712
chrX	91200001	91210000	B.2.1.2.1.2.2.1.1.1	0.25	0.287671232876712
chrX	91210001	91220000	B.2.1.2.1.2.2.1.1.1	0.25	0.287671232876712
chrX	91220001	91230000	B.2.1.2.1.2.2.1.1.1	0.25	0.287671232876712
chrX	91230001	91240000	B.2.1.2.1.2.2.1.1.1	0.25	0.287671232876712
chrX	91240001	91250000	B.2.1.2.1.2.2.1.1.1	0.25	0.287671232876712
chrX	91250001	91260000	B.2.1.2.1.2.2.1.1.1	0.25	0.287671232876712
chrX	91260001	91270000	B.2.1.2.1.2.2.1.1.1	0.25	0.287671232876712
chrX	91270001	91280000	B.2.1.2.1.2.2.1.1.1	0.25	0.287671232876712
chrX	91280001	91290000	B.2.1.2.1.2.2.1.1.1	0.25	0.287671232876712
chrX	91290001	91300000	B.2.1.2.1.2.2.1.1.1	0.25	0.287671232876712
chrX	91300001	91310000	B.2.1.2.2.1.1.1.2.1	0.25	0.25
chrX	91310001	91320000	B.2.1.2.2.1.1.1.2.1	0.25	0.25
chrX	91320001	91330000	B.2.1.2.2.1.1.1.2.1	0.25	0.25
chrX	91330001	91340000	B.2.1.2.2.1.1.1.2.1	0.25	0.25
chrX	91340001	91350000	B.2.1.2.2.1.1.1.2.1	0.25	0.25
chrX	91350001	91360000	B.2.1.2.2.1.1.1.2.1	0.25	0.25
chrX	91360001	91370000	B.2.1.2.2.1.1.1.2.1	0.25	0.25
chrX	91370001	91380000	B.2.1.2.2.1.1.1.2.1	0.25	0.25
chrX	91380001	91390000	B.2.1.2.2.1.1.1.2.1	0.25	0.25
chrX	91390001	91400000	B.2.1.2.2.1.1.1.2.1	0.25	0.25
chrX	91400001	91410000	B.2.1.2.2.1.1.1.2.1	0.25	0.25
chrX	91410001	91420000	B.2.1.2.2.1.1.1.2.1	0.25	0.25
chrX	91420001	91430000	B.2.1.2.2.1.1.1.2.1	0.25	0.25
chrX	91430001	91440000	B.2.1.2.2.1.1.1.2.1	0.25	0.25
chrX	91440001	91450000	B.2.1.2.2.1.1.1.2.1	0.25	0.25
chrX	91450001	91460000	B.2.1.2.2.1.1.1.2.1	0.25	0.25
chrX	91460001	91470000	B.2.1.2.2.1.1.1.2.1	0.25	0.25
chrX	91470001	91480000	B.2.1.2.2.1.1.1.2.1	0.25	0.25
chrX	91480001	91490000	B.2.1.2.2.1.1.1.2.1	0.25	0.25
chrX	91490001	91500000	B.2.1.2.2.1.1.1.2.1	0.25	0.25
chrX	91500001	91510000	B.2.1.2.2.1.1.1.2.1	0.25	0.25
chrX	91510001	91520000	B.2.1.2.2.1.1.1.2.1	0.25	0.25
chrX	91520001	91530000	B.2.1.2.2.1.1.1.2.1	0.25	0.25
chrX	91530001	91540000	B.2.1.2.2.1.1.1.2.1	0.25	0.25
chrX	91540001	91550000	B.2.1.2.2.1.1.1.2.1	0.25	0.25
chrX	91550001	91560000	B.1.2.2.2.1.1.1	0.375	0.414383561643836
chrX	91560001	91570000	B.1.2.2.2.1.1.1	0.375	0.414383561643836
chrX	91570001	91580000	B.1.2.2.2.1.1.1	0.375	0.414383561643836
chrX	91580001	91590000	B.1.2.2.2.1.1.1	0.375	0.414383561643836
chrX	91590001	91600000	B.1.2.2.2.1.1.1	0.375	0.414383561643836
chrX	91600001	91610000	B.1.2.2.2.1.1.1	0.375	0.414383561643836
chrX	91610001	91620000	B.1.2.2.2.1.1.1	0.375	0.414383561643836
chrX	91620001	91630000	B.1.2.2.2.1.1.1	0.375	0.414383561643836
chrX	91630001	91640000	B.1.2.2.2.1.1.1	0.375	0.414383561643836
chrX	91640001	91650000	B.1.2.2.2.1.1.1	0.375	0.414383561643836
chrX	91650001	91660000	B.1.2.2.2.1.1.1	0.375	0.414383561643836
chrX	91660001	91670000	B.1.2.2.2.1.1.1	0.375	0.414383561643836
chrX	91670001	91680000	B.1.2.2.2.1.1.1	0.375	0.414383561643836
chrX	91680001	91690000	B.1.2.2.2.1.1.1	0.375	0.414383561643836
chrX	91690001	91700000	B.1.2.2.2.1.1.1	0.375	0.414383561643836
chrX	91700001	91710000	B.1.2.2.2.1.1.1	0.375	0.414383561643836
chrX	91710001	91720000	B.1.2.2.2.1.1.1	0.375	0.414383561643836
chrX	91720001	91730000	B.1.2.2.2.1.1.1	0.375	0.414383561643836
chrX	91730001	91740000	B.1.2.2.2.1.1.1	0.375	0.414383561643836
chrX	91740001	91750000	B.1.2.2.2.1.1.1	0.375	0.414383561643836
chrX	91750001	91760000	B.1.2.2.2.1.1.1	0.375	0.414383561643836
chrX	91760001	91770000	B.1.2.2.2.1.1.1	0.375	0.414383561643836
chrX	91770001	91780000	B.1.2.2.2.1.1.1	0.375	0.414383561643836
chrX	91780001	91790000	B.1.2.2.2.1.1.1	0.375	0.414383561643836
chrX	91790001	91800000	B.1.2.2.2.1.1.1	0.375	0.414383561643836
chrX	91800001	91810000	B.1.2.2.2.1.1.1	0.375	0.414383561643836
chrX	91810001	91820000	B.1.2.2.2.1.1.1	0.375	0.414383561643836
chrX	91820001	91830000	B.1.2.2.2.1.1.1	0.375	0.414383561643836
chrX	91830001	91840000	B.1.2.2.2.1.1.1	0.375	0.414383561643836
chrX	91840001	91850000	B.1.2.2.2.1.1.1	0.375	0.414383561643836
chrX	91850001	91860000	B.1.2.2.2.1.1.1	0.375	0.414383561643836
chrX	91860001	91870000	B.1.2.2.2.1.1.1	0.375	0.414383561643836
chrX	91870001	91880000	B.1.2.2.2.1.1.1	0.375	0.414383561643836
chrX	91880001	91890000	B.1.2.2.2.1.1.1	0.375	0.414383561643836
chrX	91890001	91900000	B.1.2.2.2.1.1.1	0.375	0.414383561643836
chrX	91900001	91910000	B.1.2.1.2.1.1.2.1	0.375	0.493150684931507
chrX	91910001	91920000	B.1.2.1.2.1.1.2.1	0.375	0.493150684931507
chrX	91920001	91930000	B.1.2.1.2.1.1.2.1	0.375	0.493150684931507
chrX	91930001	91940000	B.1.2.1.2.1.1.2.1	0.375	0.493150684931507
chrX	91940001	91950000	B.1.2.1.2.1.1.2.1	0.375	0.493150684931507
chrX	91950001	91960000	B.1.2.1.2.1.1.2.1	0.375	0.493150684931507
chrX	91960001	91970000	B.1.2.1.2.1.1.2.1	0.375	0.493150684931507
chrX	91970001	91980000	B.1.2.1.2.1.1.2.1	0.375	0.493150684931507
chrX	91980001	91990000	B.1.2.1.2.1.1.2.1	0.375	0.493150684931507
chrX	91990001	9.2e+07	B.1.2.1.2.1.1.2.1	0.375	0.493150684931507
chrX	92000001	92010000	B.1.2.1.2.1.1.2.1	0.375	0.493150684931507
chrX	92010001	92020000	B.1.2.1.2.1.1.2.1	0.375	0.493150684931507
chrX	92020001	92030000	B.1.2.1.2.1.1.2.1	0.375	0.493150684931507
chrX	92030001	92040000	B.1.2.1.2.1.1.2.1	0.375	0.493150684931507
chrX	92040001	92050000	B.1.2.1.2.1.1.2.1	0.375	0.493150684931507
chrX	92050001	92060000	B.1.2.1.2.1.1.2.1	0.375	0.493150684931507
chrX	92060001	92070000	B.1.2.1.2.1.1.2.1	0.375	0.493150684931507
chrX	92070001	92080000	B.1.2.1.2.1.1.2.1	0.375	0.493150684931507
chrX	92080001	92090000	B.1.2.1.2.1.1.2.1	0.375	0.493150684931507
chrX	92090001	92100000	B.1.2.1.2.1.1.2.1	0.375	0.493150684931507
chrX	92100001	92110000	B.1.2.1.2.1.1.2.1	0.375	0.493150684931507
chrX	92110001	92120000	B.1.2.1.2.1.1.2.1	0.375	0.493150684931507
chrX	92120001	92130000	B.1.2.1.2.1.1.2.1	0.375	0.493150684931507
chrX	92130001	92140000	B.1.2.1.2.1.1.2.1	0.375	0.493150684931507
chrX	92140001	92150000	B.1.2.1.2.1.1.2.1	0.375	0.493150684931507
chrX	92150001	92160000	B.1.2.1.2.1.1.2.1	0.375	0.493150684931507
chrX	92160001	92170000	B.1.2.1.2.1.1.2.1	0.375	0.493150684931507
chrX	92170001	92180000	B.1.2.1.2.1.1.2.1	0.375	0.493150684931507
chrX	92180001	92190000	B.1.2.1.2.1.1.2.1	0.375	0.493150684931507
chrX	92190001	92200000	B.1.2.1.2.1.1.2.1	0.375	0.493150684931507
chrX	92200001	92210000	B.1.2.1.2.1.1.2.1	0.375	0.493150684931507
chrX	92210001	92220000	B.1.2.1.2.1.1.2.1	0.375	0.493150684931507
chrX	92220001	92230000	B.1.2.1.2.1.1.2.1	0.375	0.493150684931507
chrX	92230001	92240000	B.1.2.1.2.1.1.2.1	0.375	0.493150684931507
chrX	92240001	92250000	B.1.2.1.2.1.1.2.1	0.375	0.493150684931507
chrX	92250001	92260000	B.1.2.1.2.2.2.1.2.1.2	0.375	0.445205479452055
chrX	92260001	92270000	B.1.2.1.2.2.2.1.2.1.2	0.375	0.445205479452055
chrX	92270001	92280000	B.1.2.1.2.2.2.1.2.1.2	0.375	0.445205479452055
chrX	92280001	92290000	B.1.2.1.2.2.2.1.2.1.2	0.375	0.445205479452055
chrX	92290001	92300000	B.1.2.1.2.2.2.1.2.1.2	0.375	0.445205479452055
chrX	92300001	92310000	B.1.2.1.2.2.2.1.2.1.2	0.375	0.445205479452055
chrX	92310001	92320000	B.1.2.1.2.2.2.1.2.1.2	0.375	0.445205479452055
chrX	92320001	92330000	B.1.2.1.2.2.2.1.2.1.2	0.375	0.445205479452055
chrX	92330001	92340000	B.1.2.1.2.2.2.1.2.1.2	0.375	0.445205479452055
chrX	92340001	92350000	B.1.2.1.2.2.2.1.2.1.2	0.375	0.445205479452055
chrX	92350001	92360000	B.1.2.1.2.2.2.1.2.1.2	0.375	0.445205479452055
chrX	92360001	92370000	B.1.2.1.2.2.2.1.2.1.2	0.375	0.445205479452055
chrX	92370001	92380000	B.1.2.1.2.2.2.1.2.1.2	0.375	0.445205479452055
chrX	92380001	92390000	B.1.2.1.2.2.2.1.2.1.2	0.375	0.445205479452055
chrX	92390001	92400000	B.1.2.1.2.2.2.1.2.1.2	0.375	0.445205479452055
chrX	92400001	92410000	B.1.1.1.2.1.1.2	0.5	0.643835616438356
chrX	92410001	92420000	B.1.1.1.2.1.1.2	0.5	0.643835616438356
chrX	92420001	92430000	B.1.1.1.2.1.1.2	0.5	0.643835616438356
chrX	92430001	92440000	B.1.1.1.2.1.1.2	0.5	0.643835616438356
chrX	92440001	92450000	B.1.1.1.2.1.1.2	0.5	0.643835616438356
chrX	92450001	92460000	B.1.1.1.2.1.1.2	0.5	0.643835616438356
chrX	92460001	92470000	B.1.1.1.2.1.1.2	0.5	0.643835616438356
chrX	92470001	92480000	B.1.1.1.2.1.1.2	0.5	0.643835616438356
chrX	92480001	92490000	B.1.1.1.2.1.1.2	0.5	0.643835616438356
chrX	92490001	92500000	B.1.1.1.2.1.1.2	0.5	0.643835616438356
chrX	92500001	92510000	B.1.2.1.2.2.2.1.1	0.375	0.452054794520548
chrX	92510001	92520000	B.1.2.1.2.2.2.1.1	0.375	0.452054794520548
chrX	92520001	92530000	B.1.2.1.2.2.2.1.1	0.375	0.452054794520548
chrX	92530001	92540000	B.1.2.1.2.2.2.1.1	0.375	0.452054794520548
chrX	92540001	92550000	B.1.2.1.2.2.2.1.1	0.375	0.452054794520548
chrX	92550001	92560000	B.1.2.1.2.2.2.1.1	0.375	0.452054794520548
chrX	92560001	92570000	B.1.2.1.2.2.2.1.1	0.375	0.452054794520548
chrX	92570001	92580000	B.1.2.1.2.2.2.1.1	0.375	0.452054794520548
chrX	92580001	92590000	B.1.2.1.2.2.2.1.1	0.375	0.452054794520548
chrX	92590001	92600000	B.1.2.1.2.2.2.1.1	0.375	0.452054794520548
chrX	92600001	92610000	B.1.1.1.2.2.2.1.2.1	0.5	0.595890410958904
chrX	92610001	92620000	B.1.1.1.2.2.2.1.2.1	0.5	0.595890410958904
chrX	92620001	92630000	B.1.1.1.2.2.2.1.2.1	0.5	0.595890410958904
chrX	92630001	92640000	B.1.1.1.2.2.2.1.2.1	0.5	0.595890410958904
chrX	92640001	92650000	B.1.1.1.2.2.2.1.2.1	0.5	0.595890410958904
chrX	92650001	92660000	B.1.1.1.2.2.2.1.2.1	0.5	0.595890410958904
chrX	92660001	92670000	B.1.1.1.2.2.2.1.2.1	0.5	0.595890410958904
chrX	92670001	92680000	B.1.1.1.2.2.2.1.2.1	0.5	0.595890410958904
chrX	92680001	92690000	B.1.1.1.2.2.2.1.2.1	0.5	0.595890410958904
chrX	92690001	92700000	B.1.1.1.2.2.2.1.2.1	0.5	0.595890410958904
chrX	92700001	92710000	B.1.1.1.2.2.2.1.2.1	0.5	0.595890410958904
chrX	92710001	92720000	B.1.1.1.2.2.2.1.2.1	0.5	0.595890410958904
chrX	92720001	92730000	B.1.1.1.2.2.2.1.2.1	0.5	0.595890410958904
chrX	92730001	92740000	B.1.1.1.2.2.2.1.2.1	0.5	0.595890410958904
chrX	92740001	92750000	B.1.1.1.2.2.2.1.2.1	0.5	0.595890410958904
chrX	92750001	92760000	B.1.1.1.2.2.2.1.2.1	0.5	0.595890410958904
chrX	92760001	92770000	B.1.1.1.2.2.2.1.2.1	0.5	0.595890410958904
chrX	92770001	92780000	B.1.1.1.2.2.2.1.2.1	0.5	0.595890410958904
chrX	92780001	92790000	B.1.1.1.2.2.2.1.2.1	0.5	0.595890410958904
chrX	92790001	92800000	B.1.1.1.2.2.2.1.2.1	0.5	0.595890410958904
chrX	92800001	92810000	B.1.1.1.2.2.2.1.2.1	0.5	0.595890410958904
chrX	92810001	92820000	B.1.1.1.2.2.2.1.2.1	0.5	0.595890410958904
chrX	92820001	92830000	B.1.1.1.2.2.2.1.2.1	0.5	0.595890410958904
chrX	92830001	92840000	B.1.1.1.2.2.2.1.2.1	0.5	0.595890410958904
chrX	92840001	92850000	B.1.1.1.2.2.2.1.2.1	0.5	0.595890410958904
chrX	92850001	92860000	B.2.1.2.2.2.1.2.1.1.2	0.25	0.181506849315068
chrX	92860001	92870000	B.2.1.2.2.2.1.2.1.1.2	0.25	0.181506849315068
chrX	92870001	92880000	B.2.1.2.2.2.1.2.1.1.2	0.25	0.181506849315068
chrX	92880001	92890000	B.2.1.2.2.2.1.2.1.1.2	0.25	0.181506849315068
chrX	92890001	92900000	B.2.1.2.2.2.1.2.1.1.2	0.25	0.181506849315068
chrX	92900001	92910000	B.2.1.2.2.2.1.2.1.1.2	0.25	0.181506849315068
chrX	92910001	92920000	B.2.1.2.2.2.1.2.1.1.2	0.25	0.181506849315068
chrX	92920001	92930000	B.2.1.2.2.2.1.2.1.1.2	0.25	0.181506849315068
chrX	92930001	92940000	B.2.1.2.2.2.1.2.1.1.2	0.25	0.181506849315068
chrX	92940001	92950000	B.2.1.2.2.2.1.2.1.1.2	0.25	0.181506849315068
chrX	92950001	92960000	B.2.1.2.2.2.1.2.1.1.2	0.25	0.181506849315068
chrX	92960001	92970000	B.2.1.2.2.2.1.2.1.1.2	0.25	0.181506849315068
chrX	92970001	92980000	B.2.1.2.2.2.1.2.1.1.2	0.25	0.181506849315068
chrX	92980001	92990000	B.2.1.2.2.2.1.2.1.1.2	0.25	0.181506849315068
chrX	92990001	9.3e+07	B.2.1.2.2.2.1.2.1.1.2	0.25	0.181506849315068
chrX	93000001	93010000	B.2.1.2.2.2.1.2.1.1.2	0.25	0.181506849315068
chrX	93010001	93020000	B.2.1.2.2.2.1.2.1.1.2	0.25	0.181506849315068
chrX	93020001	93030000	B.2.1.2.2.2.1.2.1.1.2	0.25	0.181506849315068
chrX	93030001	93040000	B.2.1.2.2.2.1.2.1.1.2	0.25	0.181506849315068
chrX	93040001	93050000	B.2.1.2.2.2.1.2.1.1.2	0.25	0.181506849315068
chrX	93050001	93060000	B.2.1.2.1.2.2.1.1.2	0.25	0.284246575342466
chrX	93060001	93070000	B.2.1.2.1.2.2.1.1.2	0.25	0.284246575342466
chrX	93070001	93080000	B.2.1.2.1.2.2.1.1.2	0.25	0.284246575342466
chrX	93080001	93090000	B.2.1.2.1.2.2.1.1.2	0.25	0.284246575342466
chrX	93090001	93100000	B.2.1.2.1.2.2.1.1.2	0.25	0.284246575342466
chrX	93100001	93110000	B.2.1.2.1.2.2.1.1.2	0.25	0.284246575342466
chrX	93110001	93120000	B.2.1.2.1.2.2.1.1.2	0.25	0.284246575342466
chrX	93120001	93130000	B.2.1.2.1.2.2.1.1.2	0.25	0.284246575342466
chrX	93130001	93140000	B.2.1.2.1.2.2.1.1.2	0.25	0.284246575342466
chrX	93140001	93150000	B.2.1.2.1.2.2.1.1.2	0.25	0.284246575342466
chrX	93150001	93160000	B.2.1.2.1.2.2.1.1.2	0.25	0.284246575342466
chrX	93160001	93170000	B.2.1.2.1.2.2.1.1.2	0.25	0.284246575342466
chrX	93170001	93180000	B.2.1.2.1.2.2.1.1.2	0.25	0.284246575342466
chrX	93180001	93190000	B.2.1.2.1.2.2.1.1.2	0.25	0.284246575342466
chrX	93190001	93200000	B.2.1.2.1.2.2.1.1.2	0.25	0.284246575342466
chrX	93200001	93210000	B.1.2.1.2.1.2.1.2	0.375	0.482876712328767
chrX	93210001	93220000	B.1.2.1.2.1.2.1.2	0.375	0.482876712328767
chrX	93220001	93230000	B.1.2.1.2.1.2.1.2	0.375	0.482876712328767
chrX	93230001	93240000	B.1.2.1.2.1.2.1.2	0.375	0.482876712328767
chrX	93240001	93250000	B.1.2.1.2.1.2.1.2	0.375	0.482876712328767
chrX	93250001	93260000	B.1.2.1.2.1.2.1.2	0.375	0.482876712328767
chrX	93260001	93270000	B.1.2.1.2.1.2.1.2	0.375	0.482876712328767
chrX	93270001	93280000	B.1.2.1.2.1.2.1.2	0.375	0.482876712328767
chrX	93280001	93290000	B.1.2.1.2.1.2.1.2	0.375	0.482876712328767
chrX	93290001	93300000	B.1.2.1.2.1.2.1.2	0.375	0.482876712328767
chrX	93300001	93310000	B.1.1.1.2.1.2.2.1.2	0.5	0.63013698630137
chrX	93310001	93320000	B.1.1.1.2.1.2.2.1.2	0.5	0.63013698630137
chrX	93320001	93330000	B.1.1.1.2.1.2.2.1.2	0.5	0.63013698630137
chrX	93330001	93340000	B.1.1.1.2.1.2.2.1.2	0.5	0.63013698630137
chrX	93340001	93350000	B.1.1.1.2.1.2.2.1.2	0.5	0.63013698630137
chrX	93350001	93360000	B.1.1.1.2.1.2.2.1.2	0.5	0.63013698630137
chrX	93360001	93370000	B.1.1.1.2.1.2.2.1.2	0.5	0.63013698630137
chrX	93370001	93380000	B.1.1.1.2.1.2.2.1.2	0.5	0.63013698630137
chrX	93380001	93390000	B.1.1.1.2.1.2.2.1.2	0.5	0.63013698630137
chrX	93390001	93400000	B.1.1.1.2.1.2.2.1.2	0.5	0.63013698630137
chrX	93400001	93410000	B.1.1.1.2.1.1.1	0.5	0.647260273972603
chrX	93410001	93420000	B.1.1.1.2.1.1.1	0.5	0.647260273972603
chrX	93420001	93430000	B.1.1.1.2.1.1.1	0.5	0.647260273972603
chrX	93430001	93440000	B.1.1.1.2.1.1.1	0.5	0.647260273972603
chrX	93440001	93450000	B.1.1.1.2.1.1.1	0.5	0.647260273972603
chrX	93450001	93460000	B.1.1.1.2.1.1.1	0.5	0.647260273972603
chrX	93460001	93470000	B.1.1.1.2.1.1.1	0.5	0.647260273972603
chrX	93470001	93480000	B.1.1.1.2.1.1.1	0.5	0.647260273972603
chrX	93480001	93490000	B.1.1.1.2.1.1.1	0.5	0.647260273972603
chrX	93490001	93500000	B.1.1.1.2.1.1.1	0.5	0.647260273972603
chrX	93500001	93510000	B.1.1.1.2.1.1.1	0.5	0.647260273972603
chrX	93510001	93520000	B.1.1.1.2.1.1.1	0.5	0.647260273972603
chrX	93520001	93530000	B.1.1.1.2.1.1.1	0.5	0.647260273972603
chrX	93530001	93540000	B.1.1.1.2.1.1.1	0.5	0.647260273972603
chrX	93540001	93550000	B.1.1.1.2.1.1.1	0.5	0.647260273972603
chrX	93550001	93560000	B.1.1.1.2.2.1.2.2.2	0.5	0.602739726027397
chrX	93560001	93570000	B.1.1.1.2.2.1.2.2.2	0.5	0.602739726027397
chrX	93570001	93580000	B.1.1.1.2.2.1.2.2.2	0.5	0.602739726027397
chrX	93580001	93590000	B.1.1.1.2.2.1.2.2.2	0.5	0.602739726027397
chrX	93590001	93600000	B.1.1.1.2.2.1.2.2.2	0.5	0.602739726027397
chrX	93600001	93610000	B.1.1.1.2.2.1.2.2.2	0.5	0.602739726027397
chrX	93610001	93620000	B.1.1.1.2.2.1.2.2.2	0.5	0.602739726027397
chrX	93620001	93630000	B.1.1.1.2.2.1.2.2.2	0.5	0.602739726027397
chrX	93630001	93640000	B.1.1.1.2.2.1.2.2.2	0.5	0.602739726027397
chrX	93640001	93650000	B.1.1.1.2.2.1.2.2.2	0.5	0.602739726027397
chrX	93650001	93660000	B.2.1.2.2.2.1.1.1.2.2.2	0.25	0.195205479452055
chrX	93660001	93670000	B.2.1.2.2.2.1.1.1.2.2.2	0.25	0.195205479452055
chrX	93670001	93680000	B.2.1.2.2.2.1.1.1.2.2.2	0.25	0.195205479452055
chrX	93680001	93690000	B.2.1.2.2.2.1.1.1.2.2.2	0.25	0.195205479452055
chrX	93690001	93700000	B.2.1.2.2.2.1.1.1.2.2.2	0.25	0.195205479452055
chrX	93700001	93710000	B.2.1.2.2.2.1.1.1.2.2.2	0.25	0.195205479452055
chrX	93710001	93720000	B.2.1.2.2.2.1.1.1.2.2.2	0.25	0.195205479452055
chrX	93720001	93730000	B.2.1.2.2.2.1.1.1.2.2.2	0.25	0.195205479452055
chrX	93730001	93740000	B.2.1.2.2.2.1.1.1.2.2.2	0.25	0.195205479452055
chrX	93740001	93750000	B.2.1.2.2.2.1.1.1.2.2.2	0.25	0.195205479452055
chrX	93750001	93760000	B.2.1.2.2.2.1.1.1.2.2.2	0.25	0.195205479452055
chrX	93760001	93770000	B.2.1.2.2.2.1.1.1.2.2.2	0.25	0.195205479452055
chrX	93770001	93780000	B.2.1.2.2.2.1.1.1.2.2.2	0.25	0.195205479452055
chrX	93780001	93790000	B.2.1.2.2.2.1.1.1.2.2.2	0.25	0.195205479452055
chrX	93790001	93800000	B.2.1.2.2.2.1.1.1.2.2.2	0.25	0.195205479452055
chrX	93800001	93810000	B.2.1.2.2.2.1.1.1.2.2.2	0.25	0.195205479452055
chrX	93810001	93820000	B.2.1.2.2.2.1.1.1.2.2.2	0.25	0.195205479452055
chrX	93820001	93830000	B.2.1.2.2.2.1.1.1.2.2.2	0.25	0.195205479452055
chrX	93830001	93840000	B.2.1.2.2.2.1.1.1.2.2.2	0.25	0.195205479452055
chrX	93840001	93850000	B.2.1.2.2.2.1.1.1.2.2.2	0.25	0.195205479452055
chrX	93850001	93860000	B.2.1.2.2.2.1.1.1.2.2.2	0.25	0.195205479452055
chrX	93860001	93870000	B.2.1.2.2.2.1.1.1.2.2.2	0.25	0.195205479452055
chrX	93870001	93880000	B.2.1.2.2.2.1.1.1.2.2.2	0.25	0.195205479452055
chrX	93880001	93890000	B.2.1.2.2.2.1.1.1.2.2.2	0.25	0.195205479452055
chrX	93890001	93900000	B.2.1.2.2.2.1.1.1.2.2.2	0.25	0.195205479452055
chrX	93900001	93910000	B.2.1.2.2.2.1.1.1.2.2.2	0.25	0.195205479452055
chrX	93910001	93920000	B.2.1.2.2.2.1.1.1.2.2.2	0.25	0.195205479452055
chrX	93920001	93930000	B.2.1.2.2.2.1.1.1.2.2.2	0.25	0.195205479452055
chrX	93930001	93940000	B.2.1.2.2.2.1.1.1.2.2.2	0.25	0.195205479452055
chrX	93940001	93950000	B.2.1.2.2.2.1.1.1.2.2.2	0.25	0.195205479452055
chrX	93950001	93960000	B.2.1.2.2.2.1.1.1.2.2.2	0.25	0.195205479452055
chrX	93960001	93970000	B.2.1.2.2.2.1.1.1.2.2.2	0.25	0.195205479452055
chrX	93970001	93980000	B.2.1.2.2.2.1.1.1.2.2.2	0.25	0.195205479452055
chrX	93980001	93990000	B.2.1.2.2.2.1.1.1.2.2.2	0.25	0.195205479452055
chrX	93990001	9.4e+07	B.2.1.2.2.2.1.1.1.2.2.2	0.25	0.195205479452055
chrX	94000001	94010000	B.2.1.2.2.2.1.1.1.2.2.2	0.25	0.195205479452055
chrX	94010001	94020000	B.2.1.2.2.2.1.1.1.2.2.2	0.25	0.195205479452055
chrX	94020001	94030000	B.2.1.2.2.2.1.1.1.2.2.2	0.25	0.195205479452055
chrX	94030001	94040000	B.2.1.2.2.2.1.1.1.2.2.2	0.25	0.195205479452055
chrX	94040001	94050000	B.2.1.2.2.2.1.1.1.2.2.2	0.25	0.195205479452055
chrX	94050001	94060000	B.2.1.2.2.2.1.1.1.2.2.2	0.25	0.195205479452055
chrX	94060001	94070000	B.2.1.2.2.2.1.1.1.2.2.2	0.25	0.195205479452055
chrX	94070001	94080000	B.2.1.2.2.2.1.1.1.2.2.2	0.25	0.195205479452055
chrX	94080001	94090000	B.2.1.2.2.2.1.1.1.2.2.2	0.25	0.195205479452055
chrX	94090001	94100000	B.2.1.2.2.2.1.1.1.2.2.2	0.25	0.195205479452055
chrX	94100001	94110000	B.2.1.2.2.2.1.1.1.2.2.2	0.25	0.195205479452055
chrX	94110001	94120000	B.2.1.2.2.2.1.1.1.2.2.2	0.25	0.195205479452055
chrX	94120001	94130000	B.2.1.2.2.2.1.1.1.2.2.2	0.25	0.195205479452055
chrX	94130001	94140000	B.2.1.2.2.2.1.1.1.2.2.2	0.25	0.195205479452055
chrX	94140001	94150000	B.2.1.2.2.2.1.1.1.2.2.2	0.25	0.195205479452055
chrX	94150001	94160000	B.1.2.1.1.1.1.2.1	0.375	0.544520547945206
chrX	94160001	94170000	B.1.2.1.1.1.1.2.1	0.375	0.544520547945206
chrX	94170001	94180000	B.1.2.1.1.1.1.2.1	0.375	0.544520547945206
chrX	94180001	94190000	B.1.2.1.1.1.1.2.1	0.375	0.544520547945206
chrX	94190001	94200000	B.1.2.1.1.1.1.2.1	0.375	0.544520547945206
chrX	94200001	94210000	B.1.2.1.1.1.1.2.1	0.375	0.544520547945206
chrX	94210001	94220000	B.1.2.1.1.1.1.2.1	0.375	0.544520547945206
chrX	94220001	94230000	B.1.2.1.1.1.1.2.1	0.375	0.544520547945206
chrX	94230001	94240000	B.1.2.1.1.1.1.2.1	0.375	0.544520547945206
chrX	94240001	94250000	B.1.2.1.1.1.1.2.1	0.375	0.544520547945206
chrX	94250001	94260000	B.1.2.1.1.1.1.2.1	0.375	0.544520547945206
chrX	94260001	94270000	B.1.2.1.1.1.1.2.1	0.375	0.544520547945206
chrX	94270001	94280000	B.1.2.1.1.1.1.2.1	0.375	0.544520547945206
chrX	94280001	94290000	B.1.2.1.1.1.1.2.1	0.375	0.544520547945206
chrX	94290001	94300000	B.1.2.1.1.1.1.2.1	0.375	0.544520547945206
chrX	94300001	94310000	B.2.1.2.2.2.2.2.1.2.2.1.2	0.25	0.143835616438356
chrX	94310001	94320000	B.2.1.2.2.2.2.2.1.2.2.1.2	0.25	0.143835616438356
chrX	94320001	94330000	B.2.1.2.2.2.2.2.1.2.2.1.2	0.25	0.143835616438356
chrX	94330001	94340000	B.2.1.2.2.2.2.2.1.2.2.1.2	0.25	0.143835616438356
chrX	94340001	94350000	B.2.1.2.2.2.2.2.1.2.2.1.2	0.25	0.143835616438356
chrX	94350001	94360000	B.2.1.2.2.2.2.2.1.2.2.1.2	0.25	0.143835616438356
chrX	94360001	94370000	B.2.1.2.2.2.2.2.1.2.2.1.2	0.25	0.143835616438356
chrX	94370001	94380000	B.2.1.2.2.2.2.2.1.2.2.1.2	0.25	0.143835616438356
chrX	94380001	94390000	B.2.1.2.2.2.2.2.1.2.2.1.2	0.25	0.143835616438356
chrX	94390001	94400000	B.2.1.2.2.2.2.2.1.2.2.1.2	0.25	0.143835616438356
chrX	94400001	94410000	B.2.1.2.2.2.2.2.1.2.2.1.2	0.25	0.143835616438356
chrX	94410001	94420000	B.2.1.2.2.2.2.2.1.2.2.1.2	0.25	0.143835616438356
chrX	94420001	94430000	B.2.1.2.2.2.2.2.1.2.2.1.2	0.25	0.143835616438356
chrX	94430001	94440000	B.2.1.2.2.2.2.2.1.2.2.1.2	0.25	0.143835616438356
chrX	94440001	94450000	B.2.1.2.2.2.2.2.1.2.2.1.2	0.25	0.143835616438356
chrX	94450001	94460000	B.2.1.2.2.2.2.2.1.2.2.1.2	0.25	0.143835616438356
chrX	94460001	94470000	B.2.1.2.2.2.2.2.1.2.2.1.2	0.25	0.143835616438356
chrX	94470001	94480000	B.2.1.2.2.2.2.2.1.2.2.1.2	0.25	0.143835616438356
chrX	94480001	94490000	B.2.1.2.2.2.2.2.1.2.2.1.2	0.25	0.143835616438356
chrX	94490001	94500000	B.2.1.2.2.2.2.2.1.2.2.1.2	0.25	0.143835616438356
chrX	94500001	94510000	B.2.1.2.2.2.2.2.1.2.2.2	0.25	0.14041095890411
chrX	94510001	94520000	B.2.1.2.2.2.2.2.1.2.2.2	0.25	0.14041095890411
chrX	94520001	94530000	B.2.1.2.2.2.2.2.1.2.2.2	0.25	0.14041095890411
chrX	94530001	94540000	B.2.1.2.2.2.2.2.1.2.2.2	0.25	0.14041095890411
chrX	94540001	94550000	B.2.1.2.2.2.2.2.1.2.2.2	0.25	0.14041095890411
chrX	94550001	94560000	B.2.1.2.2.2.2.2.1.2.2.2	0.25	0.14041095890411
chrX	94560001	94570000	B.2.1.2.2.2.2.2.1.2.2.2	0.25	0.14041095890411
chrX	94570001	94580000	B.2.1.2.2.2.2.2.1.2.2.2	0.25	0.14041095890411
chrX	94580001	94590000	B.2.1.2.2.2.2.2.1.2.2.2	0.25	0.14041095890411
chrX	94590001	94600000	B.2.1.2.2.2.2.2.1.2.2.2	0.25	0.14041095890411
chrX	94600001	94610000	B.2.1.2.2.2.2.2.1.2.2.2	0.25	0.14041095890411
chrX	94610001	94620000	B.2.1.2.2.2.2.2.1.2.2.2	0.25	0.14041095890411
chrX	94620001	94630000	B.2.1.2.2.2.2.2.1.2.2.2	0.25	0.14041095890411
chrX	94630001	94640000	B.2.1.2.2.2.2.2.1.2.2.2	0.25	0.14041095890411
chrX	94640001	94650000	B.2.1.2.2.2.2.2.1.2.2.2	0.25	0.14041095890411
chrX	94650001	94660000	B.2.1.2.2.2.2.2.1.2.2.2	0.25	0.14041095890411
chrX	94660001	94670000	B.2.1.2.2.2.2.2.1.2.2.2	0.25	0.14041095890411
chrX	94670001	94680000	B.2.1.2.2.2.2.2.1.2.2.2	0.25	0.14041095890411
chrX	94680001	94690000	B.2.1.2.2.2.2.2.1.2.2.2	0.25	0.14041095890411
chrX	94690001	94700000	B.2.1.2.2.2.2.2.1.2.2.2	0.25	0.14041095890411
chrX	94700001	94710000	B.2.1.2.2.2.2.2.1.2.2.2	0.25	0.14041095890411
chrX	94710001	94720000	B.2.1.2.2.2.2.2.1.2.2.2	0.25	0.14041095890411
chrX	94720001	94730000	B.2.1.2.2.2.2.2.1.2.2.2	0.25	0.14041095890411
chrX	94730001	94740000	B.2.1.2.2.2.2.2.1.2.2.2	0.25	0.14041095890411
chrX	94740001	94750000	B.2.1.2.2.2.2.2.1.2.2.2	0.25	0.14041095890411
chrX	94750001	94760000	B.2.1.2.2.2.2.2.1.2.2.2	0.25	0.14041095890411
chrX	94760001	94770000	B.2.1.2.2.2.2.2.1.2.2.2	0.25	0.14041095890411
chrX	94770001	94780000	B.2.1.2.2.2.2.2.1.2.2.2	0.25	0.14041095890411
chrX	94780001	94790000	B.2.1.2.2.2.2.2.1.2.2.2	0.25	0.14041095890411
chrX	94790001	94800000	B.2.1.2.2.2.2.2.1.2.2.2	0.25	0.14041095890411
chrX	94800001	94810000	B.2.1.2.2.2.2.2.1.2.2.2	0.25	0.14041095890411
chrX	94810001	94820000	B.2.1.2.2.2.2.2.1.2.2.2	0.25	0.14041095890411
chrX	94820001	94830000	B.2.1.2.2.2.2.2.1.2.2.2	0.25	0.14041095890411
chrX	94830001	94840000	B.2.1.2.2.2.2.2.1.2.2.2	0.25	0.14041095890411
chrX	94840001	94850000	B.2.1.2.2.2.2.2.1.2.2.2	0.25	0.14041095890411
chrX	94850001	94860000	B.2.1.2.2.2.2.2.1.2.2.2	0.25	0.14041095890411
chrX	94860001	94870000	B.2.1.2.2.2.2.2.1.2.2.2	0.25	0.14041095890411
chrX	94870001	94880000	B.2.1.2.2.2.2.2.1.2.2.2	0.25	0.14041095890411
chrX	94880001	94890000	B.2.1.2.2.2.2.2.1.2.2.2	0.25	0.14041095890411
chrX	94890001	94900000	B.2.1.2.2.2.2.2.1.2.2.2	0.25	0.14041095890411
chrX	94900001	94910000	B.2.1.2.2.2.2.2.1.2.2.2	0.25	0.14041095890411
chrX	94910001	94920000	B.2.1.2.2.2.2.2.1.2.2.2	0.25	0.14041095890411
chrX	94920001	94930000	B.2.1.2.2.2.2.2.1.2.2.2	0.25	0.14041095890411
chrX	94930001	94940000	B.2.1.2.2.2.2.2.1.2.2.2	0.25	0.14041095890411
chrX	94940001	94950000	B.2.1.2.2.2.2.2.1.2.2.2	0.25	0.14041095890411
chrX	94950001	94960000	B.2.1.2.2.2.2.2.1.2.2.2	0.25	0.14041095890411
chrX	94960001	94970000	B.2.1.2.2.2.2.2.1.2.2.2	0.25	0.14041095890411
chrX	94970001	94980000	B.2.1.2.2.2.2.2.1.2.2.2	0.25	0.14041095890411
chrX	94980001	94990000	B.2.1.2.2.2.2.2.1.2.2.2	0.25	0.14041095890411
chrX	94990001	9.5e+07	B.2.1.2.2.2.2.2.1.2.2.2	0.25	0.14041095890411
chrX	95000001	95010000	B.2.1.2.2.2.2.2.1.2.2.2	0.25	0.14041095890411
chrX	95010001	95020000	B.2.1.2.2.2.2.2.1.2.2.2	0.25	0.14041095890411
chrX	95020001	95030000	B.2.1.2.2.2.2.2.1.2.2.2	0.25	0.14041095890411
chrX	95030001	95040000	B.2.1.2.2.2.2.2.1.2.2.2	0.25	0.14041095890411
chrX	95040001	95050000	B.2.1.2.2.2.2.2.1.2.2.2	0.25	0.14041095890411
chrX	95050001	95060000	B.1.1.1.1.2.1.2.1	0.5	0.657534246575342
chrX	95060001	95070000	B.1.1.1.1.2.1.2.1	0.5	0.657534246575342
chrX	95070001	95080000	B.1.1.1.1.2.1.2.1	0.5	0.657534246575342
chrX	95080001	95090000	B.1.1.1.1.2.1.2.1	0.5	0.657534246575342
chrX	95090001	95100000	B.1.1.1.1.2.1.2.1	0.5	0.657534246575342
chrX	95100001	95110000	B.1.1.1.1.2.1.2.1	0.5	0.657534246575342
chrX	95110001	95120000	B.1.1.1.1.2.1.2.1	0.5	0.657534246575342
chrX	95120001	95130000	B.1.1.1.1.2.1.2.1	0.5	0.657534246575342
chrX	95130001	95140000	B.1.1.1.1.2.1.2.1	0.5	0.657534246575342
chrX	95140001	95150000	B.1.1.1.1.2.1.2.1	0.5	0.657534246575342
chrX	95150001	95160000	B.1.1.1.1.2.1.2.1	0.5	0.657534246575342
chrX	95160001	95170000	B.1.1.1.1.2.1.2.1	0.5	0.657534246575342
chrX	95170001	95180000	B.1.1.1.1.2.1.2.1	0.5	0.657534246575342
chrX	95180001	95190000	B.1.1.1.1.2.1.2.1	0.5	0.657534246575342
chrX	95190001	95200000	B.1.1.1.1.2.1.2.1	0.5	0.657534246575342
chrX	95200001	95210000	B.1.2.1.1.2.2.1.2	0.375	0.503424657534247
chrX	95210001	95220000	B.1.2.1.1.2.2.1.2	0.375	0.503424657534247
chrX	95220001	95230000	B.1.2.1.1.2.2.1.2	0.375	0.503424657534247
chrX	95230001	95240000	B.1.2.1.1.2.2.1.2	0.375	0.503424657534247
chrX	95240001	95250000	B.1.2.1.1.2.2.1.2	0.375	0.503424657534247
chrX	95250001	95260000	B.1.2.1.1.2.2.1.2	0.375	0.503424657534247
chrX	95260001	95270000	B.1.2.1.1.2.2.1.2	0.375	0.503424657534247
chrX	95270001	95280000	B.1.2.1.1.2.2.1.2	0.375	0.503424657534247
chrX	95280001	95290000	B.1.2.1.1.2.2.1.2	0.375	0.503424657534247
chrX	95290001	95300000	B.1.2.1.1.2.2.1.2	0.375	0.503424657534247
chrX	95300001	95310000	B.1.2.1.1.2.2.1.2	0.375	0.503424657534247
chrX	95310001	95320000	B.1.2.1.1.2.2.1.2	0.375	0.503424657534247
chrX	95320001	95330000	B.1.2.1.1.2.2.1.2	0.375	0.503424657534247
chrX	95330001	95340000	B.1.2.1.1.2.2.1.2	0.375	0.503424657534247
chrX	95340001	95350000	B.1.2.1.1.2.2.1.2	0.375	0.503424657534247
chrX	95350001	95360000	B.1.2.1.1.2.2.1.2	0.375	0.503424657534247
chrX	95360001	95370000	B.1.2.1.1.2.2.1.2	0.375	0.503424657534247
chrX	95370001	95380000	B.1.2.1.1.2.2.1.2	0.375	0.503424657534247
chrX	95380001	95390000	B.1.2.1.1.2.2.1.2	0.375	0.503424657534247
chrX	95390001	95400000	B.1.2.1.1.2.2.1.2	0.375	0.503424657534247
chrX	95400001	95410000	B.1.2.1.1.2.2.1.2	0.375	0.503424657534247
chrX	95410001	95420000	B.1.2.1.1.2.2.1.2	0.375	0.503424657534247
chrX	95420001	95430000	B.1.2.1.1.2.2.1.2	0.375	0.503424657534247
chrX	95430001	95440000	B.1.2.1.1.2.2.1.2	0.375	0.503424657534247
chrX	95440001	95450000	B.1.2.1.1.2.2.1.2	0.375	0.503424657534247
chrX	95450001	95460000	B.1.2.1.1.2.2.1.2	0.375	0.503424657534247
chrX	95460001	95470000	B.1.2.1.1.2.2.1.2	0.375	0.503424657534247
chrX	95470001	95480000	B.1.2.1.1.2.2.1.2	0.375	0.503424657534247
chrX	95480001	95490000	B.1.2.1.1.2.2.1.2	0.375	0.503424657534247
chrX	95490001	95500000	B.1.2.1.1.2.2.1.2	0.375	0.503424657534247
chrX	95500001	95510000	B.1.2.1.1.2.2.1.2	0.375	0.503424657534247
chrX	95510001	95520000	B.1.2.1.1.2.2.1.2	0.375	0.503424657534247
chrX	95520001	95530000	B.1.2.1.1.2.2.1.2	0.375	0.503424657534247
chrX	95530001	95540000	B.1.2.1.1.2.2.1.2	0.375	0.503424657534247
chrX	95540001	95550000	B.1.2.1.1.2.2.1.2	0.375	0.503424657534247
chrX	95550001	95560000	B.1.2.1.1.2.2.1.2	0.375	0.503424657534247
chrX	95560001	95570000	B.1.2.1.1.2.2.1.2	0.375	0.503424657534247
chrX	95570001	95580000	B.1.2.1.1.2.2.1.2	0.375	0.503424657534247
chrX	95580001	95590000	B.1.2.1.1.2.2.1.2	0.375	0.503424657534247
chrX	95590001	95600000	B.1.2.1.1.2.2.1.2	0.375	0.503424657534247
chrX	95600001	95610000	B.1.2.1.1.2.2.1.2	0.375	0.503424657534247
chrX	95610001	95620000	B.1.2.1.1.2.2.1.2	0.375	0.503424657534247
chrX	95620001	95630000	B.1.2.1.1.2.2.1.2	0.375	0.503424657534247
chrX	95630001	95640000	B.1.2.1.1.2.2.1.2	0.375	0.503424657534247
chrX	95640001	95650000	B.1.2.1.1.2.2.1.2	0.375	0.503424657534247
chrX	95650001	95660000	B.1.2.1.1.2.2.1.2	0.375	0.503424657534247
chrX	95660001	95670000	B.1.2.1.1.2.2.1.2	0.375	0.503424657534247
chrX	95670001	95680000	B.1.2.1.1.2.2.1.2	0.375	0.503424657534247
chrX	95680001	95690000	B.1.2.1.1.2.2.1.2	0.375	0.503424657534247
chrX	95690001	95700000	B.1.2.1.1.2.2.1.2	0.375	0.503424657534247
chrX	95700001	95710000	B.1.2.1.1.2.2.1.2	0.375	0.503424657534247
chrX	95710001	95720000	B.1.2.1.1.2.2.1.2	0.375	0.503424657534247
chrX	95720001	95730000	B.1.2.1.1.2.2.1.2	0.375	0.503424657534247
chrX	95730001	95740000	B.1.2.1.1.2.2.1.2	0.375	0.503424657534247
chrX	95740001	95750000	B.1.2.1.1.2.2.1.2	0.375	0.503424657534247
chrX	95750001	95760000	B.1.2.1.2.2.1.1.2	0.375	0.469178082191781
chrX	95760001	95770000	B.1.2.1.2.2.1.1.2	0.375	0.469178082191781
chrX	95770001	95780000	B.1.2.1.2.2.1.1.2	0.375	0.469178082191781
chrX	95780001	95790000	B.1.2.1.2.2.1.1.2	0.375	0.469178082191781
chrX	95790001	95800000	B.1.2.1.2.2.1.1.2	0.375	0.469178082191781
chrX	95800001	95810000	B.1.2.1.2.2.1.1.2	0.375	0.469178082191781
chrX	95810001	95820000	B.1.2.1.2.2.1.1.2	0.375	0.469178082191781
chrX	95820001	95830000	B.1.2.1.2.2.1.1.2	0.375	0.469178082191781
chrX	95830001	95840000	B.1.2.1.2.2.1.1.2	0.375	0.469178082191781
chrX	95840001	95850000	B.1.2.1.2.2.1.1.2	0.375	0.469178082191781
chrX	95850001	95860000	B.1.2.1.2.2.1.1.2	0.375	0.469178082191781
chrX	95860001	95870000	B.1.2.1.2.2.1.1.2	0.375	0.469178082191781
chrX	95870001	95880000	B.1.2.1.2.2.1.1.2	0.375	0.469178082191781
chrX	95880001	95890000	B.1.2.1.2.2.1.1.2	0.375	0.469178082191781
chrX	95890001	95900000	B.1.2.1.2.2.1.1.2	0.375	0.469178082191781
chrX	95900001	95910000	B.1.1.1.1.2.1.2.2	0.5	0.654109589041096
chrX	95910001	95920000	B.1.1.1.1.2.1.2.2	0.5	0.654109589041096
chrX	95920001	95930000	B.1.1.1.1.2.1.2.2	0.5	0.654109589041096
chrX	95930001	95940000	B.1.1.1.1.2.1.2.2	0.5	0.654109589041096
chrX	95940001	95950000	B.1.1.1.1.2.1.2.2	0.5	0.654109589041096
chrX	95950001	95960000	B.1.1.1.1.2.1.2.2	0.5	0.654109589041096
chrX	95960001	95970000	B.1.1.1.1.2.1.2.2	0.5	0.654109589041096
chrX	95970001	95980000	B.1.1.1.1.2.1.2.2	0.5	0.654109589041096
chrX	95980001	95990000	B.1.1.1.1.2.1.2.2	0.5	0.654109589041096
chrX	95990001	9.6e+07	B.1.1.1.1.2.1.2.2	0.5	0.654109589041096
chrX	96000001	96010000	B.1.2.1.2.2.1.1.1	0.375	0.472602739726027
chrX	96010001	96020000	B.1.2.1.2.2.1.1.1	0.375	0.472602739726027
chrX	96020001	96030000	B.1.2.1.2.2.1.1.1	0.375	0.472602739726027
chrX	96030001	96040000	B.1.2.1.2.2.1.1.1	0.375	0.472602739726027
chrX	96040001	96050000	B.1.2.1.2.2.1.1.1	0.375	0.472602739726027
chrX	96050001	96060000	B.1.2.1.2.2.1.1.1	0.375	0.472602739726027
chrX	96060001	96070000	B.1.2.1.2.2.1.1.1	0.375	0.472602739726027
chrX	96070001	96080000	B.1.2.1.2.2.1.1.1	0.375	0.472602739726027
chrX	96080001	96090000	B.1.2.1.2.2.1.1.1	0.375	0.472602739726027
chrX	96090001	96100000	B.1.2.1.2.2.1.1.1	0.375	0.472602739726027
chrX	96100001	96110000	A.2.2.1.2.1.2.1.1	0.625	0.743150684931507
chrX	96110001	96120000	A.2.2.1.2.1.2.1.1	0.625	0.743150684931507
chrX	96120001	96130000	A.2.2.1.2.1.2.1.1	0.625	0.743150684931507
chrX	96130001	96140000	A.2.2.1.2.1.2.1.1	0.625	0.743150684931507
chrX	96140001	96150000	A.2.2.1.2.1.2.1.1	0.625	0.743150684931507
chrX	96150001	96160000	A.2.2.1.2.1.2.1.1	0.625	0.743150684931507
chrX	96160001	96170000	A.2.2.1.2.1.2.1.1	0.625	0.743150684931507
chrX	96170001	96180000	A.2.2.1.2.1.2.1.1	0.625	0.743150684931507
chrX	96180001	96190000	A.2.2.1.2.1.2.1.1	0.625	0.743150684931507
chrX	96190001	96200000	A.2.2.1.2.1.2.1.1	0.625	0.743150684931507
chrX	96200001	96210000	A.2.2.1.2.1.2.1.1	0.625	0.743150684931507
chrX	96210001	96220000	A.2.2.1.2.1.2.1.1	0.625	0.743150684931507
chrX	96220001	96230000	A.2.2.1.2.1.2.1.1	0.625	0.743150684931507
chrX	96230001	96240000	A.2.2.1.2.1.2.1.1	0.625	0.743150684931507
chrX	96240001	96250000	A.2.2.1.2.1.2.1.1	0.625	0.743150684931507
chrX	96250001	96260000	A.2.2.1.2.1.2.1.1	0.625	0.743150684931507
chrX	96260001	96270000	A.2.2.1.2.1.2.1.1	0.625	0.743150684931507
chrX	96270001	96280000	A.2.2.1.2.1.2.1.1	0.625	0.743150684931507
chrX	96280001	96290000	A.2.2.1.2.1.2.1.1	0.625	0.743150684931507
chrX	96290001	96300000	A.2.2.1.2.1.2.1.1	0.625	0.743150684931507
chrX	96300001	96310000	B.1.1.1.1.1.2.1.1.1	0.5	0.678082191780822
chrX	96310001	96320000	B.1.1.1.1.1.2.1.1.1	0.5	0.678082191780822
chrX	96320001	96330000	B.1.1.1.1.1.2.1.1.1	0.5	0.678082191780822
chrX	96330001	96340000	B.1.1.1.1.1.2.1.1.1	0.5	0.678082191780822
chrX	96340001	96350000	B.1.1.1.1.1.2.1.1.1	0.5	0.678082191780822
chrX	96350001	96360000	B.1.1.1.1.1.2.1.1.1	0.5	0.678082191780822
chrX	96360001	96370000	B.1.1.1.1.1.2.1.1.1	0.5	0.678082191780822
chrX	96370001	96380000	B.1.1.1.1.1.2.1.1.1	0.5	0.678082191780822
chrX	96380001	96390000	B.1.1.1.1.1.2.1.1.1	0.5	0.678082191780822
chrX	96390001	96400000	B.1.1.1.1.1.2.1.1.1	0.5	0.678082191780822
chrX	96400001	96410000	B.1.1.1.1.1.2.1.1.1	0.5	0.678082191780822
chrX	96410001	96420000	B.1.1.1.1.1.2.1.1.1	0.5	0.678082191780822
chrX	96420001	96430000	B.1.1.1.1.1.2.1.1.1	0.5	0.678082191780822
chrX	96430001	96440000	B.1.1.1.1.1.2.1.1.1	0.5	0.678082191780822
chrX	96440001	96450000	B.1.1.1.1.1.2.1.1.1	0.5	0.678082191780822
chrX	96450001	96460000	B.1.1.1.1.1.2.1.1.1	0.5	0.678082191780822
chrX	96460001	96470000	B.1.1.1.1.1.2.1.1.1	0.5	0.678082191780822
chrX	96470001	96480000	B.1.1.1.1.1.2.1.1.1	0.5	0.678082191780822
chrX	96480001	96490000	B.1.1.1.1.1.2.1.1.1	0.5	0.678082191780822
chrX	96490001	96500000	B.1.1.1.1.1.2.1.1.1	0.5	0.678082191780822
chrX	96500001	96510000	A.2.2.1.2.2.1.1.1	0.625	0.729452054794521
chrX	96510001	96520000	A.2.2.1.2.2.1.1.1	0.625	0.729452054794521
chrX	96520001	96530000	A.2.2.1.2.2.1.1.1	0.625	0.729452054794521
chrX	96530001	96540000	A.2.2.1.2.2.1.1.1	0.625	0.729452054794521
chrX	96540001	96550000	A.2.2.1.2.2.1.1.1	0.625	0.729452054794521
chrX	96550001	96560000	A.2.2.1.2.2.1.1.1	0.625	0.729452054794521
chrX	96560001	96570000	A.2.2.1.2.2.1.1.1	0.625	0.729452054794521
chrX	96570001	96580000	A.2.2.1.2.2.1.1.1	0.625	0.729452054794521
chrX	96580001	96590000	A.2.2.1.2.2.1.1.1	0.625	0.729452054794521
chrX	96590001	96600000	A.2.2.1.2.2.1.1.1	0.625	0.729452054794521
chrX	96600001	96610000	A.2.2.1.2.2.1.1.1	0.625	0.729452054794521
chrX	96610001	96620000	A.2.2.1.2.2.1.1.1	0.625	0.729452054794521
chrX	96620001	96630000	A.2.2.1.2.2.1.1.1	0.625	0.729452054794521
chrX	96630001	96640000	A.2.2.1.2.2.1.1.1	0.625	0.729452054794521
chrX	96640001	96650000	A.2.2.1.2.2.1.1.1	0.625	0.729452054794521
chrX	96650001	96660000	B.1.2.1.1.2.1.1	0.375	0.513698630136986
chrX	96660001	96670000	B.1.2.1.1.2.1.1	0.375	0.513698630136986
chrX	96670001	96680000	B.1.2.1.1.2.1.1	0.375	0.513698630136986
chrX	96680001	96690000	B.1.2.1.1.2.1.1	0.375	0.513698630136986
chrX	96690001	96700000	B.1.2.1.1.2.1.1	0.375	0.513698630136986
chrX	96700001	96710000	B.1.2.1.1.2.1.1	0.375	0.513698630136986
chrX	96710001	96720000	B.1.2.1.1.2.1.1	0.375	0.513698630136986
chrX	96720001	96730000	B.1.2.1.1.2.1.1	0.375	0.513698630136986
chrX	96730001	96740000	B.1.2.1.1.2.1.1	0.375	0.513698630136986
chrX	96740001	96750000	B.1.2.1.1.2.1.1	0.375	0.513698630136986
chrX	96750001	96760000	A.2.1.1.2.1.2.1.2.2	0.75	0.818493150684932
chrX	96760001	96770000	A.2.1.1.2.1.2.1.2.2	0.75	0.818493150684932
chrX	96770001	96780000	A.2.1.1.2.1.2.1.2.2	0.75	0.818493150684932
chrX	96780001	96790000	A.2.1.1.2.1.2.1.2.2	0.75	0.818493150684932
chrX	96790001	96800000	A.2.1.1.2.1.2.1.2.2	0.75	0.818493150684932
chrX	96800001	96810000	A.2.1.1.2.1.2.1.2.2	0.75	0.818493150684932
chrX	96810001	96820000	A.2.1.1.2.1.2.1.2.2	0.75	0.818493150684932
chrX	96820001	96830000	A.2.1.1.2.1.2.1.2.2	0.75	0.818493150684932
chrX	96830001	96840000	A.2.1.1.2.1.2.1.2.2	0.75	0.818493150684932
chrX	96840001	96850000	A.2.1.1.2.1.2.1.2.2	0.75	0.818493150684932
chrX	96850001	96860000	A.2.1.1.2.1.2.1.2.2	0.75	0.818493150684932
chrX	96860001	96870000	A.2.1.1.2.1.2.1.2.2	0.75	0.818493150684932
chrX	96870001	96880000	A.2.1.1.2.1.2.1.2.2	0.75	0.818493150684932
chrX	96880001	96890000	A.2.1.1.2.1.2.1.2.2	0.75	0.818493150684932
chrX	96890001	96900000	A.2.1.1.2.1.2.1.2.2	0.75	0.818493150684932
chrX	96900001	96910000	A.2.1.1.2.1.2.1.2.2	0.75	0.818493150684932
chrX	96910001	96920000	A.2.1.1.2.1.2.1.2.2	0.75	0.818493150684932
chrX	96920001	96930000	A.2.1.1.2.1.2.1.2.2	0.75	0.818493150684932
chrX	96930001	96940000	A.2.1.1.2.1.2.1.2.2	0.75	0.818493150684932
chrX	96940001	96950000	A.2.1.1.2.1.2.1.2.2	0.75	0.818493150684932
chrX	96950001	96960000	A.2.1.1.2.1.2.1.2.2	0.75	0.818493150684932
chrX	96960001	96970000	A.2.1.1.2.1.2.1.2.2	0.75	0.818493150684932
chrX	96970001	96980000	A.2.1.1.2.1.2.1.2.2	0.75	0.818493150684932
chrX	96980001	96990000	A.2.1.1.2.1.2.1.2.2	0.75	0.818493150684932
chrX	96990001	9.7e+07	A.2.1.1.2.1.2.1.2.2	0.75	0.818493150684932
chrX	97000001	97010000	A.2.1.1.2.1.2.1.2.2	0.75	0.818493150684932
chrX	97010001	97020000	A.2.1.1.2.1.2.1.2.2	0.75	0.818493150684932
chrX	97020001	97030000	A.2.1.1.2.1.2.1.2.2	0.75	0.818493150684932
chrX	97030001	97040000	A.2.1.1.2.1.2.1.2.2	0.75	0.818493150684932
chrX	97040001	97050000	A.2.1.1.2.1.2.1.2.2	0.75	0.818493150684932
chrX	97050001	97060000	B.1.2.1.1.2.2.1.1	0.375	0.506849315068493
chrX	97060001	97070000	B.1.2.1.1.2.2.1.1	0.375	0.506849315068493
chrX	97070001	97080000	B.1.2.1.1.2.2.1.1	0.375	0.506849315068493
chrX	97080001	97090000	B.1.2.1.1.2.2.1.1	0.375	0.506849315068493
chrX	97090001	97100000	B.1.2.1.1.2.2.1.1	0.375	0.506849315068493
chrX	97100001	97110000	B.1.2.1.1.2.2.1.1	0.375	0.506849315068493
chrX	97110001	97120000	B.1.2.1.1.2.2.1.1	0.375	0.506849315068493
chrX	97120001	97130000	B.1.2.1.1.2.2.1.1	0.375	0.506849315068493
chrX	97130001	97140000	B.1.2.1.1.2.2.1.1	0.375	0.506849315068493
chrX	97140001	97150000	B.1.2.1.1.2.2.1.1	0.375	0.506849315068493
chrX	97150001	97160000	B.1.2.1.1.2.2.1.1	0.375	0.506849315068493
chrX	97160001	97170000	B.1.2.1.1.2.2.1.1	0.375	0.506849315068493
chrX	97170001	97180000	B.1.2.1.1.2.2.1.1	0.375	0.506849315068493
chrX	97180001	97190000	B.1.2.1.1.2.2.1.1	0.375	0.506849315068493
chrX	97190001	97200000	B.1.2.1.1.2.2.1.1	0.375	0.506849315068493
chrX	97200001	97210000	B.1.2.1.1.2.2.1.1	0.375	0.506849315068493
chrX	97210001	97220000	B.1.2.1.1.2.2.1.1	0.375	0.506849315068493
chrX	97220001	97230000	B.1.2.1.1.2.2.1.1	0.375	0.506849315068493
chrX	97230001	97240000	B.1.2.1.1.2.2.1.1	0.375	0.506849315068493
chrX	97240001	97250000	B.1.2.1.1.2.2.1.1	0.375	0.506849315068493
chrX	97250001	97260000	B.1.2.1.1.2.2.1.1	0.375	0.506849315068493
chrX	97260001	97270000	B.1.2.1.1.2.2.1.1	0.375	0.506849315068493
chrX	97270001	97280000	B.1.2.1.1.2.2.1.1	0.375	0.506849315068493
chrX	97280001	97290000	B.1.2.1.1.2.2.1.1	0.375	0.506849315068493
chrX	97290001	97300000	B.1.2.1.1.2.2.1.1	0.375	0.506849315068493
chrX	97300001	97310000	B.1.2.1.1.2.2.1.1	0.375	0.506849315068493
chrX	97310001	97320000	B.1.2.1.1.2.2.1.1	0.375	0.506849315068493
chrX	97320001	97330000	B.1.2.1.1.2.2.1.1	0.375	0.506849315068493
chrX	97330001	97340000	B.1.2.1.1.2.2.1.1	0.375	0.506849315068493
chrX	97340001	97350000	B.1.2.1.1.2.2.1.1	0.375	0.506849315068493
chrX	97350001	97360000	B.1.2.1.1.2.2.1.1	0.375	0.506849315068493
chrX	97360001	97370000	B.1.2.1.1.2.2.1.1	0.375	0.506849315068493
chrX	97370001	97380000	B.1.2.1.1.2.2.1.1	0.375	0.506849315068493
chrX	97380001	97390000	B.1.2.1.1.2.2.1.1	0.375	0.506849315068493
chrX	97390001	97400000	B.1.2.1.1.2.2.1.1	0.375	0.506849315068493
chrX	97400001	97410000	B.1.2.1.1.2.2.1.1	0.375	0.506849315068493
chrX	97410001	97420000	B.1.2.1.1.2.2.1.1	0.375	0.506849315068493
chrX	97420001	97430000	B.1.2.1.1.2.2.1.1	0.375	0.506849315068493
chrX	97430001	97440000	B.1.2.1.1.2.2.1.1	0.375	0.506849315068493
chrX	97440001	97450000	B.1.2.1.1.2.2.1.1	0.375	0.506849315068493
chrX	97450001	97460000	B.1.2.1.2.2.2.1.2.1.1	0.375	0.448630136986301
chrX	97460001	97470000	B.1.2.1.2.2.2.1.2.1.1	0.375	0.448630136986301
chrX	97470001	97480000	B.1.2.1.2.2.2.1.2.1.1	0.375	0.448630136986301
chrX	97480001	97490000	B.1.2.1.2.2.2.1.2.1.1	0.375	0.448630136986301
chrX	97490001	97500000	B.1.2.1.2.2.2.1.2.1.1	0.375	0.448630136986301
chrX	97500001	97510000	B.1.2.1.2.2.2.1.2.1.1	0.375	0.448630136986301
chrX	97510001	97520000	B.1.2.1.2.2.2.1.2.1.1	0.375	0.448630136986301
chrX	97520001	97530000	B.1.2.1.2.2.2.1.2.1.1	0.375	0.448630136986301
chrX	97530001	97540000	B.1.2.1.2.2.2.1.2.1.1	0.375	0.448630136986301
chrX	97540001	97550000	B.1.2.1.2.2.2.1.2.1.1	0.375	0.448630136986301
chrX	97550001	97560000	B.2.1.2.2.2.1.1.1.2.1	0.25	0.202054794520548
chrX	97560001	97570000	B.2.1.2.2.2.1.1.1.2.1	0.25	0.202054794520548
chrX	97570001	97580000	B.2.1.2.2.2.1.1.1.2.1	0.25	0.202054794520548
chrX	97580001	97590000	B.2.1.2.2.2.1.1.1.2.1	0.25	0.202054794520548
chrX	97590001	97600000	B.2.1.2.2.2.1.1.1.2.1	0.25	0.202054794520548
chrX	97600001	97610000	B.2.1.2.2.2.1.1.1.2.1	0.25	0.202054794520548
chrX	97610001	97620000	B.2.1.2.2.2.1.1.1.2.1	0.25	0.202054794520548
chrX	97620001	97630000	B.2.1.2.2.2.1.1.1.2.1	0.25	0.202054794520548
chrX	97630001	97640000	B.2.1.2.2.2.1.1.1.2.1	0.25	0.202054794520548
chrX	97640001	97650000	B.2.1.2.2.2.1.1.1.2.1	0.25	0.202054794520548
chrX	97650001	97660000	B.2.1.2.2.2.1.1.1.2.1	0.25	0.202054794520548
chrX	97660001	97670000	B.2.1.2.2.2.1.1.1.2.1	0.25	0.202054794520548
chrX	97670001	97680000	B.2.1.2.2.2.1.1.1.2.1	0.25	0.202054794520548
chrX	97680001	97690000	B.2.1.2.2.2.1.1.1.2.1	0.25	0.202054794520548
chrX	97690001	97700000	B.2.1.2.2.2.1.1.1.2.1	0.25	0.202054794520548
chrX	97700001	97710000	B.2.1.2.2.2.1.1.1.2.1	0.25	0.202054794520548
chrX	97710001	97720000	B.2.1.2.2.2.1.1.1.2.1	0.25	0.202054794520548
chrX	97720001	97730000	B.2.1.2.2.2.1.1.1.2.1	0.25	0.202054794520548
chrX	97730001	97740000	B.2.1.2.2.2.1.1.1.2.1	0.25	0.202054794520548
chrX	97740001	97750000	B.2.1.2.2.2.1.1.1.2.1	0.25	0.202054794520548
chrX	97750001	97760000	B.2.1.2.2.2.1.1.1.2.1	0.25	0.202054794520548
chrX	97760001	97770000	B.2.1.2.2.2.1.1.1.2.1	0.25	0.202054794520548
chrX	97770001	97780000	B.2.1.2.2.2.1.1.1.2.1	0.25	0.202054794520548
chrX	97780001	97790000	B.2.1.2.2.2.1.1.1.2.1	0.25	0.202054794520548
chrX	97790001	97800000	B.2.1.2.2.2.1.1.1.2.1	0.25	0.202054794520548
chrX	97800001	97810000	B.2.1.2.2.2.1.1.1.2.1	0.25	0.202054794520548
chrX	97810001	97820000	B.2.1.2.2.2.1.1.1.2.1	0.25	0.202054794520548
chrX	97820001	97830000	B.2.1.2.2.2.1.1.1.2.1	0.25	0.202054794520548
chrX	97830001	97840000	B.2.1.2.2.2.1.1.1.2.1	0.25	0.202054794520548
chrX	97840001	97850000	B.2.1.2.2.2.1.1.1.2.1	0.25	0.202054794520548
chrX	97850001	97860000	B.2.1.2.2.2.1.1.1.2.1	0.25	0.202054794520548
chrX	97860001	97870000	B.2.1.2.2.2.1.1.1.2.1	0.25	0.202054794520548
chrX	97870001	97880000	B.2.1.2.2.2.1.1.1.2.1	0.25	0.202054794520548
chrX	97880001	97890000	B.2.1.2.2.2.1.1.1.2.1	0.25	0.202054794520548
chrX	97890001	97900000	B.2.1.2.2.2.1.1.1.2.1	0.25	0.202054794520548
chrX	97900001	97910000	B.2.1.2.2.2.1.1.1.2.1	0.25	0.202054794520548
chrX	97910001	97920000	B.2.1.2.2.2.1.1.1.2.1	0.25	0.202054794520548
chrX	97920001	97930000	B.2.1.2.2.2.1.1.1.2.1	0.25	0.202054794520548
chrX	97930001	97940000	B.2.1.2.2.2.1.1.1.2.1	0.25	0.202054794520548
chrX	97940001	97950000	B.2.1.2.2.2.1.1.1.2.1	0.25	0.202054794520548
chrX	97950001	97960000	B.2.1.2.2.2.1.1.1.2.1	0.25	0.202054794520548
chrX	97960001	97970000	B.2.1.2.2.2.1.1.1.2.1	0.25	0.202054794520548
chrX	97970001	97980000	B.2.1.2.2.2.1.1.1.2.1	0.25	0.202054794520548
chrX	97980001	97990000	B.2.1.2.2.2.1.1.1.2.1	0.25	0.202054794520548
chrX	97990001	9.8e+07	B.2.1.2.2.2.1.1.1.2.1	0.25	0.202054794520548
chrX	98000001	98010000	B.2.1.2.2.2.1.1.1.2.1	0.25	0.202054794520548
chrX	98010001	98020000	B.2.1.2.2.2.1.1.1.2.1	0.25	0.202054794520548
chrX	98020001	98030000	B.2.1.2.2.2.1.1.1.2.1	0.25	0.202054794520548
chrX	98030001	98040000	B.2.1.2.2.2.1.1.1.2.1	0.25	0.202054794520548
chrX	98040001	98050000	B.2.1.2.2.2.1.1.1.2.1	0.25	0.202054794520548
chrX	98050001	98060000	B.2.1.2.2.2.1.1.1.2.1	0.25	0.202054794520548
chrX	98060001	98070000	B.2.1.2.2.2.1.1.1.2.1	0.25	0.202054794520548
chrX	98070001	98080000	B.2.1.2.2.2.1.1.1.2.1	0.25	0.202054794520548
chrX	98080001	98090000	B.2.1.2.2.2.1.1.1.2.1	0.25	0.202054794520548
chrX	98090001	98100000	B.2.1.2.2.2.1.1.1.2.1	0.25	0.202054794520548
chrX	98100001	98110000	B.2.1.2.2.2.1.1.1.2.1	0.25	0.202054794520548
chrX	98110001	98120000	B.2.1.2.2.2.1.1.1.2.1	0.25	0.202054794520548
chrX	98120001	98130000	B.2.1.2.2.2.1.1.1.2.1	0.25	0.202054794520548
chrX	98130001	98140000	B.2.1.2.2.2.1.1.1.2.1	0.25	0.202054794520548
chrX	98140001	98150000	B.2.1.2.2.2.1.1.1.2.1	0.25	0.202054794520548
chrX	98150001	98160000	B.2.1.2.2.2.1.1.1.2.1	0.25	0.202054794520548
chrX	98160001	98170000	B.2.1.2.2.2.1.1.1.2.1	0.25	0.202054794520548
chrX	98170001	98180000	B.2.1.2.2.2.1.1.1.2.1	0.25	0.202054794520548
chrX	98180001	98190000	B.2.1.2.2.2.1.1.1.2.1	0.25	0.202054794520548
chrX	98190001	98200000	B.2.1.2.2.2.1.1.1.2.1	0.25	0.202054794520548
chrX	98200001	98210000	B.2.2.1.1.1.1.1	0.125	0.126712328767123
chrX	98210001	98220000	B.2.2.1.1.1.1.1	0.125	0.126712328767123
chrX	98220001	98230000	B.2.2.1.1.1.1.1	0.125	0.126712328767123
chrX	98230001	98240000	B.2.2.1.1.1.1.1	0.125	0.126712328767123
chrX	98240001	98250000	B.2.2.1.1.1.1.1	0.125	0.126712328767123
chrX	98250001	98260000	B.2.2.1.1.1.1.1	0.125	0.126712328767123
chrX	98260001	98270000	B.2.2.1.1.1.1.1	0.125	0.126712328767123
chrX	98270001	98280000	B.2.2.1.1.1.1.1	0.125	0.126712328767123
chrX	98280001	98290000	B.2.2.1.1.1.1.1	0.125	0.126712328767123
chrX	98290001	98300000	B.2.2.1.1.1.1.1	0.125	0.126712328767123
chrX	98300001	98310000	B.2.2.1.1.1.1.1	0.125	0.126712328767123
chrX	98310001	98320000	B.2.2.1.1.1.1.1	0.125	0.126712328767123
chrX	98320001	98330000	B.2.2.1.1.1.1.1	0.125	0.126712328767123
chrX	98330001	98340000	B.2.2.1.1.1.1.1	0.125	0.126712328767123
chrX	98340001	98350000	B.2.2.1.1.1.1.1	0.125	0.126712328767123
chrX	98350001	98360000	B.2.2.1.1.1.1.1	0.125	0.126712328767123
chrX	98360001	98370000	B.2.2.1.1.1.1.1	0.125	0.126712328767123
chrX	98370001	98380000	B.2.2.1.1.1.1.1	0.125	0.126712328767123
chrX	98380001	98390000	B.2.2.1.1.1.1.1	0.125	0.126712328767123
chrX	98390001	98400000	B.2.2.1.1.1.1.1	0.125	0.126712328767123
chrX	98400001	98410000	B.2.1.2.2.1.1.2.1.1	0.25	0.243150684931507
chrX	98410001	98420000	B.2.1.2.2.1.1.2.1.1	0.25	0.243150684931507
chrX	98420001	98430000	B.2.1.2.2.1.1.2.1.1	0.25	0.243150684931507
chrX	98430001	98440000	B.2.1.2.2.1.1.2.1.1	0.25	0.243150684931507
chrX	98440001	98450000	B.2.1.2.2.1.1.2.1.1	0.25	0.243150684931507
chrX	98450001	98460000	B.2.1.2.2.1.1.2.1.1	0.25	0.243150684931507
chrX	98460001	98470000	B.2.1.2.2.1.1.2.1.1	0.25	0.243150684931507
chrX	98470001	98480000	B.2.1.2.2.1.1.2.1.1	0.25	0.243150684931507
chrX	98480001	98490000	B.2.1.2.2.1.1.2.1.1	0.25	0.243150684931507
chrX	98490001	98500000	B.2.1.2.2.1.1.2.1.1	0.25	0.243150684931507
chrX	98500001	98510000	B.2.1.2.2.1.1.2.1.1	0.25	0.243150684931507
chrX	98510001	98520000	B.2.1.2.2.1.1.2.1.1	0.25	0.243150684931507
chrX	98520001	98530000	B.2.1.2.2.1.1.2.1.1	0.25	0.243150684931507
chrX	98530001	98540000	B.2.1.2.2.1.1.2.1.1	0.25	0.243150684931507
chrX	98540001	98550000	B.2.1.2.2.1.1.2.1.1	0.25	0.243150684931507
chrX	98550001	98560000	B.2.1.2.2.1.1.2.1.1	0.25	0.243150684931507
chrX	98560001	98570000	B.2.1.2.2.1.1.2.1.1	0.25	0.243150684931507
chrX	98570001	98580000	B.2.1.2.2.1.1.2.1.1	0.25	0.243150684931507
chrX	98580001	98590000	B.2.1.2.2.1.1.2.1.1	0.25	0.243150684931507
chrX	98590001	98600000	B.2.1.2.2.1.1.2.1.1	0.25	0.243150684931507
chrX	98600001	98610000	B.2.1.2.2.1.1.2.1.1	0.25	0.243150684931507
chrX	98610001	98620000	B.2.1.2.2.1.1.2.1.1	0.25	0.243150684931507
chrX	98620001	98630000	B.2.1.2.2.1.1.2.1.1	0.25	0.243150684931507
chrX	98630001	98640000	B.2.1.2.2.1.1.2.1.1	0.25	0.243150684931507
chrX	98640001	98650000	B.2.1.2.2.1.1.2.1.1	0.25	0.243150684931507
chrX	98650001	98660000	B.2.1.2.2.1.1.2.1.1	0.25	0.243150684931507
chrX	98660001	98670000	B.2.1.2.2.1.1.2.1.1	0.25	0.243150684931507
chrX	98670001	98680000	B.2.1.2.2.1.1.2.1.1	0.25	0.243150684931507
chrX	98680001	98690000	B.2.1.2.2.1.1.2.1.1	0.25	0.243150684931507
chrX	98690001	98700000	B.2.1.2.2.1.1.2.1.1	0.25	0.243150684931507
chrX	98700001	98710000	B.2.2.1.2.1.1.2.2	0.125	0.0856164383561644
chrX	98710001	98720000	B.2.2.1.2.1.1.2.2	0.125	0.0856164383561644
chrX	98720001	98730000	B.2.2.1.2.1.1.2.2	0.125	0.0856164383561644
chrX	98730001	98740000	B.2.2.1.2.1.1.2.2	0.125	0.0856164383561644
chrX	98740001	98750000	B.2.2.1.2.1.1.2.2	0.125	0.0856164383561644
chrX	98750001	98760000	B.2.2.1.2.1.1.2.2	0.125	0.0856164383561644
chrX	98760001	98770000	B.2.2.1.2.1.1.2.2	0.125	0.0856164383561644
chrX	98770001	98780000	B.2.2.1.2.1.1.2.2	0.125	0.0856164383561644
chrX	98780001	98790000	B.2.2.1.2.1.1.2.2	0.125	0.0856164383561644
chrX	98790001	98800000	B.2.2.1.2.1.1.2.2	0.125	0.0856164383561644
chrX	98800001	98810000	B.2.2.1.2.1.1.2.2	0.125	0.0856164383561644
chrX	98810001	98820000	B.2.2.1.2.1.1.2.2	0.125	0.0856164383561644
chrX	98820001	98830000	B.2.2.1.2.1.1.2.2	0.125	0.0856164383561644
chrX	98830001	98840000	B.2.2.1.2.1.1.2.2	0.125	0.0856164383561644
chrX	98840001	98850000	B.2.2.1.2.1.1.2.2	0.125	0.0856164383561644
chrX	98850001	98860000	B.2.2.1.2.1.1.2.2	0.125	0.0856164383561644
chrX	98860001	98870000	B.2.2.1.2.1.1.2.2	0.125	0.0856164383561644
chrX	98870001	98880000	B.2.2.1.2.1.1.2.2	0.125	0.0856164383561644
chrX	98880001	98890000	B.2.2.1.2.1.1.2.2	0.125	0.0856164383561644
chrX	98890001	98900000	B.2.2.1.2.1.1.2.2	0.125	0.0856164383561644
chrX	98900001	98910000	B.2.2.1.2.1.1.2.2	0.125	0.0856164383561644
chrX	98910001	98920000	B.2.2.1.2.1.1.2.2	0.125	0.0856164383561644
chrX	98920001	98930000	B.2.2.1.2.1.1.2.2	0.125	0.0856164383561644
chrX	98930001	98940000	B.2.2.1.2.1.1.2.2	0.125	0.0856164383561644
chrX	98940001	98950000	B.2.2.1.2.1.1.2.2	0.125	0.0856164383561644
chrX	98950001	98960000	B.2.2.1.2.1.1.2.2	0.125	0.0856164383561644
chrX	98960001	98970000	B.2.2.1.2.1.1.2.2	0.125	0.0856164383561644
chrX	98970001	98980000	B.2.2.1.2.1.1.2.2	0.125	0.0856164383561644
chrX	98980001	98990000	B.2.2.1.2.1.1.2.2	0.125	0.0856164383561644
chrX	98990001	9.9e+07	B.2.2.1.2.1.1.2.2	0.125	0.0856164383561644
chrX	99000001	99010000	B.2.2.1.2.1.1.2.2	0.125	0.0856164383561644
chrX	99010001	99020000	B.2.2.1.2.1.1.2.2	0.125	0.0856164383561644
chrX	99020001	99030000	B.2.2.1.2.1.1.2.2	0.125	0.0856164383561644
chrX	99030001	99040000	B.2.2.1.2.1.1.2.2	0.125	0.0856164383561644
chrX	99040001	99050000	B.2.2.1.2.1.1.2.2	0.125	0.0856164383561644
chrX	99050001	99060000	B.2.1.2.2.2.1.2.2.2	0.25	0.160958904109589
chrX	99060001	99070000	B.2.1.2.2.2.1.2.2.2	0.25	0.160958904109589
chrX	99070001	99080000	B.2.1.2.2.2.1.2.2.2	0.25	0.160958904109589
chrX	99080001	99090000	B.2.1.2.2.2.1.2.2.2	0.25	0.160958904109589
chrX	99090001	99100000	B.2.1.2.2.2.1.2.2.2	0.25	0.160958904109589
chrX	99100001	99110000	B.2.1.2.2.2.1.2.2.2	0.25	0.160958904109589
chrX	99110001	99120000	B.2.1.2.2.2.1.2.2.2	0.25	0.160958904109589
chrX	99120001	99130000	B.2.1.2.2.2.1.2.2.2	0.25	0.160958904109589
chrX	99130001	99140000	B.2.1.2.2.2.1.2.2.2	0.25	0.160958904109589
chrX	99140001	99150000	B.2.1.2.2.2.1.2.2.2	0.25	0.160958904109589
chrX	99150001	99160000	B.2.1.2.2.2.1.2.2.2	0.25	0.160958904109589
chrX	99160001	99170000	B.2.1.2.2.2.1.2.2.2	0.25	0.160958904109589
chrX	99170001	99180000	B.2.1.2.2.2.1.2.2.2	0.25	0.160958904109589
chrX	99180001	99190000	B.2.1.2.2.2.1.2.2.2	0.25	0.160958904109589
chrX	99190001	99200000	B.2.1.2.2.2.1.2.2.2	0.25	0.160958904109589
chrX	99200001	99210000	B.2.1.2.2.2.1.2.2.2	0.25	0.160958904109589
chrX	99210001	99220000	B.2.1.2.2.2.1.2.2.2	0.25	0.160958904109589
chrX	99220001	99230000	B.2.1.2.2.2.1.2.2.2	0.25	0.160958904109589
chrX	99230001	99240000	B.2.1.2.2.2.1.2.2.2	0.25	0.160958904109589
chrX	99240001	99250000	B.2.1.2.2.2.1.2.2.2	0.25	0.160958904109589
chrX	99250001	99260000	B.2.1.2.2.2.1.2.2.2	0.25	0.160958904109589
chrX	99260001	99270000	B.2.1.2.2.2.1.2.2.2	0.25	0.160958904109589
chrX	99270001	99280000	B.2.1.2.2.2.1.2.2.2	0.25	0.160958904109589
chrX	99280001	99290000	B.2.1.2.2.2.1.2.2.2	0.25	0.160958904109589
chrX	99290001	99300000	B.2.1.2.2.2.1.2.2.2	0.25	0.160958904109589
chrX	99300001	99310000	B.2.1.2.2.2.1.2.2.2	0.25	0.160958904109589
chrX	99310001	99320000	B.2.1.2.2.2.1.2.2.2	0.25	0.160958904109589
chrX	99320001	99330000	B.2.1.2.2.2.1.2.2.2	0.25	0.160958904109589
chrX	99330001	99340000	B.2.1.2.2.2.1.2.2.2	0.25	0.160958904109589
chrX	99340001	99350000	B.2.1.2.2.2.1.2.2.2	0.25	0.160958904109589
chrX	99350001	99360000	B.2.1.2.2.2.1.1.1.1	0.25	0.205479452054795
chrX	99360001	99370000	B.2.1.2.2.2.1.1.1.1	0.25	0.205479452054795
chrX	99370001	99380000	B.2.1.2.2.2.1.1.1.1	0.25	0.205479452054795
chrX	99380001	99390000	B.2.1.2.2.2.1.1.1.1	0.25	0.205479452054795
chrX	99390001	99400000	B.2.1.2.2.2.1.1.1.1	0.25	0.205479452054795
chrX	99400001	99410000	B.2.1.2.2.2.1.1.1.1	0.25	0.205479452054795
chrX	99410001	99420000	B.2.1.2.2.2.1.1.1.1	0.25	0.205479452054795
chrX	99420001	99430000	B.2.1.2.2.2.1.1.1.1	0.25	0.205479452054795
chrX	99430001	99440000	B.2.1.2.2.2.1.1.1.1	0.25	0.205479452054795
chrX	99440001	99450000	B.2.1.2.2.2.1.1.1.1	0.25	0.205479452054795
chrX	99450001	99460000	B.2.1.2.2.2.1.1.1.1	0.25	0.205479452054795
chrX	99460001	99470000	B.2.1.2.2.2.1.1.1.1	0.25	0.205479452054795
chrX	99470001	99480000	B.2.1.2.2.2.1.1.1.1	0.25	0.205479452054795
chrX	99480001	99490000	B.2.1.2.2.2.1.1.1.1	0.25	0.205479452054795
chrX	99490001	99500000	B.2.1.2.2.2.1.1.1.1	0.25	0.205479452054795
chrX	99500001	99510000	A.2.2.1.2.1.2.1.2	0.625	0.73972602739726
chrX	99510001	99520000	A.2.2.1.2.1.2.1.2	0.625	0.73972602739726
chrX	99520001	99530000	A.2.2.1.2.1.2.1.2	0.625	0.73972602739726
chrX	99530001	99540000	A.2.2.1.2.1.2.1.2	0.625	0.73972602739726
chrX	99540001	99550000	A.2.2.1.2.1.2.1.2	0.625	0.73972602739726
chrX	99550001	99560000	A.2.2.1.2.1.2.1.2	0.625	0.73972602739726
chrX	99560001	99570000	A.2.2.1.2.1.2.1.2	0.625	0.73972602739726
chrX	99570001	99580000	A.2.2.1.2.1.2.1.2	0.625	0.73972602739726
chrX	99580001	99590000	A.2.2.1.2.1.2.1.2	0.625	0.73972602739726
chrX	99590001	99600000	A.2.2.1.2.1.2.1.2	0.625	0.73972602739726
chrX	99600001	99610000	A.2.2.1.2.1.2.1.2	0.625	0.73972602739726
chrX	99610001	99620000	A.2.2.1.2.1.2.1.2	0.625	0.73972602739726
chrX	99620001	99630000	A.2.2.1.2.1.2.1.2	0.625	0.73972602739726
chrX	99630001	99640000	A.2.2.1.2.1.2.1.2	0.625	0.73972602739726
chrX	99640001	99650000	A.2.2.1.2.1.2.1.2	0.625	0.73972602739726
chrX	99650001	99660000	A.2.2.1.2.1.2.1.2	0.625	0.73972602739726
chrX	99660001	99670000	A.2.2.1.2.1.2.1.2	0.625	0.73972602739726
chrX	99670001	99680000	A.2.2.1.2.1.2.1.2	0.625	0.73972602739726
chrX	99680001	99690000	A.2.2.1.2.1.2.1.2	0.625	0.73972602739726
chrX	99690001	99700000	A.2.2.1.2.1.2.1.2	0.625	0.73972602739726
chrX	99700001	99710000	A.2.2.1.2.1.2.1.2	0.625	0.73972602739726
chrX	99710001	99720000	A.2.2.1.2.1.2.1.2	0.625	0.73972602739726
chrX	99720001	99730000	A.2.2.1.2.1.2.1.2	0.625	0.73972602739726
chrX	99730001	99740000	A.2.2.1.2.1.2.1.2	0.625	0.73972602739726
chrX	99740001	99750000	A.2.2.1.2.1.2.1.2	0.625	0.73972602739726
chrX	99750001	99760000	A.2.2.1.2.1.2.1.2	0.625	0.73972602739726
chrX	99760001	99770000	A.2.2.1.2.1.2.1.2	0.625	0.73972602739726
chrX	99770001	99780000	A.2.2.1.2.1.2.1.2	0.625	0.73972602739726
chrX	99780001	99790000	A.2.2.1.2.1.2.1.2	0.625	0.73972602739726
chrX	99790001	99800000	A.2.2.1.2.1.2.1.2	0.625	0.73972602739726
chrX	99800001	99810000	A.2.2.1.2.1.2.1.2	0.625	0.73972602739726
chrX	99810001	99820000	A.2.2.1.2.1.2.1.2	0.625	0.73972602739726
chrX	99820001	99830000	A.2.2.1.2.1.2.1.2	0.625	0.73972602739726
chrX	99830001	99840000	A.2.2.1.2.1.2.1.2	0.625	0.73972602739726
chrX	99840001	99850000	A.2.2.1.2.1.2.1.2	0.625	0.73972602739726
chrX	99850001	99860000	A.2.2.1.2.1.2.1.2	0.625	0.73972602739726
chrX	99860001	99870000	A.2.2.1.2.1.2.1.2	0.625	0.73972602739726
chrX	99870001	99880000	A.2.2.1.2.1.2.1.2	0.625	0.73972602739726
chrX	99880001	99890000	A.2.2.1.2.1.2.1.2	0.625	0.73972602739726
chrX	99890001	99900000	A.2.2.1.2.1.2.1.2	0.625	0.73972602739726
chrX	99900001	99910000	A.2.2.1.2.1.2.1.2	0.625	0.73972602739726
chrX	99910001	99920000	A.2.2.1.2.1.2.1.2	0.625	0.73972602739726
chrX	99920001	99930000	A.2.2.1.2.1.2.1.2	0.625	0.73972602739726
chrX	99930001	99940000	A.2.2.1.2.1.2.1.2	0.625	0.73972602739726
chrX	99940001	99950000	A.2.2.1.2.1.2.1.2	0.625	0.73972602739726
chrX	99950001	99960000	A.2.2.1.2.1.2.1.2	0.625	0.73972602739726
chrX	99960001	99970000	A.2.2.1.2.1.2.1.2	0.625	0.73972602739726
chrX	99970001	99980000	A.2.2.1.2.1.2.1.2	0.625	0.73972602739726
chrX	99980001	99990000	A.2.2.1.2.1.2.1.2	0.625	0.73972602739726
chrX	99990001	1e+08	A.2.2.1.2.1.2.1.2	0.625	0.73972602739726
chrX	100000001	100010000	A.2.2.1.2.1.2.1.2	0.625	0.73972602739726
chrX	100010001	100020000	A.2.2.1.2.1.2.1.2	0.625	0.73972602739726
chrX	100020001	100030000	A.2.2.1.2.1.2.1.2	0.625	0.73972602739726
chrX	100030001	100040000	A.2.2.1.2.1.2.1.2	0.625	0.73972602739726
chrX	100040001	100050000	A.2.2.1.2.1.2.1.2	0.625	0.73972602739726
chrX	100050001	100060000	A.1.1.2.2.1.1	1	0.955479452054795
chrX	100060001	100070000	A.1.1.2.2.1.1	1	0.955479452054795
chrX	100070001	100080000	A.1.1.2.2.1.1	1	0.955479452054795
chrX	100080001	100090000	A.1.1.2.2.1.1	1	0.955479452054795
chrX	100090001	100100000	A.1.1.2.2.1.1	1	0.955479452054795
chrX	100100001	100110000	A.1.1.2.2.1.1	1	0.955479452054795
chrX	100110001	100120000	A.1.1.2.2.1.1	1	0.955479452054795
chrX	100120001	100130000	A.1.1.2.2.1.1	1	0.955479452054795
chrX	100130001	100140000	A.1.1.2.2.1.1	1	0.955479452054795
chrX	100140001	100150000	A.1.1.2.2.1.1	1	0.955479452054795
chrX	100150001	100160000	A.1.1.2.2.1.1	1	0.955479452054795
chrX	100160001	100170000	A.1.1.2.2.1.1	1	0.955479452054795
chrX	100170001	100180000	A.1.1.2.2.1.1	1	0.955479452054795
chrX	100180001	100190000	A.1.1.2.2.1.1	1	0.955479452054795
chrX	100190001	100200000	A.1.1.2.2.1.1	1	0.955479452054795
chrX	100200001	100210000	A.1.1.2.2.1.1	1	0.955479452054795
chrX	100210001	100220000	A.1.1.2.2.1.1	1	0.955479452054795
chrX	100220001	100230000	A.1.1.2.2.1.1	1	0.955479452054795
chrX	100230001	100240000	A.1.1.2.2.1.1	1	0.955479452054795
chrX	100240001	100250000	A.1.1.2.2.1.1	1	0.955479452054795
chrX	100250001	100260000	A.1.1.2.2.1.1	1	0.955479452054795
chrX	100260001	100270000	A.1.1.2.2.1.1	1	0.955479452054795
chrX	100270001	100280000	A.1.1.2.2.1.1	1	0.955479452054795
chrX	100280001	100290000	A.1.1.2.2.1.1	1	0.955479452054795
chrX	100290001	100300000	A.1.1.2.2.1.1	1	0.955479452054795
chrX	100300001	100310000	A.1.1.2.2.1.1	1	0.955479452054795
chrX	100310001	100320000	A.1.1.2.2.1.1	1	0.955479452054795
chrX	100320001	100330000	A.1.1.2.2.1.1	1	0.955479452054795
chrX	100330001	100340000	A.1.1.2.2.1.1	1	0.955479452054795
chrX	100340001	100350000	A.1.1.2.2.1.1	1	0.955479452054795
chrX	100350001	100360000	A.1.1.2.1.2.1.1	1	0.965753424657534
chrX	100360001	100370000	A.1.1.2.1.2.1.1	1	0.965753424657534
chrX	100370001	100380000	A.1.1.2.1.2.1.1	1	0.965753424657534
chrX	100380001	100390000	A.1.1.2.1.2.1.1	1	0.965753424657534
chrX	100390001	100400000	A.1.1.2.1.2.1.1	1	0.965753424657534
chrX	100400001	100410000	A.1.1.2.1.2.1.1	1	0.965753424657534
chrX	100410001	100420000	A.1.1.2.1.2.1.1	1	0.965753424657534
chrX	100420001	100430000	A.1.1.2.1.2.1.1	1	0.965753424657534
chrX	100430001	100440000	A.1.1.2.1.2.1.1	1	0.965753424657534
chrX	100440001	100450000	A.1.1.2.1.2.1.1	1	0.965753424657534
chrX	100450001	100460000	A.1.1.2.1.2.1.1	1	0.965753424657534
chrX	100460001	100470000	A.1.1.2.1.2.1.1	1	0.965753424657534
chrX	100470001	100480000	A.1.1.2.1.2.1.1	1	0.965753424657534
chrX	100480001	100490000	A.1.1.2.1.2.1.1	1	0.965753424657534
chrX	100490001	100500000	A.1.1.2.1.2.1.1	1	0.965753424657534
chrX	100500001	100510000	A.1.1.2.1.2.1.1	1	0.965753424657534
chrX	100510001	100520000	A.1.1.2.1.2.1.1	1	0.965753424657534
chrX	100520001	100530000	A.1.1.2.1.2.1.1	1	0.965753424657534
chrX	100530001	100540000	A.1.1.2.1.2.1.1	1	0.965753424657534
chrX	100540001	100550000	A.1.1.2.1.2.1.1	1	0.965753424657534
chrX	100550001	100560000	A.1.1.2.1.2.1.1	1	0.965753424657534
chrX	100560001	100570000	A.1.1.2.1.2.1.1	1	0.965753424657534
chrX	100570001	100580000	A.1.1.2.1.2.1.1	1	0.965753424657534
chrX	100580001	100590000	A.1.1.2.1.2.1.1	1	0.965753424657534
chrX	100590001	100600000	A.1.1.2.1.2.1.1	1	0.965753424657534
chrX	100600001	100610000	A.1.2.1.2.1.2.1	0.875	0.907534246575342
chrX	100610001	100620000	A.1.2.1.2.1.2.1	0.875	0.907534246575342
chrX	100620001	100630000	A.1.2.1.2.1.2.1	0.875	0.907534246575342
chrX	100630001	100640000	A.1.2.1.2.1.2.1	0.875	0.907534246575342
chrX	100640001	100650000	A.1.2.1.2.1.2.1	0.875	0.907534246575342
chrX	100650001	100660000	A.1.2.1.2.1.2.1	0.875	0.907534246575342
chrX	100660001	100670000	A.1.2.1.2.1.2.1	0.875	0.907534246575342
chrX	100670001	100680000	A.1.2.1.2.1.2.1	0.875	0.907534246575342
chrX	100680001	100690000	A.1.2.1.2.1.2.1	0.875	0.907534246575342
chrX	100690001	100700000	A.1.2.1.2.1.2.1	0.875	0.907534246575342
chrX	100700001	100710000	B.1.1.1.2.1.2.1.1	0.5	0.64041095890411
chrX	100710001	100720000	B.1.1.1.2.1.2.1.1	0.5	0.64041095890411
chrX	100720001	100730000	B.1.1.1.2.1.2.1.1	0.5	0.64041095890411
chrX	100730001	100740000	B.1.1.1.2.1.2.1.1	0.5	0.64041095890411
chrX	100740001	100750000	B.1.1.1.2.1.2.1.1	0.5	0.64041095890411
chrX	100750001	100760000	B.1.1.1.2.1.2.1.1	0.5	0.64041095890411
chrX	100760001	100770000	B.1.1.1.2.1.2.1.1	0.5	0.64041095890411
chrX	100770001	100780000	B.1.1.1.2.1.2.1.1	0.5	0.64041095890411
chrX	100780001	100790000	B.1.1.1.2.1.2.1.1	0.5	0.64041095890411
chrX	100790001	100800000	B.1.1.1.2.1.2.1.1	0.5	0.64041095890411
chrX	100800001	100810000	B.1.1.1.2.1.2.1.1	0.5	0.64041095890411
chrX	100810001	100820000	B.1.1.1.2.1.2.1.1	0.5	0.64041095890411
chrX	100820001	100830000	B.1.1.1.2.1.2.1.1	0.5	0.64041095890411
chrX	100830001	100840000	B.1.1.1.2.1.2.1.1	0.5	0.64041095890411
chrX	100840001	100850000	B.1.1.1.2.1.2.1.1	0.5	0.64041095890411
chrX	100850001	100860000	B.1.1.1.2.1.2.1.1	0.5	0.64041095890411
chrX	100860001	100870000	B.1.1.1.2.1.2.1.1	0.5	0.64041095890411
chrX	100870001	100880000	B.1.1.1.2.1.2.1.1	0.5	0.64041095890411
chrX	100880001	100890000	B.1.1.1.2.1.2.1.1	0.5	0.64041095890411
chrX	100890001	100900000	B.1.1.1.2.1.2.1.1	0.5	0.64041095890411
chrX	100900001	100910000	B.1.1.1.2.1.2.1.1	0.5	0.64041095890411
chrX	100910001	100920000	B.1.1.1.2.1.2.1.1	0.5	0.64041095890411
chrX	100920001	100930000	B.1.1.1.2.1.2.1.1	0.5	0.64041095890411
chrX	100930001	100940000	B.1.1.1.2.1.2.1.1	0.5	0.64041095890411
chrX	100940001	100950000	B.1.1.1.2.1.2.1.1	0.5	0.64041095890411
chrX	100950001	100960000	B.1.1.1.2.1.2.1.1	0.5	0.64041095890411
chrX	100960001	100970000	B.1.1.1.2.1.2.1.1	0.5	0.64041095890411
chrX	100970001	100980000	B.1.1.1.2.1.2.1.1	0.5	0.64041095890411
chrX	100980001	100990000	B.1.1.1.2.1.2.1.1	0.5	0.64041095890411
chrX	100990001	1.01e+08	B.1.1.1.2.1.2.1.1	0.5	0.64041095890411
chrX	101000001	101010000	B.1.1.1.2.1.2.1.1	0.5	0.64041095890411
chrX	101010001	101020000	B.1.1.1.2.1.2.1.1	0.5	0.64041095890411
chrX	101020001	101030000	B.1.1.1.2.1.2.1.1	0.5	0.64041095890411
chrX	101030001	101040000	B.1.1.1.2.1.2.1.1	0.5	0.64041095890411
chrX	101040001	101050000	B.1.1.1.2.1.2.1.1	0.5	0.64041095890411
chrX	101050001	101060000	B.1.1.1.2.1.2.1.1	0.5	0.64041095890411
chrX	101060001	101070000	B.1.1.1.2.1.2.1.1	0.5	0.64041095890411
chrX	101070001	101080000	B.1.1.1.2.1.2.1.1	0.5	0.64041095890411
chrX	101080001	101090000	B.1.1.1.2.1.2.1.1	0.5	0.64041095890411
chrX	101090001	101100000	B.1.1.1.2.1.2.1.1	0.5	0.64041095890411
chrX	101100001	101110000	B.2.1.2.2.2.1.1.1.2.2.1	0.25	0.198630136986301
chrX	101110001	101120000	B.2.1.2.2.2.1.1.1.2.2.1	0.25	0.198630136986301
chrX	101120001	101130000	B.2.1.2.2.2.1.1.1.2.2.1	0.25	0.198630136986301
chrX	101130001	101140000	B.2.1.2.2.2.1.1.1.2.2.1	0.25	0.198630136986301
chrX	101140001	101150000	B.2.1.2.2.2.1.1.1.2.2.1	0.25	0.198630136986301
chrX	101150001	101160000	B.2.1.2.2.2.1.1.1.2.2.1	0.25	0.198630136986301
chrX	101160001	101170000	B.2.1.2.2.2.1.1.1.2.2.1	0.25	0.198630136986301
chrX	101170001	101180000	B.2.1.2.2.2.1.1.1.2.2.1	0.25	0.198630136986301
chrX	101180001	101190000	B.2.1.2.2.2.1.1.1.2.2.1	0.25	0.198630136986301
chrX	101190001	101200000	B.2.1.2.2.2.1.1.1.2.2.1	0.25	0.198630136986301
chrX	101200001	101210000	B.2.1.2.2.2.1.1.1.2.2.1	0.25	0.198630136986301
chrX	101210001	101220000	B.2.1.2.2.2.1.1.1.2.2.1	0.25	0.198630136986301
chrX	101220001	101230000	B.2.1.2.2.2.1.1.1.2.2.1	0.25	0.198630136986301
chrX	101230001	101240000	B.2.1.2.2.2.1.1.1.2.2.1	0.25	0.198630136986301
chrX	101240001	101250000	B.2.1.2.2.2.1.1.1.2.2.1	0.25	0.198630136986301
chrX	101250001	101260000	B.2.1.2.2.2.1.1.1.2.2.1	0.25	0.198630136986301
chrX	101260001	101270000	B.2.1.2.2.2.1.1.1.2.2.1	0.25	0.198630136986301
chrX	101270001	101280000	B.2.1.2.2.2.1.1.1.2.2.1	0.25	0.198630136986301
chrX	101280001	101290000	B.2.1.2.2.2.1.1.1.2.2.1	0.25	0.198630136986301
chrX	101290001	101300000	B.2.1.2.2.2.1.1.1.2.2.1	0.25	0.198630136986301
chrX	101300001	101310000	B.2.1.2.2.2.1.1.1.2.2.1	0.25	0.198630136986301
chrX	101310001	101320000	B.2.1.2.2.2.1.1.1.2.2.1	0.25	0.198630136986301
chrX	101320001	101330000	B.2.1.2.2.2.1.1.1.2.2.1	0.25	0.198630136986301
chrX	101330001	101340000	B.2.1.2.2.2.1.1.1.2.2.1	0.25	0.198630136986301
chrX	101340001	101350000	B.2.1.2.2.2.1.1.1.2.2.1	0.25	0.198630136986301
chrX	101350001	101360000	B.2.1.2.2.2.1.1.1.2.2.1	0.25	0.198630136986301
chrX	101360001	101370000	B.2.1.2.2.2.1.1.1.2.2.1	0.25	0.198630136986301
chrX	101370001	101380000	B.2.1.2.2.2.1.1.1.2.2.1	0.25	0.198630136986301
chrX	101380001	101390000	B.2.1.2.2.2.1.1.1.2.2.1	0.25	0.198630136986301
chrX	101390001	101400000	B.2.1.2.2.2.1.1.1.2.2.1	0.25	0.198630136986301
chrX	101400001	101410000	B.2.1.2.2.2.1.1.1.2.2.1	0.25	0.198630136986301
chrX	101410001	101420000	B.2.1.2.2.2.1.1.1.2.2.1	0.25	0.198630136986301
chrX	101420001	101430000	B.2.1.2.2.2.1.1.1.2.2.1	0.25	0.198630136986301
chrX	101430001	101440000	B.2.1.2.2.2.1.1.1.2.2.1	0.25	0.198630136986301
chrX	101440001	101450000	B.2.1.2.2.2.1.1.1.2.2.1	0.25	0.198630136986301
chrX	101700001	101710000	B.2.1.2.2.2.1.1.1.2.2.1	0.25	0.198630136986301
chrX	101710001	101720000	B.2.1.2.2.2.1.1.1.2.2.1	0.25	0.198630136986301
chrX	101720001	101730000	B.2.1.2.2.2.1.1.1.2.2.1	0.25	0.198630136986301
chrX	101730001	101740000	B.2.1.2.2.2.1.1.1.2.2.1	0.25	0.198630136986301
chrX	101740001	101750000	B.2.1.2.2.2.1.1.1.2.2.1	0.25	0.198630136986301
chrX	101750001	101760000	B.2.1.2.2.2.1.1.1.2.2.1	0.25	0.198630136986301
chrX	101760001	101770000	B.2.1.2.2.2.1.1.1.2.2.1	0.25	0.198630136986301
chrX	101770001	101780000	B.2.1.2.2.2.1.1.1.2.2.1	0.25	0.198630136986301
chrX	101780001	101790000	B.2.1.2.2.2.1.1.1.2.2.1	0.25	0.198630136986301
chrX	101790001	101800000	B.2.1.2.2.2.1.1.1.2.2.1	0.25	0.198630136986301
chrX	101800001	101810000	B.2.1.2.2.2.1.1.1.2.2.1	0.25	0.198630136986301
chrX	101810001	101820000	B.2.1.2.2.2.1.1.1.2.2.1	0.25	0.198630136986301
chrX	101820001	101830000	B.2.1.2.2.2.1.1.1.2.2.1	0.25	0.198630136986301
chrX	101830001	101840000	B.2.1.2.2.2.1.1.1.2.2.1	0.25	0.198630136986301
chrX	101840001	101850000	B.2.1.2.2.2.1.1.1.2.2.1	0.25	0.198630136986301
chrX	101850001	101860000	A.2.2.1.2.1.1.1	0.625	0.75
chrX	101860001	101870000	A.2.2.1.2.1.1.1	0.625	0.75
chrX	101870001	101880000	A.2.2.1.2.1.1.1	0.625	0.75
chrX	101880001	101890000	A.2.2.1.2.1.1.1	0.625	0.75
chrX	101890001	101900000	A.2.2.1.2.1.1.1	0.625	0.75
chrX	101900001	101910000	A.2.2.1.2.1.1.1	0.625	0.75
chrX	101910001	101920000	A.2.2.1.2.1.1.1	0.625	0.75
chrX	101920001	101930000	A.2.2.1.2.1.1.1	0.625	0.75
chrX	101930001	101940000	A.2.2.1.2.1.1.1	0.625	0.75
chrX	101940001	101950000	A.2.2.1.2.1.1.1	0.625	0.75
chrX	101950001	101960000	A.2.2.1.2.1.1.1	0.625	0.75
chrX	101960001	101970000	A.2.2.1.2.1.1.1	0.625	0.75
chrX	101970001	101980000	A.2.2.1.2.1.1.1	0.625	0.75
chrX	101980001	101990000	A.2.2.1.2.1.1.1	0.625	0.75
chrX	101990001	1.02e+08	A.2.2.1.2.1.1.1	0.625	0.75
chrX	102000001	102010000	A.2.2.1.2.1.1.1	0.625	0.75
chrX	102010001	102020000	A.2.2.1.2.1.1.1	0.625	0.75
chrX	102020001	102030000	A.2.2.1.2.1.1.1	0.625	0.75
chrX	102030001	102040000	A.2.2.1.2.1.1.1	0.625	0.75
chrX	102040001	102050000	A.2.2.1.2.1.1.1	0.625	0.75
chrX	102050001	102060000	A.2.2.1.2.1.1.1	0.625	0.75
chrX	102060001	102070000	A.2.2.1.2.1.1.1	0.625	0.75
chrX	102070001	102080000	A.2.2.1.2.1.1.1	0.625	0.75
chrX	102080001	102090000	A.2.2.1.2.1.1.1	0.625	0.75
chrX	102090001	102100000	A.2.2.1.2.1.1.1	0.625	0.75
chrX	102100001	102110000	A.2.2.1.2.1.1.1	0.625	0.75
chrX	102110001	102120000	A.2.2.1.2.1.1.1	0.625	0.75
chrX	102120001	102130000	A.2.2.1.2.1.1.1	0.625	0.75
chrX	102130001	102140000	A.2.2.1.2.1.1.1	0.625	0.75
chrX	102140001	102150000	A.2.2.1.2.1.1.1	0.625	0.75
chrX	102150001	102160000	A.2.2.1.2.1.1.1	0.625	0.75
chrX	102160001	102170000	A.2.2.1.2.1.1.1	0.625	0.75
chrX	102170001	102180000	A.2.2.1.2.1.1.1	0.625	0.75
chrX	102180001	102190000	A.2.2.1.2.1.1.1	0.625	0.75
chrX	102190001	102200000	A.2.2.1.2.1.1.1	0.625	0.75
chrX	102200001	102210000	A.2.2.1.2.1.1.1	0.625	0.75
chrX	102210001	102220000	A.2.2.1.2.1.1.1	0.625	0.75
chrX	102220001	102230000	A.2.2.1.2.1.1.1	0.625	0.75
chrX	102230001	102240000	A.2.2.1.2.1.1.1	0.625	0.75
chrX	102240001	102250000	A.2.2.1.2.1.1.1	0.625	0.75
chrX	102250001	102260000	A.2.2.1.2.1.1.1	0.625	0.75
chrX	102260001	102270000	A.2.2.1.2.1.1.1	0.625	0.75
chrX	102270001	102280000	A.2.2.1.2.1.1.1	0.625	0.75
chrX	102280001	102290000	A.2.2.1.2.1.1.1	0.625	0.75
chrX	102290001	102300000	A.2.2.1.2.1.1.1	0.625	0.75
chrX	102300001	102310000	A.2.2.1.2.1.1.1	0.625	0.75
chrX	102310001	102320000	A.2.2.1.2.1.1.1	0.625	0.75
chrX	102320001	102330000	A.2.2.1.2.1.1.1	0.625	0.75
chrX	102330001	102340000	A.2.2.1.2.1.1.1	0.625	0.75
chrX	102340001	102350000	A.2.2.1.2.1.1.1	0.625	0.75
chrX	102350001	102360000	A.2.2.1.2.1.1.1	0.625	0.75
chrX	102360001	102370000	A.2.2.1.2.1.1.1	0.625	0.75
chrX	102370001	102380000	A.2.2.1.2.1.1.1	0.625	0.75
chrX	102380001	102390000	A.2.2.1.2.1.1.1	0.625	0.75
chrX	102390001	102400000	A.2.2.1.2.1.1.1	0.625	0.75
chrX	102400001	102410000	A.1.2.1.2.1.1.1.2	0.875	0.914383561643836
chrX	102410001	102420000	A.1.2.1.2.1.1.1.2	0.875	0.914383561643836
chrX	102420001	102430000	A.1.2.1.2.1.1.1.2	0.875	0.914383561643836
chrX	102430001	102440000	A.1.2.1.2.1.1.1.2	0.875	0.914383561643836
chrX	102440001	102450000	A.1.2.1.2.1.1.1.2	0.875	0.914383561643836
chrX	102450001	102460000	A.1.2.1.2.1.1.1.2	0.875	0.914383561643836
chrX	102460001	102470000	A.1.2.1.2.1.1.1.2	0.875	0.914383561643836
chrX	102470001	102480000	A.1.2.1.2.1.1.1.2	0.875	0.914383561643836
chrX	102480001	102490000	A.1.2.1.2.1.1.1.2	0.875	0.914383561643836
chrX	102490001	102500000	A.1.2.1.2.1.1.1.2	0.875	0.914383561643836
chrX	102500001	102510000	A.1.2.1.2.1.1.1.2	0.875	0.914383561643836
chrX	102510001	102520000	A.1.2.1.2.1.1.1.2	0.875	0.914383561643836
chrX	102520001	102530000	A.1.2.1.2.1.1.1.2	0.875	0.914383561643836
chrX	102530001	102540000	A.1.2.1.2.1.1.1.2	0.875	0.914383561643836
chrX	102540001	102550000	A.1.2.1.2.1.1.1.2	0.875	0.914383561643836
chrX	102550001	102560000	A.1.2.1.2.1.1.1.2	0.875	0.914383561643836
chrX	102560001	102570000	A.1.2.1.2.1.1.1.2	0.875	0.914383561643836
chrX	102570001	102580000	A.1.2.1.2.1.1.1.2	0.875	0.914383561643836
chrX	102580001	102590000	A.1.2.1.2.1.1.1.2	0.875	0.914383561643836
chrX	102590001	102600000	A.1.2.1.2.1.1.1.2	0.875	0.914383561643836
chrX	102600001	102610000	A.1.2.1.2.1.1.1.2	0.875	0.914383561643836
chrX	102610001	102620000	A.1.2.1.2.1.1.1.2	0.875	0.914383561643836
chrX	102620001	102630000	A.1.2.1.2.1.1.1.2	0.875	0.914383561643836
chrX	102630001	102640000	A.1.2.1.2.1.1.1.2	0.875	0.914383561643836
chrX	102640001	102650000	A.1.2.1.2.1.1.1.2	0.875	0.914383561643836
chrX	102650001	102660000	A.1.2.1.2.1.1.1.2	0.875	0.914383561643836
chrX	102660001	102670000	A.1.2.1.2.1.1.1.2	0.875	0.914383561643836
chrX	102670001	102680000	A.1.2.1.2.1.1.1.2	0.875	0.914383561643836
chrX	102680001	102690000	A.1.2.1.2.1.1.1.2	0.875	0.914383561643836
chrX	102690001	102700000	A.1.2.1.2.1.1.1.2	0.875	0.914383561643836
chrX	102700001	102710000	A.1.2.1.2.1.1.1.2	0.875	0.914383561643836
chrX	102710001	102720000	A.1.2.1.2.1.1.1.2	0.875	0.914383561643836
chrX	102720001	102730000	A.1.2.1.2.1.1.1.2	0.875	0.914383561643836
chrX	102730001	102740000	A.1.2.1.2.1.1.1.2	0.875	0.914383561643836
chrX	102740001	102750000	A.1.2.1.2.1.1.1.2	0.875	0.914383561643836
chrX	102750001	102760000	A.1.2.1.2.1.1.1.2	0.875	0.914383561643836
chrX	102760001	102770000	A.1.2.1.2.1.1.1.2	0.875	0.914383561643836
chrX	102770001	102780000	A.1.2.1.2.1.1.1.2	0.875	0.914383561643836
chrX	102780001	102790000	A.1.2.1.2.1.1.1.2	0.875	0.914383561643836
chrX	102790001	102800000	A.1.2.1.2.1.1.1.2	0.875	0.914383561643836
chrX	102800001	102810000	A.1.2.1.2.1.1.1.2	0.875	0.914383561643836
chrX	102810001	102820000	A.1.2.1.2.1.1.1.2	0.875	0.914383561643836
chrX	102820001	102830000	A.1.2.1.2.1.1.1.2	0.875	0.914383561643836
chrX	102830001	102840000	A.1.2.1.2.1.1.1.2	0.875	0.914383561643836
chrX	102840001	102850000	A.1.2.1.2.1.1.1.2	0.875	0.914383561643836
chrX	102850001	102860000	A.1.1.2.2.1.2	1	0.952054794520548
chrX	102860001	102870000	A.1.1.2.2.1.2	1	0.952054794520548
chrX	102870001	102880000	A.1.1.2.2.1.2	1	0.952054794520548
chrX	102880001	102890000	A.1.1.2.2.1.2	1	0.952054794520548
chrX	102890001	102900000	A.1.1.2.2.1.2	1	0.952054794520548
chrX	102900001	102910000	A.1.1.2.2.1.2	1	0.952054794520548
chrX	102910001	102920000	A.1.1.2.2.1.2	1	0.952054794520548
chrX	102920001	102930000	A.1.1.2.2.1.2	1	0.952054794520548
chrX	102930001	102940000	A.1.1.2.2.1.2	1	0.952054794520548
chrX	102940001	102950000	A.1.1.2.2.1.2	1	0.952054794520548
chrX	102950001	102960000	A.1.1.2.2.1.2	1	0.952054794520548
chrX	102960001	102970000	A.1.1.2.2.1.2	1	0.952054794520548
chrX	102970001	102980000	A.1.1.2.2.1.2	1	0.952054794520548
chrX	102980001	102990000	A.1.1.2.2.1.2	1	0.952054794520548
chrX	102990001	1.03e+08	A.1.1.2.2.1.2	1	0.952054794520548
chrX	103000001	103010000	A.1.1.2.2.1.2	1	0.952054794520548
chrX	103010001	103020000	A.1.1.2.2.1.2	1	0.952054794520548
chrX	103020001	103030000	A.1.1.2.2.1.2	1	0.952054794520548
chrX	103030001	103040000	A.1.1.2.2.1.2	1	0.952054794520548
chrX	103040001	103050000	A.1.1.2.2.1.2	1	0.952054794520548
chrX	103050001	103060000	A.1.1.2.2.1.2	1	0.952054794520548
chrX	103060001	103070000	A.1.1.2.2.1.2	1	0.952054794520548
chrX	103070001	103080000	A.1.1.2.2.1.2	1	0.952054794520548
chrX	103080001	103090000	A.1.1.2.2.1.2	1	0.952054794520548
chrX	103090001	103100000	A.1.1.2.2.1.2	1	0.952054794520548
chrX	103100001	103110000	A.1.1.2.2.1.2	1	0.952054794520548
chrX	103110001	103120000	A.1.1.2.2.1.2	1	0.952054794520548
chrX	103120001	103130000	A.1.1.2.2.1.2	1	0.952054794520548
chrX	103130001	103140000	A.1.1.2.2.1.2	1	0.952054794520548
chrX	103140001	103150000	A.1.1.2.2.1.2	1	0.952054794520548
chrX	103150001	103160000	A.1.1.2.2.1.2	1	0.952054794520548
chrX	103160001	103170000	A.1.1.2.2.1.2	1	0.952054794520548
chrX	103170001	103180000	A.1.1.2.2.1.2	1	0.952054794520548
chrX	103180001	103190000	A.1.1.2.2.1.2	1	0.952054794520548
chrX	103190001	103200000	A.1.1.2.2.1.2	1	0.952054794520548
chrX	103200001	103210000	A.2.2.1.1.1.2	0.625	0.756849315068493
chrX	103210001	103220000	A.2.2.1.1.1.2	0.625	0.756849315068493
chrX	103220001	103230000	A.2.2.1.1.1.2	0.625	0.756849315068493
chrX	103230001	103240000	A.2.2.1.1.1.2	0.625	0.756849315068493
chrX	103240001	103250000	A.2.2.1.1.1.2	0.625	0.756849315068493
chrX	103250001	103260000	A.2.2.1.1.1.2	0.625	0.756849315068493
chrX	103260001	103270000	A.2.2.1.1.1.2	0.625	0.756849315068493
chrX	103270001	103280000	A.2.2.1.1.1.2	0.625	0.756849315068493
chrX	103280001	103290000	A.2.2.1.1.1.2	0.625	0.756849315068493
chrX	103290001	103300000	A.2.2.1.1.1.2	0.625	0.756849315068493
chrX	103300001	103310000	A.2.2.1.1.1.2	0.625	0.756849315068493
chrX	103310001	103320000	A.2.2.1.1.1.2	0.625	0.756849315068493
chrX	103320001	103330000	A.2.2.1.1.1.2	0.625	0.756849315068493
chrX	103330001	103340000	A.2.2.1.1.1.2	0.625	0.756849315068493
chrX	103340001	103350000	A.2.2.1.1.1.2	0.625	0.756849315068493
chrX	103350001	103360000	A.2.1.1.2.1.2.1.2.1	0.75	0.821917808219178
chrX	103360001	103370000	A.2.1.1.2.1.2.1.2.1	0.75	0.821917808219178
chrX	103370001	103380000	A.2.1.1.2.1.2.1.2.1	0.75	0.821917808219178
chrX	103380001	103390000	A.2.1.1.2.1.2.1.2.1	0.75	0.821917808219178
chrX	103390001	103400000	A.2.1.1.2.1.2.1.2.1	0.75	0.821917808219178
chrX	103400001	103410000	A.2.1.1.2.1.2.1.2.1	0.75	0.821917808219178
chrX	103410001	103420000	A.2.1.1.2.1.2.1.2.1	0.75	0.821917808219178
chrX	103420001	103430000	A.2.1.1.2.1.2.1.2.1	0.75	0.821917808219178
chrX	103430001	103440000	A.2.1.1.2.1.2.1.2.1	0.75	0.821917808219178
chrX	103440001	103450000	A.2.1.1.2.1.2.1.2.1	0.75	0.821917808219178
chrX	103450001	103460000	A.2.1.1.2.1.2.1.2.1	0.75	0.821917808219178
chrX	103460001	103470000	A.2.1.1.2.1.2.1.2.1	0.75	0.821917808219178
chrX	103470001	103480000	A.2.1.1.2.1.2.1.2.1	0.75	0.821917808219178
chrX	103480001	103490000	A.2.1.1.2.1.2.1.2.1	0.75	0.821917808219178
chrX	103490001	103500000	A.2.1.1.2.1.2.1.2.1	0.75	0.821917808219178
chrX	103500001	103510000	A.2.1.1.2.1.2.1.2.1	0.75	0.821917808219178
chrX	103510001	103520000	A.2.1.1.2.1.2.1.2.1	0.75	0.821917808219178
chrX	103520001	103530000	A.2.1.1.2.1.2.1.2.1	0.75	0.821917808219178
chrX	103530001	103540000	A.2.1.1.2.1.2.1.2.1	0.75	0.821917808219178
chrX	103540001	103550000	A.2.1.1.2.1.2.1.2.1	0.75	0.821917808219178
chrX	103550001	103560000	A.2.1.1.2.1.2.1.2.1	0.75	0.821917808219178
chrX	103560001	103570000	A.2.1.1.2.1.2.1.2.1	0.75	0.821917808219178
chrX	103570001	103580000	A.2.1.1.2.1.2.1.2.1	0.75	0.821917808219178
chrX	103580001	103590000	A.2.1.1.2.1.2.1.2.1	0.75	0.821917808219178
chrX	103590001	103600000	A.2.1.1.2.1.2.1.2.1	0.75	0.821917808219178
chrX	103600001	103610000	A.2.1.1.2.1.2.1.2.1	0.75	0.821917808219178
chrX	103610001	103620000	A.2.1.1.2.1.2.1.2.1	0.75	0.821917808219178
chrX	103620001	103630000	A.2.1.1.2.1.2.1.2.1	0.75	0.821917808219178
chrX	103630001	103640000	A.2.1.1.2.1.2.1.2.1	0.75	0.821917808219178
chrX	103640001	103650000	A.2.1.1.2.1.2.1.2.1	0.75	0.821917808219178
chrX	103650001	103660000	A.2.1.1.2.1.2.1.2.1	0.75	0.821917808219178
chrX	103660001	103670000	A.2.1.1.2.1.2.1.2.1	0.75	0.821917808219178
chrX	103670001	103680000	A.2.1.1.2.1.2.1.2.1	0.75	0.821917808219178
chrX	103680001	103690000	A.2.1.1.2.1.2.1.2.1	0.75	0.821917808219178
chrX	103690001	103700000	A.2.1.1.2.1.2.1.2.1	0.75	0.821917808219178
chrX	103700001	103710000	A.2.1.1.2.1.2.1.2.1	0.75	0.821917808219178
chrX	103710001	103720000	A.2.1.1.2.1.2.1.2.1	0.75	0.821917808219178
chrX	103720001	103730000	A.2.1.1.2.1.2.1.2.1	0.75	0.821917808219178
chrX	103730001	103740000	A.2.1.1.2.1.2.1.2.1	0.75	0.821917808219178
chrX	103740001	103750000	A.2.1.1.2.1.2.1.2.1	0.75	0.821917808219178
chrX	103750001	103760000	A.2.1.1.2.1.2.1.2.1	0.75	0.821917808219178
chrX	103760001	103770000	A.2.1.1.2.1.2.1.2.1	0.75	0.821917808219178
chrX	103770001	103780000	A.2.1.1.2.1.2.1.2.1	0.75	0.821917808219178
chrX	103780001	103790000	A.2.1.1.2.1.2.1.2.1	0.75	0.821917808219178
chrX	103790001	103800000	A.2.1.1.2.1.2.1.2.1	0.75	0.821917808219178
chrX	103800001	103810000	A.2.1.1.2.1.2.1.2.1	0.75	0.821917808219178
chrX	103810001	103820000	A.2.1.1.2.1.2.1.2.1	0.75	0.821917808219178
chrX	103820001	103830000	A.2.1.1.2.1.2.1.2.1	0.75	0.821917808219178
chrX	103830001	103840000	A.2.1.1.2.1.2.1.2.1	0.75	0.821917808219178
chrX	103840001	103850000	A.2.1.1.2.1.2.1.2.1	0.75	0.821917808219178
chrX	103850001	103860000	A.2.1.1.2.1.2.1.2.1	0.75	0.821917808219178
chrX	103860001	103870000	A.2.1.1.2.1.2.1.2.1	0.75	0.821917808219178
chrX	103870001	103880000	A.2.1.1.2.1.2.1.2.1	0.75	0.821917808219178
chrX	103880001	103890000	A.2.1.1.2.1.2.1.2.1	0.75	0.821917808219178
chrX	103890001	103900000	A.2.1.1.2.1.2.1.2.1	0.75	0.821917808219178
chrX	103900001	103910000	B.1.2.1.1.1.2.1.1.2	0.375	0.527397260273973
chrX	103910001	103920000	B.1.2.1.1.1.2.1.1.2	0.375	0.527397260273973
chrX	103920001	103930000	B.1.2.1.1.1.2.1.1.2	0.375	0.527397260273973
chrX	103930001	103940000	B.1.2.1.1.1.2.1.1.2	0.375	0.527397260273973
chrX	103940001	103950000	B.1.2.1.1.1.2.1.1.2	0.375	0.527397260273973
chrX	103950001	103960000	B.1.2.1.1.1.2.1.1.2	0.375	0.527397260273973
chrX	103960001	103970000	B.1.2.1.1.1.2.1.1.2	0.375	0.527397260273973
chrX	103970001	103980000	B.1.2.1.1.1.2.1.1.2	0.375	0.527397260273973
chrX	103980001	103990000	B.1.2.1.1.1.2.1.1.2	0.375	0.527397260273973
chrX	103990001	1.04e+08	B.1.2.1.1.1.2.1.1.2	0.375	0.527397260273973
chrX	104000001	104010000	B.1.2.1.1.1.2.1.1.2	0.375	0.527397260273973
chrX	104010001	104020000	B.1.2.1.1.1.2.1.1.2	0.375	0.527397260273973
chrX	104020001	104030000	B.1.2.1.1.1.2.1.1.2	0.375	0.527397260273973
chrX	104030001	104040000	B.1.2.1.1.1.2.1.1.2	0.375	0.527397260273973
chrX	104040001	104050000	B.1.2.1.1.1.2.1.1.2	0.375	0.527397260273973
chrX	104050001	104060000	B.1.2.1.1.1.2.1.1.2	0.375	0.527397260273973
chrX	104060001	104070000	B.1.2.1.1.1.2.1.1.2	0.375	0.527397260273973
chrX	104070001	104080000	B.1.2.1.1.1.2.1.1.2	0.375	0.527397260273973
chrX	104080001	104090000	B.1.2.1.1.1.2.1.1.2	0.375	0.527397260273973
chrX	104090001	104100000	B.1.2.1.1.1.2.1.1.2	0.375	0.527397260273973
chrX	104100001	104110000	B.1.2.1.1.1.2.1.1.2	0.375	0.527397260273973
chrX	104110001	104120000	B.1.2.1.1.1.2.1.1.2	0.375	0.527397260273973
chrX	104120001	104130000	B.1.2.1.1.1.2.1.1.2	0.375	0.527397260273973
chrX	104130001	104140000	B.1.2.1.1.1.2.1.1.2	0.375	0.527397260273973
chrX	104140001	104150000	B.1.2.1.1.1.2.1.1.2	0.375	0.527397260273973
chrX	104150001	104160000	B.1.2.1.1.1.2.1.1.2	0.375	0.527397260273973
chrX	104160001	104170000	B.1.2.1.1.1.2.1.1.2	0.375	0.527397260273973
chrX	104170001	104180000	B.1.2.1.1.1.2.1.1.2	0.375	0.527397260273973
chrX	104180001	104190000	B.1.2.1.1.1.2.1.1.2	0.375	0.527397260273973
chrX	104190001	104200000	B.1.2.1.1.1.2.1.1.2	0.375	0.527397260273973
chrX	104200001	104210000	B.1.1.1.2.2.1.2.1.2.1	0.5	0.613013698630137
chrX	104210001	104220000	B.1.1.1.2.2.1.2.1.2.1	0.5	0.613013698630137
chrX	104220001	104230000	B.1.1.1.2.2.1.2.1.2.1	0.5	0.613013698630137
chrX	104230001	104240000	B.1.1.1.2.2.1.2.1.2.1	0.5	0.613013698630137
chrX	104240001	104250000	B.1.1.1.2.2.1.2.1.2.1	0.5	0.613013698630137
chrX	104250001	104260000	B.1.1.1.2.2.1.2.1.2.1	0.5	0.613013698630137
chrX	104260001	104270000	B.1.1.1.2.2.1.2.1.2.1	0.5	0.613013698630137
chrX	104270001	104280000	B.1.1.1.2.2.1.2.1.2.1	0.5	0.613013698630137
chrX	104280001	104290000	B.1.1.1.2.2.1.2.1.2.1	0.5	0.613013698630137
chrX	104290001	104300000	B.1.1.1.2.2.1.2.1.2.1	0.5	0.613013698630137
chrX	104300001	104310000	B.1.1.1.2.2.1.2.1.2.1	0.5	0.613013698630137
chrX	104310001	104320000	B.1.1.1.2.2.1.2.1.2.1	0.5	0.613013698630137
chrX	104320001	104330000	B.1.1.1.2.2.1.2.1.2.1	0.5	0.613013698630137
chrX	104330001	104340000	B.1.1.1.2.2.1.2.1.2.1	0.5	0.613013698630137
chrX	104340001	104350000	B.1.1.1.2.2.1.2.1.2.1	0.5	0.613013698630137
chrX	104350001	104360000	B.1.1.1.2.2.1.2.1.2.1	0.5	0.613013698630137
chrX	104360001	104370000	B.1.1.1.2.2.1.2.1.2.1	0.5	0.613013698630137
chrX	104370001	104380000	B.1.1.1.2.2.1.2.1.2.1	0.5	0.613013698630137
chrX	104380001	104390000	B.1.1.1.2.2.1.2.1.2.1	0.5	0.613013698630137
chrX	104390001	104400000	B.1.1.1.2.2.1.2.1.2.1	0.5	0.613013698630137
chrX	104400001	104410000	B.1.1.1.2.2.1.2.1.1	0.5	0.616438356164384
chrX	104410001	104420000	B.1.1.1.2.2.1.2.1.1	0.5	0.616438356164384
chrX	104420001	104430000	B.1.1.1.2.2.1.2.1.1	0.5	0.616438356164384
chrX	104430001	104440000	B.1.1.1.2.2.1.2.1.1	0.5	0.616438356164384
chrX	104440001	104450000	B.1.1.1.2.2.1.2.1.1	0.5	0.616438356164384
chrX	104450001	104460000	B.1.1.1.2.2.1.2.1.1	0.5	0.616438356164384
chrX	104460001	104470000	B.1.1.1.2.2.1.2.1.1	0.5	0.616438356164384
chrX	104470001	104480000	B.1.1.1.2.2.1.2.1.1	0.5	0.616438356164384
chrX	104480001	104490000	B.1.1.1.2.2.1.2.1.1	0.5	0.616438356164384
chrX	104490001	104500000	B.1.1.1.2.2.1.2.1.1	0.5	0.616438356164384
chrX	104500001	104510000	B.1.1.1.2.2.1.2.1.1	0.5	0.616438356164384
chrX	104510001	104520000	B.1.1.1.2.2.1.2.1.1	0.5	0.616438356164384
chrX	104520001	104530000	B.1.1.1.2.2.1.2.1.1	0.5	0.616438356164384
chrX	104530001	104540000	B.1.1.1.2.2.1.2.1.1	0.5	0.616438356164384
chrX	104540001	104550000	B.1.1.1.2.2.1.2.1.1	0.5	0.616438356164384
chrX	104550001	104560000	B.1.1.1.2.2.1.2.1.1	0.5	0.616438356164384
chrX	104560001	104570000	B.1.1.1.2.2.1.2.1.1	0.5	0.616438356164384
chrX	104570001	104580000	B.1.1.1.2.2.1.2.1.1	0.5	0.616438356164384
chrX	104580001	104590000	B.1.1.1.2.2.1.2.1.1	0.5	0.616438356164384
chrX	104590001	104600000	B.1.1.1.2.2.1.2.1.1	0.5	0.616438356164384
chrX	104600001	104610000	B.1.1.1.2.2.1.1.1	0.5	0.623287671232877
chrX	104610001	104620000	B.1.1.1.2.2.1.1.1	0.5	0.623287671232877
chrX	104620001	104630000	B.1.1.1.2.2.1.1.1	0.5	0.623287671232877
chrX	104630001	104640000	B.1.1.1.2.2.1.1.1	0.5	0.623287671232877
chrX	104640001	104650000	B.1.1.1.2.2.1.1.1	0.5	0.623287671232877
chrX	104650001	104660000	B.1.1.1.2.2.1.1.1	0.5	0.623287671232877
chrX	104660001	104670000	B.1.1.1.2.2.1.1.1	0.5	0.623287671232877
chrX	104670001	104680000	B.1.1.1.2.2.1.1.1	0.5	0.623287671232877
chrX	104680001	104690000	B.1.1.1.2.2.1.1.1	0.5	0.623287671232877
chrX	104690001	104700000	B.1.1.1.2.2.1.1.1	0.5	0.623287671232877
chrX	104700001	104710000	B.1.1.1.2.2.1.1.1	0.5	0.623287671232877
chrX	104710001	104720000	B.1.1.1.2.2.1.1.1	0.5	0.623287671232877
chrX	104720001	104730000	B.1.1.1.2.2.1.1.1	0.5	0.623287671232877
chrX	104730001	104740000	B.1.1.1.2.2.1.1.1	0.5	0.623287671232877
chrX	104740001	104750000	B.1.1.1.2.2.1.1.1	0.5	0.623287671232877
chrX	104750001	104760000	B.1.1.1.2.2.1.1.1	0.5	0.623287671232877
chrX	104760001	104770000	B.1.1.1.2.2.1.1.1	0.5	0.623287671232877
chrX	104770001	104780000	B.1.1.1.2.2.1.1.1	0.5	0.623287671232877
chrX	104780001	104790000	B.1.1.1.2.2.1.1.1	0.5	0.623287671232877
chrX	104790001	104800000	B.1.1.1.2.2.1.1.1	0.5	0.623287671232877
chrX	104800001	104810000	B.1.1.1.2.2.1.1.1	0.5	0.623287671232877
chrX	104810001	104820000	B.1.1.1.2.2.1.1.1	0.5	0.623287671232877
chrX	104820001	104830000	B.1.1.1.2.2.1.1.1	0.5	0.623287671232877
chrX	104830001	104840000	B.1.1.1.2.2.1.1.1	0.5	0.623287671232877
chrX	104840001	104850000	B.1.1.1.2.2.1.1.1	0.5	0.623287671232877
chrX	104850001	104860000	B.1.1.1.1.2.2	0.5	0.650684931506849
chrX	104860001	104870000	B.1.1.1.1.2.2	0.5	0.650684931506849
chrX	104870001	104880000	B.1.1.1.1.2.2	0.5	0.650684931506849
chrX	104880001	104890000	B.1.1.1.1.2.2	0.5	0.650684931506849
chrX	104890001	104900000	B.1.1.1.1.2.2	0.5	0.650684931506849
chrX	104900001	104910000	B.1.1.1.1.2.2	0.5	0.650684931506849
chrX	104910001	104920000	B.1.1.1.1.2.2	0.5	0.650684931506849
chrX	104920001	104930000	B.1.1.1.1.2.2	0.5	0.650684931506849
chrX	104930001	104940000	B.1.1.1.1.2.2	0.5	0.650684931506849
chrX	104940001	104950000	B.1.1.1.1.2.2	0.5	0.650684931506849
chrX	104950001	104960000	B.1.1.1.1.2.2	0.5	0.650684931506849
chrX	104960001	104970000	B.1.1.1.1.2.2	0.5	0.650684931506849
chrX	104970001	104980000	B.1.1.1.1.2.2	0.5	0.650684931506849
chrX	104980001	104990000	B.1.1.1.1.2.2	0.5	0.650684931506849
chrX	104990001	1.05e+08	B.1.1.1.1.2.2	0.5	0.650684931506849
chrX	105000001	105010000	B.1.1.1.1.2.2	0.5	0.650684931506849
chrX	105010001	105020000	B.1.1.1.1.2.2	0.5	0.650684931506849
chrX	105020001	105030000	B.1.1.1.1.2.2	0.5	0.650684931506849
chrX	105030001	105040000	B.1.1.1.1.2.2	0.5	0.650684931506849
chrX	105040001	105050000	B.1.1.1.1.2.2	0.5	0.650684931506849
chrX	105050001	105060000	B.1.1.1.1.2.2	0.5	0.650684931506849
chrX	105060001	105070000	B.1.1.1.1.2.2	0.5	0.650684931506849
chrX	105070001	105080000	B.1.1.1.1.2.2	0.5	0.650684931506849
chrX	105080001	105090000	B.1.1.1.1.2.2	0.5	0.650684931506849
chrX	105090001	105100000	B.1.1.1.1.2.2	0.5	0.650684931506849
chrX	105100001	105110000	B.1.1.1.1.2.2	0.5	0.650684931506849
chrX	105110001	105120000	B.1.1.1.1.2.2	0.5	0.650684931506849
chrX	105120001	105130000	B.1.1.1.1.2.2	0.5	0.650684931506849
chrX	105130001	105140000	B.1.1.1.1.2.2	0.5	0.650684931506849
chrX	105140001	105150000	B.1.1.1.1.2.2	0.5	0.650684931506849
chrX	105150001	105160000	B.1.1.1.1.2.2	0.5	0.650684931506849
chrX	105160001	105170000	B.1.1.1.1.2.2	0.5	0.650684931506849
chrX	105170001	105180000	B.1.1.1.1.2.2	0.5	0.650684931506849
chrX	105180001	105190000	B.1.1.1.1.2.2	0.5	0.650684931506849
chrX	105190001	105200000	B.1.1.1.1.2.2	0.5	0.650684931506849
chrX	105200001	105210000	B.1.1.1.1.2.2	0.5	0.650684931506849
chrX	105210001	105220000	B.1.1.1.1.2.2	0.5	0.650684931506849
chrX	105220001	105230000	B.1.1.1.1.2.2	0.5	0.650684931506849
chrX	105230001	105240000	B.1.1.1.1.2.2	0.5	0.650684931506849
chrX	105240001	105250000	B.1.1.1.1.2.2	0.5	0.650684931506849
chrX	105250001	105260000	B.1.1.1.1.2.2	0.5	0.650684931506849
chrX	105260001	105270000	B.1.1.1.1.2.2	0.5	0.650684931506849
chrX	105270001	105280000	B.1.1.1.1.2.2	0.5	0.650684931506849
chrX	105280001	105290000	B.1.1.1.1.2.2	0.5	0.650684931506849
chrX	105290001	105300000	B.1.1.1.1.2.2	0.5	0.650684931506849
chrX	105300001	105310000	B.1.1.1.2.1.2.2.1.1	0.5	0.633561643835616
chrX	105310001	105320000	B.1.1.1.2.1.2.2.1.1	0.5	0.633561643835616
chrX	105320001	105330000	B.1.1.1.2.1.2.2.1.1	0.5	0.633561643835616
chrX	105330001	105340000	B.1.1.1.2.1.2.2.1.1	0.5	0.633561643835616
chrX	105340001	105350000	B.1.1.1.2.1.2.2.1.1	0.5	0.633561643835616
chrX	105350001	105360000	B.1.1.1.2.1.2.2.1.1	0.5	0.633561643835616
chrX	105360001	105370000	B.1.1.1.2.1.2.2.1.1	0.5	0.633561643835616
chrX	105370001	105380000	B.1.1.1.2.1.2.2.1.1	0.5	0.633561643835616
chrX	105380001	105390000	B.1.1.1.2.1.2.2.1.1	0.5	0.633561643835616
chrX	105390001	105400000	B.1.1.1.2.1.2.2.1.1	0.5	0.633561643835616
chrX	105400001	105410000	B.1.1.1.2.1.2.2.1.1	0.5	0.633561643835616
chrX	105410001	105420000	B.1.1.1.2.1.2.2.1.1	0.5	0.633561643835616
chrX	105420001	105430000	B.1.1.1.2.1.2.2.1.1	0.5	0.633561643835616
chrX	105430001	105440000	B.1.1.1.2.1.2.2.1.1	0.5	0.633561643835616
chrX	105440001	105450000	B.1.1.1.2.1.2.2.1.1	0.5	0.633561643835616
chrX	105450001	105460000	A.2.2.1.2.2.1.1.2	0.625	0.726027397260274
chrX	105460001	105470000	A.2.2.1.2.2.1.1.2	0.625	0.726027397260274
chrX	105470001	105480000	A.2.2.1.2.2.1.1.2	0.625	0.726027397260274
chrX	105480001	105490000	A.2.2.1.2.2.1.1.2	0.625	0.726027397260274
chrX	105490001	105500000	A.2.2.1.2.2.1.1.2	0.625	0.726027397260274
chrX	105500001	105510000	A.2.2.1.2.2.1.1.2	0.625	0.726027397260274
chrX	105510001	105520000	A.2.2.1.2.2.1.1.2	0.625	0.726027397260274
chrX	105520001	105530000	A.2.2.1.2.2.1.1.2	0.625	0.726027397260274
chrX	105530001	105540000	A.2.2.1.2.2.1.1.2	0.625	0.726027397260274
chrX	105540001	105550000	A.2.2.1.2.2.1.1.2	0.625	0.726027397260274
chrX	105550001	105560000	A.2.2.1.2.2.1.1.2	0.625	0.726027397260274
chrX	105560001	105570000	A.2.2.1.2.2.1.1.2	0.625	0.726027397260274
chrX	105570001	105580000	A.2.2.1.2.2.1.1.2	0.625	0.726027397260274
chrX	105580001	105590000	A.2.2.1.2.2.1.1.2	0.625	0.726027397260274
chrX	105590001	105600000	A.2.2.1.2.2.1.1.2	0.625	0.726027397260274
chrX	105600001	105610000	A.2.2.1.2.2.1.1.2	0.625	0.726027397260274
chrX	105610001	105620000	A.2.2.1.2.2.1.1.2	0.625	0.726027397260274
chrX	105620001	105630000	A.2.2.1.2.2.1.1.2	0.625	0.726027397260274
chrX	105630001	105640000	A.2.2.1.2.2.1.1.2	0.625	0.726027397260274
chrX	105640001	105650000	A.2.2.1.2.2.1.1.2	0.625	0.726027397260274
chrX	105650001	105660000	A.2.2.1.2.2.1.1.2	0.625	0.726027397260274
chrX	105660001	105670000	A.2.2.1.2.2.1.1.2	0.625	0.726027397260274
chrX	105670001	105680000	A.2.2.1.2.2.1.1.2	0.625	0.726027397260274
chrX	105680001	105690000	A.2.2.1.2.2.1.1.2	0.625	0.726027397260274
chrX	105690001	105700000	A.2.2.1.2.2.1.1.2	0.625	0.726027397260274
chrX	105700001	105710000	A.2.2.1.2.2.1.1.2	0.625	0.726027397260274
chrX	105710001	105720000	A.2.2.1.2.2.1.1.2	0.625	0.726027397260274
chrX	105720001	105730000	A.2.2.1.2.2.1.1.2	0.625	0.726027397260274
chrX	105730001	105740000	A.2.2.1.2.2.1.1.2	0.625	0.726027397260274
chrX	105740001	105750000	A.2.2.1.2.2.1.1.2	0.625	0.726027397260274
chrX	105750001	105760000	A.2.2.1.2.2.1.1.2	0.625	0.726027397260274
chrX	105760001	105770000	A.2.2.1.2.2.1.1.2	0.625	0.726027397260274
chrX	105770001	105780000	A.2.2.1.2.2.1.1.2	0.625	0.726027397260274
chrX	105780001	105790000	A.2.2.1.2.2.1.1.2	0.625	0.726027397260274
chrX	105790001	105800000	A.2.2.1.2.2.1.1.2	0.625	0.726027397260274
chrX	105800001	105810000	A.2.2.1.2.2.1.1.2	0.625	0.726027397260274
chrX	105810001	105820000	A.2.2.1.2.2.1.1.2	0.625	0.726027397260274
chrX	105820001	105830000	A.2.2.1.2.2.1.1.2	0.625	0.726027397260274
chrX	105830001	105840000	A.2.2.1.2.2.1.1.2	0.625	0.726027397260274
chrX	105840001	105850000	A.2.2.1.2.2.1.1.2	0.625	0.726027397260274
chrX	105850001	105860000	A.2.2.1.2.2.1.1.2	0.625	0.726027397260274
chrX	105860001	105870000	A.2.2.1.2.2.1.1.2	0.625	0.726027397260274
chrX	105870001	105880000	A.2.2.1.2.2.1.1.2	0.625	0.726027397260274
chrX	105880001	105890000	A.2.2.1.2.2.1.1.2	0.625	0.726027397260274
chrX	105890001	105900000	A.2.2.1.2.2.1.1.2	0.625	0.726027397260274
chrX	105900001	105910000	A.1.1.2.1.1.1.2	1	0.972602739726027
chrX	105910001	105920000	A.1.1.2.1.1.1.2	1	0.972602739726027
chrX	105920001	105930000	A.1.1.2.1.1.1.2	1	0.972602739726027
chrX	105930001	105940000	A.1.1.2.1.1.1.2	1	0.972602739726027
chrX	105940001	105950000	A.1.1.2.1.1.1.2	1	0.972602739726027
chrX	105950001	105960000	A.1.1.2.1.1.1.2	1	0.972602739726027
chrX	105960001	105970000	A.1.1.2.1.1.1.2	1	0.972602739726027
chrX	105970001	105980000	A.1.1.2.1.1.1.2	1	0.972602739726027
chrX	105980001	105990000	A.1.1.2.1.1.1.2	1	0.972602739726027
chrX	105990001	1.06e+08	A.1.1.2.1.1.1.2	1	0.972602739726027
chrX	106000001	106010000	A.1.1.2.1.1.1.2	1	0.972602739726027
chrX	106010001	106020000	A.1.1.2.1.1.1.2	1	0.972602739726027
chrX	106020001	106030000	A.1.1.2.1.1.1.2	1	0.972602739726027
chrX	106030001	106040000	A.1.1.2.1.1.1.2	1	0.972602739726027
chrX	106040001	106050000	A.1.1.2.1.1.1.2	1	0.972602739726027
chrX	106050001	106060000	A.1.1.2.1.1.1.2	1	0.972602739726027
chrX	106060001	106070000	A.1.1.2.1.1.1.2	1	0.972602739726027
chrX	106070001	106080000	A.1.1.2.1.1.1.2	1	0.972602739726027
chrX	106080001	106090000	A.1.1.2.1.1.1.2	1	0.972602739726027
chrX	106090001	106100000	A.1.1.2.1.1.1.2	1	0.972602739726027
chrX	106100001	106110000	A.1.1.2.1.1.1.2	1	0.972602739726027
chrX	106110001	106120000	A.1.1.2.1.1.1.2	1	0.972602739726027
chrX	106120001	106130000	A.1.1.2.1.1.1.2	1	0.972602739726027
chrX	106130001	106140000	A.1.1.2.1.1.1.2	1	0.972602739726027
chrX	106140001	106150000	A.1.1.2.1.1.1.2	1	0.972602739726027
chrX	106150001	106160000	A.1.1.2.1.1.1.2	1	0.972602739726027
chrX	106160001	106170000	A.1.1.2.1.1.1.2	1	0.972602739726027
chrX	106170001	106180000	A.1.1.2.1.1.1.2	1	0.972602739726027
chrX	106180001	106190000	A.1.1.2.1.1.1.2	1	0.972602739726027
chrX	106190001	106200000	A.1.1.2.1.1.1.2	1	0.972602739726027
chrX	106200001	106210000	A.1.1.2.1.1.1.2	1	0.972602739726027
chrX	106210001	106220000	A.1.1.2.1.1.1.2	1	0.972602739726027
chrX	106220001	106230000	A.1.1.2.1.1.1.2	1	0.972602739726027
chrX	106230001	106240000	A.1.1.2.1.1.1.2	1	0.972602739726027
chrX	106240001	106250000	A.1.1.2.1.1.1.2	1	0.972602739726027
chrX	106250001	106260000	A.1.1.2.1.1.1.2	1	0.972602739726027
chrX	106260001	106270000	A.1.1.2.1.1.1.2	1	0.972602739726027
chrX	106270001	106280000	A.1.1.2.1.1.1.2	1	0.972602739726027
chrX	106280001	106290000	A.1.1.2.1.1.1.2	1	0.972602739726027
chrX	106290001	106300000	A.1.1.2.1.1.1.2	1	0.972602739726027
chrX	106300001	106310000	A.1.1.2.1.1.1.2	1	0.972602739726027
chrX	106310001	106320000	A.1.1.2.1.1.1.2	1	0.972602739726027
chrX	106320001	106330000	A.1.1.2.1.1.1.2	1	0.972602739726027
chrX	106330001	106340000	A.1.1.2.1.1.1.2	1	0.972602739726027
chrX	106340001	106350000	A.1.1.2.1.1.1.2	1	0.972602739726027
chrX	106350001	106360000	A.1.1.2.1.1.1.2	1	0.972602739726027
chrX	106360001	106370000	A.1.1.2.1.1.1.2	1	0.972602739726027
chrX	106370001	106380000	A.1.1.2.1.1.1.2	1	0.972602739726027
chrX	106380001	106390000	A.1.1.2.1.1.1.2	1	0.972602739726027
chrX	106390001	106400000	A.1.1.2.1.1.1.2	1	0.972602739726027
chrX	106400001	106410000	A.1.1.2.1.1.1.2	1	0.972602739726027
chrX	106410001	106420000	A.1.1.2.1.1.1.2	1	0.972602739726027
chrX	106420001	106430000	A.1.1.2.1.1.1.2	1	0.972602739726027
chrX	106430001	106440000	A.1.1.2.1.1.1.2	1	0.972602739726027
chrX	106440001	106450000	A.1.1.2.1.1.1.2	1	0.972602739726027
chrX	106450001	106460000	A.2.1.1.1.1.1.2	0.75	0.859589041095891
chrX	106460001	106470000	A.2.1.1.1.1.1.2	0.75	0.859589041095891
chrX	106470001	106480000	A.2.1.1.1.1.1.2	0.75	0.859589041095891
chrX	106480001	106490000	A.2.1.1.1.1.1.2	0.75	0.859589041095891
chrX	106490001	106500000	A.2.1.1.1.1.1.2	0.75	0.859589041095891
chrX	106500001	106510000	A.2.1.1.1.1.1.2	0.75	0.859589041095891
chrX	106510001	106520000	A.2.1.1.1.1.1.2	0.75	0.859589041095891
chrX	106520001	106530000	A.2.1.1.1.1.1.2	0.75	0.859589041095891
chrX	106530001	106540000	A.2.1.1.1.1.1.2	0.75	0.859589041095891
chrX	106540001	106550000	A.2.1.1.1.1.1.2	0.75	0.859589041095891
chrX	106550001	106560000	A.2.1.1.1.1.1.2	0.75	0.859589041095891
chrX	106560001	106570000	A.2.1.1.1.1.1.2	0.75	0.859589041095891
chrX	106570001	106580000	A.2.1.1.1.1.1.2	0.75	0.859589041095891
chrX	106580001	106590000	A.2.1.1.1.1.1.2	0.75	0.859589041095891
chrX	106590001	106600000	A.2.1.1.1.1.1.2	0.75	0.859589041095891
chrX	106600001	106610000	A.2.1.1.1.1.1.2	0.75	0.859589041095891
chrX	106610001	106620000	A.2.1.1.1.1.1.2	0.75	0.859589041095891
chrX	106620001	106630000	A.2.1.1.1.1.1.2	0.75	0.859589041095891
chrX	106630001	106640000	A.2.1.1.1.1.1.2	0.75	0.859589041095891
chrX	106640001	106650000	A.2.1.1.1.1.1.2	0.75	0.859589041095891
chrX	106650001	106660000	A.1.1.2.1.1.1.1	1	0.976027397260274
chrX	106660001	106670000	A.1.1.2.1.1.1.1	1	0.976027397260274
chrX	106670001	106680000	A.1.1.2.1.1.1.1	1	0.976027397260274
chrX	106680001	106690000	A.1.1.2.1.1.1.1	1	0.976027397260274
chrX	106690001	106700000	A.1.1.2.1.1.1.1	1	0.976027397260274
chrX	106700001	106710000	A.1.1.2.1.1.1.1	1	0.976027397260274
chrX	106710001	106720000	A.1.1.2.1.1.1.1	1	0.976027397260274
chrX	106720001	106730000	A.1.1.2.1.1.1.1	1	0.976027397260274
chrX	106730001	106740000	A.1.1.2.1.1.1.1	1	0.976027397260274
chrX	106740001	106750000	A.1.1.2.1.1.1.1	1	0.976027397260274
chrX	106750001	106760000	A.1.1.2.1.1.1.1	1	0.976027397260274
chrX	106760001	106770000	A.1.1.2.1.1.1.1	1	0.976027397260274
chrX	106770001	106780000	A.1.1.2.1.1.1.1	1	0.976027397260274
chrX	106780001	106790000	A.1.1.2.1.1.1.1	1	0.976027397260274
chrX	106790001	106800000	A.1.1.2.1.1.1.1	1	0.976027397260274
chrX	106800001	106810000	A.1.1.2.1.1.1.1	1	0.976027397260274
chrX	106810001	106820000	A.1.1.2.1.1.1.1	1	0.976027397260274
chrX	106820001	106830000	A.1.1.2.1.1.1.1	1	0.976027397260274
chrX	106830001	106840000	A.1.1.2.1.1.1.1	1	0.976027397260274
chrX	106840001	106850000	A.1.1.2.1.1.1.1	1	0.976027397260274
chrX	106850001	106860000	A.1.1.2.1.1.1.1	1	0.976027397260274
chrX	106860001	106870000	A.1.1.2.1.1.1.1	1	0.976027397260274
chrX	106870001	106880000	A.1.1.2.1.1.1.1	1	0.976027397260274
chrX	106880001	106890000	A.1.1.2.1.1.1.1	1	0.976027397260274
chrX	106890001	106900000	A.1.1.2.1.1.1.1	1	0.976027397260274
chrX	106900001	106910000	A.1.1.2.1.1.1.1	1	0.976027397260274
chrX	106910001	106920000	A.1.1.2.1.1.1.1	1	0.976027397260274
chrX	106920001	106930000	A.1.1.2.1.1.1.1	1	0.976027397260274
chrX	106930001	106940000	A.1.1.2.1.1.1.1	1	0.976027397260274
chrX	106940001	106950000	A.1.1.2.1.1.1.1	1	0.976027397260274
chrX	106950001	106960000	A.1.1.2.1.1.1.1	1	0.976027397260274
chrX	106960001	106970000	A.1.1.2.1.1.1.1	1	0.976027397260274
chrX	106970001	106980000	A.1.1.2.1.1.1.1	1	0.976027397260274
chrX	106980001	106990000	A.1.1.2.1.1.1.1	1	0.976027397260274
chrX	106990001	1.07e+08	A.1.1.2.1.1.1.1	1	0.976027397260274
chrX	107000001	107010000	A.2.1.1.1.1.2.2.2	0.75	0.849315068493151
chrX	107010001	107020000	A.2.1.1.1.1.2.2.2	0.75	0.849315068493151
chrX	107020001	107030000	A.2.1.1.1.1.2.2.2	0.75	0.849315068493151
chrX	107030001	107040000	A.2.1.1.1.1.2.2.2	0.75	0.849315068493151
chrX	107040001	107050000	A.2.1.1.1.1.2.2.2	0.75	0.849315068493151
chrX	107050001	107060000	A.2.1.1.1.1.2.2.2	0.75	0.849315068493151
chrX	107060001	107070000	A.2.1.1.1.1.2.2.2	0.75	0.849315068493151
chrX	107070001	107080000	A.2.1.1.1.1.2.2.2	0.75	0.849315068493151
chrX	107080001	107090000	A.2.1.1.1.1.2.2.2	0.75	0.849315068493151
chrX	107090001	107100000	A.2.1.1.1.1.2.2.2	0.75	0.849315068493151
chrX	107100001	107110000	A.1.1.2.1.1.2	1	0.969178082191781
chrX	107110001	107120000	A.1.1.2.1.1.2	1	0.969178082191781
chrX	107120001	107130000	A.1.1.2.1.1.2	1	0.969178082191781
chrX	107130001	107140000	A.1.1.2.1.1.2	1	0.969178082191781
chrX	107140001	107150000	A.1.1.2.1.1.2	1	0.969178082191781
chrX	107150001	107160000	A.1.1.2.1.1.2	1	0.969178082191781
chrX	107160001	107170000	A.1.1.2.1.1.2	1	0.969178082191781
chrX	107170001	107180000	A.1.1.2.1.1.2	1	0.969178082191781
chrX	107180001	107190000	A.1.1.2.1.1.2	1	0.969178082191781
chrX	107190001	107200000	A.1.1.2.1.1.2	1	0.969178082191781
chrX	107200001	107210000	A.1.1.2.1.1.2	1	0.969178082191781
chrX	107210001	107220000	A.1.1.2.1.1.2	1	0.969178082191781
chrX	107220001	107230000	A.1.1.2.1.1.2	1	0.969178082191781
chrX	107230001	107240000	A.1.1.2.1.1.2	1	0.969178082191781
chrX	107240001	107250000	A.1.1.2.1.1.2	1	0.969178082191781
chrX	107250001	107260000	A.1.1.2.1.1.2	1	0.969178082191781
chrX	107260001	107270000	A.1.1.2.1.1.2	1	0.969178082191781
chrX	107270001	107280000	A.1.1.2.1.1.2	1	0.969178082191781
chrX	107280001	107290000	A.1.1.2.1.1.2	1	0.969178082191781
chrX	107290001	107300000	A.1.1.2.1.1.2	1	0.969178082191781
chrX	107300001	107310000	A.1.1.2.1.1.2	1	0.969178082191781
chrX	107310001	107320000	A.1.1.2.1.1.2	1	0.969178082191781
chrX	107320001	107330000	A.1.1.2.1.1.2	1	0.969178082191781
chrX	107330001	107340000	A.1.1.2.1.1.2	1	0.969178082191781
chrX	107340001	107350000	A.1.1.2.1.1.2	1	0.969178082191781
chrX	107350001	107360000	A.2.1.1.1.1.1.1	0.75	0.863013698630137
chrX	107360001	107370000	A.2.1.1.1.1.1.1	0.75	0.863013698630137
chrX	107370001	107380000	A.2.1.1.1.1.1.1	0.75	0.863013698630137
chrX	107380001	107390000	A.2.1.1.1.1.1.1	0.75	0.863013698630137
chrX	107390001	107400000	A.2.1.1.1.1.1.1	0.75	0.863013698630137
chrX	107400001	107410000	A.2.1.1.1.1.1.1	0.75	0.863013698630137
chrX	107410001	107420000	A.2.1.1.1.1.1.1	0.75	0.863013698630137
chrX	107420001	107430000	A.2.1.1.1.1.1.1	0.75	0.863013698630137
chrX	107430001	107440000	A.2.1.1.1.1.1.1	0.75	0.863013698630137
chrX	107440001	107450000	A.2.1.1.1.1.1.1	0.75	0.863013698630137
chrX	107450001	107460000	A.2.1.1.1.1.1.1	0.75	0.863013698630137
chrX	107460001	107470000	A.2.1.1.1.1.1.1	0.75	0.863013698630137
chrX	107470001	107480000	A.2.1.1.1.1.1.1	0.75	0.863013698630137
chrX	107480001	107490000	A.2.1.1.1.1.1.1	0.75	0.863013698630137
chrX	107490001	107500000	A.2.1.1.1.1.1.1	0.75	0.863013698630137
chrX	107500001	107510000	A.2.1.1.1.1.1.1	0.75	0.863013698630137
chrX	107510001	107520000	A.2.1.1.1.1.1.1	0.75	0.863013698630137
chrX	107520001	107530000	A.2.1.1.1.1.1.1	0.75	0.863013698630137
chrX	107530001	107540000	A.2.1.1.1.1.1.1	0.75	0.863013698630137
chrX	107540001	107550000	A.2.1.1.1.1.1.1	0.75	0.863013698630137
chrX	107550001	107560000	A.1.2.2.1.1.1.1	0.875	0.89041095890411
chrX	107560001	107570000	A.1.2.2.1.1.1.1	0.875	0.89041095890411
chrX	107570001	107580000	A.1.2.2.1.1.1.1	0.875	0.89041095890411
chrX	107580001	107590000	A.1.2.2.1.1.1.1	0.875	0.89041095890411
chrX	107590001	107600000	A.1.2.2.1.1.1.1	0.875	0.89041095890411
chrX	107600001	107610000	A.1.2.2.1.1.1.1	0.875	0.89041095890411
chrX	107610001	107620000	A.1.2.2.1.1.1.1	0.875	0.89041095890411
chrX	107620001	107630000	A.1.2.2.1.1.1.1	0.875	0.89041095890411
chrX	107630001	107640000	A.1.2.2.1.1.1.1	0.875	0.89041095890411
chrX	107640001	107650000	A.1.2.2.1.1.1.1	0.875	0.89041095890411
chrX	107650001	107660000	A.1.2.2.1.1.1.1	0.875	0.89041095890411
chrX	107660001	107670000	A.1.2.2.1.1.1.1	0.875	0.89041095890411
chrX	107670001	107680000	A.1.2.2.1.1.1.1	0.875	0.89041095890411
chrX	107680001	107690000	A.1.2.2.1.1.1.1	0.875	0.89041095890411
chrX	107690001	107700000	A.1.2.2.1.1.1.1	0.875	0.89041095890411
chrX	107700001	107710000	A.1.2.2.1.1.1.1	0.875	0.89041095890411
chrX	107710001	107720000	A.1.2.2.1.1.1.1	0.875	0.89041095890411
chrX	107720001	107730000	A.1.2.2.1.1.1.1	0.875	0.89041095890411
chrX	107730001	107740000	A.1.2.2.1.1.1.1	0.875	0.89041095890411
chrX	107740001	107750000	A.1.2.2.1.1.1.1	0.875	0.89041095890411
chrX	107750001	107760000	A.2.1.1.2.1.2.1.1	0.75	0.825342465753425
chrX	107760001	107770000	A.2.1.1.2.1.2.1.1	0.75	0.825342465753425
chrX	107770001	107780000	A.2.1.1.2.1.2.1.1	0.75	0.825342465753425
chrX	107780001	107790000	A.2.1.1.2.1.2.1.1	0.75	0.825342465753425
chrX	107790001	107800000	A.2.1.1.2.1.2.1.1	0.75	0.825342465753425
chrX	107800001	107810000	A.2.1.1.2.1.2.1.1	0.75	0.825342465753425
chrX	107810001	107820000	A.2.1.1.2.1.2.1.1	0.75	0.825342465753425
chrX	107820001	107830000	A.2.1.1.2.1.2.1.1	0.75	0.825342465753425
chrX	107830001	107840000	A.2.1.1.2.1.2.1.1	0.75	0.825342465753425
chrX	107840001	107850000	A.2.1.1.2.1.2.1.1	0.75	0.825342465753425
chrX	107850001	107860000	A.2.1.1.2.1.2.1.1	0.75	0.825342465753425
chrX	107860001	107870000	A.2.1.1.2.1.2.1.1	0.75	0.825342465753425
chrX	107870001	107880000	A.2.1.1.2.1.2.1.1	0.75	0.825342465753425
chrX	107880001	107890000	A.2.1.1.2.1.2.1.1	0.75	0.825342465753425
chrX	107890001	107900000	A.2.1.1.2.1.2.1.1	0.75	0.825342465753425
chrX	107900001	107910000	A.2.2.1.2.1.2.2.2	0.625	0.732876712328767
chrX	107910001	107920000	A.2.2.1.2.1.2.2.2	0.625	0.732876712328767
chrX	107920001	107930000	A.2.2.1.2.1.2.2.2	0.625	0.732876712328767
chrX	107930001	107940000	A.2.2.1.2.1.2.2.2	0.625	0.732876712328767
chrX	107940001	107950000	A.2.2.1.2.1.2.2.2	0.625	0.732876712328767
chrX	107950001	107960000	A.2.2.1.2.1.2.2.2	0.625	0.732876712328767
chrX	107960001	107970000	A.2.2.1.2.1.2.2.2	0.625	0.732876712328767
chrX	107970001	107980000	A.2.2.1.2.1.2.2.2	0.625	0.732876712328767
chrX	107980001	107990000	A.2.2.1.2.1.2.2.2	0.625	0.732876712328767
chrX	107990001	1.08e+08	A.2.2.1.2.1.2.2.2	0.625	0.732876712328767
chrX	108000001	108010000	A.2.2.1.2.1.2.2.2	0.625	0.732876712328767
chrX	108010001	108020000	A.2.2.1.2.1.2.2.2	0.625	0.732876712328767
chrX	108020001	108030000	A.2.2.1.2.1.2.2.2	0.625	0.732876712328767
chrX	108030001	108040000	A.2.2.1.2.1.2.2.2	0.625	0.732876712328767
chrX	108040001	108050000	A.2.2.1.2.1.2.2.2	0.625	0.732876712328767
chrX	108050001	108060000	A.2.2.1.2.1.2.2.2	0.625	0.732876712328767
chrX	108060001	108070000	A.2.2.1.2.1.2.2.2	0.625	0.732876712328767
chrX	108070001	108080000	A.2.2.1.2.1.2.2.2	0.625	0.732876712328767
chrX	108080001	108090000	A.2.2.1.2.1.2.2.2	0.625	0.732876712328767
chrX	108090001	108100000	A.2.2.1.2.1.2.2.2	0.625	0.732876712328767
chrX	108100001	108110000	B.1.2.1.1.2.1.2	0.375	0.51027397260274
chrX	108110001	108120000	B.1.2.1.1.2.1.2	0.375	0.51027397260274
chrX	108120001	108130000	B.1.2.1.1.2.1.2	0.375	0.51027397260274
chrX	108130001	108140000	B.1.2.1.1.2.1.2	0.375	0.51027397260274
chrX	108140001	108150000	B.1.2.1.1.2.1.2	0.375	0.51027397260274
chrX	108150001	108160000	B.1.2.1.1.2.1.2	0.375	0.51027397260274
chrX	108160001	108170000	B.1.2.1.1.2.1.2	0.375	0.51027397260274
chrX	108170001	108180000	B.1.2.1.1.2.1.2	0.375	0.51027397260274
chrX	108180001	108190000	B.1.2.1.1.2.1.2	0.375	0.51027397260274
chrX	108190001	108200000	B.1.2.1.1.2.1.2	0.375	0.51027397260274
chrX	108200001	108210000	B.1.1.1.1.2.1.1.1	0.5	0.664383561643836
chrX	108210001	108220000	B.1.1.1.1.2.1.1.1	0.5	0.664383561643836
chrX	108220001	108230000	B.1.1.1.1.2.1.1.1	0.5	0.664383561643836
chrX	108230001	108240000	B.1.1.1.1.2.1.1.1	0.5	0.664383561643836
chrX	108240001	108250000	B.1.1.1.1.2.1.1.1	0.5	0.664383561643836
chrX	108250001	108260000	B.1.1.1.1.2.1.1.1	0.5	0.664383561643836
chrX	108260001	108270000	B.1.1.1.1.2.1.1.1	0.5	0.664383561643836
chrX	108270001	108280000	B.1.1.1.1.2.1.1.1	0.5	0.664383561643836
chrX	108280001	108290000	B.1.1.1.1.2.1.1.1	0.5	0.664383561643836
chrX	108290001	108300000	B.1.1.1.1.2.1.1.1	0.5	0.664383561643836
chrX	108300001	108310000	B.1.1.1.1.2.1.1.1	0.5	0.664383561643836
chrX	108310001	108320000	B.1.1.1.1.2.1.1.1	0.5	0.664383561643836
chrX	108320001	108330000	B.1.1.1.1.2.1.1.1	0.5	0.664383561643836
chrX	108330001	108340000	B.1.1.1.1.2.1.1.1	0.5	0.664383561643836
chrX	108340001	108350000	B.1.1.1.1.2.1.1.1	0.5	0.664383561643836
chrX	108350001	108360000	B.1.1.1.2.2.2.1.1	0.5	0.599315068493151
chrX	108360001	108370000	B.1.1.1.2.2.2.1.1	0.5	0.599315068493151
chrX	108370001	108380000	B.1.1.1.2.2.2.1.1	0.5	0.599315068493151
chrX	108380001	108390000	B.1.1.1.2.2.2.1.1	0.5	0.599315068493151
chrX	108390001	108400000	B.1.1.1.2.2.2.1.1	0.5	0.599315068493151
chrX	108400001	108410000	B.1.1.1.2.2.2.1.1	0.5	0.599315068493151
chrX	108410001	108420000	B.1.1.1.2.2.2.1.1	0.5	0.599315068493151
chrX	108420001	108430000	B.1.1.1.2.2.2.1.1	0.5	0.599315068493151
chrX	108430001	108440000	B.1.1.1.2.2.2.1.1	0.5	0.599315068493151
chrX	108440001	108450000	B.1.1.1.2.2.2.1.1	0.5	0.599315068493151
chrX	108450001	108460000	B.1.1.1.2.2.2.1.1	0.5	0.599315068493151
chrX	108460001	108470000	B.1.1.1.2.2.2.1.1	0.5	0.599315068493151
chrX	108470001	108480000	B.1.1.1.2.2.2.1.1	0.5	0.599315068493151
chrX	108480001	108490000	B.1.1.1.2.2.2.1.1	0.5	0.599315068493151
chrX	108490001	108500000	B.1.1.1.2.2.2.1.1	0.5	0.599315068493151
chrX	108500001	108510000	B.1.1.1.2.2.2.1.1	0.5	0.599315068493151
chrX	108510001	108520000	B.1.1.1.2.2.2.1.1	0.5	0.599315068493151
chrX	108520001	108530000	B.1.1.1.2.2.2.1.1	0.5	0.599315068493151
chrX	108530001	108540000	B.1.1.1.2.2.2.1.1	0.5	0.599315068493151
chrX	108540001	108550000	B.1.1.1.2.2.2.1.1	0.5	0.599315068493151
chrX	108550001	108560000	A.2.1.1.2.2.1.2	0.75	0.804794520547945
chrX	108560001	108570000	A.2.1.1.2.2.1.2	0.75	0.804794520547945
chrX	108570001	108580000	A.2.1.1.2.2.1.2	0.75	0.804794520547945
chrX	108580001	108590000	A.2.1.1.2.2.1.2	0.75	0.804794520547945
chrX	108590001	108600000	A.2.1.1.2.2.1.2	0.75	0.804794520547945
chrX	108600001	108610000	A.2.1.1.2.2.1.2	0.75	0.804794520547945
chrX	108610001	108620000	A.2.1.1.2.2.1.2	0.75	0.804794520547945
chrX	108620001	108630000	A.2.1.1.2.2.1.2	0.75	0.804794520547945
chrX	108630001	108640000	A.2.1.1.2.2.1.2	0.75	0.804794520547945
chrX	108640001	108650000	A.2.1.1.2.2.1.2	0.75	0.804794520547945
chrX	108650001	108660000	A.2.1.1.2.2.1.2	0.75	0.804794520547945
chrX	108660001	108670000	A.2.1.1.2.2.1.2	0.75	0.804794520547945
chrX	108670001	108680000	A.2.1.1.2.2.1.2	0.75	0.804794520547945
chrX	108680001	108690000	A.2.1.1.2.2.1.2	0.75	0.804794520547945
chrX	108690001	108700000	A.2.1.1.2.2.1.2	0.75	0.804794520547945
chrX	108700001	108710000	A.2.1.1.2.2.1.2	0.75	0.804794520547945
chrX	108710001	108720000	A.2.1.1.2.2.1.2	0.75	0.804794520547945
chrX	108720001	108730000	A.2.1.1.2.2.1.2	0.75	0.804794520547945
chrX	108730001	108740000	A.2.1.1.2.2.1.2	0.75	0.804794520547945
chrX	108740001	108750000	A.2.1.1.2.2.1.2	0.75	0.804794520547945
chrX	108750001	108760000	A.2.1.1.2.2.1.2	0.75	0.804794520547945
chrX	108760001	108770000	A.2.1.1.2.2.1.2	0.75	0.804794520547945
chrX	108770001	108780000	A.2.1.1.2.2.1.2	0.75	0.804794520547945
chrX	108780001	108790000	A.2.1.1.2.2.1.2	0.75	0.804794520547945
chrX	108790001	108800000	A.2.1.1.2.2.1.2	0.75	0.804794520547945
chrX	108800001	108810000	A.2.1.1.2.2.1.2	0.75	0.804794520547945
chrX	108810001	108820000	A.2.1.1.2.2.1.2	0.75	0.804794520547945
chrX	108820001	108830000	A.2.1.1.2.2.1.2	0.75	0.804794520547945
chrX	108830001	108840000	A.2.1.1.2.2.1.2	0.75	0.804794520547945
chrX	108840001	108850000	A.2.1.1.2.2.1.2	0.75	0.804794520547945
chrX	108850001	108860000	A.2.1.1.2.2.1.2	0.75	0.804794520547945
chrX	108860001	108870000	A.2.1.1.2.2.1.2	0.75	0.804794520547945
chrX	108870001	108880000	A.2.1.1.2.2.1.2	0.75	0.804794520547945
chrX	108880001	108890000	A.2.1.1.2.2.1.2	0.75	0.804794520547945
chrX	108890001	108900000	A.2.1.1.2.2.1.2	0.75	0.804794520547945
chrX	108900001	108910000	A.1.2.1.2.1.1.1.1.1	0.875	0.921232876712329
chrX	108910001	108920000	A.1.2.1.2.1.1.1.1.1	0.875	0.921232876712329
chrX	108920001	108930000	A.1.2.1.2.1.1.1.1.1	0.875	0.921232876712329
chrX	108930001	108940000	A.1.2.1.2.1.1.1.1.1	0.875	0.921232876712329
chrX	108940001	108950000	A.1.2.1.2.1.1.1.1.1	0.875	0.921232876712329
chrX	108950001	108960000	A.1.2.1.2.1.1.1.1.1	0.875	0.921232876712329
chrX	108960001	108970000	A.1.2.1.2.1.1.1.1.1	0.875	0.921232876712329
chrX	108970001	108980000	A.1.2.1.2.1.1.1.1.1	0.875	0.921232876712329
chrX	108980001	108990000	A.1.2.1.2.1.1.1.1.1	0.875	0.921232876712329
chrX	108990001	1.09e+08	A.1.2.1.2.1.1.1.1.1	0.875	0.921232876712329
chrX	109000001	109010000	A.1.2.1.2.1.1.1.1.1	0.875	0.921232876712329
chrX	109010001	109020000	A.1.2.1.2.1.1.1.1.1	0.875	0.921232876712329
chrX	109020001	109030000	A.1.2.1.2.1.1.1.1.1	0.875	0.921232876712329
chrX	109030001	109040000	A.1.2.1.2.1.1.1.1.1	0.875	0.921232876712329
chrX	109040001	109050000	A.1.2.1.2.1.1.1.1.1	0.875	0.921232876712329
chrX	109050001	109060000	A.1.2.1.2.1.1.1.1.1	0.875	0.921232876712329
chrX	109060001	109070000	A.1.2.1.2.1.1.1.1.1	0.875	0.921232876712329
chrX	109070001	109080000	A.1.2.1.2.1.1.1.1.1	0.875	0.921232876712329
chrX	109080001	109090000	A.1.2.1.2.1.1.1.1.1	0.875	0.921232876712329
chrX	109090001	109100000	A.1.2.1.2.1.1.1.1.1	0.875	0.921232876712329
chrX	109100001	109110000	A.1.2.1.2.1.1.1.1.1	0.875	0.921232876712329
chrX	109110001	109120000	A.1.2.1.2.1.1.1.1.1	0.875	0.921232876712329
chrX	109120001	109130000	A.1.2.1.2.1.1.1.1.1	0.875	0.921232876712329
chrX	109130001	109140000	A.1.2.1.2.1.1.1.1.1	0.875	0.921232876712329
chrX	109140001	109150000	A.1.2.1.2.1.1.1.1.1	0.875	0.921232876712329
chrX	109150001	109160000	A.2.1.1.2.1.1.1	0.75	0.832191780821918
chrX	109160001	109170000	A.2.1.1.2.1.1.1	0.75	0.832191780821918
chrX	109170001	109180000	A.2.1.1.2.1.1.1	0.75	0.832191780821918
chrX	109180001	109190000	A.2.1.1.2.1.1.1	0.75	0.832191780821918
chrX	109190001	109200000	A.2.1.1.2.1.1.1	0.75	0.832191780821918
chrX	109200001	109210000	A.2.1.1.2.1.1.1	0.75	0.832191780821918
chrX	109210001	109220000	A.2.1.1.2.1.1.1	0.75	0.832191780821918
chrX	109220001	109230000	A.2.1.1.2.1.1.1	0.75	0.832191780821918
chrX	109230001	109240000	A.2.1.1.2.1.1.1	0.75	0.832191780821918
chrX	109240001	109250000	A.2.1.1.2.1.1.1	0.75	0.832191780821918
chrX	109250001	109260000	A.2.1.1.2.1.1.1	0.75	0.832191780821918
chrX	109260001	109270000	A.2.1.1.2.1.1.1	0.75	0.832191780821918
chrX	109270001	109280000	A.2.1.1.2.1.1.1	0.75	0.832191780821918
chrX	109280001	109290000	A.2.1.1.2.1.1.1	0.75	0.832191780821918
chrX	109290001	109300000	A.2.1.1.2.1.1.1	0.75	0.832191780821918
chrX	109300001	109310000	A.2.1.1.2.1.1.1	0.75	0.832191780821918
chrX	109310001	109320000	A.2.1.1.2.1.1.1	0.75	0.832191780821918
chrX	109320001	109330000	A.2.1.1.2.1.1.1	0.75	0.832191780821918
chrX	109330001	109340000	A.2.1.1.2.1.1.1	0.75	0.832191780821918
chrX	109340001	109350000	A.2.1.1.2.1.1.1	0.75	0.832191780821918
chrX	109350001	109360000	A.2.1.1.2.1.1.1	0.75	0.832191780821918
chrX	109360001	109370000	A.2.1.1.2.1.1.1	0.75	0.832191780821918
chrX	109370001	109380000	A.2.1.1.2.1.1.1	0.75	0.832191780821918
chrX	109380001	109390000	A.2.1.1.2.1.1.1	0.75	0.832191780821918
chrX	109390001	109400000	A.2.1.1.2.1.1.1	0.75	0.832191780821918
chrX	109400001	109410000	A.1.2.2.1.1.1.2	0.875	0.886986301369863
chrX	109410001	109420000	A.1.2.2.1.1.1.2	0.875	0.886986301369863
chrX	109420001	109430000	A.1.2.2.1.1.1.2	0.875	0.886986301369863
chrX	109430001	109440000	A.1.2.2.1.1.1.2	0.875	0.886986301369863
chrX	109440001	109450000	A.1.2.2.1.1.1.2	0.875	0.886986301369863
chrX	109450001	109460000	A.1.2.2.1.1.1.2	0.875	0.886986301369863
chrX	109460001	109470000	A.1.2.2.1.1.1.2	0.875	0.886986301369863
chrX	109470001	109480000	A.1.2.2.1.1.1.2	0.875	0.886986301369863
chrX	109480001	109490000	A.1.2.2.1.1.1.2	0.875	0.886986301369863
chrX	109490001	109500000	A.1.2.2.1.1.1.2	0.875	0.886986301369863
chrX	109500001	109510000	A.1.2.2.1.1.1.2	0.875	0.886986301369863
chrX	109510001	109520000	A.1.2.2.1.1.1.2	0.875	0.886986301369863
chrX	109520001	109530000	A.1.2.2.1.1.1.2	0.875	0.886986301369863
chrX	109530001	109540000	A.1.2.2.1.1.1.2	0.875	0.886986301369863
chrX	109540001	109550000	A.1.2.2.1.1.1.2	0.875	0.886986301369863
chrX	109550001	109560000	A.1.2.2.1.1.1.2	0.875	0.886986301369863
chrX	109560001	109570000	A.1.2.2.1.1.1.2	0.875	0.886986301369863
chrX	109570001	109580000	A.1.2.2.1.1.1.2	0.875	0.886986301369863
chrX	109580001	109590000	A.1.2.2.1.1.1.2	0.875	0.886986301369863
chrX	109590001	109600000	A.1.2.2.1.1.1.2	0.875	0.886986301369863
chrX	109600001	109610000	A.1.2.2.1.1.1.2	0.875	0.886986301369863
chrX	109610001	109620000	A.1.2.2.1.1.1.2	0.875	0.886986301369863
chrX	109620001	109630000	A.1.2.2.1.1.1.2	0.875	0.886986301369863
chrX	109630001	109640000	A.1.2.2.1.1.1.2	0.875	0.886986301369863
chrX	109640001	109650000	A.1.2.2.1.1.1.2	0.875	0.886986301369863
chrX	109650001	109660000	B.2.1.2.2.2.2.2.1.2.1	0.25	0.150684931506849
chrX	109660001	109670000	B.2.1.2.2.2.2.2.1.2.1	0.25	0.150684931506849
chrX	109670001	109680000	B.2.1.2.2.2.2.2.1.2.1	0.25	0.150684931506849
chrX	109680001	109690000	B.2.1.2.2.2.2.2.1.2.1	0.25	0.150684931506849
chrX	109690001	109700000	B.2.1.2.2.2.2.2.1.2.1	0.25	0.150684931506849
chrX	109700001	109710000	B.2.1.2.2.2.2.2.1.2.1	0.25	0.150684931506849
chrX	109710001	109720000	B.2.1.2.2.2.2.2.1.2.1	0.25	0.150684931506849
chrX	109720001	109730000	B.2.1.2.2.2.2.2.1.2.1	0.25	0.150684931506849
chrX	109730001	109740000	B.2.1.2.2.2.2.2.1.2.1	0.25	0.150684931506849
chrX	109740001	109750000	B.2.1.2.2.2.2.2.1.2.1	0.25	0.150684931506849
chrX	109750001	109760000	B.2.1.2.2.2.2.2.1.2.1	0.25	0.150684931506849
chrX	109760001	109770000	B.2.1.2.2.2.2.2.1.2.1	0.25	0.150684931506849
chrX	109770001	109780000	B.2.1.2.2.2.2.2.1.2.1	0.25	0.150684931506849
chrX	109780001	109790000	B.2.1.2.2.2.2.2.1.2.1	0.25	0.150684931506849
chrX	109790001	109800000	B.2.1.2.2.2.2.2.1.2.1	0.25	0.150684931506849
chrX	109800001	109810000	B.2.1.2.2.2.2.2.1.2.1	0.25	0.150684931506849
chrX	109810001	109820000	B.2.1.2.2.2.2.2.1.2.1	0.25	0.150684931506849
chrX	109820001	109830000	B.2.1.2.2.2.2.2.1.2.1	0.25	0.150684931506849
chrX	109830001	109840000	B.2.1.2.2.2.2.2.1.2.1	0.25	0.150684931506849
chrX	109840001	109850000	B.2.1.2.2.2.2.2.1.2.1	0.25	0.150684931506849
chrX	109850001	109860000	B.1.1.1.2.2.1.1.2	0.5	0.61986301369863
chrX	109860001	109870000	B.1.1.1.2.2.1.1.2	0.5	0.61986301369863
chrX	109870001	109880000	B.1.1.1.2.2.1.1.2	0.5	0.61986301369863
chrX	109880001	109890000	B.1.1.1.2.2.1.1.2	0.5	0.61986301369863
chrX	109890001	109900000	B.1.1.1.2.2.1.1.2	0.5	0.61986301369863
chrX	109900001	109910000	B.1.1.1.2.2.1.1.2	0.5	0.61986301369863
chrX	109910001	109920000	B.1.1.1.2.2.1.1.2	0.5	0.61986301369863
chrX	109920001	109930000	B.1.1.1.2.2.1.1.2	0.5	0.61986301369863
chrX	109930001	109940000	B.1.1.1.2.2.1.1.2	0.5	0.61986301369863
chrX	109940001	109950000	B.1.1.1.2.2.1.1.2	0.5	0.61986301369863
chrX	109950001	109960000	B.1.1.1.2.2.1.1.2	0.5	0.61986301369863
chrX	109960001	109970000	B.1.1.1.2.2.1.1.2	0.5	0.61986301369863
chrX	109970001	109980000	B.1.1.1.2.2.1.1.2	0.5	0.61986301369863
chrX	109980001	109990000	B.1.1.1.2.2.1.1.2	0.5	0.61986301369863
chrX	109990001	1.1e+08	B.1.1.1.2.2.1.1.2	0.5	0.61986301369863
chrX	110000001	110010000	B.1.1.1.2.2.1.1.2	0.5	0.61986301369863
chrX	110010001	110020000	B.1.1.1.2.2.1.1.2	0.5	0.61986301369863
chrX	110020001	110030000	B.1.1.1.2.2.1.1.2	0.5	0.61986301369863
chrX	110030001	110040000	B.1.1.1.2.2.1.1.2	0.5	0.61986301369863
chrX	110040001	110050000	B.1.1.1.2.2.1.1.2	0.5	0.61986301369863
chrX	110050001	110060000	B.1.1.1.2.2.1.1.2	0.5	0.61986301369863
chrX	110060001	110070000	B.1.1.1.2.2.1.1.2	0.5	0.61986301369863
chrX	110070001	110080000	B.1.1.1.2.2.1.1.2	0.5	0.61986301369863
chrX	110080001	110090000	B.1.1.1.2.2.1.1.2	0.5	0.61986301369863
chrX	110090001	110100000	B.1.1.1.2.2.1.1.2	0.5	0.61986301369863
chrX	110100001	110110000	B.1.1.1.2.2.1.1.2	0.5	0.61986301369863
chrX	110110001	110120000	B.1.1.1.2.2.1.1.2	0.5	0.61986301369863
chrX	110120001	110130000	B.1.1.1.2.2.1.1.2	0.5	0.61986301369863
chrX	110130001	110140000	B.1.1.1.2.2.1.1.2	0.5	0.61986301369863
chrX	110140001	110150000	B.1.1.1.2.2.1.1.2	0.5	0.61986301369863
chrX	110150001	110160000	B.1.1.1.2.2.1.1.2	0.5	0.61986301369863
chrX	110160001	110170000	B.1.1.1.2.2.1.1.2	0.5	0.61986301369863
chrX	110170001	110180000	B.1.1.1.2.2.1.1.2	0.5	0.61986301369863
chrX	110180001	110190000	B.1.1.1.2.2.1.1.2	0.5	0.61986301369863
chrX	110190001	110200000	B.1.1.1.2.2.1.1.2	0.5	0.61986301369863
chrX	110200001	110210000	B.1.2.1.1.2.2.2	0.375	0.5
chrX	110210001	110220000	B.1.2.1.1.2.2.2	0.375	0.5
chrX	110220001	110230000	B.1.2.1.1.2.2.2	0.375	0.5
chrX	110230001	110240000	B.1.2.1.1.2.2.2	0.375	0.5
chrX	110240001	110250000	B.1.2.1.1.2.2.2	0.375	0.5
chrX	110250001	110260000	B.1.2.1.1.2.2.2	0.375	0.5
chrX	110260001	110270000	B.1.2.1.1.2.2.2	0.375	0.5
chrX	110270001	110280000	B.1.2.1.1.2.2.2	0.375	0.5
chrX	110280001	110290000	B.1.2.1.1.2.2.2	0.375	0.5
chrX	110290001	110300000	B.1.2.1.1.2.2.2	0.375	0.5
chrX	110300001	110310000	B.1.2.1.1.2.2.2	0.375	0.5
chrX	110310001	110320000	B.1.2.1.1.2.2.2	0.375	0.5
chrX	110320001	110330000	B.1.2.1.1.2.2.2	0.375	0.5
chrX	110330001	110340000	B.1.2.1.1.2.2.2	0.375	0.5
chrX	110340001	110350000	B.1.2.1.1.2.2.2	0.375	0.5
chrX	110350001	110360000	B.1.2.1.1.2.2.2	0.375	0.5
chrX	110360001	110370000	B.1.2.1.1.2.2.2	0.375	0.5
chrX	110370001	110380000	B.1.2.1.1.2.2.2	0.375	0.5
chrX	110380001	110390000	B.1.2.1.1.2.2.2	0.375	0.5
chrX	110390001	110400000	B.1.2.1.1.2.2.2	0.375	0.5
chrX	110400001	110410000	B.1.2.1.1.2.2.2	0.375	0.5
chrX	110410001	110420000	B.1.2.1.1.2.2.2	0.375	0.5
chrX	110420001	110430000	B.1.2.1.1.2.2.2	0.375	0.5
chrX	110430001	110440000	B.1.2.1.1.2.2.2	0.375	0.5
chrX	110440001	110450000	B.1.2.1.1.2.2.2	0.375	0.5
chrX	110450001	110460000	B.1.2.1.1.2.2.2	0.375	0.5
chrX	110460001	110470000	B.1.2.1.1.2.2.2	0.375	0.5
chrX	110470001	110480000	B.1.2.1.1.2.2.2	0.375	0.5
chrX	110480001	110490000	B.1.2.1.1.2.2.2	0.375	0.5
chrX	110490001	110500000	B.1.2.1.1.2.2.2	0.375	0.5
chrX	110500001	110510000	B.1.2.1.1.2.2.2	0.375	0.5
chrX	110510001	110520000	B.1.2.1.1.2.2.2	0.375	0.5
chrX	110520001	110530000	B.1.2.1.1.2.2.2	0.375	0.5
chrX	110530001	110540000	B.1.2.1.1.2.2.2	0.375	0.5
chrX	110540001	110550000	B.1.2.1.1.2.2.2	0.375	0.5
chrX	110550001	110560000	B.2.1.2.2.2.1.2.2.1.1	0.25	0.171232876712329
chrX	110560001	110570000	B.2.1.2.2.2.1.2.2.1.1	0.25	0.171232876712329
chrX	110570001	110580000	B.2.1.2.2.2.1.2.2.1.1	0.25	0.171232876712329
chrX	110580001	110590000	B.2.1.2.2.2.1.2.2.1.1	0.25	0.171232876712329
chrX	110590001	110600000	B.2.1.2.2.2.1.2.2.1.1	0.25	0.171232876712329
chrX	110600001	110610000	B.2.1.2.2.2.1.2.2.1.1	0.25	0.171232876712329
chrX	110610001	110620000	B.2.1.2.2.2.1.2.2.1.1	0.25	0.171232876712329
chrX	110620001	110630000	B.2.1.2.2.2.1.2.2.1.1	0.25	0.171232876712329
chrX	110630001	110640000	B.2.1.2.2.2.1.2.2.1.1	0.25	0.171232876712329
chrX	110640001	110650000	B.2.1.2.2.2.1.2.2.1.1	0.25	0.171232876712329
chrX	110650001	110660000	B.2.1.2.2.2.1.2.2.1.1	0.25	0.171232876712329
chrX	110660001	110670000	B.2.1.2.2.2.1.2.2.1.1	0.25	0.171232876712329
chrX	110670001	110680000	B.2.1.2.2.2.1.2.2.1.1	0.25	0.171232876712329
chrX	110680001	110690000	B.2.1.2.2.2.1.2.2.1.1	0.25	0.171232876712329
chrX	110690001	110700000	B.2.1.2.2.2.1.2.2.1.1	0.25	0.171232876712329
chrX	110700001	110710000	B.1.1.1.2.2.1.2.1.2.2	0.5	0.60958904109589
chrX	110710001	110720000	B.1.1.1.2.2.1.2.1.2.2	0.5	0.60958904109589
chrX	110720001	110730000	B.1.1.1.2.2.1.2.1.2.2	0.5	0.60958904109589
chrX	110730001	110740000	B.1.1.1.2.2.1.2.1.2.2	0.5	0.60958904109589
chrX	110740001	110750000	B.1.1.1.2.2.1.2.1.2.2	0.5	0.60958904109589
chrX	110750001	110760000	B.1.1.1.2.2.1.2.1.2.2	0.5	0.60958904109589
chrX	110760001	110770000	B.1.1.1.2.2.1.2.1.2.2	0.5	0.60958904109589
chrX	110770001	110780000	B.1.1.1.2.2.1.2.1.2.2	0.5	0.60958904109589
chrX	110780001	110790000	B.1.1.1.2.2.1.2.1.2.2	0.5	0.60958904109589
chrX	110790001	110800000	B.1.1.1.2.2.1.2.1.2.2	0.5	0.60958904109589
chrX	110800001	110810000	B.1.1.1.2.2.1.2.1.2.2	0.5	0.60958904109589
chrX	110810001	110820000	B.1.1.1.2.2.1.2.1.2.2	0.5	0.60958904109589
chrX	110820001	110830000	B.1.1.1.2.2.1.2.1.2.2	0.5	0.60958904109589
chrX	110830001	110840000	B.1.1.1.2.2.1.2.1.2.2	0.5	0.60958904109589
chrX	110840001	110850000	B.1.1.1.2.2.1.2.1.2.2	0.5	0.60958904109589
chrX	110850001	110860000	B.1.1.1.2.2.1.2.1.2.2	0.5	0.60958904109589
chrX	110860001	110870000	B.1.1.1.2.2.1.2.1.2.2	0.5	0.60958904109589
chrX	110870001	110880000	B.1.1.1.2.2.1.2.1.2.2	0.5	0.60958904109589
chrX	110880001	110890000	B.1.1.1.2.2.1.2.1.2.2	0.5	0.60958904109589
chrX	110890001	110900000	B.1.1.1.2.2.1.2.1.2.2	0.5	0.60958904109589
chrX	110900001	110910000	B.1.1.1.2.2.1.2.1.2.2	0.5	0.60958904109589
chrX	110910001	110920000	B.1.1.1.2.2.1.2.1.2.2	0.5	0.60958904109589
chrX	110920001	110930000	B.1.1.1.2.2.1.2.1.2.2	0.5	0.60958904109589
chrX	110930001	110940000	B.1.1.1.2.2.1.2.1.2.2	0.5	0.60958904109589
chrX	110940001	110950000	B.1.1.1.2.2.1.2.1.2.2	0.5	0.60958904109589
chrX	110950001	110960000	B.1.1.1.2.2.1.2.1.2.2	0.5	0.60958904109589
chrX	110960001	110970000	B.1.1.1.2.2.1.2.1.2.2	0.5	0.60958904109589
chrX	110970001	110980000	B.1.1.1.2.2.1.2.1.2.2	0.5	0.60958904109589
chrX	110980001	110990000	B.1.1.1.2.2.1.2.1.2.2	0.5	0.60958904109589
chrX	110990001	1.11e+08	B.1.1.1.2.2.1.2.1.2.2	0.5	0.60958904109589
chrX	111000001	111010000	B.1.1.1.2.2.1.2.1.2.2	0.5	0.60958904109589
chrX	111010001	111020000	B.1.1.1.2.2.1.2.1.2.2	0.5	0.60958904109589
chrX	111020001	111030000	B.1.1.1.2.2.1.2.1.2.2	0.5	0.60958904109589
chrX	111030001	111040000	B.1.1.1.2.2.1.2.1.2.2	0.5	0.60958904109589
chrX	111040001	111050000	B.1.1.1.2.2.1.2.1.2.2	0.5	0.60958904109589
chrX	111050001	111060000	B.1.1.1.2.2.1.2.1.2.2	0.5	0.60958904109589
chrX	111060001	111070000	B.1.1.1.2.2.1.2.1.2.2	0.5	0.60958904109589
chrX	111070001	111080000	B.1.1.1.2.2.1.2.1.2.2	0.5	0.60958904109589
chrX	111080001	111090000	B.1.1.1.2.2.1.2.1.2.2	0.5	0.60958904109589
chrX	111090001	111100000	B.1.1.1.2.2.1.2.1.2.2	0.5	0.60958904109589
chrX	111100001	111110000	B.1.1.1.2.2.1.2.1.2.2	0.5	0.60958904109589
chrX	111110001	111120000	B.1.1.1.2.2.1.2.1.2.2	0.5	0.60958904109589
chrX	111120001	111130000	B.1.1.1.2.2.1.2.1.2.2	0.5	0.60958904109589
chrX	111130001	111140000	B.1.1.1.2.2.1.2.1.2.2	0.5	0.60958904109589
chrX	111140001	111150000	B.1.1.1.2.2.1.2.1.2.2	0.5	0.60958904109589
chrX	111150001	111160000	B.2.1.2.2.2.1.2.1.2.2	0.25	0.174657534246575
chrX	111160001	111170000	B.2.1.2.2.2.1.2.1.2.2	0.25	0.174657534246575
chrX	111170001	111180000	B.2.1.2.2.2.1.2.1.2.2	0.25	0.174657534246575
chrX	111180001	111190000	B.2.1.2.2.2.1.2.1.2.2	0.25	0.174657534246575
chrX	111190001	111200000	B.2.1.2.2.2.1.2.1.2.2	0.25	0.174657534246575
chrX	111200001	111210000	B.2.1.2.2.2.1.2.1.2.2	0.25	0.174657534246575
chrX	111210001	111220000	B.2.1.2.2.2.1.2.1.2.2	0.25	0.174657534246575
chrX	111220001	111230000	B.2.1.2.2.2.1.2.1.2.2	0.25	0.174657534246575
chrX	111230001	111240000	B.2.1.2.2.2.1.2.1.2.2	0.25	0.174657534246575
chrX	111240001	111250000	B.2.1.2.2.2.1.2.1.2.2	0.25	0.174657534246575
chrX	111250001	111260000	B.2.1.2.2.2.1.2.1.2.2	0.25	0.174657534246575
chrX	111260001	111270000	B.2.1.2.2.2.1.2.1.2.2	0.25	0.174657534246575
chrX	111270001	111280000	B.2.1.2.2.2.1.2.1.2.2	0.25	0.174657534246575
chrX	111280001	111290000	B.2.1.2.2.2.1.2.1.2.2	0.25	0.174657534246575
chrX	111290001	111300000	B.2.1.2.2.2.1.2.1.2.2	0.25	0.174657534246575
chrX	111300001	111310000	B.2.1.2.2.2.1.2.1.2.2	0.25	0.174657534246575
chrX	111310001	111320000	B.2.1.2.2.2.1.2.1.2.2	0.25	0.174657534246575
chrX	111320001	111330000	B.2.1.2.2.2.1.2.1.2.2	0.25	0.174657534246575
chrX	111330001	111340000	B.2.1.2.2.2.1.2.1.2.2	0.25	0.174657534246575
chrX	111340001	111350000	B.2.1.2.2.2.1.2.1.2.2	0.25	0.174657534246575
chrX	111350001	111360000	B.2.1.2.2.2.1.2.1.2.2	0.25	0.174657534246575
chrX	111360001	111370000	B.2.1.2.2.2.1.2.1.2.2	0.25	0.174657534246575
chrX	111370001	111380000	B.2.1.2.2.2.1.2.1.2.2	0.25	0.174657534246575
chrX	111380001	111390000	B.2.1.2.2.2.1.2.1.2.2	0.25	0.174657534246575
chrX	111390001	111400000	B.2.1.2.2.2.1.2.1.2.2	0.25	0.174657534246575
chrX	111400001	111410000	B.2.1.2.2.2.1.2.1.2.2	0.25	0.174657534246575
chrX	111410001	111420000	B.2.1.2.2.2.1.2.1.2.2	0.25	0.174657534246575
chrX	111420001	111430000	B.2.1.2.2.2.1.2.1.2.2	0.25	0.174657534246575
chrX	111430001	111440000	B.2.1.2.2.2.1.2.1.2.2	0.25	0.174657534246575
chrX	111440001	111450000	B.2.1.2.2.2.1.2.1.2.2	0.25	0.174657534246575
chrX	111450001	111460000	B.1.1.1.1.1.2.1.2	0.5	0.671232876712329
chrX	111460001	111470000	B.1.1.1.1.1.2.1.2	0.5	0.671232876712329
chrX	111470001	111480000	B.1.1.1.1.1.2.1.2	0.5	0.671232876712329
chrX	111480001	111490000	B.1.1.1.1.1.2.1.2	0.5	0.671232876712329
chrX	111490001	111500000	B.1.1.1.1.1.2.1.2	0.5	0.671232876712329
chrX	111500001	111510000	B.1.1.1.1.1.2.1.2	0.5	0.671232876712329
chrX	111510001	111520000	B.1.1.1.1.1.2.1.2	0.5	0.671232876712329
chrX	111520001	111530000	B.1.1.1.1.1.2.1.2	0.5	0.671232876712329
chrX	111530001	111540000	B.1.1.1.1.1.2.1.2	0.5	0.671232876712329
chrX	111540001	111550000	B.1.1.1.1.1.2.1.2	0.5	0.671232876712329
chrX	111550001	111560000	B.1.1.1.1.1.2.1.2	0.5	0.671232876712329
chrX	111560001	111570000	B.1.1.1.1.1.2.1.2	0.5	0.671232876712329
chrX	111570001	111580000	B.1.1.1.1.1.2.1.2	0.5	0.671232876712329
chrX	111580001	111590000	B.1.1.1.1.1.2.1.2	0.5	0.671232876712329
chrX	111590001	111600000	B.1.1.1.1.1.2.1.2	0.5	0.671232876712329
chrX	111600001	111610000	B.1.1.1.1.1.2.1.2	0.5	0.671232876712329
chrX	111610001	111620000	B.1.1.1.1.1.2.1.2	0.5	0.671232876712329
chrX	111620001	111630000	B.1.1.1.1.1.2.1.2	0.5	0.671232876712329
chrX	111630001	111640000	B.1.1.1.1.1.2.1.2	0.5	0.671232876712329
chrX	111640001	111650000	B.1.1.1.1.1.2.1.2	0.5	0.671232876712329
chrX	111650001	111660000	B.2.1.2.2.2.1.2.2.1.2.1	0.25	0.167808219178082
chrX	111660001	111670000	B.2.1.2.2.2.1.2.2.1.2.1	0.25	0.167808219178082
chrX	111670001	111680000	B.2.1.2.2.2.1.2.2.1.2.1	0.25	0.167808219178082
chrX	111680001	111690000	B.2.1.2.2.2.1.2.2.1.2.1	0.25	0.167808219178082
chrX	111690001	111700000	B.2.1.2.2.2.1.2.2.1.2.1	0.25	0.167808219178082
chrX	111700001	111710000	B.2.1.2.2.2.1.2.2.1.2.1	0.25	0.167808219178082
chrX	111710001	111720000	B.2.1.2.2.2.1.2.2.1.2.1	0.25	0.167808219178082
chrX	111720001	111730000	B.2.1.2.2.2.1.2.2.1.2.1	0.25	0.167808219178082
chrX	111730001	111740000	B.2.1.2.2.2.1.2.2.1.2.1	0.25	0.167808219178082
chrX	111740001	111750000	B.2.1.2.2.2.1.2.2.1.2.1	0.25	0.167808219178082
chrX	111750001	111760000	B.2.1.2.2.2.1.2.2.1.2.1	0.25	0.167808219178082
chrX	111760001	111770000	B.2.1.2.2.2.1.2.2.1.2.1	0.25	0.167808219178082
chrX	111770001	111780000	B.2.1.2.2.2.1.2.2.1.2.1	0.25	0.167808219178082
chrX	111780001	111790000	B.2.1.2.2.2.1.2.2.1.2.1	0.25	0.167808219178082
chrX	111790001	111800000	B.2.1.2.2.2.1.2.2.1.2.1	0.25	0.167808219178082
chrX	111800001	111810000	B.1.2.1.1.1.2.1.1.1.2	0.375	0.530821917808219
chrX	111810001	111820000	B.1.2.1.1.1.2.1.1.1.2	0.375	0.530821917808219
chrX	111820001	111830000	B.1.2.1.1.1.2.1.1.1.2	0.375	0.530821917808219
chrX	111830001	111840000	B.1.2.1.1.1.2.1.1.1.2	0.375	0.530821917808219
chrX	111840001	111850000	B.1.2.1.1.1.2.1.1.1.2	0.375	0.530821917808219
chrX	111850001	111860000	B.1.2.1.1.1.2.1.1.1.2	0.375	0.530821917808219
chrX	111860001	111870000	B.1.2.1.1.1.2.1.1.1.2	0.375	0.530821917808219
chrX	111870001	111880000	B.1.2.1.1.1.2.1.1.1.2	0.375	0.530821917808219
chrX	111880001	111890000	B.1.2.1.1.1.2.1.1.1.2	0.375	0.530821917808219
chrX	111890001	111900000	B.1.2.1.1.1.2.1.1.1.2	0.375	0.530821917808219
chrX	111900001	111910000	B.1.2.1.1.1.2.1.1.1.2	0.375	0.530821917808219
chrX	111910001	111920000	B.1.2.1.1.1.2.1.1.1.2	0.375	0.530821917808219
chrX	111920001	111930000	B.1.2.1.1.1.2.1.1.1.2	0.375	0.530821917808219
chrX	111930001	111940000	B.1.2.1.1.1.2.1.1.1.2	0.375	0.530821917808219
chrX	111940001	111950000	B.1.2.1.1.1.2.1.1.1.2	0.375	0.530821917808219
chrX	111950001	111960000	B.1.2.1.1.1.2.1.1.1.2	0.375	0.530821917808219
chrX	111960001	111970000	B.1.2.1.1.1.2.1.1.1.2	0.375	0.530821917808219
chrX	111970001	111980000	B.1.2.1.1.1.2.1.1.1.2	0.375	0.530821917808219
chrX	111980001	111990000	B.1.2.1.1.1.2.1.1.1.2	0.375	0.530821917808219
chrX	111990001	1.12e+08	B.1.2.1.1.1.2.1.1.1.2	0.375	0.530821917808219
chrX	112000001	112010000	B.1.1.1.1.2.1.1.2	0.5	0.660958904109589
chrX	112010001	112020000	B.1.1.1.1.2.1.1.2	0.5	0.660958904109589
chrX	112020001	112030000	B.1.1.1.1.2.1.1.2	0.5	0.660958904109589
chrX	112030001	112040000	B.1.1.1.1.2.1.1.2	0.5	0.660958904109589
chrX	112040001	112050000	B.1.1.1.1.2.1.1.2	0.5	0.660958904109589
chrX	112050001	112060000	B.1.1.1.1.2.1.1.2	0.5	0.660958904109589
chrX	112060001	112070000	B.1.1.1.1.2.1.1.2	0.5	0.660958904109589
chrX	112070001	112080000	B.1.1.1.1.2.1.1.2	0.5	0.660958904109589
chrX	112080001	112090000	B.1.1.1.1.2.1.1.2	0.5	0.660958904109589
chrX	112090001	112100000	B.1.1.1.1.2.1.1.2	0.5	0.660958904109589
chrX	112100001	112110000	B.1.1.1.1.2.1.1.2	0.5	0.660958904109589
chrX	112110001	112120000	B.1.1.1.1.2.1.1.2	0.5	0.660958904109589
chrX	112120001	112130000	B.1.1.1.1.2.1.1.2	0.5	0.660958904109589
chrX	112130001	112140000	B.1.1.1.1.2.1.1.2	0.5	0.660958904109589
chrX	112140001	112150000	B.1.1.1.1.2.1.1.2	0.5	0.660958904109589
chrX	112150001	112160000	B.1.1.1.1.2.1.1.2	0.5	0.660958904109589
chrX	112160001	112170000	B.1.1.1.1.2.1.1.2	0.5	0.660958904109589
chrX	112170001	112180000	B.1.1.1.1.2.1.1.2	0.5	0.660958904109589
chrX	112180001	112190000	B.1.1.1.1.2.1.1.2	0.5	0.660958904109589
chrX	112190001	112200000	B.1.1.1.1.2.1.1.2	0.5	0.660958904109589
chrX	112200001	112210000	B.1.1.1.1.2.1.1.2	0.5	0.660958904109589
chrX	112210001	112220000	B.1.1.1.1.2.1.1.2	0.5	0.660958904109589
chrX	112220001	112230000	B.1.1.1.1.2.1.1.2	0.5	0.660958904109589
chrX	112230001	112240000	B.1.1.1.1.2.1.1.2	0.5	0.660958904109589
chrX	112240001	112250000	B.1.1.1.1.2.1.1.2	0.5	0.660958904109589
chrX	112250001	112260000	B.1.1.1.1.2.1.1.2	0.5	0.660958904109589
chrX	112260001	112270000	B.1.1.1.1.2.1.1.2	0.5	0.660958904109589
chrX	112270001	112280000	B.1.1.1.1.2.1.1.2	0.5	0.660958904109589
chrX	112280001	112290000	B.1.1.1.1.2.1.1.2	0.5	0.660958904109589
chrX	112290001	112300000	B.1.1.1.1.2.1.1.2	0.5	0.660958904109589
chrX	112300001	112310000	B.1.1.1.1.2.1.1.2	0.5	0.660958904109589
chrX	112310001	112320000	B.1.1.1.1.2.1.1.2	0.5	0.660958904109589
chrX	112320001	112330000	B.1.1.1.1.2.1.1.2	0.5	0.660958904109589
chrX	112330001	112340000	B.1.1.1.1.2.1.1.2	0.5	0.660958904109589
chrX	112340001	112350000	B.1.1.1.1.2.1.1.2	0.5	0.660958904109589
chrX	112350001	112360000	B.1.2.1.1.1.2.2.1	0.375	0.520547945205479
chrX	112360001	112370000	B.1.2.1.1.1.2.2.1	0.375	0.520547945205479
chrX	112370001	112380000	B.1.2.1.1.1.2.2.1	0.375	0.520547945205479
chrX	112380001	112390000	B.1.2.1.1.1.2.2.1	0.375	0.520547945205479
chrX	112390001	112400000	B.1.2.1.1.1.2.2.1	0.375	0.520547945205479
chrX	112400001	112410000	B.1.2.1.1.1.2.2.1	0.375	0.520547945205479
chrX	112410001	112420000	B.1.2.1.1.1.2.2.1	0.375	0.520547945205479
chrX	112420001	112430000	B.1.2.1.1.1.2.2.1	0.375	0.520547945205479
chrX	112430001	112440000	B.1.2.1.1.1.2.2.1	0.375	0.520547945205479
chrX	112440001	112450000	B.1.2.1.1.1.2.2.1	0.375	0.520547945205479
chrX	112450001	112460000	B.1.2.1.1.1.2.2.1	0.375	0.520547945205479
chrX	112460001	112470000	B.1.2.1.1.1.2.2.1	0.375	0.520547945205479
chrX	112470001	112480000	B.1.2.1.1.1.2.2.1	0.375	0.520547945205479
chrX	112480001	112490000	B.1.2.1.1.1.2.2.1	0.375	0.520547945205479
chrX	112490001	112500000	B.1.2.1.1.1.2.2.1	0.375	0.520547945205479
chrX	112500001	112510000	B.1.2.1.1.1.2.2.1	0.375	0.520547945205479
chrX	112510001	112520000	B.1.2.1.1.1.2.2.1	0.375	0.520547945205479
chrX	112520001	112530000	B.1.2.1.1.1.2.2.1	0.375	0.520547945205479
chrX	112530001	112540000	B.1.2.1.1.1.2.2.1	0.375	0.520547945205479
chrX	112540001	112550000	B.1.2.1.1.1.2.2.1	0.375	0.520547945205479
chrX	112550001	112560000	B.1.2.1.1.1.2.2.1	0.375	0.520547945205479
chrX	112560001	112570000	B.1.2.1.1.1.2.2.1	0.375	0.520547945205479
chrX	112570001	112580000	B.1.2.1.1.1.2.2.1	0.375	0.520547945205479
chrX	112580001	112590000	B.1.2.1.1.1.2.2.1	0.375	0.520547945205479
chrX	112590001	112600000	B.1.2.1.1.1.2.2.1	0.375	0.520547945205479
chrX	112600001	112610000	B.1.2.1.1.1.2.2.1	0.375	0.520547945205479
chrX	112610001	112620000	B.1.2.1.1.1.2.2.1	0.375	0.520547945205479
chrX	112620001	112630000	B.1.2.1.1.1.2.2.1	0.375	0.520547945205479
chrX	112630001	112640000	B.1.2.1.1.1.2.2.1	0.375	0.520547945205479
chrX	112640001	112650000	B.1.2.1.1.1.2.2.1	0.375	0.520547945205479
chrX	112650001	112660000	B.1.2.1.1.1.2.2.1	0.375	0.520547945205479
chrX	112660001	112670000	B.1.2.1.1.1.2.2.1	0.375	0.520547945205479
chrX	112670001	112680000	B.1.2.1.1.1.2.2.1	0.375	0.520547945205479
chrX	112680001	112690000	B.1.2.1.1.1.2.2.1	0.375	0.520547945205479
chrX	112690001	112700000	B.1.2.1.1.1.2.2.1	0.375	0.520547945205479
chrX	112700001	112710000	B.1.2.1.1.1.2.1.1.1.1.1	0.375	0.537671232876712
chrX	112710001	112720000	B.1.2.1.1.1.2.1.1.1.1.1	0.375	0.537671232876712
chrX	112720001	112730000	B.1.2.1.1.1.2.1.1.1.1.1	0.375	0.537671232876712
chrX	112730001	112740000	B.1.2.1.1.1.2.1.1.1.1.1	0.375	0.537671232876712
chrX	112740001	112750000	B.1.2.1.1.1.2.1.1.1.1.1	0.375	0.537671232876712
chrX	112750001	112760000	B.1.2.1.1.1.2.1.1.1.1.1	0.375	0.537671232876712
chrX	112760001	112770000	B.1.2.1.1.1.2.1.1.1.1.1	0.375	0.537671232876712
chrX	112770001	112780000	B.1.2.1.1.1.2.1.1.1.1.1	0.375	0.537671232876712
chrX	112780001	112790000	B.1.2.1.1.1.2.1.1.1.1.1	0.375	0.537671232876712
chrX	112790001	112800000	B.1.2.1.1.1.2.1.1.1.1.1	0.375	0.537671232876712
chrX	112800001	112810000	B.1.2.1.1.1.2.1.1.1.1.1	0.375	0.537671232876712
chrX	112810001	112820000	B.1.2.1.1.1.2.1.1.1.1.1	0.375	0.537671232876712
chrX	112820001	112830000	B.1.2.1.1.1.2.1.1.1.1.1	0.375	0.537671232876712
chrX	112830001	112840000	B.1.2.1.1.1.2.1.1.1.1.1	0.375	0.537671232876712
chrX	112840001	112850000	B.1.2.1.1.1.2.1.1.1.1.1	0.375	0.537671232876712
chrX	112850001	112860000	B.1.2.1.1.1.2.1.1.1.1.1	0.375	0.537671232876712
chrX	112860001	112870000	B.1.2.1.1.1.2.1.1.1.1.1	0.375	0.537671232876712
chrX	112870001	112880000	B.1.2.1.1.1.2.1.1.1.1.1	0.375	0.537671232876712
chrX	112880001	112890000	B.1.2.1.1.1.2.1.1.1.1.1	0.375	0.537671232876712
chrX	112890001	112900000	B.1.2.1.1.1.2.1.1.1.1.1	0.375	0.537671232876712
chrX	112900001	112910000	B.1.2.1.1.1.2.1.1.1.1.1	0.375	0.537671232876712
chrX	112910001	112920000	B.1.2.1.1.1.2.1.1.1.1.1	0.375	0.537671232876712
chrX	112920001	112930000	B.1.2.1.1.1.2.1.1.1.1.1	0.375	0.537671232876712
chrX	112930001	112940000	B.1.2.1.1.1.2.1.1.1.1.1	0.375	0.537671232876712
chrX	112940001	112950000	B.1.2.1.1.1.2.1.1.1.1.1	0.375	0.537671232876712
chrX	112950001	112960000	A.2.2.1.2.1.1.2	0.625	0.746575342465753
chrX	112960001	112970000	A.2.2.1.2.1.1.2	0.625	0.746575342465753
chrX	112970001	112980000	A.2.2.1.2.1.1.2	0.625	0.746575342465753
chrX	112980001	112990000	A.2.2.1.2.1.1.2	0.625	0.746575342465753
chrX	112990001	1.13e+08	A.2.2.1.2.1.1.2	0.625	0.746575342465753
chrX	113000001	113010000	A.2.2.1.2.1.1.2	0.625	0.746575342465753
chrX	113010001	113020000	A.2.2.1.2.1.1.2	0.625	0.746575342465753
chrX	113020001	113030000	A.2.2.1.2.1.1.2	0.625	0.746575342465753
chrX	113030001	113040000	A.2.2.1.2.1.1.2	0.625	0.746575342465753
chrX	113040001	113050000	A.2.2.1.2.1.1.2	0.625	0.746575342465753
chrX	113050001	113060000	A.2.2.1.2.1.1.2	0.625	0.746575342465753
chrX	113060001	113070000	A.2.2.1.2.1.1.2	0.625	0.746575342465753
chrX	113070001	113080000	A.2.2.1.2.1.1.2	0.625	0.746575342465753
chrX	113080001	113090000	A.2.2.1.2.1.1.2	0.625	0.746575342465753
chrX	113090001	113100000	A.2.2.1.2.1.1.2	0.625	0.746575342465753
chrX	113100001	113110000	A.2.2.1.2.1.1.2	0.625	0.746575342465753
chrX	113110001	113120000	A.2.2.1.2.1.1.2	0.625	0.746575342465753
chrX	113120001	113130000	A.2.2.1.2.1.1.2	0.625	0.746575342465753
chrX	113130001	113140000	A.2.2.1.2.1.1.2	0.625	0.746575342465753
chrX	113140001	113150000	A.2.2.1.2.1.1.2	0.625	0.746575342465753
chrX	113150001	113160000	A.2.2.1.2.1.1.2	0.625	0.746575342465753
chrX	113160001	113170000	A.2.2.1.2.1.1.2	0.625	0.746575342465753
chrX	113170001	113180000	A.2.2.1.2.1.1.2	0.625	0.746575342465753
chrX	113180001	113190000	A.2.2.1.2.1.1.2	0.625	0.746575342465753
chrX	113190001	113200000	A.2.2.1.2.1.1.2	0.625	0.746575342465753
chrX	113200001	113210000	A.2.2.1.2.1.1.2	0.625	0.746575342465753
chrX	113210001	113220000	A.2.2.1.2.1.1.2	0.625	0.746575342465753
chrX	113220001	113230000	A.2.2.1.2.1.1.2	0.625	0.746575342465753
chrX	113230001	113240000	A.2.2.1.2.1.1.2	0.625	0.746575342465753
chrX	113240001	113250000	A.2.2.1.2.1.1.2	0.625	0.746575342465753
chrX	113250001	113260000	A.2.2.1.2.1.1.2	0.625	0.746575342465753
chrX	113260001	113270000	A.2.2.1.2.1.1.2	0.625	0.746575342465753
chrX	113270001	113280000	A.2.2.1.2.1.1.2	0.625	0.746575342465753
chrX	113280001	113290000	A.2.2.1.2.1.1.2	0.625	0.746575342465753
chrX	113290001	113300000	A.2.2.1.2.1.1.2	0.625	0.746575342465753
chrX	113300001	113310000	A.2.2.1.2.1.1.2	0.625	0.746575342465753
chrX	113310001	113320000	A.2.2.1.2.1.1.2	0.625	0.746575342465753
chrX	113320001	113330000	A.2.2.1.2.1.1.2	0.625	0.746575342465753
chrX	113330001	113340000	A.2.2.1.2.1.1.2	0.625	0.746575342465753
chrX	113340001	113350000	A.2.2.1.2.1.1.2	0.625	0.746575342465753
chrX	113350001	113360000	A.2.2.1.2.1.1.2	0.625	0.746575342465753
chrX	113360001	113370000	A.2.2.1.2.1.1.2	0.625	0.746575342465753
chrX	113370001	113380000	A.2.2.1.2.1.1.2	0.625	0.746575342465753
chrX	113380001	113390000	A.2.2.1.2.1.1.2	0.625	0.746575342465753
chrX	113390001	113400000	A.2.2.1.2.1.1.2	0.625	0.746575342465753
chrX	113400001	113410000	A.2.2.1.2.2.2.1	0.625	0.715753424657534
chrX	113410001	113420000	A.2.2.1.2.2.2.1	0.625	0.715753424657534
chrX	113420001	113430000	A.2.2.1.2.2.2.1	0.625	0.715753424657534
chrX	113430001	113440000	A.2.2.1.2.2.2.1	0.625	0.715753424657534
chrX	113440001	113450000	A.2.2.1.2.2.2.1	0.625	0.715753424657534
chrX	113450001	113460000	A.2.2.1.2.2.2.1	0.625	0.715753424657534
chrX	113460001	113470000	A.2.2.1.2.2.2.1	0.625	0.715753424657534
chrX	113470001	113480000	A.2.2.1.2.2.2.1	0.625	0.715753424657534
chrX	113480001	113490000	A.2.2.1.2.2.2.1	0.625	0.715753424657534
chrX	113490001	113500000	A.2.2.1.2.2.2.1	0.625	0.715753424657534
chrX	113500001	113510000	A.2.2.1.2.2.2.1	0.625	0.715753424657534
chrX	113510001	113520000	A.2.2.1.2.2.2.1	0.625	0.715753424657534
chrX	113520001	113530000	A.2.2.1.2.2.2.1	0.625	0.715753424657534
chrX	113530001	113540000	A.2.2.1.2.2.2.1	0.625	0.715753424657534
chrX	113540001	113550000	A.2.2.1.2.2.2.1	0.625	0.715753424657534
chrX	113550001	113560000	A.2.2.1.2.2.2.1	0.625	0.715753424657534
chrX	113560001	113570000	A.2.2.1.2.2.2.1	0.625	0.715753424657534
chrX	113570001	113580000	A.2.2.1.2.2.2.1	0.625	0.715753424657534
chrX	113580001	113590000	A.2.2.1.2.2.2.1	0.625	0.715753424657534
chrX	113590001	113600000	A.2.2.1.2.2.2.1	0.625	0.715753424657534
chrX	113600001	113610000	A.2.2.1.2.2.2.1	0.625	0.715753424657534
chrX	113610001	113620000	A.2.2.1.2.2.2.1	0.625	0.715753424657534
chrX	113620001	113630000	A.2.2.1.2.2.2.1	0.625	0.715753424657534
chrX	113630001	113640000	A.2.2.1.2.2.2.1	0.625	0.715753424657534
chrX	113640001	113650000	A.2.2.1.2.2.2.1	0.625	0.715753424657534
chrX	113650001	113660000	B.1.1.1.1.1.2.2	0.5	0.667808219178082
chrX	113660001	113670000	B.1.1.1.1.1.2.2	0.5	0.667808219178082
chrX	113670001	113680000	B.1.1.1.1.1.2.2	0.5	0.667808219178082
chrX	113680001	113690000	B.1.1.1.1.1.2.2	0.5	0.667808219178082
chrX	113690001	113700000	B.1.1.1.1.1.2.2	0.5	0.667808219178082
chrX	113700001	113710000	B.1.1.1.1.1.2.2	0.5	0.667808219178082
chrX	113710001	113720000	B.1.1.1.1.1.2.2	0.5	0.667808219178082
chrX	113720001	113730000	B.1.1.1.1.1.2.2	0.5	0.667808219178082
chrX	113730001	113740000	B.1.1.1.1.1.2.2	0.5	0.667808219178082
chrX	113740001	113750000	B.1.1.1.1.1.2.2	0.5	0.667808219178082
chrX	113750001	113760000	B.1.1.1.1.1.2.2	0.5	0.667808219178082
chrX	113760001	113770000	B.1.1.1.1.1.2.2	0.5	0.667808219178082
chrX	113770001	113780000	B.1.1.1.1.1.2.2	0.5	0.667808219178082
chrX	113780001	113790000	B.1.1.1.1.1.2.2	0.5	0.667808219178082
chrX	113790001	113800000	B.1.1.1.1.1.2.2	0.5	0.667808219178082
chrX	113800001	113810000	B.1.1.1.1.1.2.2	0.5	0.667808219178082
chrX	113810001	113820000	B.1.1.1.1.1.2.2	0.5	0.667808219178082
chrX	113820001	113830000	B.1.1.1.1.1.2.2	0.5	0.667808219178082
chrX	113830001	113840000	B.1.1.1.1.1.2.2	0.5	0.667808219178082
chrX	113840001	113850000	B.1.1.1.1.1.2.2	0.5	0.667808219178082
chrX	113850001	113860000	A.2.2.1.2.1.2.2.1	0.625	0.736301369863014
chrX	113860001	113870000	A.2.2.1.2.1.2.2.1	0.625	0.736301369863014
chrX	113870001	113880000	A.2.2.1.2.1.2.2.1	0.625	0.736301369863014
chrX	113880001	113890000	A.2.2.1.2.1.2.2.1	0.625	0.736301369863014
chrX	113890001	113900000	A.2.2.1.2.1.2.2.1	0.625	0.736301369863014
chrX	113900001	113910000	A.2.2.1.2.1.2.2.1	0.625	0.736301369863014
chrX	113910001	113920000	A.2.2.1.2.1.2.2.1	0.625	0.736301369863014
chrX	113920001	113930000	A.2.2.1.2.1.2.2.1	0.625	0.736301369863014
chrX	113930001	113940000	A.2.2.1.2.1.2.2.1	0.625	0.736301369863014
chrX	113940001	113950000	A.2.2.1.2.1.2.2.1	0.625	0.736301369863014
chrX	113950001	113960000	A.2.2.1.2.1.2.2.1	0.625	0.736301369863014
chrX	113960001	113970000	A.2.2.1.2.1.2.2.1	0.625	0.736301369863014
chrX	113970001	113980000	A.2.2.1.2.1.2.2.1	0.625	0.736301369863014
chrX	113980001	113990000	A.2.2.1.2.1.2.2.1	0.625	0.736301369863014
chrX	113990001	1.14e+08	A.2.2.1.2.1.2.2.1	0.625	0.736301369863014
chrX	114000001	114010000	A.2.2.1.2.1.2.2.1	0.625	0.736301369863014
chrX	114010001	114020000	A.2.2.1.2.1.2.2.1	0.625	0.736301369863014
chrX	114020001	114030000	A.2.2.1.2.1.2.2.1	0.625	0.736301369863014
chrX	114030001	114040000	A.2.2.1.2.1.2.2.1	0.625	0.736301369863014
chrX	114040001	114050000	A.2.2.1.2.1.2.2.1	0.625	0.736301369863014
chrX	114050001	114060000	A.2.2.1.2.1.2.2.1	0.625	0.736301369863014
chrX	114060001	114070000	A.2.2.1.2.1.2.2.1	0.625	0.736301369863014
chrX	114070001	114080000	A.2.2.1.2.1.2.2.1	0.625	0.736301369863014
chrX	114080001	114090000	A.2.2.1.2.1.2.2.1	0.625	0.736301369863014
chrX	114090001	114100000	A.2.2.1.2.1.2.2.1	0.625	0.736301369863014
chrX	114100001	114110000	A.2.2.1.2.1.2.2.1	0.625	0.736301369863014
chrX	114110001	114120000	A.2.2.1.2.1.2.2.1	0.625	0.736301369863014
chrX	114120001	114130000	A.2.2.1.2.1.2.2.1	0.625	0.736301369863014
chrX	114130001	114140000	A.2.2.1.2.1.2.2.1	0.625	0.736301369863014
chrX	114140001	114150000	A.2.2.1.2.1.2.2.1	0.625	0.736301369863014
chrX	114150001	114160000	A.1.1.2.1.2.2	1	0.958904109589041
chrX	114160001	114170000	A.1.1.2.1.2.2	1	0.958904109589041
chrX	114170001	114180000	A.1.1.2.1.2.2	1	0.958904109589041
chrX	114180001	114190000	A.1.1.2.1.2.2	1	0.958904109589041
chrX	114190001	114200000	A.1.1.2.1.2.2	1	0.958904109589041
chrX	114200001	114210000	A.1.1.2.1.2.2	1	0.958904109589041
chrX	114210001	114220000	A.1.1.2.1.2.2	1	0.958904109589041
chrX	114220001	114230000	A.1.1.2.1.2.2	1	0.958904109589041
chrX	114230001	114240000	A.1.1.2.1.2.2	1	0.958904109589041
chrX	114240001	114250000	A.1.1.2.1.2.2	1	0.958904109589041
chrX	114250001	114260000	A.1.1.2.1.2.2	1	0.958904109589041
chrX	114260001	114270000	A.1.1.2.1.2.2	1	0.958904109589041
chrX	114270001	114280000	A.1.1.2.1.2.2	1	0.958904109589041
chrX	114280001	114290000	A.1.1.2.1.2.2	1	0.958904109589041
chrX	114290001	114300000	A.1.1.2.1.2.2	1	0.958904109589041
chrX	114300001	114310000	A.1.1.2.1.2.2	1	0.958904109589041
chrX	114310001	114320000	A.1.1.2.1.2.2	1	0.958904109589041
chrX	114320001	114330000	A.1.1.2.1.2.2	1	0.958904109589041
chrX	114330001	114340000	A.1.1.2.1.2.2	1	0.958904109589041
chrX	114340001	114350000	A.1.1.2.1.2.2	1	0.958904109589041
chrX	114350001	114360000	A.1.1.2.1.2.2	1	0.958904109589041
chrX	114360001	114370000	A.1.1.2.1.2.2	1	0.958904109589041
chrX	114370001	114380000	A.1.1.2.1.2.2	1	0.958904109589041
chrX	114380001	114390000	A.1.1.2.1.2.2	1	0.958904109589041
chrX	114390001	114400000	A.1.1.2.1.2.2	1	0.958904109589041
chrX	114400001	114410000	A.1.1.2.1.2.2	1	0.958904109589041
chrX	114410001	114420000	A.1.1.2.1.2.2	1	0.958904109589041
chrX	114420001	114430000	A.1.1.2.1.2.2	1	0.958904109589041
chrX	114430001	114440000	A.1.1.2.1.2.2	1	0.958904109589041
chrX	114440001	114450000	A.1.1.2.1.2.2	1	0.958904109589041
chrX	114450001	114460000	A.1.1.2.1.2.2	1	0.958904109589041
chrX	114460001	114470000	A.1.1.2.1.2.2	1	0.958904109589041
chrX	114470001	114480000	A.1.1.2.1.2.2	1	0.958904109589041
chrX	114480001	114490000	A.1.1.2.1.2.2	1	0.958904109589041
chrX	114490001	114500000	A.1.1.2.1.2.2	1	0.958904109589041
chrX	114500001	114510000	A.1.1.2.1.2.2	1	0.958904109589041
chrX	114510001	114520000	A.1.1.2.1.2.2	1	0.958904109589041
chrX	114520001	114530000	A.1.1.2.1.2.2	1	0.958904109589041
chrX	114530001	114540000	A.1.1.2.1.2.2	1	0.958904109589041
chrX	114540001	114550000	A.1.1.2.1.2.2	1	0.958904109589041
chrX	114550001	114560000	A.1.1.2.1.2.2	1	0.958904109589041
chrX	114560001	114570000	A.1.1.2.1.2.2	1	0.958904109589041
chrX	114570001	114580000	A.1.1.2.1.2.2	1	0.958904109589041
chrX	114580001	114590000	A.1.1.2.1.2.2	1	0.958904109589041
chrX	114590001	114600000	A.1.1.2.1.2.2	1	0.958904109589041
chrX	114600001	114610000	A.1.1.2.1.2.2	1	0.958904109589041
chrX	114610001	114620000	A.1.1.2.1.2.2	1	0.958904109589041
chrX	114620001	114630000	A.1.1.2.1.2.2	1	0.958904109589041
chrX	114630001	114640000	A.1.1.2.1.2.2	1	0.958904109589041
chrX	114640001	114650000	A.1.1.2.1.2.2	1	0.958904109589041
chrX	114650001	114660000	A.1.1.2.1.2.2	1	0.958904109589041
chrX	114660001	114670000	A.1.1.2.1.2.2	1	0.958904109589041
chrX	114670001	114680000	A.1.1.2.1.2.2	1	0.958904109589041
chrX	114680001	114690000	A.1.1.2.1.2.2	1	0.958904109589041
chrX	114690001	114700000	A.1.1.2.1.2.2	1	0.958904109589041
chrX	114700001	114710000	A.1.1.2.1.2.2	1	0.958904109589041
chrX	114710001	114720000	A.1.1.2.1.2.2	1	0.958904109589041
chrX	114720001	114730000	A.1.1.2.1.2.2	1	0.958904109589041
chrX	114730001	114740000	A.1.1.2.1.2.2	1	0.958904109589041
chrX	114740001	114750000	A.1.1.2.1.2.2	1	0.958904109589041
chrX	114750001	114760000	A.1.1.2.1.2.2	1	0.958904109589041
chrX	114760001	114770000	A.1.1.2.1.2.2	1	0.958904109589041
chrX	114770001	114780000	A.1.1.2.1.2.2	1	0.958904109589041
chrX	114780001	114790000	A.1.1.2.1.2.2	1	0.958904109589041
chrX	114790001	114800000	A.1.1.2.1.2.2	1	0.958904109589041
chrX	114800001	114810000	A.1.1.2.1.2.2	1	0.958904109589041
chrX	114810001	114820000	A.1.1.2.1.2.2	1	0.958904109589041
chrX	114820001	114830000	A.1.1.2.1.2.2	1	0.958904109589041
chrX	114830001	114840000	A.1.1.2.1.2.2	1	0.958904109589041
chrX	114840001	114850000	A.1.1.2.1.2.2	1	0.958904109589041
chrX	114850001	114860000	A.2.1.1.1.1.2.1	0.75	0.856164383561644
chrX	114860001	114870000	A.2.1.1.1.1.2.1	0.75	0.856164383561644
chrX	114870001	114880000	A.2.1.1.1.1.2.1	0.75	0.856164383561644
chrX	114880001	114890000	A.2.1.1.1.1.2.1	0.75	0.856164383561644
chrX	114890001	114900000	A.2.1.1.1.1.2.1	0.75	0.856164383561644
chrX	114900001	114910000	A.2.1.1.1.1.2.1	0.75	0.856164383561644
chrX	114910001	114920000	A.2.1.1.1.1.2.1	0.75	0.856164383561644
chrX	114920001	114930000	A.2.1.1.1.1.2.1	0.75	0.856164383561644
chrX	114930001	114940000	A.2.1.1.1.1.2.1	0.75	0.856164383561644
chrX	114940001	114950000	A.2.1.1.1.1.2.1	0.75	0.856164383561644
chrX	114950001	114960000	A.2.1.1.1.1.2.1	0.75	0.856164383561644
chrX	114960001	114970000	A.2.1.1.1.1.2.1	0.75	0.856164383561644
chrX	114970001	114980000	A.2.1.1.1.1.2.1	0.75	0.856164383561644
chrX	114980001	114990000	A.2.1.1.1.1.2.1	0.75	0.856164383561644
chrX	114990001	1.15e+08	A.2.1.1.1.1.2.1	0.75	0.856164383561644
chrX	115000001	115010000	A.2.1.1.1.1.2.1	0.75	0.856164383561644
chrX	115010001	115020000	A.2.1.1.1.1.2.1	0.75	0.856164383561644
chrX	115020001	115030000	A.2.1.1.1.1.2.1	0.75	0.856164383561644
chrX	115030001	115040000	A.2.1.1.1.1.2.1	0.75	0.856164383561644
chrX	115040001	115050000	A.2.1.1.1.1.2.1	0.75	0.856164383561644
chrX	115050001	115060000	B.2.1.2.1.1.1.1.1.2	0.25	0.318493150684932
chrX	115060001	115070000	B.2.1.2.1.1.1.1.1.2	0.25	0.318493150684932
chrX	115070001	115080000	B.2.1.2.1.1.1.1.1.2	0.25	0.318493150684932
chrX	115080001	115090000	B.2.1.2.1.1.1.1.1.2	0.25	0.318493150684932
chrX	115090001	115100000	B.2.1.2.1.1.1.1.1.2	0.25	0.318493150684932
chrX	115100001	115110000	B.2.1.2.1.1.1.1.1.2	0.25	0.318493150684932
chrX	115110001	115120000	B.2.1.2.1.1.1.1.1.2	0.25	0.318493150684932
chrX	115120001	115130000	B.2.1.2.1.1.1.1.1.2	0.25	0.318493150684932
chrX	115130001	115140000	B.2.1.2.1.1.1.1.1.2	0.25	0.318493150684932
chrX	115140001	115150000	B.2.1.2.1.1.1.1.1.2	0.25	0.318493150684932
chrX	115150001	115160000	B.2.1.2.1.1.1.1.1.2	0.25	0.318493150684932
chrX	115160001	115170000	B.2.1.2.1.1.1.1.1.2	0.25	0.318493150684932
chrX	115170001	115180000	B.2.1.2.1.1.1.1.1.2	0.25	0.318493150684932
chrX	115180001	115190000	B.2.1.2.1.1.1.1.1.2	0.25	0.318493150684932
chrX	115190001	115200000	B.2.1.2.1.1.1.1.1.2	0.25	0.318493150684932
chrX	115200001	115210000	B.2.1.2.1.1.1.1.1.2	0.25	0.318493150684932
chrX	115210001	115220000	B.2.1.2.1.1.1.1.1.2	0.25	0.318493150684932
chrX	115220001	115230000	B.2.1.2.1.1.1.1.1.2	0.25	0.318493150684932
chrX	115230001	115240000	B.2.1.2.1.1.1.1.1.2	0.25	0.318493150684932
chrX	115240001	115250000	B.2.1.2.1.1.1.1.1.2	0.25	0.318493150684932
chrX	115250001	115260000	B.1.2.1.1.1.1.2.2	0.375	0.541095890410959
chrX	115260001	115270000	B.1.2.1.1.1.1.2.2	0.375	0.541095890410959
chrX	115270001	115280000	B.1.2.1.1.1.1.2.2	0.375	0.541095890410959
chrX	115280001	115290000	B.1.2.1.1.1.1.2.2	0.375	0.541095890410959
chrX	115290001	115300000	B.1.2.1.1.1.1.2.2	0.375	0.541095890410959
chrX	115300001	115310000	B.1.2.1.1.1.1.2.2	0.375	0.541095890410959
chrX	115310001	115320000	B.1.2.1.1.1.1.2.2	0.375	0.541095890410959
chrX	115320001	115330000	B.1.2.1.1.1.1.2.2	0.375	0.541095890410959
chrX	115330001	115340000	B.1.2.1.1.1.1.2.2	0.375	0.541095890410959
chrX	115340001	115350000	B.1.2.1.1.1.1.2.2	0.375	0.541095890410959
chrX	115350001	115360000	B.1.2.1.1.1.1.2.2	0.375	0.541095890410959
chrX	115360001	115370000	B.1.2.1.1.1.1.2.2	0.375	0.541095890410959
chrX	115370001	115380000	B.1.2.1.1.1.1.2.2	0.375	0.541095890410959
chrX	115380001	115390000	B.1.2.1.1.1.1.2.2	0.375	0.541095890410959
chrX	115390001	115400000	B.1.2.1.1.1.1.2.2	0.375	0.541095890410959
chrX	115400001	115410000	B.1.2.1.1.1.1.2.2	0.375	0.541095890410959
chrX	115410001	115420000	B.1.2.1.1.1.1.2.2	0.375	0.541095890410959
chrX	115420001	115430000	B.1.2.1.1.1.1.2.2	0.375	0.541095890410959
chrX	115430001	115440000	B.1.2.1.1.1.1.2.2	0.375	0.541095890410959
chrX	115440001	115450000	B.1.2.1.1.1.1.2.2	0.375	0.541095890410959
chrX	115450001	115460000	B.1.2.1.1.1.1.2.2	0.375	0.541095890410959
chrX	115460001	115470000	B.1.2.1.1.1.1.2.2	0.375	0.541095890410959
chrX	115470001	115480000	B.1.2.1.1.1.1.2.2	0.375	0.541095890410959
chrX	115480001	115490000	B.1.2.1.1.1.1.2.2	0.375	0.541095890410959
chrX	115490001	115500000	B.1.2.1.1.1.1.2.2	0.375	0.541095890410959
chrX	115500001	115510000	B.1.2.1.1.1.1.2.2	0.375	0.541095890410959
chrX	115510001	115520000	B.1.2.1.1.1.1.2.2	0.375	0.541095890410959
chrX	115520001	115530000	B.1.2.1.1.1.1.2.2	0.375	0.541095890410959
chrX	115530001	115540000	B.1.2.1.1.1.1.2.2	0.375	0.541095890410959
chrX	115540001	115550000	B.1.2.1.1.1.1.2.2	0.375	0.541095890410959
chrX	115550001	115560000	B.1.2.1.1.1.1.2.2	0.375	0.541095890410959
chrX	115560001	115570000	B.1.2.1.1.1.1.2.2	0.375	0.541095890410959
chrX	115570001	115580000	B.1.2.1.1.1.1.2.2	0.375	0.541095890410959
chrX	115580001	115590000	B.1.2.1.1.1.1.2.2	0.375	0.541095890410959
chrX	115590001	115600000	B.1.2.1.1.1.1.2.2	0.375	0.541095890410959
chrX	115600001	115610000	B.1.2.1.1.1.1.2.2	0.375	0.541095890410959
chrX	115610001	115620000	B.1.2.1.1.1.1.2.2	0.375	0.541095890410959
chrX	115620001	115630000	B.1.2.1.1.1.1.2.2	0.375	0.541095890410959
chrX	115630001	115640000	B.1.2.1.1.1.1.2.2	0.375	0.541095890410959
chrX	115640001	115650000	B.1.2.1.1.1.1.2.2	0.375	0.541095890410959
chrX	115650001	115660000	B.1.2.1.1.1.1.1	0.375	0.547945205479452
chrX	115660001	115670000	B.1.2.1.1.1.1.1	0.375	0.547945205479452
chrX	115670001	115680000	B.1.2.1.1.1.1.1	0.375	0.547945205479452
chrX	115680001	115690000	B.1.2.1.1.1.1.1	0.375	0.547945205479452
chrX	115690001	115700000	B.1.2.1.1.1.1.1	0.375	0.547945205479452
chrX	115700001	115710000	B.1.2.1.1.1.1.1	0.375	0.547945205479452
chrX	115710001	115720000	B.1.2.1.1.1.1.1	0.375	0.547945205479452
chrX	115720001	115730000	B.1.2.1.1.1.1.1	0.375	0.547945205479452
chrX	115730001	115740000	B.1.2.1.1.1.1.1	0.375	0.547945205479452
chrX	115740001	115750000	B.1.2.1.1.1.1.1	0.375	0.547945205479452
chrX	115750001	115760000	B.1.2.1.1.1.1.1	0.375	0.547945205479452
chrX	115760001	115770000	B.1.2.1.1.1.1.1	0.375	0.547945205479452
chrX	115770001	115780000	B.1.2.1.1.1.1.1	0.375	0.547945205479452
chrX	115780001	115790000	B.1.2.1.1.1.1.1	0.375	0.547945205479452
chrX	115790001	115800000	B.1.2.1.1.1.1.1	0.375	0.547945205479452
chrX	115800001	115810000	B.1.2.1.1.1.1.1	0.375	0.547945205479452
chrX	115810001	115820000	B.1.2.1.1.1.1.1	0.375	0.547945205479452
chrX	115820001	115830000	B.1.2.1.1.1.1.1	0.375	0.547945205479452
chrX	115830001	115840000	B.1.2.1.1.1.1.1	0.375	0.547945205479452
chrX	115840001	115850000	B.1.2.1.1.1.1.1	0.375	0.547945205479452
chrX	115850001	115860000	B.2.1.2.2.2.1.2.2.1.2.2	0.25	0.164383561643836
chrX	115860001	115870000	B.2.1.2.2.2.1.2.2.1.2.2	0.25	0.164383561643836
chrX	115870001	115880000	B.2.1.2.2.2.1.2.2.1.2.2	0.25	0.164383561643836
chrX	115880001	115890000	B.2.1.2.2.2.1.2.2.1.2.2	0.25	0.164383561643836
chrX	115890001	115900000	B.2.1.2.2.2.1.2.2.1.2.2	0.25	0.164383561643836
chrX	115900001	115910000	B.2.1.2.2.2.1.2.2.1.2.2	0.25	0.164383561643836
chrX	115910001	115920000	B.2.1.2.2.2.1.2.2.1.2.2	0.25	0.164383561643836
chrX	115920001	115930000	B.2.1.2.2.2.1.2.2.1.2.2	0.25	0.164383561643836
chrX	115930001	115940000	B.2.1.2.2.2.1.2.2.1.2.2	0.25	0.164383561643836
chrX	115940001	115950000	B.2.1.2.2.2.1.2.2.1.2.2	0.25	0.164383561643836
chrX	115950001	115960000	B.2.1.2.2.2.1.2.2.1.2.2	0.25	0.164383561643836
chrX	115960001	115970000	B.2.1.2.2.2.1.2.2.1.2.2	0.25	0.164383561643836
chrX	115970001	115980000	B.2.1.2.2.2.1.2.2.1.2.2	0.25	0.164383561643836
chrX	115980001	115990000	B.2.1.2.2.2.1.2.2.1.2.2	0.25	0.164383561643836
chrX	115990001	1.16e+08	B.2.1.2.2.2.1.2.2.1.2.2	0.25	0.164383561643836
chrX	116000001	116010000	B.2.1.2.2.2.1.2.2.1.2.2	0.25	0.164383561643836
chrX	116010001	116020000	B.2.1.2.2.2.1.2.2.1.2.2	0.25	0.164383561643836
chrX	116020001	116030000	B.2.1.2.2.2.1.2.2.1.2.2	0.25	0.164383561643836
chrX	116030001	116040000	B.2.1.2.2.2.1.2.2.1.2.2	0.25	0.164383561643836
chrX	116040001	116050000	B.2.1.2.2.2.1.2.2.1.2.2	0.25	0.164383561643836
chrX	116050001	116060000	B.2.1.2.2.2.1.2.2.1.2.2	0.25	0.164383561643836
chrX	116060001	116070000	B.2.1.2.2.2.1.2.2.1.2.2	0.25	0.164383561643836
chrX	116070001	116080000	B.2.1.2.2.2.1.2.2.1.2.2	0.25	0.164383561643836
chrX	116080001	116090000	B.2.1.2.2.2.1.2.2.1.2.2	0.25	0.164383561643836
chrX	116090001	116100000	B.2.1.2.2.2.1.2.2.1.2.2	0.25	0.164383561643836
chrX	116100001	116110000	B.2.1.2.2.2.1.2.2.1.2.2	0.25	0.164383561643836
chrX	116110001	116120000	B.2.1.2.2.2.1.2.2.1.2.2	0.25	0.164383561643836
chrX	116120001	116130000	B.2.1.2.2.2.1.2.2.1.2.2	0.25	0.164383561643836
chrX	116130001	116140000	B.2.1.2.2.2.1.2.2.1.2.2	0.25	0.164383561643836
chrX	116140001	116150000	B.2.1.2.2.2.1.2.2.1.2.2	0.25	0.164383561643836
chrX	116150001	116160000	B.2.1.2.2.2.2.2.2.2.2	0.25	0.13013698630137
chrX	116160001	116170000	B.2.1.2.2.2.2.2.2.2.2	0.25	0.13013698630137
chrX	116170001	116180000	B.2.1.2.2.2.2.2.2.2.2	0.25	0.13013698630137
chrX	116180001	116190000	B.2.1.2.2.2.2.2.2.2.2	0.25	0.13013698630137
chrX	116190001	116200000	B.2.1.2.2.2.2.2.2.2.2	0.25	0.13013698630137
chrX	116200001	116210000	B.2.1.2.2.2.2.2.2.2.2	0.25	0.13013698630137
chrX	116210001	116220000	B.2.1.2.2.2.2.2.2.2.2	0.25	0.13013698630137
chrX	116220001	116230000	B.2.1.2.2.2.2.2.2.2.2	0.25	0.13013698630137
chrX	116230001	116240000	B.2.1.2.2.2.2.2.2.2.2	0.25	0.13013698630137
chrX	116240001	116250000	B.2.1.2.2.2.2.2.2.2.2	0.25	0.13013698630137
chrX	116250001	116260000	B.2.1.2.2.2.2.2.2.2.2	0.25	0.13013698630137
chrX	116260001	116270000	B.2.1.2.2.2.2.2.2.2.2	0.25	0.13013698630137
chrX	116270001	116280000	B.2.1.2.2.2.2.2.2.2.2	0.25	0.13013698630137
chrX	116280001	116290000	B.2.1.2.2.2.2.2.2.2.2	0.25	0.13013698630137
chrX	116290001	116300000	B.2.1.2.2.2.2.2.2.2.2	0.25	0.13013698630137
chrX	116300001	116310000	B.1.2.1.1.1.2.1.2	0.375	0.523972602739726
chrX	116310001	116320000	B.1.2.1.1.1.2.1.2	0.375	0.523972602739726
chrX	116320001	116330000	B.1.2.1.1.1.2.1.2	0.375	0.523972602739726
chrX	116330001	116340000	B.1.2.1.1.1.2.1.2	0.375	0.523972602739726
chrX	116340001	116350000	B.1.2.1.1.1.2.1.2	0.375	0.523972602739726
chrX	116350001	116360000	B.1.2.1.1.1.2.1.2	0.375	0.523972602739726
chrX	116360001	116370000	B.1.2.1.1.1.2.1.2	0.375	0.523972602739726
chrX	116370001	116380000	B.1.2.1.1.1.2.1.2	0.375	0.523972602739726
chrX	116380001	116390000	B.1.2.1.1.1.2.1.2	0.375	0.523972602739726
chrX	116390001	116400000	B.1.2.1.1.1.2.1.2	0.375	0.523972602739726
chrX	116400001	116410000	B.1.2.1.1.1.2.1.2	0.375	0.523972602739726
chrX	116410001	116420000	B.1.2.1.1.1.2.1.2	0.375	0.523972602739726
chrX	116420001	116430000	B.1.2.1.1.1.2.1.2	0.375	0.523972602739726
chrX	116430001	116440000	B.1.2.1.1.1.2.1.2	0.375	0.523972602739726
chrX	116440001	116450000	B.1.2.1.1.1.2.1.2	0.375	0.523972602739726
chrX	116450001	116460000	B.1.2.1.1.1.2.1.2	0.375	0.523972602739726
chrX	116460001	116470000	B.1.2.1.1.1.2.1.2	0.375	0.523972602739726
chrX	116470001	116480000	B.1.2.1.1.1.2.1.2	0.375	0.523972602739726
chrX	116480001	116490000	B.1.2.1.1.1.2.1.2	0.375	0.523972602739726
chrX	116490001	116500000	B.1.2.1.1.1.2.1.2	0.375	0.523972602739726
chrX	116500001	116510000	B.2.1.2.1.1.1.1.2	0.25	0.315068493150685
chrX	116510001	116520000	B.2.1.2.1.1.1.1.2	0.25	0.315068493150685
chrX	116520001	116530000	B.2.1.2.1.1.1.1.2	0.25	0.315068493150685
chrX	116530001	116540000	B.2.1.2.1.1.1.1.2	0.25	0.315068493150685
chrX	116540001	116550000	B.2.1.2.1.1.1.1.2	0.25	0.315068493150685
chrX	116550001	116560000	B.2.1.2.1.1.1.1.2	0.25	0.315068493150685
chrX	116560001	116570000	B.2.1.2.1.1.1.1.2	0.25	0.315068493150685
chrX	116570001	116580000	B.2.1.2.1.1.1.1.2	0.25	0.315068493150685
chrX	116580001	116590000	B.2.1.2.1.1.1.1.2	0.25	0.315068493150685
chrX	116590001	116600000	B.2.1.2.1.1.1.1.2	0.25	0.315068493150685
chrX	116600001	116610000	B.2.1.2.1.1.1.1.2	0.25	0.315068493150685
chrX	116610001	116620000	B.2.1.2.1.1.1.1.2	0.25	0.315068493150685
chrX	116620001	116630000	B.2.1.2.1.1.1.1.2	0.25	0.315068493150685
chrX	116630001	116640000	B.2.1.2.1.1.1.1.2	0.25	0.315068493150685
chrX	116640001	116650000	B.2.1.2.1.1.1.1.2	0.25	0.315068493150685
chrX	116650001	116660000	B.2.1.2.1.1.1.1.2	0.25	0.315068493150685
chrX	116660001	116670000	B.2.1.2.1.1.1.1.2	0.25	0.315068493150685
chrX	116670001	116680000	B.2.1.2.1.1.1.1.2	0.25	0.315068493150685
chrX	116680001	116690000	B.2.1.2.1.1.1.1.2	0.25	0.315068493150685
chrX	116690001	116700000	B.2.1.2.1.1.1.1.2	0.25	0.315068493150685
chrX	116700001	116710000	B.2.1.2.1.1.1.1.2	0.25	0.315068493150685
chrX	116710001	116720000	B.2.1.2.1.1.1.1.2	0.25	0.315068493150685
chrX	116720001	116730000	B.2.1.2.1.1.1.1.2	0.25	0.315068493150685
chrX	116730001	116740000	B.2.1.2.1.1.1.1.2	0.25	0.315068493150685
chrX	116740001	116750000	B.2.1.2.1.1.1.1.2	0.25	0.315068493150685
chrX	116750001	116760000	B.1.2.1.1.1.2.1.1.1.1.2	0.375	0.534246575342466
chrX	116760001	116770000	B.1.2.1.1.1.2.1.1.1.1.2	0.375	0.534246575342466
chrX	116770001	116780000	B.1.2.1.1.1.2.1.1.1.1.2	0.375	0.534246575342466
chrX	116780001	116790000	B.1.2.1.1.1.2.1.1.1.1.2	0.375	0.534246575342466
chrX	116790001	116800000	B.1.2.1.1.1.2.1.1.1.1.2	0.375	0.534246575342466
chrX	116800001	116810000	B.1.2.1.1.1.2.1.1.1.1.2	0.375	0.534246575342466
chrX	116810001	116820000	B.1.2.1.1.1.2.1.1.1.1.2	0.375	0.534246575342466
chrX	116820001	116830000	B.1.2.1.1.1.2.1.1.1.1.2	0.375	0.534246575342466
chrX	116830001	116840000	B.1.2.1.1.1.2.1.1.1.1.2	0.375	0.534246575342466
chrX	116840001	116850000	B.1.2.1.1.1.2.1.1.1.1.2	0.375	0.534246575342466
chrX	116850001	116860000	B.1.2.1.1.1.2.1.1.1.1.2	0.375	0.534246575342466
chrX	116860001	116870000	B.1.2.1.1.1.2.1.1.1.1.2	0.375	0.534246575342466
chrX	116870001	116880000	B.1.2.1.1.1.2.1.1.1.1.2	0.375	0.534246575342466
chrX	116880001	116890000	B.1.2.1.1.1.2.1.1.1.1.2	0.375	0.534246575342466
chrX	116890001	116900000	B.1.2.1.1.1.2.1.1.1.1.2	0.375	0.534246575342466
chrX	116900001	116910000	B.1.2.1.1.1.2.1.1.1.1.2	0.375	0.534246575342466
chrX	116910001	116920000	B.1.2.1.1.1.2.1.1.1.1.2	0.375	0.534246575342466
chrX	116920001	116930000	B.1.2.1.1.1.2.1.1.1.1.2	0.375	0.534246575342466
chrX	116930001	116940000	B.1.2.1.1.1.2.1.1.1.1.2	0.375	0.534246575342466
chrX	116940001	116950000	B.1.2.1.1.1.2.1.1.1.1.2	0.375	0.534246575342466
chrX	116950001	116960000	B.1.2.1.1.1.2.1.1.1.1.2	0.375	0.534246575342466
chrX	116960001	116970000	B.1.2.1.1.1.2.1.1.1.1.2	0.375	0.534246575342466
chrX	116970001	116980000	B.1.2.1.1.1.2.1.1.1.1.2	0.375	0.534246575342466
chrX	116980001	116990000	B.1.2.1.1.1.2.1.1.1.1.2	0.375	0.534246575342466
chrX	116990001	1.17e+08	B.1.2.1.1.1.2.1.1.1.1.2	0.375	0.534246575342466
chrX	117000001	117010000	B.1.2.1.1.1.2.1.1.1.1.2	0.375	0.534246575342466
chrX	117010001	117020000	B.1.2.1.1.1.2.1.1.1.1.2	0.375	0.534246575342466
chrX	117020001	117030000	B.1.2.1.1.1.2.1.1.1.1.2	0.375	0.534246575342466
chrX	117030001	117040000	B.1.2.1.1.1.2.1.1.1.1.2	0.375	0.534246575342466
chrX	117040001	117050000	B.1.2.1.1.1.2.1.1.1.1.2	0.375	0.534246575342466
chrX	117050001	117060000	B.1.2.1.1.1.2.1.1.1.1.2	0.375	0.534246575342466
chrX	117060001	117070000	B.1.2.1.1.1.2.1.1.1.1.2	0.375	0.534246575342466
chrX	117070001	117080000	B.1.2.1.1.1.2.1.1.1.1.2	0.375	0.534246575342466
chrX	117080001	117090000	B.1.2.1.1.1.2.1.1.1.1.2	0.375	0.534246575342466
chrX	117090001	117100000	B.1.2.1.1.1.2.1.1.1.1.2	0.375	0.534246575342466
chrX	117100001	117110000	B.1.2.1.1.1.2.1.1.1.1.2	0.375	0.534246575342466
chrX	117110001	117120000	B.1.2.1.1.1.2.1.1.1.1.2	0.375	0.534246575342466
chrX	117120001	117130000	B.1.2.1.1.1.2.1.1.1.1.2	0.375	0.534246575342466
chrX	117130001	117140000	B.1.2.1.1.1.2.1.1.1.1.2	0.375	0.534246575342466
chrX	117140001	117150000	B.1.2.1.1.1.2.1.1.1.1.2	0.375	0.534246575342466
chrX	117150001	117160000	A.2.2.2.2.2.1	0.625	0.691780821917808
chrX	117160001	117170000	A.2.2.2.2.2.1	0.625	0.691780821917808
chrX	117170001	117180000	A.2.2.2.2.2.1	0.625	0.691780821917808
chrX	117180001	117190000	A.2.2.2.2.2.1	0.625	0.691780821917808
chrX	117190001	117200000	A.2.2.2.2.2.1	0.625	0.691780821917808
chrX	117200001	117210000	A.2.2.2.2.2.1	0.625	0.691780821917808
chrX	117210001	117220000	A.2.2.2.2.2.1	0.625	0.691780821917808
chrX	117220001	117230000	A.2.2.2.2.2.1	0.625	0.691780821917808
chrX	117230001	117240000	A.2.2.2.2.2.1	0.625	0.691780821917808
chrX	117240001	117250000	A.2.2.2.2.2.1	0.625	0.691780821917808
chrX	117250001	117260000	A.2.2.2.2.2.1	0.625	0.691780821917808
chrX	117260001	117270000	A.2.2.2.2.2.1	0.625	0.691780821917808
chrX	117270001	117280000	A.2.2.2.2.2.1	0.625	0.691780821917808
chrX	117280001	117290000	A.2.2.2.2.2.1	0.625	0.691780821917808
chrX	117290001	117300000	A.2.2.2.2.2.1	0.625	0.691780821917808
chrX	117300001	117310000	A.2.2.2.2.2.1	0.625	0.691780821917808
chrX	117310001	117320000	A.2.2.2.2.2.1	0.625	0.691780821917808
chrX	117320001	117330000	A.2.2.2.2.2.1	0.625	0.691780821917808
chrX	117330001	117340000	A.2.2.2.2.2.1	0.625	0.691780821917808
chrX	117340001	117350000	A.2.2.2.2.2.1	0.625	0.691780821917808
chrX	117350001	117360000	A.2.2.2.2.2.1	0.625	0.691780821917808
chrX	117360001	117370000	A.2.2.2.2.2.1	0.625	0.691780821917808
chrX	117370001	117380000	A.2.2.2.2.2.1	0.625	0.691780821917808
chrX	117380001	117390000	A.2.2.2.2.2.1	0.625	0.691780821917808
chrX	117390001	117400000	A.2.2.2.2.2.1	0.625	0.691780821917808
chrX	117400001	117410000	A.2.2.2.2.2.1	0.625	0.691780821917808
chrX	117410001	117420000	A.2.2.2.2.2.1	0.625	0.691780821917808
chrX	117420001	117430000	A.2.2.2.2.2.1	0.625	0.691780821917808
chrX	117430001	117440000	A.2.2.2.2.2.1	0.625	0.691780821917808
chrX	117440001	117450000	A.2.2.2.2.2.1	0.625	0.691780821917808
chrX	117450001	117460000	A.1.1.1.1.2.1	1	0.996575342465753
chrX	117460001	117470000	A.1.1.1.1.2.1	1	0.996575342465753
chrX	117470001	117480000	A.1.1.1.1.2.1	1	0.996575342465753
chrX	117480001	117490000	A.1.1.1.1.2.1	1	0.996575342465753
chrX	117490001	117500000	A.1.1.1.1.2.1	1	0.996575342465753
chrX	117500001	117510000	A.1.1.1.1.2.1	1	0.996575342465753
chrX	117510001	117520000	A.1.1.1.1.2.1	1	0.996575342465753
chrX	117520001	117530000	A.1.1.1.1.2.1	1	0.996575342465753
chrX	117530001	117540000	A.1.1.1.1.2.1	1	0.996575342465753
chrX	117540001	117550000	A.1.1.1.1.2.1	1	0.996575342465753
chrX	117550001	117560000	A.1.1.1.1.2.1	1	0.996575342465753
chrX	117560001	117570000	A.1.1.1.1.2.1	1	0.996575342465753
chrX	117570001	117580000	A.1.1.1.1.2.1	1	0.996575342465753
chrX	117580001	117590000	A.1.1.1.1.2.1	1	0.996575342465753
chrX	117590001	117600000	A.1.1.1.1.2.1	1	0.996575342465753
chrX	117600001	117610000	A.1.1.1.1.2.1	1	0.996575342465753
chrX	117610001	117620000	A.1.1.1.1.2.1	1	0.996575342465753
chrX	117620001	117630000	A.1.1.1.1.2.1	1	0.996575342465753
chrX	117630001	117640000	A.1.1.1.1.2.1	1	0.996575342465753
chrX	117640001	117650000	A.1.1.1.1.2.1	1	0.996575342465753
chrX	117650001	117660000	A.1.1.1.1.2.1	1	0.996575342465753
chrX	117660001	117670000	A.1.1.1.1.2.1	1	0.996575342465753
chrX	117670001	117680000	A.1.1.1.1.2.1	1	0.996575342465753
chrX	117680001	117690000	A.1.1.1.1.2.1	1	0.996575342465753
chrX	117690001	117700000	A.1.1.1.1.2.1	1	0.996575342465753
chrX	117700001	117710000	A.1.1.1.1.2.1	1	0.996575342465753
chrX	117710001	117720000	A.1.1.1.1.2.1	1	0.996575342465753
chrX	117720001	117730000	A.1.1.1.1.2.1	1	0.996575342465753
chrX	117730001	117740000	A.1.1.1.1.2.1	1	0.996575342465753
chrX	117740001	117750000	A.1.1.1.1.2.1	1	0.996575342465753
chrX	117750001	117760000	A.1.1.1.1.2.1	1	0.996575342465753
chrX	117760001	117770000	A.1.1.1.1.2.1	1	0.996575342465753
chrX	117770001	117780000	A.1.1.1.1.2.1	1	0.996575342465753
chrX	117780001	117790000	A.1.1.1.1.2.1	1	0.996575342465753
chrX	117790001	117800000	A.1.1.1.1.2.1	1	0.996575342465753
chrX	117800001	117810000	A.1.1.1.1.2.1	1	0.996575342465753
chrX	117810001	117820000	A.1.1.1.1.2.1	1	0.996575342465753
chrX	117820001	117830000	A.1.1.1.1.2.1	1	0.996575342465753
chrX	117830001	117840000	A.1.1.1.1.2.1	1	0.996575342465753
chrX	117840001	117850000	A.1.1.1.1.2.1	1	0.996575342465753
chrX	117850001	117860000	A.1.1.1.1.2.1	1	0.996575342465753
chrX	117860001	117870000	A.1.1.1.1.2.1	1	0.996575342465753
chrX	117870001	117880000	A.1.1.1.1.2.1	1	0.996575342465753
chrX	117880001	117890000	A.1.1.1.1.2.1	1	0.996575342465753
chrX	117890001	117900000	A.1.1.1.1.2.1	1	0.996575342465753
chrX	117900001	117910000	A.1.1.1.1.2.1	1	0.996575342465753
chrX	117910001	117920000	A.1.1.1.1.2.1	1	0.996575342465753
chrX	117920001	117930000	A.1.1.1.1.2.1	1	0.996575342465753
chrX	117930001	117940000	A.1.1.1.1.2.1	1	0.996575342465753
chrX	117940001	117950000	A.1.1.1.1.2.1	1	0.996575342465753
chrX	117950001	117960000	A.1.1.1.1.2.1	1	0.996575342465753
chrX	117960001	117970000	A.1.1.1.1.2.1	1	0.996575342465753
chrX	117970001	117980000	A.1.1.1.1.2.1	1	0.996575342465753
chrX	117980001	117990000	A.1.1.1.1.2.1	1	0.996575342465753
chrX	117990001	1.18e+08	A.1.1.1.1.2.1	1	0.996575342465753
chrX	118000001	118010000	A.1.1.1.1.2.1	1	0.996575342465753
chrX	118010001	118020000	A.1.1.1.1.2.1	1	0.996575342465753
chrX	118020001	118030000	A.1.1.1.1.2.1	1	0.996575342465753
chrX	118030001	118040000	A.1.1.1.1.2.1	1	0.996575342465753
chrX	118040001	118050000	A.1.1.1.1.2.1	1	0.996575342465753
chrX	118050001	118060000	A.1.1.1.1.2.1	1	0.996575342465753
chrX	118060001	118070000	A.1.1.1.1.2.1	1	0.996575342465753
chrX	118070001	118080000	A.1.1.1.1.2.1	1	0.996575342465753
chrX	118080001	118090000	A.1.1.1.1.2.1	1	0.996575342465753
chrX	118090001	118100000	A.1.1.1.1.2.1	1	0.996575342465753
chrX	118100001	118110000	A.1.1.1.1.2.1	1	0.996575342465753
chrX	118110001	118120000	A.1.1.1.1.2.1	1	0.996575342465753
chrX	118120001	118130000	A.1.1.1.1.2.1	1	0.996575342465753
chrX	118130001	118140000	A.1.1.1.1.2.1	1	0.996575342465753
chrX	118140001	118150000	A.1.1.1.1.2.1	1	0.996575342465753
chrX	118150001	118160000	A.1.1.1.1.2.1	1	0.996575342465753
chrX	118160001	118170000	A.1.1.1.1.2.1	1	0.996575342465753
chrX	118170001	118180000	A.1.1.1.1.2.1	1	0.996575342465753
chrX	118180001	118190000	A.1.1.1.1.2.1	1	0.996575342465753
chrX	118190001	118200000	A.1.1.1.1.2.1	1	0.996575342465753
chrX	118200001	118210000	A.1.2.1.1.1.2.1	0.875	0.934931506849315
chrX	118210001	118220000	A.1.2.1.1.1.2.1	0.875	0.934931506849315
chrX	118220001	118230000	A.1.2.1.1.1.2.1	0.875	0.934931506849315
chrX	118230001	118240000	A.1.2.1.1.1.2.1	0.875	0.934931506849315
chrX	118240001	118250000	A.1.2.1.1.1.2.1	0.875	0.934931506849315
chrX	118250001	118260000	A.1.2.1.1.1.2.1	0.875	0.934931506849315
chrX	118260001	118270000	A.1.2.1.1.1.2.1	0.875	0.934931506849315
chrX	118270001	118280000	A.1.2.1.1.1.2.1	0.875	0.934931506849315
chrX	118280001	118290000	A.1.2.1.1.1.2.1	0.875	0.934931506849315
chrX	118290001	118300000	A.1.2.1.1.1.2.1	0.875	0.934931506849315
chrX	118300001	118310000	A.1.2.1.1.1.2.1	0.875	0.934931506849315
chrX	118310001	118320000	A.1.2.1.1.1.2.1	0.875	0.934931506849315
chrX	118320001	118330000	A.1.2.1.1.1.2.1	0.875	0.934931506849315
chrX	118330001	118340000	A.1.2.1.1.1.2.1	0.875	0.934931506849315
chrX	118340001	118350000	A.1.2.1.1.1.2.1	0.875	0.934931506849315
chrX	118350001	118360000	A.1.2.1.1.1.2.1	0.875	0.934931506849315
chrX	118360001	118370000	A.1.2.1.1.1.2.1	0.875	0.934931506849315
chrX	118370001	118380000	A.1.2.1.1.1.2.1	0.875	0.934931506849315
chrX	118380001	118390000	A.1.2.1.1.1.2.1	0.875	0.934931506849315
chrX	118390001	118400000	A.1.2.1.1.1.2.1	0.875	0.934931506849315
chrX	118400001	118410000	A.1.2.1.1.1.2.1	0.875	0.934931506849315
chrX	118410001	118420000	A.1.2.1.1.1.2.1	0.875	0.934931506849315
chrX	118420001	118430000	A.1.2.1.1.1.2.1	0.875	0.934931506849315
chrX	118430001	118440000	A.1.2.1.1.1.2.1	0.875	0.934931506849315
chrX	118440001	118450000	A.1.2.1.1.1.2.1	0.875	0.934931506849315
chrX	118450001	118460000	A.1.2.1.1.1.2.1	0.875	0.934931506849315
chrX	118460001	118470000	A.1.2.1.1.1.2.1	0.875	0.934931506849315
chrX	118470001	118480000	A.1.2.1.1.1.2.1	0.875	0.934931506849315
chrX	118480001	118490000	A.1.2.1.1.1.2.1	0.875	0.934931506849315
chrX	118490001	118500000	A.1.2.1.1.1.2.1	0.875	0.934931506849315
chrX	118500001	118510000	A.1.2.1.1.1.2.1	0.875	0.934931506849315
chrX	118510001	118520000	A.1.2.1.1.1.2.1	0.875	0.934931506849315
chrX	118520001	118530000	A.1.2.1.1.1.2.1	0.875	0.934931506849315
chrX	118530001	118540000	A.1.2.1.1.1.2.1	0.875	0.934931506849315
chrX	118540001	118550000	A.1.2.1.1.1.2.1	0.875	0.934931506849315
chrX	118550001	118560000	A.1.2.1.1.1.2.1	0.875	0.934931506849315
chrX	118560001	118570000	A.1.2.1.1.1.2.1	0.875	0.934931506849315
chrX	118570001	118580000	A.1.2.1.1.1.2.1	0.875	0.934931506849315
chrX	118580001	118590000	A.1.2.1.1.1.2.1	0.875	0.934931506849315
chrX	118590001	118600000	A.1.2.1.1.1.2.1	0.875	0.934931506849315
chrX	118600001	118610000	A.1.1.1.1.1	1	1
chrX	118610001	118620000	A.1.1.1.1.1	1	1
chrX	118620001	118630000	A.1.1.1.1.1	1	1
chrX	118630001	118640000	A.1.1.1.1.1	1	1
chrX	118640001	118650000	A.1.1.1.1.1	1	1
chrX	118650001	118660000	A.1.1.1.1.1	1	1
chrX	118660001	118670000	A.1.1.1.1.1	1	1
chrX	118670001	118680000	A.1.1.1.1.1	1	1
chrX	118680001	118690000	A.1.1.1.1.1	1	1
chrX	118690001	118700000	A.1.1.1.1.1	1	1
chrX	118700001	118710000	A.1.1.1.1.1	1	1
chrX	118710001	118720000	A.1.1.1.1.1	1	1
chrX	118720001	118730000	A.1.1.1.1.1	1	1
chrX	118730001	118740000	A.1.1.1.1.1	1	1
chrX	118740001	118750000	A.1.1.1.1.1	1	1
chrX	118750001	118760000	A.1.1.1.1.1	1	1
chrX	118760001	118770000	A.1.1.1.1.1	1	1
chrX	118770001	118780000	A.1.1.1.1.1	1	1
chrX	118780001	118790000	A.1.1.1.1.1	1	1
chrX	118790001	118800000	A.1.1.1.1.1	1	1
chrX	118800001	118810000	A.1.1.1.1.1	1	1
chrX	118810001	118820000	A.1.1.1.1.1	1	1
chrX	118820001	118830000	A.1.1.1.1.1	1	1
chrX	118830001	118840000	A.1.1.1.1.1	1	1
chrX	118840001	118850000	A.1.1.1.1.1	1	1
chrX	118850001	118860000	A.1.1.1.1.1	1	1
chrX	118860001	118870000	A.1.1.1.1.1	1	1
chrX	118870001	118880000	A.1.1.1.1.1	1	1
chrX	118880001	118890000	A.1.1.1.1.1	1	1
chrX	118890001	118900000	A.1.1.1.1.1	1	1
chrX	118900001	118910000	A.1.1.1.1.1	1	1
chrX	118910001	118920000	A.1.1.1.1.1	1	1
chrX	118920001	118930000	A.1.1.1.1.1	1	1
chrX	118930001	118940000	A.1.1.1.1.1	1	1
chrX	118940001	118950000	A.1.1.1.1.1	1	1
chrX	118950001	118960000	A.1.2.1.1.1.1.2	0.875	0.938356164383562
chrX	118960001	118970000	A.1.2.1.1.1.1.2	0.875	0.938356164383562
chrX	118970001	118980000	A.1.2.1.1.1.1.2	0.875	0.938356164383562
chrX	118980001	118990000	A.1.2.1.1.1.1.2	0.875	0.938356164383562
chrX	118990001	1.19e+08	A.1.2.1.1.1.1.2	0.875	0.938356164383562
chrX	119000001	119010000	A.1.2.1.1.1.1.2	0.875	0.938356164383562
chrX	119010001	119020000	A.1.2.1.1.1.1.2	0.875	0.938356164383562
chrX	119020001	119030000	A.1.2.1.1.1.1.2	0.875	0.938356164383562
chrX	119030001	119040000	A.1.2.1.1.1.1.2	0.875	0.938356164383562
chrX	119040001	119050000	A.1.2.1.1.1.1.2	0.875	0.938356164383562
chrX	119050001	119060000	A.1.2.1.1.1.1.2	0.875	0.938356164383562
chrX	119060001	119070000	A.1.2.1.1.1.1.2	0.875	0.938356164383562
chrX	119070001	119080000	A.1.2.1.1.1.1.2	0.875	0.938356164383562
chrX	119080001	119090000	A.1.2.1.1.1.1.2	0.875	0.938356164383562
chrX	119090001	119100000	A.1.2.1.1.1.1.2	0.875	0.938356164383562
chrX	119100001	119110000	A.1.2.1.1.1.1.2	0.875	0.938356164383562
chrX	119110001	119120000	A.1.2.1.1.1.1.2	0.875	0.938356164383562
chrX	119120001	119130000	A.1.2.1.1.1.1.2	0.875	0.938356164383562
chrX	119130001	119140000	A.1.2.1.1.1.1.2	0.875	0.938356164383562
chrX	119140001	119150000	A.1.2.1.1.1.1.2	0.875	0.938356164383562
chrX	119150001	119160000	A.1.2.1.1.1.1.2	0.875	0.938356164383562
chrX	119160001	119170000	A.1.2.1.1.1.1.2	0.875	0.938356164383562
chrX	119170001	119180000	A.1.2.1.1.1.1.2	0.875	0.938356164383562
chrX	119180001	119190000	A.1.2.1.1.1.1.2	0.875	0.938356164383562
chrX	119190001	119200000	A.1.2.1.1.1.1.2	0.875	0.938356164383562
chrX	119200001	119210000	A.1.2.1.1.1.1.2	0.875	0.938356164383562
chrX	119210001	119220000	A.1.2.1.1.1.1.2	0.875	0.938356164383562
chrX	119220001	119230000	A.1.2.1.1.1.1.2	0.875	0.938356164383562
chrX	119230001	119240000	A.1.2.1.1.1.1.2	0.875	0.938356164383562
chrX	119240001	119250000	A.1.2.1.1.1.1.2	0.875	0.938356164383562
chrX	119250001	119260000	A.1.2.1.1.1.1.2	0.875	0.938356164383562
chrX	119260001	119270000	A.1.2.1.1.1.1.2	0.875	0.938356164383562
chrX	119270001	119280000	A.1.2.1.1.1.1.2	0.875	0.938356164383562
chrX	119280001	119290000	A.1.2.1.1.1.1.2	0.875	0.938356164383562
chrX	119290001	119300000	A.1.2.1.1.1.1.2	0.875	0.938356164383562
chrX	119300001	119310000	A.1.2.1.1.1.2.2	0.875	0.931506849315068
chrX	119310001	119320000	A.1.2.1.1.1.2.2	0.875	0.931506849315068
chrX	119320001	119330000	A.1.2.1.1.1.2.2	0.875	0.931506849315068
chrX	119330001	119340000	A.1.2.1.1.1.2.2	0.875	0.931506849315068
chrX	119340001	119350000	A.1.2.1.1.1.2.2	0.875	0.931506849315068
chrX	119350001	119360000	A.1.2.1.1.1.2.2	0.875	0.931506849315068
chrX	119360001	119370000	A.1.2.1.1.1.2.2	0.875	0.931506849315068
chrX	119370001	119380000	A.1.2.1.1.1.2.2	0.875	0.931506849315068
chrX	119380001	119390000	A.1.2.1.1.1.2.2	0.875	0.931506849315068
chrX	119390001	119400000	A.1.2.1.1.1.2.2	0.875	0.931506849315068
chrX	119400001	119410000	A.1.2.1.1.1.2.2	0.875	0.931506849315068
chrX	119410001	119420000	A.1.2.1.1.1.2.2	0.875	0.931506849315068
chrX	119420001	119430000	A.1.2.1.1.1.2.2	0.875	0.931506849315068
chrX	119430001	119440000	A.1.2.1.1.1.2.2	0.875	0.931506849315068
chrX	119440001	119450000	A.1.2.1.1.1.2.2	0.875	0.931506849315068
chrX	119450001	119460000	A.1.2.1.1.2.1	0.875	0.928082191780822
chrX	119460001	119470000	A.1.2.1.1.2.1	0.875	0.928082191780822
chrX	119470001	119480000	A.1.2.1.1.2.1	0.875	0.928082191780822
chrX	119480001	119490000	A.1.2.1.1.2.1	0.875	0.928082191780822
chrX	119490001	119500000	A.1.2.1.1.2.1	0.875	0.928082191780822
chrX	119500001	119510000	A.1.2.1.1.2.1	0.875	0.928082191780822
chrX	119510001	119520000	A.1.2.1.1.2.1	0.875	0.928082191780822
chrX	119520001	119530000	A.1.2.1.1.2.1	0.875	0.928082191780822
chrX	119530001	119540000	A.1.2.1.1.2.1	0.875	0.928082191780822
chrX	119540001	119550000	A.1.2.1.1.2.1	0.875	0.928082191780822
chrX	119550001	119560000	A.1.2.1.1.2.1	0.875	0.928082191780822
chrX	119560001	119570000	A.1.2.1.1.2.1	0.875	0.928082191780822
chrX	119570001	119580000	A.1.2.1.1.2.1	0.875	0.928082191780822
chrX	119580001	119590000	A.1.2.1.1.2.1	0.875	0.928082191780822
chrX	119590001	119600000	A.1.2.1.1.2.1	0.875	0.928082191780822
chrX	119600001	119610000	A.1.2.1.1.2.1	0.875	0.928082191780822
chrX	119610001	119620000	A.1.2.1.1.2.1	0.875	0.928082191780822
chrX	119620001	119630000	A.1.2.1.1.2.1	0.875	0.928082191780822
chrX	119630001	119640000	A.1.2.1.1.2.1	0.875	0.928082191780822
chrX	119640001	119650000	A.1.2.1.1.2.1	0.875	0.928082191780822
chrX	119650001	119660000	A.1.2.1.1.2.1	0.875	0.928082191780822
chrX	119660001	119670000	A.1.2.1.1.2.1	0.875	0.928082191780822
chrX	119670001	119680000	A.1.2.1.1.2.1	0.875	0.928082191780822
chrX	119680001	119690000	A.1.2.1.1.2.1	0.875	0.928082191780822
chrX	119690001	119700000	A.1.2.1.1.2.1	0.875	0.928082191780822
chrX	119700001	119710000	A.1.2.1.1.2.1	0.875	0.928082191780822
chrX	119710001	119720000	A.1.2.1.1.2.1	0.875	0.928082191780822
chrX	119720001	119730000	A.1.2.1.1.2.1	0.875	0.928082191780822
chrX	119730001	119740000	A.1.2.1.1.2.1	0.875	0.928082191780822
chrX	119740001	119750000	A.1.2.1.1.2.1	0.875	0.928082191780822
chrX	119750001	119760000	A.1.2.1.1.2.1	0.875	0.928082191780822
chrX	119760001	119770000	A.1.2.1.1.2.1	0.875	0.928082191780822
chrX	119770001	119780000	A.1.2.1.1.2.1	0.875	0.928082191780822
chrX	119780001	119790000	A.1.2.1.1.2.1	0.875	0.928082191780822
chrX	119790001	119800000	A.1.2.1.1.2.1	0.875	0.928082191780822
chrX	119800001	119810000	A.1.2.1.1.2.1	0.875	0.928082191780822
chrX	119810001	119820000	A.1.2.1.1.2.1	0.875	0.928082191780822
chrX	119820001	119830000	A.1.2.1.1.2.1	0.875	0.928082191780822
chrX	119830001	119840000	A.1.2.1.1.2.1	0.875	0.928082191780822
chrX	119840001	119850000	A.1.2.1.1.2.1	0.875	0.928082191780822
chrX	119850001	119860000	A.1.2.1.1.2.1	0.875	0.928082191780822
chrX	119860001	119870000	A.1.2.1.1.2.1	0.875	0.928082191780822
chrX	119870001	119880000	A.1.2.1.1.2.1	0.875	0.928082191780822
chrX	119880001	119890000	A.1.2.1.1.2.1	0.875	0.928082191780822
chrX	119890001	119900000	A.1.2.1.1.2.1	0.875	0.928082191780822
chrX	119900001	119910000	A.1.2.1.1.2.1	0.875	0.928082191780822
chrX	119910001	119920000	A.1.2.1.1.2.1	0.875	0.928082191780822
chrX	119920001	119930000	A.1.2.1.1.2.1	0.875	0.928082191780822
chrX	119930001	119940000	A.1.2.1.1.2.1	0.875	0.928082191780822
chrX	119940001	119950000	A.1.2.1.1.2.1	0.875	0.928082191780822
chrX	119950001	119960000	B.1.1.2.1.2.2.1	0.5	0.568493150684932
chrX	119960001	119970000	B.1.1.2.1.2.2.1	0.5	0.568493150684932
chrX	119970001	119980000	B.1.1.2.1.2.2.1	0.5	0.568493150684932
chrX	119980001	119990000	B.1.1.2.1.2.2.1	0.5	0.568493150684932
chrX	119990001	1.2e+08	B.1.1.2.1.2.2.1	0.5	0.568493150684932
chrX	120000001	120010000	B.1.1.2.1.2.2.1	0.5	0.568493150684932
chrX	120010001	120020000	B.1.1.2.1.2.2.1	0.5	0.568493150684932
chrX	120020001	120030000	B.1.1.2.1.2.2.1	0.5	0.568493150684932
chrX	120030001	120040000	B.1.1.2.1.2.2.1	0.5	0.568493150684932
chrX	120040001	120050000	B.1.1.2.1.2.2.1	0.5	0.568493150684932
chrX	120100001	120110000	B.1.1.2.1.2.2.1	0.5	0.568493150684932
chrX	120110001	120120000	B.1.1.2.1.2.2.1	0.5	0.568493150684932
chrX	120120001	120130000	B.1.1.2.1.2.2.1	0.5	0.568493150684932
chrX	120130001	120140000	B.1.1.2.1.2.2.1	0.5	0.568493150684932
chrX	120140001	120150000	B.1.1.2.1.2.2.1	0.5	0.568493150684932
chrX	120150001	120160000	B.1.1.2.1.2.2.1	0.5	0.568493150684932
chrX	120160001	120170000	B.1.1.2.1.2.2.1	0.5	0.568493150684932
chrX	120170001	120180000	B.1.1.2.1.2.2.1	0.5	0.568493150684932
chrX	120180001	120190000	B.1.1.2.1.2.2.1	0.5	0.568493150684932
chrX	120190001	120200000	B.1.1.2.1.2.2.1	0.5	0.568493150684932
chrX	120200001	120210000	B.1.1.2.2.2.1	0.5	0.554794520547945
chrX	120210001	120220000	B.1.1.2.2.2.1	0.5	0.554794520547945
chrX	120220001	120230000	B.1.1.2.2.2.1	0.5	0.554794520547945
chrX	120230001	120240000	B.1.1.2.2.2.1	0.5	0.554794520547945
chrX	120240001	120250000	B.1.1.2.2.2.1	0.5	0.554794520547945
chrX	120250001	120260000	B.1.1.2.2.2.1	0.5	0.554794520547945
chrX	120260001	120270000	B.1.1.2.2.2.1	0.5	0.554794520547945
chrX	120270001	120280000	B.1.1.2.2.2.1	0.5	0.554794520547945
chrX	120280001	120290000	B.1.1.2.2.2.1	0.5	0.554794520547945
chrX	120290001	120300000	B.1.1.2.2.2.1	0.5	0.554794520547945
chrX	120300001	120310000	B.1.1.2.2.2.1	0.5	0.554794520547945
chrX	120310001	120320000	B.1.1.2.2.2.1	0.5	0.554794520547945
chrX	120320001	120330000	B.1.1.2.2.2.1	0.5	0.554794520547945
chrX	120330001	120340000	B.1.1.2.2.2.1	0.5	0.554794520547945
chrX	120340001	120350000	B.1.1.2.2.2.1	0.5	0.554794520547945
chrX	120350001	120360000	B.1.1.2.2.2.1	0.5	0.554794520547945
chrX	120360001	120370000	B.1.1.2.2.2.1	0.5	0.554794520547945
chrX	120370001	120380000	B.1.1.2.2.2.1	0.5	0.554794520547945
chrX	120380001	120390000	B.1.1.2.2.2.1	0.5	0.554794520547945
chrX	120390001	120400000	B.1.1.2.2.2.1	0.5	0.554794520547945
chrX	120400001	120410000	B.1.1.2.2.2.1	0.5	0.554794520547945
chrX	120410001	120420000	B.1.1.2.2.2.1	0.5	0.554794520547945
chrX	120420001	120430000	B.1.1.2.2.2.1	0.5	0.554794520547945
chrX	120430001	120440000	B.1.1.2.2.2.1	0.5	0.554794520547945
chrX	120440001	120450000	B.1.1.2.2.2.1	0.5	0.554794520547945
chrX	120450001	120460000	B.1.1.2.2.2.2	0.5	0.551369863013699
chrX	120460001	120470000	B.1.1.2.2.2.2	0.5	0.551369863013699
chrX	120470001	120480000	B.1.1.2.2.2.2	0.5	0.551369863013699
chrX	120480001	120490000	B.1.1.2.2.2.2	0.5	0.551369863013699
chrX	120490001	120500000	B.1.1.2.2.2.2	0.5	0.551369863013699
chrX	120500001	120510000	B.1.1.2.2.2.2	0.5	0.551369863013699
chrX	120510001	120520000	B.1.1.2.2.2.2	0.5	0.551369863013699
chrX	120520001	120530000	B.1.1.2.2.2.2	0.5	0.551369863013699
chrX	120530001	120540000	B.1.1.2.2.2.2	0.5	0.551369863013699
chrX	120540001	120550000	B.1.1.2.2.2.2	0.5	0.551369863013699
chrX	120550001	120560000	B.1.1.2.2.2.2	0.5	0.551369863013699
chrX	120560001	120570000	B.1.1.2.2.2.2	0.5	0.551369863013699
chrX	120570001	120580000	B.1.1.2.2.2.2	0.5	0.551369863013699
chrX	120580001	120590000	B.1.1.2.2.2.2	0.5	0.551369863013699
chrX	120590001	120600000	B.1.1.2.2.2.2	0.5	0.551369863013699
chrX	120600001	120610000	B.1.1.2.2.2.2	0.5	0.551369863013699
chrX	120610001	120620000	B.1.1.2.2.2.2	0.5	0.551369863013699
chrX	120620001	120630000	B.1.1.2.2.2.2	0.5	0.551369863013699
chrX	120630001	120640000	B.1.1.2.2.2.2	0.5	0.551369863013699
chrX	120640001	120650000	B.1.1.2.2.2.2	0.5	0.551369863013699
chrX	120650001	120660000	B.2.1.1.1.2.1.1	0.25	0.376712328767123
chrX	120660001	120670000	B.2.1.1.1.2.1.1	0.25	0.376712328767123
chrX	120670001	120680000	B.2.1.1.1.2.1.1	0.25	0.376712328767123
chrX	120680001	120690000	B.2.1.1.1.2.1.1	0.25	0.376712328767123
chrX	120690001	120700000	B.2.1.1.1.2.1.1	0.25	0.376712328767123
chrX	120700001	120710000	B.2.1.1.1.2.1.1	0.25	0.376712328767123
chrX	120710001	120720000	B.2.1.1.1.2.1.1	0.25	0.376712328767123
chrX	120720001	120730000	B.2.1.1.1.2.1.1	0.25	0.376712328767123
chrX	120730001	120740000	B.2.1.1.1.2.1.1	0.25	0.376712328767123
chrX	120740001	120750000	B.2.1.1.1.2.1.1	0.25	0.376712328767123
chrX	120750001	120760000	B.2.1.1.1.2.1.1	0.25	0.376712328767123
chrX	120760001	120770000	B.2.1.1.1.2.1.1	0.25	0.376712328767123
chrX	120770001	120780000	B.2.1.1.1.2.1.1	0.25	0.376712328767123
chrX	120780001	120790000	B.2.1.1.1.2.1.1	0.25	0.376712328767123
chrX	120790001	120800000	B.2.1.1.1.2.1.1	0.25	0.376712328767123
chrX	120800001	120810000	B.2.1.1.1.2.1.1	0.25	0.376712328767123
chrX	120810001	120820000	B.2.1.1.1.2.1.1	0.25	0.376712328767123
chrX	120820001	120830000	B.2.1.1.1.2.1.1	0.25	0.376712328767123
chrX	120830001	120840000	B.2.1.1.1.2.1.1	0.25	0.376712328767123
chrX	120840001	120850000	B.2.1.1.1.2.1.1	0.25	0.376712328767123
chrX	120850001	120860000	B.2.1.1.1.2.1.1	0.25	0.376712328767123
chrX	120860001	120870000	B.2.1.1.1.2.1.1	0.25	0.376712328767123
chrX	120870001	120880000	B.2.1.1.1.2.1.1	0.25	0.376712328767123
chrX	120880001	120890000	B.2.1.1.1.2.1.1	0.25	0.376712328767123
chrX	120890001	120900000	B.2.1.1.1.2.1.1	0.25	0.376712328767123
chrX	120900001	120910000	B.2.1.1.1.2.1.1	0.25	0.376712328767123
chrX	120910001	120920000	B.2.1.1.1.2.1.1	0.25	0.376712328767123
chrX	120920001	120930000	B.2.1.1.1.2.1.1	0.25	0.376712328767123
chrX	120930001	120940000	B.2.1.1.1.2.1.1	0.25	0.376712328767123
chrX	120940001	120950000	B.2.1.1.1.2.1.1	0.25	0.376712328767123
chrX	120950001	120960000	B.2.1.1.2.1.2.2	0.25	0.335616438356164
chrX	120960001	120970000	B.2.1.1.2.1.2.2	0.25	0.335616438356164
chrX	120970001	120980000	B.2.1.1.2.1.2.2	0.25	0.335616438356164
chrX	120980001	120990000	B.2.1.1.2.1.2.2	0.25	0.335616438356164
chrX	120990001	1.21e+08	B.2.1.1.2.1.2.2	0.25	0.335616438356164
chrX	121000001	121010000	B.2.1.1.2.1.2.2	0.25	0.335616438356164
chrX	121010001	121020000	B.2.1.1.2.1.2.2	0.25	0.335616438356164
chrX	121020001	121030000	B.2.1.1.2.1.2.2	0.25	0.335616438356164
chrX	121030001	121040000	B.2.1.1.2.1.2.2	0.25	0.335616438356164
chrX	121040001	121050000	B.2.1.1.2.1.2.2	0.25	0.335616438356164
chrX	121050001	121060000	B.2.1.1.2.1.2.2	0.25	0.335616438356164
chrX	121060001	121070000	B.2.1.1.2.1.2.2	0.25	0.335616438356164
chrX	121070001	121080000	B.2.1.1.2.1.2.2	0.25	0.335616438356164
chrX	121080001	121090000	B.2.1.1.2.1.2.2	0.25	0.335616438356164
chrX	121090001	121100000	B.2.1.1.2.1.2.2	0.25	0.335616438356164
chrX	121100001	121110000	B.2.1.1.2.1.2.2	0.25	0.335616438356164
chrX	121110001	121120000	B.2.1.1.2.1.2.2	0.25	0.335616438356164
chrX	121120001	121130000	B.2.1.1.2.1.2.2	0.25	0.335616438356164
chrX	121130001	121140000	B.2.1.1.2.1.2.2	0.25	0.335616438356164
chrX	121140001	121150000	B.2.1.1.2.1.2.2	0.25	0.335616438356164
chrX	121150001	121160000	B.2.1.1.2.1.2.2	0.25	0.335616438356164
chrX	121160001	121170000	B.2.1.1.2.1.2.2	0.25	0.335616438356164
chrX	121170001	121180000	B.2.1.1.2.1.2.2	0.25	0.335616438356164
chrX	121180001	121190000	B.2.1.1.2.1.2.2	0.25	0.335616438356164
chrX	121190001	121200000	B.2.1.1.2.1.2.2	0.25	0.335616438356164
chrX	121200001	121210000	B.2.1.1.2.1.2.2	0.25	0.335616438356164
chrX	121210001	121220000	B.2.1.1.2.1.2.2	0.25	0.335616438356164
chrX	121220001	121230000	B.2.1.1.2.1.2.2	0.25	0.335616438356164
chrX	121230001	121240000	B.2.1.1.2.1.2.2	0.25	0.335616438356164
chrX	121240001	121250000	B.2.1.1.2.1.2.2	0.25	0.335616438356164
chrX	121250001	121260000	B.2.1.1.2.1.2.2	0.25	0.335616438356164
chrX	121260001	121270000	B.2.1.1.2.1.2.2	0.25	0.335616438356164
chrX	121270001	121280000	B.2.1.1.2.1.2.2	0.25	0.335616438356164
chrX	121280001	121290000	B.2.1.1.2.1.2.2	0.25	0.335616438356164
chrX	121290001	121300000	B.2.1.1.2.1.2.2	0.25	0.335616438356164
chrX	121300001	121310000	B.2.1.1.2.1.2.2	0.25	0.335616438356164
chrX	121310001	121320000	B.2.1.1.2.1.2.2	0.25	0.335616438356164
chrX	121320001	121330000	B.2.1.1.2.1.2.2	0.25	0.335616438356164
chrX	121330001	121340000	B.2.1.1.2.1.2.2	0.25	0.335616438356164
chrX	121340001	121350000	B.2.1.1.2.1.2.2	0.25	0.335616438356164
chrX	121350001	121360000	B.2.1.1.2.1.2.2	0.25	0.335616438356164
chrX	121360001	121370000	B.2.1.1.2.1.2.2	0.25	0.335616438356164
chrX	121370001	121380000	B.2.1.1.2.1.2.2	0.25	0.335616438356164
chrX	121380001	121390000	B.2.1.1.2.1.2.2	0.25	0.335616438356164
chrX	121390001	121400000	B.2.1.1.2.1.2.2	0.25	0.335616438356164
chrX	121400001	121410000	B.2.1.1.1.2.2.1	0.25	0.363013698630137
chrX	121410001	121420000	B.2.1.1.1.2.2.1	0.25	0.363013698630137
chrX	121420001	121430000	B.2.1.1.1.2.2.1	0.25	0.363013698630137
chrX	121430001	121440000	B.2.1.1.1.2.2.1	0.25	0.363013698630137
chrX	121440001	121450000	B.2.1.1.1.2.2.1	0.25	0.363013698630137
chrX	121450001	121460000	B.2.1.1.1.2.2.1	0.25	0.363013698630137
chrX	121460001	121470000	B.2.1.1.1.2.2.1	0.25	0.363013698630137
chrX	121470001	121480000	B.2.1.1.1.2.2.1	0.25	0.363013698630137
chrX	121480001	121490000	B.2.1.1.1.2.2.1	0.25	0.363013698630137
chrX	121490001	121500000	B.2.1.1.1.2.2.1	0.25	0.363013698630137
chrX	121500001	121510000	B.2.1.1.1.2.2.1	0.25	0.363013698630137
chrX	121510001	121520000	B.2.1.1.1.2.2.1	0.25	0.363013698630137
chrX	121520001	121530000	B.2.1.1.1.2.2.1	0.25	0.363013698630137
chrX	121530001	121540000	B.2.1.1.1.2.2.1	0.25	0.363013698630137
chrX	121540001	121550000	B.2.1.1.1.2.2.1	0.25	0.363013698630137
chrX	121550001	121560000	B.2.1.1.1.2.2.1	0.25	0.363013698630137
chrX	121560001	121570000	B.2.1.1.1.2.2.1	0.25	0.363013698630137
chrX	121570001	121580000	B.2.1.1.1.2.2.1	0.25	0.363013698630137
chrX	121580001	121590000	B.2.1.1.1.2.2.1	0.25	0.363013698630137
chrX	121590001	121600000	B.2.1.1.1.2.2.1	0.25	0.363013698630137
chrX	121600001	121610000	B.2.1.1.1.2.2.1	0.25	0.363013698630137
chrX	121610001	121620000	B.2.1.1.1.2.2.1	0.25	0.363013698630137
chrX	121620001	121630000	B.2.1.1.1.2.2.1	0.25	0.363013698630137
chrX	121630001	121640000	B.2.1.1.1.2.2.1	0.25	0.363013698630137
chrX	121640001	121650000	B.2.1.1.1.2.2.1	0.25	0.363013698630137
chrX	121650001	121660000	B.2.1.1.1.2.2.1	0.25	0.363013698630137
chrX	121660001	121670000	B.2.1.1.1.2.2.1	0.25	0.363013698630137
chrX	121670001	121680000	B.2.1.1.1.2.2.1	0.25	0.363013698630137
chrX	121680001	121690000	B.2.1.1.1.2.2.1	0.25	0.363013698630137
chrX	121690001	121700000	B.2.1.1.1.2.2.1	0.25	0.363013698630137
chrX	121700001	121710000	B.2.1.1.1.2.2.1	0.25	0.363013698630137
chrX	121710001	121720000	B.2.1.1.1.2.2.1	0.25	0.363013698630137
chrX	121720001	121730000	B.2.1.1.1.2.2.1	0.25	0.363013698630137
chrX	121730001	121740000	B.2.1.1.1.2.2.1	0.25	0.363013698630137
chrX	121740001	121750000	B.2.1.1.1.2.2.1	0.25	0.363013698630137
chrX	121750001	121760000	B.2.1.1.1.2.2.1	0.25	0.363013698630137
chrX	121760001	121770000	B.2.1.1.1.2.2.1	0.25	0.363013698630137
chrX	121770001	121780000	B.2.1.1.1.2.2.1	0.25	0.363013698630137
chrX	121780001	121790000	B.2.1.1.1.2.2.1	0.25	0.363013698630137
chrX	121790001	121800000	B.2.1.1.1.2.2.1	0.25	0.363013698630137
chrX	121800001	121810000	B.2.1.1.1.2.2.1	0.25	0.363013698630137
chrX	121810001	121820000	B.2.1.1.1.2.2.1	0.25	0.363013698630137
chrX	121820001	121830000	B.2.1.1.1.2.2.1	0.25	0.363013698630137
chrX	121830001	121840000	B.2.1.1.1.2.2.1	0.25	0.363013698630137
chrX	121840001	121850000	B.2.1.1.1.2.2.1	0.25	0.363013698630137
chrX	121850001	121860000	B.2.1.1.1.2.2.1	0.25	0.363013698630137
chrX	121860001	121870000	B.2.1.1.1.2.2.1	0.25	0.363013698630137
chrX	121870001	121880000	B.2.1.1.1.2.2.1	0.25	0.363013698630137
chrX	121880001	121890000	B.2.1.1.1.2.2.1	0.25	0.363013698630137
chrX	121890001	121900000	B.2.1.1.1.2.2.1	0.25	0.363013698630137
chrX	121900001	121910000	B.2.1.1.1.2.2.1	0.25	0.363013698630137
chrX	121910001	121920000	B.2.1.1.1.2.2.1	0.25	0.363013698630137
chrX	121920001	121930000	B.2.1.1.1.2.2.1	0.25	0.363013698630137
chrX	121930001	121940000	B.2.1.1.1.2.2.1	0.25	0.363013698630137
chrX	121940001	121950000	B.2.1.1.1.2.2.1	0.25	0.363013698630137
chrX	121950001	121960000	B.2.1.1.1.2.2.1	0.25	0.363013698630137
chrX	121960001	121970000	B.2.1.1.1.2.2.1	0.25	0.363013698630137
chrX	121970001	121980000	B.2.1.1.1.2.2.1	0.25	0.363013698630137
chrX	121980001	121990000	B.2.1.1.1.2.2.1	0.25	0.363013698630137
chrX	121990001	1.22e+08	B.2.1.1.1.2.2.1	0.25	0.363013698630137
chrX	122000001	122010000	B.2.1.1.1.2.2.1	0.25	0.363013698630137
chrX	122010001	122020000	B.2.1.1.1.2.2.1	0.25	0.363013698630137
chrX	122020001	122030000	B.2.1.1.1.2.2.1	0.25	0.363013698630137
chrX	122030001	122040000	B.2.1.1.1.2.2.1	0.25	0.363013698630137
chrX	122040001	122050000	B.2.1.1.1.2.2.1	0.25	0.363013698630137
chrX	122050001	122060000	B.2.2.2.1.1.2.1.1	0.125	0.0410958904109589
chrX	122060001	122070000	B.2.2.2.1.1.2.1.1	0.125	0.0410958904109589
chrX	122070001	122080000	B.2.2.2.1.1.2.1.1	0.125	0.0410958904109589
chrX	122080001	122090000	B.2.2.2.1.1.2.1.1	0.125	0.0410958904109589
chrX	122090001	122100000	B.2.2.2.1.1.2.1.1	0.125	0.0410958904109589
chrX	122100001	122110000	B.2.2.2.1.1.2.1.1	0.125	0.0410958904109589
chrX	122110001	122120000	B.2.2.2.1.1.2.1.1	0.125	0.0410958904109589
chrX	122120001	122130000	B.2.2.2.1.1.2.1.1	0.125	0.0410958904109589
chrX	122130001	122140000	B.2.2.2.1.1.2.1.1	0.125	0.0410958904109589
chrX	122140001	122150000	B.2.2.2.1.1.2.1.1	0.125	0.0410958904109589
chrX	122150001	122160000	B.2.2.2.1.1.2.1.1	0.125	0.0410958904109589
chrX	122160001	122170000	B.2.2.2.1.1.2.1.1	0.125	0.0410958904109589
chrX	122170001	122180000	B.2.2.2.1.1.2.1.1	0.125	0.0410958904109589
chrX	122180001	122190000	B.2.2.2.1.1.2.1.1	0.125	0.0410958904109589
chrX	122190001	122200000	B.2.2.2.1.1.2.1.1	0.125	0.0410958904109589
chrX	122200001	122210000	B.2.2.2.1.1.2.1.1	0.125	0.0410958904109589
chrX	122210001	122220000	B.2.2.2.1.1.2.1.1	0.125	0.0410958904109589
chrX	122220001	122230000	B.2.2.2.1.1.2.1.1	0.125	0.0410958904109589
chrX	122230001	122240000	B.2.2.2.1.1.2.1.1	0.125	0.0410958904109589
chrX	122240001	122250000	B.2.2.2.1.1.2.1.1	0.125	0.0410958904109589
chrX	122250001	122260000	A.2.2.2.2.2.2	0.625	0.688356164383562
chrX	122260001	122270000	A.2.2.2.2.2.2	0.625	0.688356164383562
chrX	122270001	122280000	A.2.2.2.2.2.2	0.625	0.688356164383562
chrX	122280001	122290000	A.2.2.2.2.2.2	0.625	0.688356164383562
chrX	122290001	122300000	A.2.2.2.2.2.2	0.625	0.688356164383562
chrX	122300001	122310000	A.2.2.2.2.2.2	0.625	0.688356164383562
chrX	122310001	122320000	A.2.2.2.2.2.2	0.625	0.688356164383562
chrX	122320001	122330000	A.2.2.2.2.2.2	0.625	0.688356164383562
chrX	122330001	122340000	A.2.2.2.2.2.2	0.625	0.688356164383562
chrX	122340001	122350000	A.2.2.2.2.2.2	0.625	0.688356164383562
chrX	122350001	122360000	A.2.2.2.2.2.2	0.625	0.688356164383562
chrX	122360001	122370000	A.2.2.2.2.2.2	0.625	0.688356164383562
chrX	122370001	122380000	A.2.2.2.2.2.2	0.625	0.688356164383562
chrX	122380001	122390000	A.2.2.2.2.2.2	0.625	0.688356164383562
chrX	122390001	122400000	A.2.2.2.2.2.2	0.625	0.688356164383562
chrX	122400001	122410000	A.2.2.2.2.2.2	0.625	0.688356164383562
chrX	122410001	122420000	A.2.2.2.2.2.2	0.625	0.688356164383562
chrX	122420001	122430000	A.2.2.2.2.2.2	0.625	0.688356164383562
chrX	122430001	122440000	A.2.2.2.2.2.2	0.625	0.688356164383562
chrX	122440001	122450000	A.2.2.2.2.2.2	0.625	0.688356164383562
chrX	122450001	122460000	A.2.2.2.2.2.2	0.625	0.688356164383562
chrX	122460001	122470000	A.2.2.2.2.2.2	0.625	0.688356164383562
chrX	122470001	122480000	A.2.2.2.2.2.2	0.625	0.688356164383562
chrX	122480001	122490000	A.2.2.2.2.2.2	0.625	0.688356164383562
chrX	122490001	122500000	A.2.2.2.2.2.2	0.625	0.688356164383562
chrX	122500001	122510000	A.2.2.2.2.2.2	0.625	0.688356164383562
chrX	122510001	122520000	A.2.2.2.2.2.2	0.625	0.688356164383562
chrX	122520001	122530000	A.2.2.2.2.2.2	0.625	0.688356164383562
chrX	122530001	122540000	A.2.2.2.2.2.2	0.625	0.688356164383562
chrX	122540001	122550000	A.2.2.2.2.2.2	0.625	0.688356164383562
chrX	122550001	122560000	A.2.2.2.2.2.2	0.625	0.688356164383562
chrX	122560001	122570000	A.2.2.2.2.2.2	0.625	0.688356164383562
chrX	122570001	122580000	A.2.2.2.2.2.2	0.625	0.688356164383562
chrX	122580001	122590000	A.2.2.2.2.2.2	0.625	0.688356164383562
chrX	122590001	122600000	A.2.2.2.2.2.2	0.625	0.688356164383562
chrX	122600001	122610000	A.2.2.2.2.2.2	0.625	0.688356164383562
chrX	122610001	122620000	A.2.2.2.2.2.2	0.625	0.688356164383562
chrX	122620001	122630000	A.2.2.2.2.2.2	0.625	0.688356164383562
chrX	122630001	122640000	A.2.2.2.2.2.2	0.625	0.688356164383562
chrX	122640001	122650000	A.2.2.2.2.2.2	0.625	0.688356164383562
chrX	122650001	122660000	A.2.2.2.2.2.2	0.625	0.688356164383562
chrX	122660001	122670000	A.2.2.2.2.2.2	0.625	0.688356164383562
chrX	122670001	122680000	A.2.2.2.2.2.2	0.625	0.688356164383562
chrX	122680001	122690000	A.2.2.2.2.2.2	0.625	0.688356164383562
chrX	122690001	122700000	A.2.2.2.2.2.2	0.625	0.688356164383562
chrX	122700001	122710000	A.2.2.2.2.2.2	0.625	0.688356164383562
chrX	122710001	122720000	A.2.2.2.2.2.2	0.625	0.688356164383562
chrX	122720001	122730000	A.2.2.2.2.2.2	0.625	0.688356164383562
chrX	122730001	122740000	A.2.2.2.2.2.2	0.625	0.688356164383562
chrX	122740001	122750000	A.2.2.2.2.2.2	0.625	0.688356164383562
chrX	122750001	122760000	A.2.2.2.2.2.2	0.625	0.688356164383562
chrX	122760001	122770000	A.2.2.2.2.2.2	0.625	0.688356164383562
chrX	122770001	122780000	A.2.2.2.2.2.2	0.625	0.688356164383562
chrX	122780001	122790000	A.2.2.2.2.2.2	0.625	0.688356164383562
chrX	122790001	122800000	A.2.2.2.2.2.2	0.625	0.688356164383562
chrX	122800001	122810000	A.2.2.2.2.2.2	0.625	0.688356164383562
chrX	122810001	122820000	A.2.2.2.2.2.2	0.625	0.688356164383562
chrX	122820001	122830000	A.2.2.2.2.2.2	0.625	0.688356164383562
chrX	122830001	122840000	A.2.2.2.2.2.2	0.625	0.688356164383562
chrX	122840001	122850000	A.2.2.2.2.2.2	0.625	0.688356164383562
chrX	122850001	122860000	A.2.2.2.2.2.2	0.625	0.688356164383562
chrX	122860001	122870000	A.2.2.2.2.2.2	0.625	0.688356164383562
chrX	122870001	122880000	A.2.2.2.2.2.2	0.625	0.688356164383562
chrX	122880001	122890000	A.2.2.2.2.2.2	0.625	0.688356164383562
chrX	122890001	122900000	A.2.2.2.2.2.2	0.625	0.688356164383562
chrX	122900001	122910000	A.1.1.1.2.1.1	1	0.98972602739726
chrX	122910001	122920000	A.1.1.1.2.1.1	1	0.98972602739726
chrX	122920001	122930000	A.1.1.1.2.1.1	1	0.98972602739726
chrX	122930001	122940000	A.1.1.1.2.1.1	1	0.98972602739726
chrX	122940001	122950000	A.1.1.1.2.1.1	1	0.98972602739726
chrX	122950001	122960000	A.1.1.1.2.1.1	1	0.98972602739726
chrX	122960001	122970000	A.1.1.1.2.1.1	1	0.98972602739726
chrX	122970001	122980000	A.1.1.1.2.1.1	1	0.98972602739726
chrX	122980001	122990000	A.1.1.1.2.1.1	1	0.98972602739726
chrX	122990001	1.23e+08	A.1.1.1.2.1.1	1	0.98972602739726
chrX	123000001	123010000	A.1.1.1.2.1.1	1	0.98972602739726
chrX	123010001	123020000	A.1.1.1.2.1.1	1	0.98972602739726
chrX	123020001	123030000	A.1.1.1.2.1.1	1	0.98972602739726
chrX	123030001	123040000	A.1.1.1.2.1.1	1	0.98972602739726
chrX	123040001	123050000	A.1.1.1.2.1.1	1	0.98972602739726
chrX	123050001	123060000	A.1.1.1.2.1.1	1	0.98972602739726
chrX	123060001	123070000	A.1.1.1.2.1.1	1	0.98972602739726
chrX	123070001	123080000	A.1.1.1.2.1.1	1	0.98972602739726
chrX	123080001	123090000	A.1.1.1.2.1.1	1	0.98972602739726
chrX	123090001	123100000	A.1.1.1.2.1.1	1	0.98972602739726
chrX	123100001	123110000	A.1.1.1.2.1.1	1	0.98972602739726
chrX	123110001	123120000	A.1.1.1.2.1.1	1	0.98972602739726
chrX	123120001	123130000	A.1.1.1.2.1.1	1	0.98972602739726
chrX	123130001	123140000	A.1.1.1.2.1.1	1	0.98972602739726
chrX	123140001	123150000	A.1.1.1.2.1.1	1	0.98972602739726
chrX	123150001	123160000	A.1.1.1.2.1.1	1	0.98972602739726
chrX	123160001	123170000	A.1.1.1.2.1.1	1	0.98972602739726
chrX	123170001	123180000	A.1.1.1.2.1.1	1	0.98972602739726
chrX	123180001	123190000	A.1.1.1.2.1.1	1	0.98972602739726
chrX	123190001	123200000	A.1.1.1.2.1.1	1	0.98972602739726
chrX	123200001	123210000	A.1.1.1.2.1.1	1	0.98972602739726
chrX	123210001	123220000	A.1.1.1.2.1.1	1	0.98972602739726
chrX	123220001	123230000	A.1.1.1.2.1.1	1	0.98972602739726
chrX	123230001	123240000	A.1.1.1.2.1.1	1	0.98972602739726
chrX	123240001	123250000	A.1.1.1.2.1.1	1	0.98972602739726
chrX	123250001	123260000	A.1.1.1.2.1.1	1	0.98972602739726
chrX	123260001	123270000	A.1.1.1.2.1.1	1	0.98972602739726
chrX	123270001	123280000	A.1.1.1.2.1.1	1	0.98972602739726
chrX	123280001	123290000	A.1.1.1.2.1.1	1	0.98972602739726
chrX	123290001	123300000	A.1.1.1.2.1.1	1	0.98972602739726
chrX	123300001	123310000	B.1.2.2.1.1.2.2	0.375	0.421232876712329
chrX	123310001	123320000	B.1.2.2.1.1.2.2	0.375	0.421232876712329
chrX	123320001	123330000	B.1.2.2.1.1.2.2	0.375	0.421232876712329
chrX	123330001	123340000	B.1.2.2.1.1.2.2	0.375	0.421232876712329
chrX	123340001	123350000	B.1.2.2.1.1.2.2	0.375	0.421232876712329
chrX	123350001	123360000	B.1.2.2.1.1.2.2	0.375	0.421232876712329
chrX	123360001	123370000	B.1.2.2.1.1.2.2	0.375	0.421232876712329
chrX	123370001	123380000	B.1.2.2.1.1.2.2	0.375	0.421232876712329
chrX	123380001	123390000	B.1.2.2.1.1.2.2	0.375	0.421232876712329
chrX	123390001	123400000	B.1.2.2.1.1.2.2	0.375	0.421232876712329
chrX	123400001	123410000	B.1.2.2.1.1.2.2	0.375	0.421232876712329
chrX	123410001	123420000	B.1.2.2.1.1.2.2	0.375	0.421232876712329
chrX	123420001	123430000	B.1.2.2.1.1.2.2	0.375	0.421232876712329
chrX	123430001	123440000	B.1.2.2.1.1.2.2	0.375	0.421232876712329
chrX	123440001	123450000	B.1.2.2.1.1.2.2	0.375	0.421232876712329
chrX	123450001	123460000	B.2.1.1.1.2.2.2	0.25	0.35958904109589
chrX	123460001	123470000	B.2.1.1.1.2.2.2	0.25	0.35958904109589
chrX	123470001	123480000	B.2.1.1.1.2.2.2	0.25	0.35958904109589
chrX	123480001	123490000	B.2.1.1.1.2.2.2	0.25	0.35958904109589
chrX	123490001	123500000	B.2.1.1.1.2.2.2	0.25	0.35958904109589
chrX	123500001	123510000	B.2.1.1.1.2.2.2	0.25	0.35958904109589
chrX	123510001	123520000	B.2.1.1.1.2.2.2	0.25	0.35958904109589
chrX	123520001	123530000	B.2.1.1.1.2.2.2	0.25	0.35958904109589
chrX	123530001	123540000	B.2.1.1.1.2.2.2	0.25	0.35958904109589
chrX	123540001	123550000	B.2.1.1.1.2.2.2	0.25	0.35958904109589
chrX	123550001	123560000	B.2.1.1.1.2.2.2	0.25	0.35958904109589
chrX	123560001	123570000	B.2.1.1.1.2.2.2	0.25	0.35958904109589
chrX	123570001	123580000	B.2.1.1.1.2.2.2	0.25	0.35958904109589
chrX	123580001	123590000	B.2.1.1.1.2.2.2	0.25	0.35958904109589
chrX	123590001	123600000	B.2.1.1.1.2.2.2	0.25	0.35958904109589
chrX	123600001	123610000	B.2.1.1.1.2.2.2	0.25	0.35958904109589
chrX	123610001	123620000	B.2.1.1.1.2.2.2	0.25	0.35958904109589
chrX	123620001	123630000	B.2.1.1.1.2.2.2	0.25	0.35958904109589
chrX	123630001	123640000	B.2.1.1.1.2.2.2	0.25	0.35958904109589
chrX	123640001	123650000	B.2.1.1.1.2.2.2	0.25	0.35958904109589
chrX	123650001	123660000	B.2.1.1.1.2.2.2	0.25	0.35958904109589
chrX	123660001	123670000	B.2.1.1.1.2.2.2	0.25	0.35958904109589
chrX	123670001	123680000	B.2.1.1.1.2.2.2	0.25	0.35958904109589
chrX	123680001	123690000	B.2.1.1.1.2.2.2	0.25	0.35958904109589
chrX	123690001	123700000	B.2.1.1.1.2.2.2	0.25	0.35958904109589
chrX	123700001	123710000	B.2.1.1.2.1.2.1	0.25	0.339041095890411
chrX	123710001	123720000	B.2.1.1.2.1.2.1	0.25	0.339041095890411
chrX	123720001	123730000	B.2.1.1.2.1.2.1	0.25	0.339041095890411
chrX	123730001	123740000	B.2.1.1.2.1.2.1	0.25	0.339041095890411
chrX	123740001	123750000	B.2.1.1.2.1.2.1	0.25	0.339041095890411
chrX	123750001	123760000	B.2.1.1.2.1.2.1	0.25	0.339041095890411
chrX	123760001	123770000	B.2.1.1.2.1.2.1	0.25	0.339041095890411
chrX	123770001	123780000	B.2.1.1.2.1.2.1	0.25	0.339041095890411
chrX	123780001	123790000	B.2.1.1.2.1.2.1	0.25	0.339041095890411
chrX	123790001	123800000	B.2.1.1.2.1.2.1	0.25	0.339041095890411
chrX	123800001	123810000	B.2.1.1.2.1.2.1	0.25	0.339041095890411
chrX	123810001	123820000	B.2.1.1.2.1.2.1	0.25	0.339041095890411
chrX	123820001	123830000	B.2.1.1.2.1.2.1	0.25	0.339041095890411
chrX	123830001	123840000	B.2.1.1.2.1.2.1	0.25	0.339041095890411
chrX	123840001	123850000	B.2.1.1.2.1.2.1	0.25	0.339041095890411
chrX	123850001	123860000	B.2.1.1.2.1.2.1	0.25	0.339041095890411
chrX	123860001	123870000	B.2.1.1.2.1.2.1	0.25	0.339041095890411
chrX	123870001	123880000	B.2.1.1.2.1.2.1	0.25	0.339041095890411
chrX	123880001	123890000	B.2.1.1.2.1.2.1	0.25	0.339041095890411
chrX	123890001	123900000	B.2.1.1.2.1.2.1	0.25	0.339041095890411
chrX	123900001	123910000	B.2.1.1.1.1.1	0.25	0.383561643835616
chrX	123910001	123920000	B.2.1.1.1.1.1	0.25	0.383561643835616
chrX	123920001	123930000	B.2.1.1.1.1.1	0.25	0.383561643835616
chrX	123930001	123940000	B.2.1.1.1.1.1	0.25	0.383561643835616
chrX	123940001	123950000	B.2.1.1.1.1.1	0.25	0.383561643835616
chrX	123950001	123960000	B.2.1.1.1.1.1	0.25	0.383561643835616
chrX	123960001	123970000	B.2.1.1.1.1.1	0.25	0.383561643835616
chrX	123970001	123980000	B.2.1.1.1.1.1	0.25	0.383561643835616
chrX	123980001	123990000	B.2.1.1.1.1.1	0.25	0.383561643835616
chrX	123990001	1.24e+08	B.2.1.1.1.1.1	0.25	0.383561643835616
chrX	124000001	124010000	B.2.1.1.1.1.1	0.25	0.383561643835616
chrX	124010001	124020000	B.2.1.1.1.1.1	0.25	0.383561643835616
chrX	124020001	124030000	B.2.1.1.1.1.1	0.25	0.383561643835616
chrX	124030001	124040000	B.2.1.1.1.1.1	0.25	0.383561643835616
chrX	124040001	124050000	B.2.1.1.1.1.1	0.25	0.383561643835616
chrX	124050001	124060000	B.2.1.1.1.1.2	0.25	0.38013698630137
chrX	124060001	124070000	B.2.1.1.1.1.2	0.25	0.38013698630137
chrX	124070001	124080000	B.2.1.1.1.1.2	0.25	0.38013698630137
chrX	124080001	124090000	B.2.1.1.1.1.2	0.25	0.38013698630137
chrX	124090001	124100000	B.2.1.1.1.1.2	0.25	0.38013698630137
chrX	124100001	124110000	B.2.1.1.1.1.2	0.25	0.38013698630137
chrX	124110001	124120000	B.2.1.1.1.1.2	0.25	0.38013698630137
chrX	124120001	124130000	B.2.1.1.1.1.2	0.25	0.38013698630137
chrX	124130001	124140000	B.2.1.1.1.1.2	0.25	0.38013698630137
chrX	124140001	124150000	B.2.1.1.1.1.2	0.25	0.38013698630137
chrX	124150001	124160000	B.2.1.1.1.1.2	0.25	0.38013698630137
chrX	124160001	124170000	B.2.1.1.1.1.2	0.25	0.38013698630137
chrX	124170001	124180000	B.2.1.1.1.1.2	0.25	0.38013698630137
chrX	124180001	124190000	B.2.1.1.1.1.2	0.25	0.38013698630137
chrX	124190001	124200000	B.2.1.1.1.1.2	0.25	0.38013698630137
chrX	124200001	124210000	B.2.1.1.1.1.2	0.25	0.38013698630137
chrX	124210001	124220000	B.2.1.1.1.1.2	0.25	0.38013698630137
chrX	124220001	124230000	B.2.1.1.1.1.2	0.25	0.38013698630137
chrX	124230001	124240000	B.2.1.1.1.1.2	0.25	0.38013698630137
chrX	124240001	124250000	B.2.1.1.1.1.2	0.25	0.38013698630137
chrX	124250001	124260000	B.1.2.2.1.1.1.1	0.375	0.431506849315069
chrX	124260001	124270000	B.1.2.2.1.1.1.1	0.375	0.431506849315069
chrX	124270001	124280000	B.1.2.2.1.1.1.1	0.375	0.431506849315069
chrX	124280001	124290000	B.1.2.2.1.1.1.1	0.375	0.431506849315069
chrX	124290001	124300000	B.1.2.2.1.1.1.1	0.375	0.431506849315069
chrX	124300001	124310000	B.1.2.2.1.1.1.1	0.375	0.431506849315069
chrX	124310001	124320000	B.1.2.2.1.1.1.1	0.375	0.431506849315069
chrX	124320001	124330000	B.1.2.2.1.1.1.1	0.375	0.431506849315069
chrX	124330001	124340000	B.1.2.2.1.1.1.1	0.375	0.431506849315069
chrX	124340001	124350000	B.1.2.2.1.1.1.1	0.375	0.431506849315069
chrX	124350001	124360000	B.1.2.2.1.1.1.1	0.375	0.431506849315069
chrX	124360001	124370000	B.1.2.2.1.1.1.1	0.375	0.431506849315069
chrX	124370001	124380000	B.1.2.2.1.1.1.1	0.375	0.431506849315069
chrX	124380001	124390000	B.1.2.2.1.1.1.1	0.375	0.431506849315069
chrX	124390001	124400000	B.1.2.2.1.1.1.1	0.375	0.431506849315069
chrX	124400001	124410000	B.1.2.2.1.1.1.1	0.375	0.431506849315069
chrX	124410001	124420000	B.1.2.2.1.1.1.1	0.375	0.431506849315069
chrX	124420001	124430000	B.1.2.2.1.1.1.1	0.375	0.431506849315069
chrX	124430001	124440000	B.1.2.2.1.1.1.1	0.375	0.431506849315069
chrX	124440001	124450000	B.1.2.2.1.1.1.1	0.375	0.431506849315069
chrX	124450001	124460000	B.1.2.2.1.1.1.1	0.375	0.431506849315069
chrX	124460001	124470000	B.1.2.2.1.1.1.1	0.375	0.431506849315069
chrX	124470001	124480000	B.1.2.2.1.1.1.1	0.375	0.431506849315069
chrX	124480001	124490000	B.1.2.2.1.1.1.1	0.375	0.431506849315069
chrX	124490001	124500000	B.1.2.2.1.1.1.1	0.375	0.431506849315069
chrX	124500001	124510000	B.1.2.2.1.1.1.1	0.375	0.431506849315069
chrX	124510001	124520000	B.1.2.2.1.1.1.1	0.375	0.431506849315069
chrX	124520001	124530000	B.1.2.2.1.1.1.1	0.375	0.431506849315069
chrX	124530001	124540000	B.1.2.2.1.1.1.1	0.375	0.431506849315069
chrX	124540001	124550000	B.1.2.2.1.1.1.1	0.375	0.431506849315069
chrX	124550001	124560000	B.1.2.2.1.1.1.1	0.375	0.431506849315069
chrX	124560001	124570000	B.1.2.2.1.1.1.1	0.375	0.431506849315069
chrX	124570001	124580000	B.1.2.2.1.1.1.1	0.375	0.431506849315069
chrX	124580001	124590000	B.1.2.2.1.1.1.1	0.375	0.431506849315069
chrX	124590001	124600000	B.1.2.2.1.1.1.1	0.375	0.431506849315069
chrX	124600001	124610000	B.2.1.1.1.2.1.2.2.2	0.25	0.366438356164384
chrX	124610001	124620000	B.2.1.1.1.2.1.2.2.2	0.25	0.366438356164384
chrX	124620001	124630000	B.2.1.1.1.2.1.2.2.2	0.25	0.366438356164384
chrX	124630001	124640000	B.2.1.1.1.2.1.2.2.2	0.25	0.366438356164384
chrX	124640001	124650000	B.2.1.1.1.2.1.2.2.2	0.25	0.366438356164384
chrX	124650001	124660000	B.2.1.1.1.2.1.2.2.2	0.25	0.366438356164384
chrX	124660001	124670000	B.2.1.1.1.2.1.2.2.2	0.25	0.366438356164384
chrX	124670001	124680000	B.2.1.1.1.2.1.2.2.2	0.25	0.366438356164384
chrX	124680001	124690000	B.2.1.1.1.2.1.2.2.2	0.25	0.366438356164384
chrX	124690001	124700000	B.2.1.1.1.2.1.2.2.2	0.25	0.366438356164384
chrX	124700001	124710000	B.2.1.1.1.2.1.2.2.2	0.25	0.366438356164384
chrX	124710001	124720000	B.2.1.1.1.2.1.2.2.2	0.25	0.366438356164384
chrX	124720001	124730000	B.2.1.1.1.2.1.2.2.2	0.25	0.366438356164384
chrX	124730001	124740000	B.2.1.1.1.2.1.2.2.2	0.25	0.366438356164384
chrX	124740001	124750000	B.2.1.1.1.2.1.2.2.2	0.25	0.366438356164384
chrX	124750001	124760000	B.2.1.1.1.2.1.2.2.2	0.25	0.366438356164384
chrX	124760001	124770000	B.2.1.1.1.2.1.2.2.2	0.25	0.366438356164384
chrX	124770001	124780000	B.2.1.1.1.2.1.2.2.2	0.25	0.366438356164384
chrX	124780001	124790000	B.2.1.1.1.2.1.2.2.2	0.25	0.366438356164384
chrX	124790001	124800000	B.2.1.1.1.2.1.2.2.2	0.25	0.366438356164384
chrX	124800001	124810000	B.2.1.1.1.2.1.2.1	0.25	0.373287671232877
chrX	124810001	124820000	B.2.1.1.1.2.1.2.1	0.25	0.373287671232877
chrX	124820001	124830000	B.2.1.1.1.2.1.2.1	0.25	0.373287671232877
chrX	124830001	124840000	B.2.1.1.1.2.1.2.1	0.25	0.373287671232877
chrX	124840001	124850000	B.2.1.1.1.2.1.2.1	0.25	0.373287671232877
chrX	124850001	124860000	B.2.1.1.1.2.1.2.1	0.25	0.373287671232877
chrX	124860001	124870000	B.2.1.1.1.2.1.2.1	0.25	0.373287671232877
chrX	124870001	124880000	B.2.1.1.1.2.1.2.1	0.25	0.373287671232877
chrX	124880001	124890000	B.2.1.1.1.2.1.2.1	0.25	0.373287671232877
chrX	124890001	124900000	B.2.1.1.1.2.1.2.1	0.25	0.373287671232877
chrX	124900001	124910000	B.2.1.1.1.2.1.2.1	0.25	0.373287671232877
chrX	124910001	124920000	B.2.1.1.1.2.1.2.1	0.25	0.373287671232877
chrX	124920001	124930000	B.2.1.1.1.2.1.2.1	0.25	0.373287671232877
chrX	124930001	124940000	B.2.1.1.1.2.1.2.1	0.25	0.373287671232877
chrX	124940001	124950000	B.2.1.1.1.2.1.2.1	0.25	0.373287671232877
chrX	124950001	124960000	B.2.1.1.1.2.1.2.1	0.25	0.373287671232877
chrX	124960001	124970000	B.2.1.1.1.2.1.2.1	0.25	0.373287671232877
chrX	124970001	124980000	B.2.1.1.1.2.1.2.1	0.25	0.373287671232877
chrX	124980001	124990000	B.2.1.1.1.2.1.2.1	0.25	0.373287671232877
chrX	124990001	1.25e+08	B.2.1.1.1.2.1.2.1	0.25	0.373287671232877
chrX	125000001	125010000	B.2.2.2.2.2.2	0.125	0.00342465753424658
chrX	125010001	125020000	B.2.2.2.2.2.2	0.125	0.00342465753424658
chrX	125020001	125030000	B.2.2.2.2.2.2	0.125	0.00342465753424658
chrX	125030001	125040000	B.2.2.2.2.2.2	0.125	0.00342465753424658
chrX	125040001	125050000	B.2.2.2.2.2.2	0.125	0.00342465753424658
chrX	125050001	125060000	B.2.2.2.2.2.2	0.125	0.00342465753424658
chrX	125060001	125070000	B.2.2.2.2.2.2	0.125	0.00342465753424658
chrX	125070001	125080000	B.2.2.2.2.2.2	0.125	0.00342465753424658
chrX	125080001	125090000	B.2.2.2.2.2.2	0.125	0.00342465753424658
chrX	125090001	125100000	B.2.2.2.2.2.2	0.125	0.00342465753424658
chrX	125100001	125110000	B.2.2.2.2.2.2	0.125	0.00342465753424658
chrX	125110001	125120000	B.2.2.2.2.2.2	0.125	0.00342465753424658
chrX	125120001	125130000	B.2.2.2.2.2.2	0.125	0.00342465753424658
chrX	125130001	125140000	B.2.2.2.2.2.2	0.125	0.00342465753424658
chrX	125140001	125150000	B.2.2.2.2.2.2	0.125	0.00342465753424658
chrX	125150001	125160000	B.2.2.2.2.2.2	0.125	0.00342465753424658
chrX	125160001	125170000	B.2.2.2.2.2.2	0.125	0.00342465753424658
chrX	125170001	125180000	B.2.2.2.2.2.2	0.125	0.00342465753424658
chrX	125180001	125190000	B.2.2.2.2.2.2	0.125	0.00342465753424658
chrX	125190001	125200000	B.2.2.2.2.2.2	0.125	0.00342465753424658
chrX	125200001	125210000	B.2.2.2.2.2.2	0.125	0.00342465753424658
chrX	125210001	125220000	B.2.2.2.2.2.2	0.125	0.00342465753424658
chrX	125220001	125230000	B.2.2.2.2.2.2	0.125	0.00342465753424658
chrX	125230001	125240000	B.2.2.2.2.2.2	0.125	0.00342465753424658
chrX	125240001	125250000	B.2.2.2.2.2.2	0.125	0.00342465753424658
chrX	125250001	125260000	B.2.2.2.2.2.2	0.125	0.00342465753424658
chrX	125260001	125270000	B.2.2.2.2.2.2	0.125	0.00342465753424658
chrX	125270001	125280000	B.2.2.2.2.2.2	0.125	0.00342465753424658
chrX	125280001	125290000	B.2.2.2.2.2.2	0.125	0.00342465753424658
chrX	125290001	125300000	B.2.2.2.2.2.2	0.125	0.00342465753424658
chrX	125300001	125310000	B.2.2.2.2.2.2	0.125	0.00342465753424658
chrX	125310001	125320000	B.2.2.2.2.2.2	0.125	0.00342465753424658
chrX	125320001	125330000	B.2.2.2.2.2.2	0.125	0.00342465753424658
chrX	125330001	125340000	B.2.2.2.2.2.2	0.125	0.00342465753424658
chrX	125340001	125350000	B.2.2.2.2.2.2	0.125	0.00342465753424658
chrX	125350001	125360000	B.2.2.2.2.2.2	0.125	0.00342465753424658
chrX	125360001	125370000	B.2.2.2.2.2.2	0.125	0.00342465753424658
chrX	125370001	125380000	B.2.2.2.2.2.2	0.125	0.00342465753424658
chrX	125380001	125390000	B.2.2.2.2.2.2	0.125	0.00342465753424658
chrX	125390001	125400000	B.2.2.2.2.2.2	0.125	0.00342465753424658
chrX	125400001	125410000	B.2.2.2.2.2.2	0.125	0.00342465753424658
chrX	125410001	125420000	B.2.2.2.2.2.2	0.125	0.00342465753424658
chrX	125420001	125430000	B.2.2.2.2.2.2	0.125	0.00342465753424658
chrX	125430001	125440000	B.2.2.2.2.2.2	0.125	0.00342465753424658
chrX	125440001	125450000	B.2.2.2.2.2.2	0.125	0.00342465753424658
chrX	125450001	125460000	B.2.2.2.2.2.2	0.125	0.00342465753424658
chrX	125460001	125470000	B.2.2.2.2.2.2	0.125	0.00342465753424658
chrX	125470001	125480000	B.2.2.2.2.2.2	0.125	0.00342465753424658
chrX	125480001	125490000	B.2.2.2.2.2.2	0.125	0.00342465753424658
chrX	125490001	125500000	B.2.2.2.2.2.2	0.125	0.00342465753424658
chrX	125500001	125510000	B.2.1.1.2.1.1.1.1	0.25	0.356164383561644
chrX	125510001	125520000	B.2.1.1.2.1.1.1.1	0.25	0.356164383561644
chrX	125520001	125530000	B.2.1.1.2.1.1.1.1	0.25	0.356164383561644
chrX	125530001	125540000	B.2.1.1.2.1.1.1.1	0.25	0.356164383561644
chrX	125540001	125550000	B.2.1.1.2.1.1.1.1	0.25	0.356164383561644
chrX	125550001	125560000	B.2.1.1.2.1.1.1.1	0.25	0.356164383561644
chrX	125560001	125570000	B.2.1.1.2.1.1.1.1	0.25	0.356164383561644
chrX	125570001	125580000	B.2.1.1.2.1.1.1.1	0.25	0.356164383561644
chrX	125580001	125590000	B.2.1.1.2.1.1.1.1	0.25	0.356164383561644
chrX	125590001	125600000	B.2.1.1.2.1.1.1.1	0.25	0.356164383561644
chrX	125600001	125610000	B.2.1.1.2.1.1.1.1	0.25	0.356164383561644
chrX	125610001	125620000	B.2.1.1.2.1.1.1.1	0.25	0.356164383561644
chrX	125620001	125630000	B.2.1.1.2.1.1.1.1	0.25	0.356164383561644
chrX	125630001	125640000	B.2.1.1.2.1.1.1.1	0.25	0.356164383561644
chrX	125640001	125650000	B.2.1.1.2.1.1.1.1	0.25	0.356164383561644
chrX	125650001	125660000	B.2.1.1.2.1.1.1.1	0.25	0.356164383561644
chrX	125660001	125670000	B.2.1.1.2.1.1.1.1	0.25	0.356164383561644
chrX	125670001	125680000	B.2.1.1.2.1.1.1.1	0.25	0.356164383561644
chrX	125680001	125690000	B.2.1.1.2.1.1.1.1	0.25	0.356164383561644
chrX	125690001	125700000	B.2.1.1.2.1.1.1.1	0.25	0.356164383561644
chrX	125700001	125710000	B.2.1.1.2.1.1.1.1	0.25	0.356164383561644
chrX	125710001	125720000	B.2.1.1.2.1.1.1.1	0.25	0.356164383561644
chrX	125720001	125730000	B.2.1.1.2.1.1.1.1	0.25	0.356164383561644
chrX	125730001	125740000	B.2.1.1.2.1.1.1.1	0.25	0.356164383561644
chrX	125740001	125750000	B.2.1.1.2.1.1.1.1	0.25	0.356164383561644
chrX	125750001	125760000	B.2.1.1.2.1.1.1.1	0.25	0.356164383561644
chrX	125760001	125770000	B.2.1.1.2.1.1.1.1	0.25	0.356164383561644
chrX	125770001	125780000	B.2.1.1.2.1.1.1.1	0.25	0.356164383561644
chrX	125780001	125790000	B.2.1.1.2.1.1.1.1	0.25	0.356164383561644
chrX	125790001	125800000	B.2.1.1.2.1.1.1.1	0.25	0.356164383561644
chrX	125800001	125810000	B.2.1.1.2.1.1.1.1	0.25	0.356164383561644
chrX	125810001	125820000	B.2.1.1.2.1.1.1.1	0.25	0.356164383561644
chrX	125820001	125830000	B.2.1.1.2.1.1.1.1	0.25	0.356164383561644
chrX	125830001	125840000	B.2.1.1.2.1.1.1.1	0.25	0.356164383561644
chrX	125840001	125850000	B.2.1.1.2.1.1.1.1	0.25	0.356164383561644
chrX	125850001	125860000	B.2.1.1.2.1.1.1.1	0.25	0.356164383561644
chrX	125860001	125870000	B.2.1.1.2.1.1.1.1	0.25	0.356164383561644
chrX	125870001	125880000	B.2.1.1.2.1.1.1.1	0.25	0.356164383561644
chrX	125880001	125890000	B.2.1.1.2.1.1.1.1	0.25	0.356164383561644
chrX	125890001	125900000	B.2.1.1.2.1.1.1.1	0.25	0.356164383561644
chrX	125900001	125910000	B.2.1.1.2.1.1.1.1	0.25	0.356164383561644
chrX	125910001	125920000	B.2.1.1.2.1.1.1.1	0.25	0.356164383561644
chrX	125920001	125930000	B.2.1.1.2.1.1.1.1	0.25	0.356164383561644
chrX	125930001	125940000	B.2.1.1.2.1.1.1.1	0.25	0.356164383561644
chrX	125940001	125950000	B.2.1.1.2.1.1.1.1	0.25	0.356164383561644
chrX	125950001	125960000	B.2.1.1.2.1.1.1.1	0.25	0.356164383561644
chrX	125960001	125970000	B.2.1.1.2.1.1.1.1	0.25	0.356164383561644
chrX	125970001	125980000	B.2.1.1.2.1.1.1.1	0.25	0.356164383561644
chrX	125980001	125990000	B.2.1.1.2.1.1.1.1	0.25	0.356164383561644
chrX	125990001	1.26e+08	B.2.1.1.2.1.1.1.1	0.25	0.356164383561644
chrX	126000001	126010000	B.2.1.1.2.1.1.1.1	0.25	0.356164383561644
chrX	126010001	126020000	B.2.1.1.2.1.1.1.1	0.25	0.356164383561644
chrX	126020001	126030000	B.2.1.1.2.1.1.1.1	0.25	0.356164383561644
chrX	126030001	126040000	B.2.1.1.2.1.1.1.1	0.25	0.356164383561644
chrX	126040001	126050000	B.2.1.1.2.1.1.1.1	0.25	0.356164383561644
chrX	126050001	126060000	B.2.1.1.2.1.1.1.1	0.25	0.356164383561644
chrX	126060001	126070000	B.2.1.1.2.1.1.1.1	0.25	0.356164383561644
chrX	126070001	126080000	B.2.1.1.2.1.1.1.1	0.25	0.356164383561644
chrX	126080001	126090000	B.2.1.1.2.1.1.1.1	0.25	0.356164383561644
chrX	126090001	126100000	B.2.1.1.2.1.1.1.1	0.25	0.356164383561644
chrX	126100001	126110000	B.2.1.1.2.1.1.1.1	0.25	0.356164383561644
chrX	126110001	126120000	B.2.1.1.2.1.1.1.1	0.25	0.356164383561644
chrX	126120001	126130000	B.2.1.1.2.1.1.1.1	0.25	0.356164383561644
chrX	126130001	126140000	B.2.1.1.2.1.1.1.1	0.25	0.356164383561644
chrX	126140001	126150000	B.2.1.1.2.1.1.1.1	0.25	0.356164383561644
chrX	126150001	126160000	B.2.1.1.2.1.1.1.1	0.25	0.356164383561644
chrX	126160001	126170000	B.2.1.1.2.1.1.1.1	0.25	0.356164383561644
chrX	126170001	126180000	B.2.1.1.2.1.1.1.1	0.25	0.356164383561644
chrX	126180001	126190000	B.2.1.1.2.1.1.1.1	0.25	0.356164383561644
chrX	126190001	126200000	B.2.1.1.2.1.1.1.1	0.25	0.356164383561644
chrX	126200001	126210000	B.1.2.2.2.1.2.1.2	0.375	0.404109589041096
chrX	126210001	126220000	B.1.2.2.2.1.2.1.2	0.375	0.404109589041096
chrX	126220001	126230000	B.1.2.2.2.1.2.1.2	0.375	0.404109589041096
chrX	126230001	126240000	B.1.2.2.2.1.2.1.2	0.375	0.404109589041096
chrX	126240001	126250000	B.1.2.2.2.1.2.1.2	0.375	0.404109589041096
chrX	126250001	126260000	B.1.2.2.2.1.2.1.2	0.375	0.404109589041096
chrX	126260001	126270000	B.1.2.2.2.1.2.1.2	0.375	0.404109589041096
chrX	126270001	126280000	B.1.2.2.2.1.2.1.2	0.375	0.404109589041096
chrX	126280001	126290000	B.1.2.2.2.1.2.1.2	0.375	0.404109589041096
chrX	126290001	126300000	B.1.2.2.2.1.2.1.2	0.375	0.404109589041096
chrX	126300001	126310000	B.1.2.2.2.1.2.1.2	0.375	0.404109589041096
chrX	126310001	126320000	B.1.2.2.2.1.2.1.2	0.375	0.404109589041096
chrX	126320001	126330000	B.1.2.2.2.1.2.1.2	0.375	0.404109589041096
chrX	126330001	126340000	B.1.2.2.2.1.2.1.2	0.375	0.404109589041096
chrX	126340001	126350000	B.1.2.2.2.1.2.1.2	0.375	0.404109589041096
chrX	126350001	126360000	B.1.2.2.1.2	0.375	0.417808219178082
chrX	126360001	126370000	B.1.2.2.1.2	0.375	0.417808219178082
chrX	126370001	126380000	B.1.2.2.1.2	0.375	0.417808219178082
chrX	126380001	126390000	B.1.2.2.1.2	0.375	0.417808219178082
chrX	126390001	126400000	B.1.2.2.1.2	0.375	0.417808219178082
chrX	126400001	126410000	B.1.2.2.1.2	0.375	0.417808219178082
chrX	126410001	126420000	B.1.2.2.1.2	0.375	0.417808219178082
chrX	126420001	126430000	B.1.2.2.1.2	0.375	0.417808219178082
chrX	126430001	126440000	B.1.2.2.1.2	0.375	0.417808219178082
chrX	126440001	126450000	B.1.2.2.1.2	0.375	0.417808219178082
chrX	126450001	126460000	B.1.2.2.1.2	0.375	0.417808219178082
chrX	126460001	126470000	B.1.2.2.1.2	0.375	0.417808219178082
chrX	126470001	126480000	B.1.2.2.1.2	0.375	0.417808219178082
chrX	126480001	126490000	B.1.2.2.1.2	0.375	0.417808219178082
chrX	126490001	126500000	B.1.2.2.1.2	0.375	0.417808219178082
chrX	126500001	126510000	B.1.2.2.1.2	0.375	0.417808219178082
chrX	126510001	126520000	B.1.2.2.1.2	0.375	0.417808219178082
chrX	126520001	126530000	B.1.2.2.1.2	0.375	0.417808219178082
chrX	126530001	126540000	B.1.2.2.1.2	0.375	0.417808219178082
chrX	126540001	126550000	B.1.2.2.1.2	0.375	0.417808219178082
chrX	126550001	126560000	B.1.2.2.1.2	0.375	0.417808219178082
chrX	126560001	126570000	B.1.2.2.1.2	0.375	0.417808219178082
chrX	126570001	126580000	B.1.2.2.1.2	0.375	0.417808219178082
chrX	126580001	126590000	B.1.2.2.1.2	0.375	0.417808219178082
chrX	126590001	126600000	B.1.2.2.1.2	0.375	0.417808219178082
chrX	126600001	126610000	B.1.2.2.1.2	0.375	0.417808219178082
chrX	126610001	126620000	B.1.2.2.1.2	0.375	0.417808219178082
chrX	126620001	126630000	B.1.2.2.1.2	0.375	0.417808219178082
chrX	126630001	126640000	B.1.2.2.1.2	0.375	0.417808219178082
chrX	126640001	126650000	B.1.2.2.1.2	0.375	0.417808219178082
chrX	126650001	126660000	B.1.2.2.1.2	0.375	0.417808219178082
chrX	126660001	126670000	B.1.2.2.1.2	0.375	0.417808219178082
chrX	126670001	126680000	B.1.2.2.1.2	0.375	0.417808219178082
chrX	126680001	126690000	B.1.2.2.1.2	0.375	0.417808219178082
chrX	126690001	126700000	B.1.2.2.1.2	0.375	0.417808219178082
chrX	126700001	126710000	B.1.2.2.1.2	0.375	0.417808219178082
chrX	126710001	126720000	B.1.2.2.1.2	0.375	0.417808219178082
chrX	126720001	126730000	B.1.2.2.1.2	0.375	0.417808219178082
chrX	126730001	126740000	B.1.2.2.1.2	0.375	0.417808219178082
chrX	126740001	126750000	B.1.2.2.1.2	0.375	0.417808219178082
chrX	126750001	126760000	B.2.1.1.2.1.1.2	0.25	0.342465753424658
chrX	126760001	126770000	B.2.1.1.2.1.1.2	0.25	0.342465753424658
chrX	126770001	126780000	B.2.1.1.2.1.1.2	0.25	0.342465753424658
chrX	126780001	126790000	B.2.1.1.2.1.1.2	0.25	0.342465753424658
chrX	126790001	126800000	B.2.1.1.2.1.1.2	0.25	0.342465753424658
chrX	126800001	126810000	B.2.1.1.2.1.1.2	0.25	0.342465753424658
chrX	126810001	126820000	B.2.1.1.2.1.1.2	0.25	0.342465753424658
chrX	126820001	126830000	B.2.1.1.2.1.1.2	0.25	0.342465753424658
chrX	126830001	126840000	B.2.1.1.2.1.1.2	0.25	0.342465753424658
chrX	126840001	126850000	B.2.1.1.2.1.1.2	0.25	0.342465753424658
chrX	126850001	126860000	B.2.1.1.2.1.1.2	0.25	0.342465753424658
chrX	126860001	126870000	B.2.1.1.2.1.1.2	0.25	0.342465753424658
chrX	126870001	126880000	B.2.1.1.2.1.1.2	0.25	0.342465753424658
chrX	126880001	126890000	B.2.1.1.2.1.1.2	0.25	0.342465753424658
chrX	126890001	126900000	B.2.1.1.2.1.1.2	0.25	0.342465753424658
chrX	126900001	126910000	B.2.1.1.2.1.1.2	0.25	0.342465753424658
chrX	126910001	126920000	B.2.1.1.2.1.1.2	0.25	0.342465753424658
chrX	126920001	126930000	B.2.1.1.2.1.1.2	0.25	0.342465753424658
chrX	126930001	126940000	B.2.1.1.2.1.1.2	0.25	0.342465753424658
chrX	126940001	126950000	B.2.1.1.2.1.1.2	0.25	0.342465753424658
chrX	126950001	126960000	B.2.1.1.2.1.1.2	0.25	0.342465753424658
chrX	126960001	126970000	B.2.1.1.2.1.1.2	0.25	0.342465753424658
chrX	126970001	126980000	B.2.1.1.2.1.1.2	0.25	0.342465753424658
chrX	126980001	126990000	B.2.1.1.2.1.1.2	0.25	0.342465753424658
chrX	126990001	1.27e+08	B.2.1.1.2.1.1.2	0.25	0.342465753424658
chrX	127000001	127010000	B.2.1.1.2.1.1.2	0.25	0.342465753424658
chrX	127010001	127020000	B.2.1.1.2.1.1.2	0.25	0.342465753424658
chrX	127020001	127030000	B.2.1.1.2.1.1.2	0.25	0.342465753424658
chrX	127030001	127040000	B.2.1.1.2.1.1.2	0.25	0.342465753424658
chrX	127040001	127050000	B.2.1.1.2.1.1.2	0.25	0.342465753424658
chrX	127050001	127060000	B.2.1.1.2.1.1.2	0.25	0.342465753424658
chrX	127060001	127070000	B.2.1.1.2.1.1.2	0.25	0.342465753424658
chrX	127070001	127080000	B.2.1.1.2.1.1.2	0.25	0.342465753424658
chrX	127080001	127090000	B.2.1.1.2.1.1.2	0.25	0.342465753424658
chrX	127090001	127100000	B.2.1.1.2.1.1.2	0.25	0.342465753424658
chrX	127100001	127110000	B.2.1.1.2.1.1.2	0.25	0.342465753424658
chrX	127110001	127120000	B.2.1.1.2.1.1.2	0.25	0.342465753424658
chrX	127120001	127130000	B.2.1.1.2.1.1.2	0.25	0.342465753424658
chrX	127130001	127140000	B.2.1.1.2.1.1.2	0.25	0.342465753424658
chrX	127140001	127150000	B.2.1.1.2.1.1.2	0.25	0.342465753424658
chrX	127150001	127160000	B.2.2.2.1.1.2.1.2	0.125	0.0376712328767123
chrX	127160001	127170000	B.2.2.2.1.1.2.1.2	0.125	0.0376712328767123
chrX	127170001	127180000	B.2.2.2.1.1.2.1.2	0.125	0.0376712328767123
chrX	127180001	127190000	B.2.2.2.1.1.2.1.2	0.125	0.0376712328767123
chrX	127190001	127200000	B.2.2.2.1.1.2.1.2	0.125	0.0376712328767123
chrX	127200001	127210000	B.2.2.2.1.1.2.1.2	0.125	0.0376712328767123
chrX	127210001	127220000	B.2.2.2.1.1.2.1.2	0.125	0.0376712328767123
chrX	127220001	127230000	B.2.2.2.1.1.2.1.2	0.125	0.0376712328767123
chrX	127230001	127240000	B.2.2.2.1.1.2.1.2	0.125	0.0376712328767123
chrX	127240001	127250000	B.2.2.2.1.1.2.1.2	0.125	0.0376712328767123
chrX	127250001	127260000	B.2.2.2.1.1.2.1.2	0.125	0.0376712328767123
chrX	127260001	127270000	B.2.2.2.1.1.2.1.2	0.125	0.0376712328767123
chrX	127270001	127280000	B.2.2.2.1.1.2.1.2	0.125	0.0376712328767123
chrX	127280001	127290000	B.2.2.2.1.1.2.1.2	0.125	0.0376712328767123
chrX	127290001	127300000	B.2.2.2.1.1.2.1.2	0.125	0.0376712328767123
chrX	127300001	127310000	B.2.2.2.1.1.2.1.2	0.125	0.0376712328767123
chrX	127310001	127320000	B.2.2.2.1.1.2.1.2	0.125	0.0376712328767123
chrX	127320001	127330000	B.2.2.2.1.1.2.1.2	0.125	0.0376712328767123
chrX	127330001	127340000	B.2.2.2.1.1.2.1.2	0.125	0.0376712328767123
chrX	127340001	127350000	B.2.2.2.1.1.2.1.2	0.125	0.0376712328767123
chrX	127350001	127360000	B.2.2.2.1.1.2.1.2	0.125	0.0376712328767123
chrX	127360001	127370000	B.2.2.2.1.1.2.1.2	0.125	0.0376712328767123
chrX	127370001	127380000	B.2.2.2.1.1.2.1.2	0.125	0.0376712328767123
chrX	127380001	127390000	B.2.2.2.1.1.2.1.2	0.125	0.0376712328767123
chrX	127390001	127400000	B.2.2.2.1.1.2.1.2	0.125	0.0376712328767123
chrX	127400001	127410000	B.2.2.2.1.1.2.1.2	0.125	0.0376712328767123
chrX	127410001	127420000	B.2.2.2.1.1.2.1.2	0.125	0.0376712328767123
chrX	127420001	127430000	B.2.2.2.1.1.2.1.2	0.125	0.0376712328767123
chrX	127430001	127440000	B.2.2.2.1.1.2.1.2	0.125	0.0376712328767123
chrX	127440001	127450000	B.2.2.2.1.1.2.1.2	0.125	0.0376712328767123
chrX	127450001	127460000	B.2.2.2.1.1.2.1.2	0.125	0.0376712328767123
chrX	127460001	127470000	B.2.2.2.1.1.2.1.2	0.125	0.0376712328767123
chrX	127470001	127480000	B.2.2.2.1.1.2.1.2	0.125	0.0376712328767123
chrX	127480001	127490000	B.2.2.2.1.1.2.1.2	0.125	0.0376712328767123
chrX	127490001	127500000	B.2.2.2.1.1.2.1.2	0.125	0.0376712328767123
chrX	127500001	127510000	B.2.2.2.1.1.2.1.2	0.125	0.0376712328767123
chrX	127510001	127520000	B.2.2.2.1.1.2.1.2	0.125	0.0376712328767123
chrX	127520001	127530000	B.2.2.2.1.1.2.1.2	0.125	0.0376712328767123
chrX	127530001	127540000	B.2.2.2.1.1.2.1.2	0.125	0.0376712328767123
chrX	127540001	127550000	B.2.2.2.1.1.2.1.2	0.125	0.0376712328767123
chrX	127550001	127560000	B.1.2.2.1.1.2.1	0.375	0.424657534246575
chrX	127560001	127570000	B.1.2.2.1.1.2.1	0.375	0.424657534246575
chrX	127570001	127580000	B.1.2.2.1.1.2.1	0.375	0.424657534246575
chrX	127580001	127590000	B.1.2.2.1.1.2.1	0.375	0.424657534246575
chrX	127590001	127600000	B.1.2.2.1.1.2.1	0.375	0.424657534246575
chrX	127600001	127610000	B.1.2.2.1.1.2.1	0.375	0.424657534246575
chrX	127610001	127620000	B.1.2.2.1.1.2.1	0.375	0.424657534246575
chrX	127620001	127630000	B.1.2.2.1.1.2.1	0.375	0.424657534246575
chrX	127630001	127640000	B.1.2.2.1.1.2.1	0.375	0.424657534246575
chrX	127640001	127650000	B.1.2.2.1.1.2.1	0.375	0.424657534246575
chrX	127650001	127660000	B.1.2.2.1.1.2.1	0.375	0.424657534246575
chrX	127660001	127670000	B.1.2.2.1.1.2.1	0.375	0.424657534246575
chrX	127670001	127680000	B.1.2.2.1.1.2.1	0.375	0.424657534246575
chrX	127680001	127690000	B.1.2.2.1.1.2.1	0.375	0.424657534246575
chrX	127690001	127700000	B.1.2.2.1.1.2.1	0.375	0.424657534246575
chrX	127700001	127710000	B.2.1.1.2.1.1.1.2.2	0.25	0.345890410958904
chrX	127710001	127720000	B.2.1.1.2.1.1.1.2.2	0.25	0.345890410958904
chrX	127720001	127730000	B.2.1.1.2.1.1.1.2.2	0.25	0.345890410958904
chrX	127730001	127740000	B.2.1.1.2.1.1.1.2.2	0.25	0.345890410958904
chrX	127740001	127750000	B.2.1.1.2.1.1.1.2.2	0.25	0.345890410958904
chrX	127750001	127760000	B.2.1.1.2.1.1.1.2.2	0.25	0.345890410958904
chrX	127760001	127770000	B.2.1.1.2.1.1.1.2.2	0.25	0.345890410958904
chrX	127770001	127780000	B.2.1.1.2.1.1.1.2.2	0.25	0.345890410958904
chrX	127780001	127790000	B.2.1.1.2.1.1.1.2.2	0.25	0.345890410958904
chrX	127790001	127800000	B.2.1.1.2.1.1.1.2.2	0.25	0.345890410958904
chrX	127800001	127810000	B.2.1.1.2.1.1.1.2.2	0.25	0.345890410958904
chrX	127810001	127820000	B.2.1.1.2.1.1.1.2.2	0.25	0.345890410958904
chrX	127820001	127830000	B.2.1.1.2.1.1.1.2.2	0.25	0.345890410958904
chrX	127830001	127840000	B.2.1.1.2.1.1.1.2.2	0.25	0.345890410958904
chrX	127840001	127850000	B.2.1.1.2.1.1.1.2.2	0.25	0.345890410958904
chrX	127850001	127860000	B.2.1.1.2.1.1.1.2.2	0.25	0.345890410958904
chrX	127860001	127870000	B.2.1.1.2.1.1.1.2.2	0.25	0.345890410958904
chrX	127870001	127880000	B.2.1.1.2.1.1.1.2.2	0.25	0.345890410958904
chrX	127880001	127890000	B.2.1.1.2.1.1.1.2.2	0.25	0.345890410958904
chrX	127890001	127900000	B.2.1.1.2.1.1.1.2.2	0.25	0.345890410958904
chrX	127900001	127910000	B.2.1.1.2.1.1.1.2.2	0.25	0.345890410958904
chrX	127910001	127920000	B.2.1.1.2.1.1.1.2.2	0.25	0.345890410958904
chrX	127920001	127930000	B.2.1.1.2.1.1.1.2.2	0.25	0.345890410958904
chrX	127930001	127940000	B.2.1.1.2.1.1.1.2.2	0.25	0.345890410958904
chrX	127940001	127950000	B.2.1.1.2.1.1.1.2.2	0.25	0.345890410958904
chrX	127950001	127960000	B.2.1.1.2.1.1.1.2.2	0.25	0.345890410958904
chrX	127960001	127970000	B.2.1.1.2.1.1.1.2.2	0.25	0.345890410958904
chrX	127970001	127980000	B.2.1.1.2.1.1.1.2.2	0.25	0.345890410958904
chrX	127980001	127990000	B.2.1.1.2.1.1.1.2.2	0.25	0.345890410958904
chrX	127990001	1.28e+08	B.2.1.1.2.1.1.1.2.2	0.25	0.345890410958904
chrX	128000001	128010000	B.2.1.1.1.2.1.2.2.1	0.25	0.36986301369863
chrX	128010001	128020000	B.2.1.1.1.2.1.2.2.1	0.25	0.36986301369863
chrX	128020001	128030000	B.2.1.1.1.2.1.2.2.1	0.25	0.36986301369863
chrX	128030001	128040000	B.2.1.1.1.2.1.2.2.1	0.25	0.36986301369863
chrX	128040001	128050000	B.2.1.1.1.2.1.2.2.1	0.25	0.36986301369863
chrX	128050001	128060000	B.2.1.1.1.2.1.2.2.1	0.25	0.36986301369863
chrX	128060001	128070000	B.2.1.1.1.2.1.2.2.1	0.25	0.36986301369863
chrX	128070001	128080000	B.2.1.1.1.2.1.2.2.1	0.25	0.36986301369863
chrX	128080001	128090000	B.2.1.1.1.2.1.2.2.1	0.25	0.36986301369863
chrX	128090001	128100000	B.2.1.1.1.2.1.2.2.1	0.25	0.36986301369863
chrX	128100001	128110000	B.2.1.1.1.2.1.2.2.1	0.25	0.36986301369863
chrX	128110001	128120000	B.2.1.1.1.2.1.2.2.1	0.25	0.36986301369863
chrX	128120001	128130000	B.2.1.1.1.2.1.2.2.1	0.25	0.36986301369863
chrX	128130001	128140000	B.2.1.1.1.2.1.2.2.1	0.25	0.36986301369863
chrX	128140001	128150000	B.2.1.1.1.2.1.2.2.1	0.25	0.36986301369863
chrX	128150001	128160000	B.2.1.1.1.2.1.2.2.1	0.25	0.36986301369863
chrX	128160001	128170000	B.2.1.1.1.2.1.2.2.1	0.25	0.36986301369863
chrX	128170001	128180000	B.2.1.1.1.2.1.2.2.1	0.25	0.36986301369863
chrX	128180001	128190000	B.2.1.1.1.2.1.2.2.1	0.25	0.36986301369863
chrX	128190001	128200000	B.2.1.1.1.2.1.2.2.1	0.25	0.36986301369863
chrX	128200001	128210000	B.2.1.1.2.1.1.1.2.1.1	0.25	0.352739726027397
chrX	128210001	128220000	B.2.1.1.2.1.1.1.2.1.1	0.25	0.352739726027397
chrX	128220001	128230000	B.2.1.1.2.1.1.1.2.1.1	0.25	0.352739726027397
chrX	128230001	128240000	B.2.1.1.2.1.1.1.2.1.1	0.25	0.352739726027397
chrX	128240001	128250000	B.2.1.1.2.1.1.1.2.1.1	0.25	0.352739726027397
chrX	128250001	128260000	B.2.1.1.2.1.1.1.2.1.1	0.25	0.352739726027397
chrX	128260001	128270000	B.2.1.1.2.1.1.1.2.1.1	0.25	0.352739726027397
chrX	128270001	128280000	B.2.1.1.2.1.1.1.2.1.1	0.25	0.352739726027397
chrX	128280001	128290000	B.2.1.1.2.1.1.1.2.1.1	0.25	0.352739726027397
chrX	128290001	128300000	B.2.1.1.2.1.1.1.2.1.1	0.25	0.352739726027397
chrX	128300001	128310000	B.2.1.1.2.1.1.1.2.1.1	0.25	0.352739726027397
chrX	128310001	128320000	B.2.1.1.2.1.1.1.2.1.1	0.25	0.352739726027397
chrX	128320001	128330000	B.2.1.1.2.1.1.1.2.1.1	0.25	0.352739726027397
chrX	128330001	128340000	B.2.1.1.2.1.1.1.2.1.1	0.25	0.352739726027397
chrX	128340001	128350000	B.2.1.1.2.1.1.1.2.1.1	0.25	0.352739726027397
chrX	128350001	128360000	B.2.1.1.2.1.1.1.2.1.1	0.25	0.352739726027397
chrX	128360001	128370000	B.2.1.1.2.1.1.1.2.1.1	0.25	0.352739726027397
chrX	128370001	128380000	B.2.1.1.2.1.1.1.2.1.1	0.25	0.352739726027397
chrX	128380001	128390000	B.2.1.1.2.1.1.1.2.1.1	0.25	0.352739726027397
chrX	128390001	128400000	B.2.1.1.2.1.1.1.2.1.1	0.25	0.352739726027397
chrX	128400001	128410000	B.1.2.2.1.1.1.2	0.375	0.428082191780822
chrX	128410001	128420000	B.1.2.2.1.1.1.2	0.375	0.428082191780822
chrX	128420001	128430000	B.1.2.2.1.1.1.2	0.375	0.428082191780822
chrX	128430001	128440000	B.1.2.2.1.1.1.2	0.375	0.428082191780822
chrX	128440001	128450000	B.1.2.2.1.1.1.2	0.375	0.428082191780822
chrX	128450001	128460000	B.1.2.2.1.1.1.2	0.375	0.428082191780822
chrX	128460001	128470000	B.1.2.2.1.1.1.2	0.375	0.428082191780822
chrX	128470001	128480000	B.1.2.2.1.1.1.2	0.375	0.428082191780822
chrX	128480001	128490000	B.1.2.2.1.1.1.2	0.375	0.428082191780822
chrX	128490001	128500000	B.1.2.2.1.1.1.2	0.375	0.428082191780822
chrX	128500001	128510000	B.1.2.2.1.1.1.2	0.375	0.428082191780822
chrX	128510001	128520000	B.1.2.2.1.1.1.2	0.375	0.428082191780822
chrX	128520001	128530000	B.1.2.2.1.1.1.2	0.375	0.428082191780822
chrX	128530001	128540000	B.1.2.2.1.1.1.2	0.375	0.428082191780822
chrX	128540001	128550000	B.1.2.2.1.1.1.2	0.375	0.428082191780822
chrX	128550001	128560000	B.1.2.2.1.1.1.2	0.375	0.428082191780822
chrX	128560001	128570000	B.1.2.2.1.1.1.2	0.375	0.428082191780822
chrX	128570001	128580000	B.1.2.2.1.1.1.2	0.375	0.428082191780822
chrX	128580001	128590000	B.1.2.2.1.1.1.2	0.375	0.428082191780822
chrX	128590001	128600000	B.1.2.2.1.1.1.2	0.375	0.428082191780822
chrX	128600001	128610000	A.1.1.1.2.2.2	1	0.979452054794521
chrX	128610001	128620000	A.1.1.1.2.2.2	1	0.979452054794521
chrX	128620001	128630000	A.1.1.1.2.2.2	1	0.979452054794521
chrX	128630001	128640000	A.1.1.1.2.2.2	1	0.979452054794521
chrX	128640001	128650000	A.1.1.1.2.2.2	1	0.979452054794521
chrX	128650001	128660000	A.1.1.1.2.2.2	1	0.979452054794521
chrX	128660001	128670000	A.1.1.1.2.2.2	1	0.979452054794521
chrX	128670001	128680000	A.1.1.1.2.2.2	1	0.979452054794521
chrX	128680001	128690000	A.1.1.1.2.2.2	1	0.979452054794521
chrX	128690001	128700000	A.1.1.1.2.2.2	1	0.979452054794521
chrX	128700001	128710000	A.1.1.1.2.2.2	1	0.979452054794521
chrX	128710001	128720000	A.1.1.1.2.2.2	1	0.979452054794521
chrX	128720001	128730000	A.1.1.1.2.2.2	1	0.979452054794521
chrX	128730001	128740000	A.1.1.1.2.2.2	1	0.979452054794521
chrX	128740001	128750000	A.1.1.1.2.2.2	1	0.979452054794521
chrX	128750001	128760000	A.1.1.1.2.2.2	1	0.979452054794521
chrX	128760001	128770000	A.1.1.1.2.2.2	1	0.979452054794521
chrX	128770001	128780000	A.1.1.1.2.2.2	1	0.979452054794521
chrX	128780001	128790000	A.1.1.1.2.2.2	1	0.979452054794521
chrX	128790001	128800000	A.1.1.1.2.2.2	1	0.979452054794521
chrX	128800001	128810000	A.1.1.1.2.2.2	1	0.979452054794521
chrX	128810001	128820000	A.1.1.1.2.2.2	1	0.979452054794521
chrX	128820001	128830000	A.1.1.1.2.2.2	1	0.979452054794521
chrX	128830001	128840000	A.1.1.1.2.2.2	1	0.979452054794521
chrX	128840001	128850000	A.1.1.1.2.2.2	1	0.979452054794521
chrX	128850001	128860000	A.1.1.1.2.2.2	1	0.979452054794521
chrX	128860001	128870000	A.1.1.1.2.2.2	1	0.979452054794521
chrX	128870001	128880000	A.1.1.1.2.2.2	1	0.979452054794521
chrX	128880001	128890000	A.1.1.1.2.2.2	1	0.979452054794521
chrX	128890001	128900000	A.1.1.1.2.2.2	1	0.979452054794521
chrX	128900001	128910000	A.1.1.1.2.2.2	1	0.979452054794521
chrX	128910001	128920000	A.1.1.1.2.2.2	1	0.979452054794521
chrX	128920001	128930000	A.1.1.1.2.2.2	1	0.979452054794521
chrX	128930001	128940000	A.1.1.1.2.2.2	1	0.979452054794521
chrX	128940001	128950000	A.1.1.1.2.2.2	1	0.979452054794521
chrX	128950001	128960000	A.1.1.1.2.2.2	1	0.979452054794521
chrX	128960001	128970000	A.1.1.1.2.2.2	1	0.979452054794521
chrX	128970001	128980000	A.1.1.1.2.2.2	1	0.979452054794521
chrX	128980001	128990000	A.1.1.1.2.2.2	1	0.979452054794521
chrX	128990001	1.29e+08	A.1.1.1.2.2.2	1	0.979452054794521
chrX	129000001	129010000	A.1.1.1.2.2.2	1	0.979452054794521
chrX	129010001	129020000	A.1.1.1.2.2.2	1	0.979452054794521
chrX	129020001	129030000	A.1.1.1.2.2.2	1	0.979452054794521
chrX	129030001	129040000	A.1.1.1.2.2.2	1	0.979452054794521
chrX	129040001	129050000	A.1.1.1.2.2.2	1	0.979452054794521
chrX	129050001	129060000	A.1.1.1.2.2.1	1	0.982876712328767
chrX	129060001	129070000	A.1.1.1.2.2.1	1	0.982876712328767
chrX	129070001	129080000	A.1.1.1.2.2.1	1	0.982876712328767
chrX	129080001	129090000	A.1.1.1.2.2.1	1	0.982876712328767
chrX	129090001	129100000	A.1.1.1.2.2.1	1	0.982876712328767
chrX	129100001	129110000	A.1.1.1.2.2.1	1	0.982876712328767
chrX	129110001	129120000	A.1.1.1.2.2.1	1	0.982876712328767
chrX	129120001	129130000	A.1.1.1.2.2.1	1	0.982876712328767
chrX	129130001	129140000	A.1.1.1.2.2.1	1	0.982876712328767
chrX	129140001	129150000	A.1.1.1.2.2.1	1	0.982876712328767
chrX	129150001	129160000	A.1.1.1.2.2.1	1	0.982876712328767
chrX	129160001	129170000	A.1.1.1.2.2.1	1	0.982876712328767
chrX	129170001	129180000	A.1.1.1.2.2.1	1	0.982876712328767
chrX	129180001	129190000	A.1.1.1.2.2.1	1	0.982876712328767
chrX	129190001	129200000	A.1.1.1.2.2.1	1	0.982876712328767
chrX	129200001	129210000	A.1.1.1.2.2.1	1	0.982876712328767
chrX	129210001	129220000	A.1.1.1.2.2.1	1	0.982876712328767
chrX	129220001	129230000	A.1.1.1.2.2.1	1	0.982876712328767
chrX	129230001	129240000	A.1.1.1.2.2.1	1	0.982876712328767
chrX	129240001	129250000	A.1.1.1.2.2.1	1	0.982876712328767
chrX	129250001	129260000	A.1.1.1.2.2.1	1	0.982876712328767
chrX	129260001	129270000	A.1.1.1.2.2.1	1	0.982876712328767
chrX	129270001	129280000	A.1.1.1.2.2.1	1	0.982876712328767
chrX	129280001	129290000	A.1.1.1.2.2.1	1	0.982876712328767
chrX	129290001	129300000	A.1.1.1.2.2.1	1	0.982876712328767
chrX	129300001	129310000	A.1.1.1.2.2.1	1	0.982876712328767
chrX	129310001	129320000	A.1.1.1.2.2.1	1	0.982876712328767
chrX	129320001	129330000	A.1.1.1.2.2.1	1	0.982876712328767
chrX	129330001	129340000	A.1.1.1.2.2.1	1	0.982876712328767
chrX	129340001	129350000	A.1.1.1.2.2.1	1	0.982876712328767
chrX	129350001	129360000	A.1.1.1.2.2.1	1	0.982876712328767
chrX	129360001	129370000	A.1.1.1.2.2.1	1	0.982876712328767
chrX	129370001	129380000	A.1.1.1.2.2.1	1	0.982876712328767
chrX	129380001	129390000	A.1.1.1.2.2.1	1	0.982876712328767
chrX	129390001	129400000	A.1.1.1.2.2.1	1	0.982876712328767
chrX	129400001	129410000	A.2.1.2.1.1.1	0.75	0.797945205479452
chrX	129410001	129420000	A.2.1.2.1.1.1	0.75	0.797945205479452
chrX	129420001	129430000	A.2.1.2.1.1.1	0.75	0.797945205479452
chrX	129430001	129440000	A.2.1.2.1.1.1	0.75	0.797945205479452
chrX	129440001	129450000	A.2.1.2.1.1.1	0.75	0.797945205479452
chrX	129450001	129460000	A.2.1.2.1.1.1	0.75	0.797945205479452
chrX	129460001	129470000	A.2.1.2.1.1.1	0.75	0.797945205479452
chrX	129470001	129480000	A.2.1.2.1.1.1	0.75	0.797945205479452
chrX	129480001	129490000	A.2.1.2.1.1.1	0.75	0.797945205479452
chrX	129490001	129500000	A.2.1.2.1.1.1	0.75	0.797945205479452
chrX	129500001	129510000	A.2.1.2.1.1.1	0.75	0.797945205479452
chrX	129510001	129520000	A.2.1.2.1.1.1	0.75	0.797945205479452
chrX	129520001	129530000	A.2.1.2.1.1.1	0.75	0.797945205479452
chrX	129530001	129540000	A.2.1.2.1.1.1	0.75	0.797945205479452
chrX	129540001	129550000	A.2.1.2.1.1.1	0.75	0.797945205479452
chrX	129550001	129560000	A.2.1.2.1.1.1	0.75	0.797945205479452
chrX	129560001	129570000	A.2.1.2.1.1.1	0.75	0.797945205479452
chrX	129570001	129580000	A.2.1.2.1.1.1	0.75	0.797945205479452
chrX	129580001	129590000	A.2.1.2.1.1.1	0.75	0.797945205479452
chrX	129590001	129600000	A.2.1.2.1.1.1	0.75	0.797945205479452
chrX	129600001	129610000	A.2.1.2.1.1.1	0.75	0.797945205479452
chrX	129610001	129620000	A.2.1.2.1.1.1	0.75	0.797945205479452
chrX	129620001	129630000	A.2.1.2.1.1.1	0.75	0.797945205479452
chrX	129630001	129640000	A.2.1.2.1.1.1	0.75	0.797945205479452
chrX	129640001	129650000	A.2.1.2.1.1.1	0.75	0.797945205479452
chrX	129650001	129660000	A.2.1.2.1.1.1	0.75	0.797945205479452
chrX	129660001	129670000	A.2.1.2.1.1.1	0.75	0.797945205479452
chrX	129670001	129680000	A.2.1.2.1.1.1	0.75	0.797945205479452
chrX	129680001	129690000	A.2.1.2.1.1.1	0.75	0.797945205479452
chrX	129690001	129700000	A.2.1.2.1.1.1	0.75	0.797945205479452
chrX	129700001	129710000	A.2.1.2.1.1.1	0.75	0.797945205479452
chrX	129710001	129720000	A.2.1.2.1.1.1	0.75	0.797945205479452
chrX	129720001	129730000	A.2.1.2.1.1.1	0.75	0.797945205479452
chrX	129730001	129740000	A.2.1.2.1.1.1	0.75	0.797945205479452
chrX	129740001	129750000	A.2.1.2.1.1.1	0.75	0.797945205479452
chrX	129750001	129760000	A.2.1.2.1.1.2.2	0.75	0.791095890410959
chrX	129760001	129770000	A.2.1.2.1.1.2.2	0.75	0.791095890410959
chrX	129770001	129780000	A.2.1.2.1.1.2.2	0.75	0.791095890410959
chrX	129780001	129790000	A.2.1.2.1.1.2.2	0.75	0.791095890410959
chrX	129790001	129800000	A.2.1.2.1.1.2.2	0.75	0.791095890410959
chrX	129800001	129810000	A.2.1.2.1.1.2.2	0.75	0.791095890410959
chrX	129810001	129820000	A.2.1.2.1.1.2.2	0.75	0.791095890410959
chrX	129820001	129830000	A.2.1.2.1.1.2.2	0.75	0.791095890410959
chrX	129830001	129840000	A.2.1.2.1.1.2.2	0.75	0.791095890410959
chrX	129840001	129850000	A.2.1.2.1.1.2.2	0.75	0.791095890410959
chrX	129850001	129860000	A.2.1.2.1.1.2.2	0.75	0.791095890410959
chrX	129860001	129870000	A.2.1.2.1.1.2.2	0.75	0.791095890410959
chrX	129870001	129880000	A.2.1.2.1.1.2.2	0.75	0.791095890410959
chrX	129880001	129890000	A.2.1.2.1.1.2.2	0.75	0.791095890410959
chrX	129890001	129900000	A.2.1.2.1.1.2.2	0.75	0.791095890410959
chrX	129900001	129910000	A.2.1.2.1.1.2.2	0.75	0.791095890410959
chrX	129910001	129920000	A.2.1.2.1.1.2.2	0.75	0.791095890410959
chrX	129920001	129930000	A.2.1.2.1.1.2.2	0.75	0.791095890410959
chrX	129930001	129940000	A.2.1.2.1.1.2.2	0.75	0.791095890410959
chrX	129940001	129950000	A.2.1.2.1.1.2.2	0.75	0.791095890410959
chrX	129950001	129960000	A.2.1.2.1.1.2.2	0.75	0.791095890410959
chrX	129960001	129970000	A.2.1.2.1.1.2.2	0.75	0.791095890410959
chrX	129970001	129980000	A.2.1.2.1.1.2.2	0.75	0.791095890410959
chrX	129980001	129990000	A.2.1.2.1.1.2.2	0.75	0.791095890410959
chrX	129990001	1.3e+08	A.2.1.2.1.1.2.2	0.75	0.791095890410959
chrX	130000001	130010000	A.2.1.2.1.1.2.2	0.75	0.791095890410959
chrX	130010001	130020000	A.2.1.2.1.1.2.2	0.75	0.791095890410959
chrX	130020001	130030000	A.2.1.2.1.1.2.2	0.75	0.791095890410959
chrX	130030001	130040000	A.2.1.2.1.1.2.2	0.75	0.791095890410959
chrX	130040001	130050000	A.2.1.2.1.1.2.2	0.75	0.791095890410959
chrX	130050001	130060000	A.2.1.2.1.1.2.2	0.75	0.791095890410959
chrX	130060001	130070000	A.2.1.2.1.1.2.2	0.75	0.791095890410959
chrX	130070001	130080000	A.2.1.2.1.1.2.2	0.75	0.791095890410959
chrX	130080001	130090000	A.2.1.2.1.1.2.2	0.75	0.791095890410959
chrX	130090001	130100000	A.2.1.2.1.1.2.2	0.75	0.791095890410959
chrX	130100001	130110000	A.2.1.2.1.1.2.2	0.75	0.791095890410959
chrX	130110001	130120000	A.2.1.2.1.1.2.2	0.75	0.791095890410959
chrX	130120001	130130000	A.2.1.2.1.1.2.2	0.75	0.791095890410959
chrX	130130001	130140000	A.2.1.2.1.1.2.2	0.75	0.791095890410959
chrX	130140001	130150000	A.2.1.2.1.1.2.2	0.75	0.791095890410959
chrX	130150001	130160000	A.2.1.2.1.1.2.2	0.75	0.791095890410959
chrX	130160001	130170000	A.2.1.2.1.1.2.2	0.75	0.791095890410959
chrX	130170001	130180000	A.2.1.2.1.1.2.2	0.75	0.791095890410959
chrX	130180001	130190000	A.2.1.2.1.1.2.2	0.75	0.791095890410959
chrX	130190001	130200000	A.2.1.2.1.1.2.2	0.75	0.791095890410959
chrX	130200001	130210000	A.2.1.2.1.1.2.2	0.75	0.791095890410959
chrX	130210001	130220000	A.2.1.2.1.1.2.2	0.75	0.791095890410959
chrX	130220001	130230000	A.2.1.2.1.1.2.2	0.75	0.791095890410959
chrX	130230001	130240000	A.2.1.2.1.1.2.2	0.75	0.791095890410959
chrX	130240001	130250000	A.2.1.2.1.1.2.2	0.75	0.791095890410959
chrX	130250001	130260000	A.2.1.2.1.2	0.75	0.787671232876712
chrX	130260001	130270000	A.2.1.2.1.2	0.75	0.787671232876712
chrX	130270001	130280000	A.2.1.2.1.2	0.75	0.787671232876712
chrX	130280001	130290000	A.2.1.2.1.2	0.75	0.787671232876712
chrX	130290001	130300000	A.2.1.2.1.2	0.75	0.787671232876712
chrX	130300001	130310000	A.2.1.2.1.2	0.75	0.787671232876712
chrX	130310001	130320000	A.2.1.2.1.2	0.75	0.787671232876712
chrX	130320001	130330000	A.2.1.2.1.2	0.75	0.787671232876712
chrX	130330001	130340000	A.2.1.2.1.2	0.75	0.787671232876712
chrX	130340001	130350000	A.2.1.2.1.2	0.75	0.787671232876712
chrX	130350001	130360000	A.2.1.2.1.2	0.75	0.787671232876712
chrX	130360001	130370000	A.2.1.2.1.2	0.75	0.787671232876712
chrX	130370001	130380000	A.2.1.2.1.2	0.75	0.787671232876712
chrX	130380001	130390000	A.2.1.2.1.2	0.75	0.787671232876712
chrX	130390001	130400000	A.2.1.2.1.2	0.75	0.787671232876712
chrX	130400001	130410000	B.1.1.2.2.1.1	0.5	0.561643835616438
chrX	130410001	130420000	B.1.1.2.2.1.1	0.5	0.561643835616438
chrX	130420001	130430000	B.1.1.2.2.1.1	0.5	0.561643835616438
chrX	130430001	130440000	B.1.1.2.2.1.1	0.5	0.561643835616438
chrX	130440001	130450000	B.1.1.2.2.1.1	0.5	0.561643835616438
chrX	130450001	130460000	B.1.1.2.2.1.1	0.5	0.561643835616438
chrX	130460001	130470000	B.1.1.2.2.1.1	0.5	0.561643835616438
chrX	130470001	130480000	B.1.1.2.2.1.1	0.5	0.561643835616438
chrX	130480001	130490000	B.1.1.2.2.1.1	0.5	0.561643835616438
chrX	130490001	130500000	B.1.1.2.2.1.1	0.5	0.561643835616438
chrX	130500001	130510000	B.1.1.2.2.1.1	0.5	0.561643835616438
chrX	130510001	130520000	B.1.1.2.2.1.1	0.5	0.561643835616438
chrX	130520001	130530000	B.1.1.2.2.1.1	0.5	0.561643835616438
chrX	130530001	130540000	B.1.1.2.2.1.1	0.5	0.561643835616438
chrX	130540001	130550000	B.1.1.2.2.1.1	0.5	0.561643835616438
chrX	130550001	130560000	B.1.1.2.2.1.1	0.5	0.561643835616438
chrX	130560001	130570000	B.1.1.2.2.1.1	0.5	0.561643835616438
chrX	130570001	130580000	B.1.1.2.2.1.1	0.5	0.561643835616438
chrX	130580001	130590000	B.1.1.2.2.1.1	0.5	0.561643835616438
chrX	130590001	130600000	B.1.1.2.2.1.1	0.5	0.561643835616438
chrX	130600001	130610000	A.2.1.2.2.2.1	0.75	0.777397260273973
chrX	130610001	130620000	A.2.1.2.2.2.1	0.75	0.777397260273973
chrX	130620001	130630000	A.2.1.2.2.2.1	0.75	0.777397260273973
chrX	130630001	130640000	A.2.1.2.2.2.1	0.75	0.777397260273973
chrX	130640001	130650000	A.2.1.2.2.2.1	0.75	0.777397260273973
chrX	130650001	130660000	A.2.1.2.2.2.1	0.75	0.777397260273973
chrX	130660001	130670000	A.2.1.2.2.2.1	0.75	0.777397260273973
chrX	130670001	130680000	A.2.1.2.2.2.1	0.75	0.777397260273973
chrX	130680001	130690000	A.2.1.2.2.2.1	0.75	0.777397260273973
chrX	130690001	130700000	A.2.1.2.2.2.1	0.75	0.777397260273973
chrX	130700001	130710000	A.2.1.2.2.2.1	0.75	0.777397260273973
chrX	130710001	130720000	A.2.1.2.2.2.1	0.75	0.777397260273973
chrX	130720001	130730000	A.2.1.2.2.2.1	0.75	0.777397260273973
chrX	130730001	130740000	A.2.1.2.2.2.1	0.75	0.777397260273973
chrX	130740001	130750000	A.2.1.2.2.2.1	0.75	0.777397260273973
chrX	130750001	130760000	A.2.1.2.2.2.1	0.75	0.777397260273973
chrX	130760001	130770000	A.2.1.2.2.2.1	0.75	0.777397260273973
chrX	130770001	130780000	A.2.1.2.2.2.1	0.75	0.777397260273973
chrX	130780001	130790000	A.2.1.2.2.2.1	0.75	0.777397260273973
chrX	130790001	130800000	A.2.1.2.2.2.1	0.75	0.777397260273973
chrX	130800001	130810000	A.2.1.2.2.2.1	0.75	0.777397260273973
chrX	130810001	130820000	A.2.1.2.2.2.1	0.75	0.777397260273973
chrX	130820001	130830000	A.2.1.2.2.2.1	0.75	0.777397260273973
chrX	130830001	130840000	A.2.1.2.2.2.1	0.75	0.777397260273973
chrX	130840001	130850000	A.2.1.2.2.2.1	0.75	0.777397260273973
chrX	130850001	130860000	A.2.1.2.2.2.1	0.75	0.777397260273973
chrX	130860001	130870000	A.2.1.2.2.2.1	0.75	0.777397260273973
chrX	130870001	130880000	A.2.1.2.2.2.1	0.75	0.777397260273973
chrX	130880001	130890000	A.2.1.2.2.2.1	0.75	0.777397260273973
chrX	130890001	130900000	A.2.1.2.2.2.1	0.75	0.777397260273973
chrX	130900001	130910000	A.2.1.2.2.2.1	0.75	0.777397260273973
chrX	130910001	130920000	A.2.1.2.2.2.1	0.75	0.777397260273973
chrX	130920001	130930000	A.2.1.2.2.2.1	0.75	0.777397260273973
chrX	130930001	130940000	A.2.1.2.2.2.1	0.75	0.777397260273973
chrX	130940001	130950000	A.2.1.2.2.2.1	0.75	0.777397260273973
chrX	130950001	130960000	A.2.1.2.2.2.1	0.75	0.777397260273973
chrX	130960001	130970000	A.2.1.2.2.2.1	0.75	0.777397260273973
chrX	130970001	130980000	A.2.1.2.2.2.1	0.75	0.777397260273973
chrX	130980001	130990000	A.2.1.2.2.2.1	0.75	0.777397260273973
chrX	130990001	1.31e+08	A.2.1.2.2.2.1	0.75	0.777397260273973
chrX	131000001	131010000	A.2.1.2.2.2.1	0.75	0.777397260273973
chrX	131010001	131020000	A.2.1.2.2.2.1	0.75	0.777397260273973
chrX	131020001	131030000	A.2.1.2.2.2.1	0.75	0.777397260273973
chrX	131030001	131040000	A.2.1.2.2.2.1	0.75	0.777397260273973
chrX	131040001	131050000	A.2.1.2.2.2.1	0.75	0.777397260273973
chrX	131050001	131060000	A.2.1.2.2.2.1	0.75	0.777397260273973
chrX	131060001	131070000	A.2.1.2.2.2.1	0.75	0.777397260273973
chrX	131070001	131080000	A.2.1.2.2.2.1	0.75	0.777397260273973
chrX	131080001	131090000	A.2.1.2.2.2.1	0.75	0.777397260273973
chrX	131090001	131100000	A.2.1.2.2.2.1	0.75	0.777397260273973
chrX	131100001	131110000	A.2.1.2.2.2.1	0.75	0.777397260273973
chrX	131110001	131120000	A.2.1.2.2.2.1	0.75	0.777397260273973
chrX	131120001	131130000	A.2.1.2.2.2.1	0.75	0.777397260273973
chrX	131130001	131140000	A.2.1.2.2.2.1	0.75	0.777397260273973
chrX	131140001	131150000	A.2.1.2.2.2.1	0.75	0.777397260273973
chrX	131150001	131160000	A.2.1.2.2.2.1	0.75	0.777397260273973
chrX	131160001	131170000	A.2.1.2.2.2.1	0.75	0.777397260273973
chrX	131170001	131180000	A.2.1.2.2.2.1	0.75	0.777397260273973
chrX	131180001	131190000	A.2.1.2.2.2.1	0.75	0.777397260273973
chrX	131190001	131200000	A.2.1.2.2.2.1	0.75	0.777397260273973
chrX	131200001	131210000	A.2.1.2.2.2.1	0.75	0.777397260273973
chrX	131210001	131220000	A.2.1.2.2.2.1	0.75	0.777397260273973
chrX	131220001	131230000	A.2.1.2.2.2.1	0.75	0.777397260273973
chrX	131230001	131240000	A.2.1.2.2.2.1	0.75	0.777397260273973
chrX	131240001	131250000	A.2.1.2.2.2.1	0.75	0.777397260273973
chrX	131250001	131260000	A.2.1.2.2.2.1	0.75	0.777397260273973
chrX	131260001	131270000	A.2.1.2.2.2.1	0.75	0.777397260273973
chrX	131270001	131280000	A.2.1.2.2.2.1	0.75	0.777397260273973
chrX	131280001	131290000	A.2.1.2.2.2.1	0.75	0.777397260273973
chrX	131290001	131300000	A.2.1.2.2.2.1	0.75	0.777397260273973
chrX	131300001	131310000	A.2.1.2.2.2.1	0.75	0.777397260273973
chrX	131310001	131320000	A.2.1.2.2.2.1	0.75	0.777397260273973
chrX	131320001	131330000	A.2.1.2.2.2.1	0.75	0.777397260273973
chrX	131330001	131340000	A.2.1.2.2.2.1	0.75	0.777397260273973
chrX	131340001	131350000	A.2.1.2.2.2.1	0.75	0.777397260273973
chrX	131350001	131360000	A.2.1.2.2.2.1	0.75	0.777397260273973
chrX	131360001	131370000	A.2.1.2.2.2.1	0.75	0.777397260273973
chrX	131370001	131380000	A.2.1.2.2.2.1	0.75	0.777397260273973
chrX	131380001	131390000	A.2.1.2.2.2.1	0.75	0.777397260273973
chrX	131390001	131400000	A.2.1.2.2.2.1	0.75	0.777397260273973
chrX	131400001	131410000	A.2.1.2.2.2.1	0.75	0.777397260273973
chrX	131410001	131420000	A.2.1.2.2.2.1	0.75	0.777397260273973
chrX	131420001	131430000	A.2.1.2.2.2.1	0.75	0.777397260273973
chrX	131430001	131440000	A.2.1.2.2.2.1	0.75	0.777397260273973
chrX	131440001	131450000	A.2.1.2.2.2.1	0.75	0.777397260273973
chrX	131450001	131460000	A.2.1.2.2.2.1	0.75	0.777397260273973
chrX	131460001	131470000	A.2.1.2.2.2.1	0.75	0.777397260273973
chrX	131470001	131480000	A.2.1.2.2.2.1	0.75	0.777397260273973
chrX	131480001	131490000	A.2.1.2.2.2.1	0.75	0.777397260273973
chrX	131490001	131500000	A.2.1.2.2.2.1	0.75	0.777397260273973
chrX	131500001	131510000	A.2.1.2.2.2.2.1.1	0.75	0.773972602739726
chrX	131510001	131520000	A.2.1.2.2.2.2.1.1	0.75	0.773972602739726
chrX	131520001	131530000	A.2.1.2.2.2.2.1.1	0.75	0.773972602739726
chrX	131530001	131540000	A.2.1.2.2.2.2.1.1	0.75	0.773972602739726
chrX	131540001	131550000	A.2.1.2.2.2.2.1.1	0.75	0.773972602739726
chrX	131550001	131560000	A.2.1.2.2.2.2.1.1	0.75	0.773972602739726
chrX	131560001	131570000	A.2.1.2.2.2.2.1.1	0.75	0.773972602739726
chrX	131570001	131580000	A.2.1.2.2.2.2.1.1	0.75	0.773972602739726
chrX	131580001	131590000	A.2.1.2.2.2.2.1.1	0.75	0.773972602739726
chrX	131590001	131600000	A.2.1.2.2.2.2.1.1	0.75	0.773972602739726
chrX	131600001	131610000	A.2.1.2.2.2.2.1.1	0.75	0.773972602739726
chrX	131610001	131620000	A.2.1.2.2.2.2.1.1	0.75	0.773972602739726
chrX	131620001	131630000	A.2.1.2.2.2.2.1.1	0.75	0.773972602739726
chrX	131630001	131640000	A.2.1.2.2.2.2.1.1	0.75	0.773972602739726
chrX	131640001	131650000	A.2.1.2.2.2.2.1.1	0.75	0.773972602739726
chrX	131650001	131660000	A.2.1.2.2.2.2.1.1	0.75	0.773972602739726
chrX	131660001	131670000	A.2.1.2.2.2.2.1.1	0.75	0.773972602739726
chrX	131670001	131680000	A.2.1.2.2.2.2.1.1	0.75	0.773972602739726
chrX	131680001	131690000	A.2.1.2.2.2.2.1.1	0.75	0.773972602739726
chrX	131690001	131700000	A.2.1.2.2.2.2.1.1	0.75	0.773972602739726
chrX	131700001	131710000	A.2.1.2.2.2.2.1.1	0.75	0.773972602739726
chrX	131710001	131720000	A.2.1.2.2.2.2.1.1	0.75	0.773972602739726
chrX	131720001	131730000	A.2.1.2.2.2.2.1.1	0.75	0.773972602739726
chrX	131730001	131740000	A.2.1.2.2.2.2.1.1	0.75	0.773972602739726
chrX	131740001	131750000	A.2.1.2.2.2.2.1.1	0.75	0.773972602739726
chrX	131750001	131760000	A.2.1.2.2.2.2.1.1	0.75	0.773972602739726
chrX	131760001	131770000	A.2.1.2.2.2.2.1.1	0.75	0.773972602739726
chrX	131770001	131780000	A.2.1.2.2.2.2.1.1	0.75	0.773972602739726
chrX	131780001	131790000	A.2.1.2.2.2.2.1.1	0.75	0.773972602739726
chrX	131790001	131800000	A.2.1.2.2.2.2.1.1	0.75	0.773972602739726
chrX	131800001	131810000	A.2.1.2.2.2.2.1.1	0.75	0.773972602739726
chrX	131810001	131820000	A.2.1.2.2.2.2.1.1	0.75	0.773972602739726
chrX	131820001	131830000	A.2.1.2.2.2.2.1.1	0.75	0.773972602739726
chrX	131830001	131840000	A.2.1.2.2.2.2.1.1	0.75	0.773972602739726
chrX	131840001	131850000	A.2.1.2.2.2.2.1.1	0.75	0.773972602739726
chrX	131850001	131860000	A.2.1.2.2.1.2	0.75	0.780821917808219
chrX	131860001	131870000	A.2.1.2.2.1.2	0.75	0.780821917808219
chrX	131870001	131880000	A.2.1.2.2.1.2	0.75	0.780821917808219
chrX	131880001	131890000	A.2.1.2.2.1.2	0.75	0.780821917808219
chrX	131890001	131900000	A.2.1.2.2.1.2	0.75	0.780821917808219
chrX	131900001	131910000	A.2.1.2.2.1.2	0.75	0.780821917808219
chrX	131910001	131920000	A.2.1.2.2.1.2	0.75	0.780821917808219
chrX	131920001	131930000	A.2.1.2.2.1.2	0.75	0.780821917808219
chrX	131930001	131940000	A.2.1.2.2.1.2	0.75	0.780821917808219
chrX	131940001	131950000	A.2.1.2.2.1.2	0.75	0.780821917808219
chrX	131950001	131960000	A.2.1.2.2.1.2	0.75	0.780821917808219
chrX	131960001	131970000	A.2.1.2.2.1.2	0.75	0.780821917808219
chrX	131970001	131980000	A.2.1.2.2.1.2	0.75	0.780821917808219
chrX	131980001	131990000	A.2.1.2.2.1.2	0.75	0.780821917808219
chrX	131990001	1.32e+08	A.2.1.2.2.1.2	0.75	0.780821917808219
chrX	132000001	132010000	A.2.1.2.2.1.2	0.75	0.780821917808219
chrX	132010001	132020000	A.2.1.2.2.1.2	0.75	0.780821917808219
chrX	132020001	132030000	A.2.1.2.2.1.2	0.75	0.780821917808219
chrX	132030001	132040000	A.2.1.2.2.1.2	0.75	0.780821917808219
chrX	132040001	132050000	A.2.1.2.2.1.2	0.75	0.780821917808219
chrX	132050001	132060000	A.2.1.2.2.1.2	0.75	0.780821917808219
chrX	132060001	132070000	A.2.1.2.2.1.2	0.75	0.780821917808219
chrX	132070001	132080000	A.2.1.2.2.1.2	0.75	0.780821917808219
chrX	132080001	132090000	A.2.1.2.2.1.2	0.75	0.780821917808219
chrX	132090001	132100000	A.2.1.2.2.1.2	0.75	0.780821917808219
chrX	132100001	132110000	A.2.1.2.2.1.2	0.75	0.780821917808219
chrX	132110001	132120000	A.2.1.2.2.1.2	0.75	0.780821917808219
chrX	132120001	132130000	A.2.1.2.2.1.2	0.75	0.780821917808219
chrX	132130001	132140000	A.2.1.2.2.1.2	0.75	0.780821917808219
chrX	132140001	132150000	A.2.1.2.2.1.2	0.75	0.780821917808219
chrX	132150001	132160000	A.2.1.2.2.1.2	0.75	0.780821917808219
chrX	132160001	132170000	A.2.1.2.2.1.2	0.75	0.780821917808219
chrX	132170001	132180000	A.2.1.2.2.1.2	0.75	0.780821917808219
chrX	132180001	132190000	A.2.1.2.2.1.2	0.75	0.780821917808219
chrX	132190001	132200000	A.2.1.2.2.1.2	0.75	0.780821917808219
chrX	132200001	132210000	A.2.2.2.1.1.2	0.625	0.705479452054795
chrX	132210001	132220000	A.2.2.2.1.1.2	0.625	0.705479452054795
chrX	132220001	132230000	A.2.2.2.1.1.2	0.625	0.705479452054795
chrX	132230001	132240000	A.2.2.2.1.1.2	0.625	0.705479452054795
chrX	132240001	132250000	A.2.2.2.1.1.2	0.625	0.705479452054795
chrX	132250001	132260000	A.2.2.2.1.1.2	0.625	0.705479452054795
chrX	132260001	132270000	A.2.2.2.1.1.2	0.625	0.705479452054795
chrX	132270001	132280000	A.2.2.2.1.1.2	0.625	0.705479452054795
chrX	132280001	132290000	A.2.2.2.1.1.2	0.625	0.705479452054795
chrX	132290001	132300000	A.2.2.2.1.1.2	0.625	0.705479452054795
chrX	132300001	132310000	A.2.2.2.1.1.2	0.625	0.705479452054795
chrX	132310001	132320000	A.2.2.2.1.1.2	0.625	0.705479452054795
chrX	132320001	132330000	A.2.2.2.1.1.2	0.625	0.705479452054795
chrX	132330001	132340000	A.2.2.2.1.1.2	0.625	0.705479452054795
chrX	132340001	132350000	A.2.2.2.1.1.2	0.625	0.705479452054795
chrX	132350001	132360000	A.2.2.2.1.1.2	0.625	0.705479452054795
chrX	132360001	132370000	A.2.2.2.1.1.2	0.625	0.705479452054795
chrX	132370001	132380000	A.2.2.2.1.1.2	0.625	0.705479452054795
chrX	132380001	132390000	A.2.2.2.1.1.2	0.625	0.705479452054795
chrX	132390001	132400000	A.2.2.2.1.1.2	0.625	0.705479452054795
chrX	132400001	132410000	A.2.2.2.1.1.2	0.625	0.705479452054795
chrX	132410001	132420000	A.2.2.2.1.1.2	0.625	0.705479452054795
chrX	132420001	132430000	A.2.2.2.1.1.2	0.625	0.705479452054795
chrX	132430001	132440000	A.2.2.2.1.1.2	0.625	0.705479452054795
chrX	132440001	132450000	A.2.2.2.1.1.2	0.625	0.705479452054795
chrX	132450001	132460000	A.2.2.2.1.1.2	0.625	0.705479452054795
chrX	132460001	132470000	A.2.2.2.1.1.2	0.625	0.705479452054795
chrX	132470001	132480000	A.2.2.2.1.1.2	0.625	0.705479452054795
chrX	132480001	132490000	A.2.2.2.1.1.2	0.625	0.705479452054795
chrX	132490001	132500000	A.2.2.2.1.1.2	0.625	0.705479452054795
chrX	132500001	132510000	A.2.2.2.1.1.2	0.625	0.705479452054795
chrX	132510001	132520000	A.2.2.2.1.1.2	0.625	0.705479452054795
chrX	132520001	132530000	A.2.2.2.1.1.2	0.625	0.705479452054795
chrX	132530001	132540000	A.2.2.2.1.1.2	0.625	0.705479452054795
chrX	132540001	132550000	A.2.2.2.1.1.2	0.625	0.705479452054795
chrX	132550001	132560000	B.1.1.2.1.2.1	0.5	0.571917808219178
chrX	132560001	132570000	B.1.1.2.1.2.1	0.5	0.571917808219178
chrX	132570001	132580000	B.1.1.2.1.2.1	0.5	0.571917808219178
chrX	132580001	132590000	B.1.1.2.1.2.1	0.5	0.571917808219178
chrX	132590001	132600000	B.1.1.2.1.2.1	0.5	0.571917808219178
chrX	132600001	132610000	B.1.1.2.1.2.1	0.5	0.571917808219178
chrX	132610001	132620000	B.1.1.2.1.2.1	0.5	0.571917808219178
chrX	132620001	132630000	B.1.1.2.1.2.1	0.5	0.571917808219178
chrX	132630001	132640000	B.1.1.2.1.2.1	0.5	0.571917808219178
chrX	132640001	132650000	B.1.1.2.1.2.1	0.5	0.571917808219178
chrX	132650001	132660000	A.2.1.2.1.1.2.1	0.75	0.794520547945206
chrX	132660001	132670000	A.2.1.2.1.1.2.1	0.75	0.794520547945206
chrX	132670001	132680000	A.2.1.2.1.1.2.1	0.75	0.794520547945206
chrX	132680001	132690000	A.2.1.2.1.1.2.1	0.75	0.794520547945206
chrX	132690001	132700000	A.2.1.2.1.1.2.1	0.75	0.794520547945206
chrX	132700001	132710000	A.2.1.2.1.1.2.1	0.75	0.794520547945206
chrX	132710001	132720000	A.2.1.2.1.1.2.1	0.75	0.794520547945206
chrX	132720001	132730000	A.2.1.2.1.1.2.1	0.75	0.794520547945206
chrX	132730001	132740000	A.2.1.2.1.1.2.1	0.75	0.794520547945206
chrX	132740001	132750000	A.2.1.2.1.1.2.1	0.75	0.794520547945206
chrX	132750001	132760000	A.2.1.2.1.1.2.1	0.75	0.794520547945206
chrX	132760001	132770000	A.2.1.2.1.1.2.1	0.75	0.794520547945206
chrX	132770001	132780000	A.2.1.2.1.1.2.1	0.75	0.794520547945206
chrX	132780001	132790000	A.2.1.2.1.1.2.1	0.75	0.794520547945206
chrX	132790001	132800000	A.2.1.2.1.1.2.1	0.75	0.794520547945206
chrX	132800001	132810000	A.2.1.2.1.1.2.1	0.75	0.794520547945206
chrX	132810001	132820000	A.2.1.2.1.1.2.1	0.75	0.794520547945206
chrX	132820001	132830000	A.2.1.2.1.1.2.1	0.75	0.794520547945206
chrX	132830001	132840000	A.2.1.2.1.1.2.1	0.75	0.794520547945206
chrX	132840001	132850000	A.2.1.2.1.1.2.1	0.75	0.794520547945206
chrX	132850001	132860000	A.2.1.2.1.1.2.1	0.75	0.794520547945206
chrX	132860001	132870000	A.2.1.2.1.1.2.1	0.75	0.794520547945206
chrX	132870001	132880000	A.2.1.2.1.1.2.1	0.75	0.794520547945206
chrX	132880001	132890000	A.2.1.2.1.1.2.1	0.75	0.794520547945206
chrX	132890001	132900000	A.2.1.2.1.1.2.1	0.75	0.794520547945206
chrX	132900001	132910000	A.2.1.2.1.1.2.1	0.75	0.794520547945206
chrX	132910001	132920000	A.2.1.2.1.1.2.1	0.75	0.794520547945206
chrX	132920001	132930000	A.2.1.2.1.1.2.1	0.75	0.794520547945206
chrX	132930001	132940000	A.2.1.2.1.1.2.1	0.75	0.794520547945206
chrX	132940001	132950000	A.2.1.2.1.1.2.1	0.75	0.794520547945206
chrX	132950001	132960000	A.2.1.2.1.1.2.1	0.75	0.794520547945206
chrX	132960001	132970000	A.2.1.2.1.1.2.1	0.75	0.794520547945206
chrX	132970001	132980000	A.2.1.2.1.1.2.1	0.75	0.794520547945206
chrX	132980001	132990000	A.2.1.2.1.1.2.1	0.75	0.794520547945206
chrX	132990001	1.33e+08	A.2.1.2.1.1.2.1	0.75	0.794520547945206
chrX	133000001	133010000	A.2.1.2.1.1.2.1	0.75	0.794520547945206
chrX	133010001	133020000	A.2.1.2.1.1.2.1	0.75	0.794520547945206
chrX	133020001	133030000	A.2.1.2.1.1.2.1	0.75	0.794520547945206
chrX	133030001	133040000	A.2.1.2.1.1.2.1	0.75	0.794520547945206
chrX	133040001	133050000	A.2.1.2.1.1.2.1	0.75	0.794520547945206
chrX	133050001	133060000	A.2.1.2.1.1.2.1	0.75	0.794520547945206
chrX	133060001	133070000	A.2.1.2.1.1.2.1	0.75	0.794520547945206
chrX	133070001	133080000	A.2.1.2.1.1.2.1	0.75	0.794520547945206
chrX	133080001	133090000	A.2.1.2.1.1.2.1	0.75	0.794520547945206
chrX	133090001	133100000	A.2.1.2.1.1.2.1	0.75	0.794520547945206
chrX	133100001	133110000	A.2.1.2.1.1.2.1	0.75	0.794520547945206
chrX	133110001	133120000	A.2.1.2.1.1.2.1	0.75	0.794520547945206
chrX	133120001	133130000	A.2.1.2.1.1.2.1	0.75	0.794520547945206
chrX	133130001	133140000	A.2.1.2.1.1.2.1	0.75	0.794520547945206
chrX	133140001	133150000	A.2.1.2.1.1.2.1	0.75	0.794520547945206
chrX	133150001	133160000	A.2.1.2.1.1.2.1	0.75	0.794520547945206
chrX	133160001	133170000	A.2.1.2.1.1.2.1	0.75	0.794520547945206
chrX	133170001	133180000	A.2.1.2.1.1.2.1	0.75	0.794520547945206
chrX	133180001	133190000	A.2.1.2.1.1.2.1	0.75	0.794520547945206
chrX	133190001	133200000	A.2.1.2.1.1.2.1	0.75	0.794520547945206
chrX	133200001	133210000	A.2.1.2.1.1.2.1	0.75	0.794520547945206
chrX	133210001	133220000	A.2.1.2.1.1.2.1	0.75	0.794520547945206
chrX	133220001	133230000	A.2.1.2.1.1.2.1	0.75	0.794520547945206
chrX	133230001	133240000	A.2.1.2.1.1.2.1	0.75	0.794520547945206
chrX	133240001	133250000	A.2.1.2.1.1.2.1	0.75	0.794520547945206
chrX	133250001	133260000	A.2.1.2.1.1.2.1	0.75	0.794520547945206
chrX	133260001	133270000	A.2.1.2.1.1.2.1	0.75	0.794520547945206
chrX	133270001	133280000	A.2.1.2.1.1.2.1	0.75	0.794520547945206
chrX	133280001	133290000	A.2.1.2.1.1.2.1	0.75	0.794520547945206
chrX	133290001	133300000	A.2.1.2.1.1.2.1	0.75	0.794520547945206
chrX	133300001	133310000	A.2.1.2.1.1.2.1	0.75	0.794520547945206
chrX	133310001	133320000	A.2.1.2.1.1.2.1	0.75	0.794520547945206
chrX	133320001	133330000	A.2.1.2.1.1.2.1	0.75	0.794520547945206
chrX	133330001	133340000	A.2.1.2.1.1.2.1	0.75	0.794520547945206
chrX	133340001	133350000	A.2.1.2.1.1.2.1	0.75	0.794520547945206
chrX	133350001	133360000	A.2.1.2.1.1.2.1	0.75	0.794520547945206
chrX	133360001	133370000	A.2.1.2.1.1.2.1	0.75	0.794520547945206
chrX	133370001	133380000	A.2.1.2.1.1.2.1	0.75	0.794520547945206
chrX	133380001	133390000	A.2.1.2.1.1.2.1	0.75	0.794520547945206
chrX	133390001	133400000	A.2.1.2.1.1.2.1	0.75	0.794520547945206
chrX	133400001	133410000	A.2.1.2.2.2.2.2	0.75	0.767123287671233
chrX	133410001	133420000	A.2.1.2.2.2.2.2	0.75	0.767123287671233
chrX	133420001	133430000	A.2.1.2.2.2.2.2	0.75	0.767123287671233
chrX	133430001	133440000	A.2.1.2.2.2.2.2	0.75	0.767123287671233
chrX	133440001	133450000	A.2.1.2.2.2.2.2	0.75	0.767123287671233
chrX	133450001	133460000	A.2.1.2.2.2.2.2	0.75	0.767123287671233
chrX	133460001	133470000	A.2.1.2.2.2.2.2	0.75	0.767123287671233
chrX	133470001	133480000	A.2.1.2.2.2.2.2	0.75	0.767123287671233
chrX	133480001	133490000	A.2.1.2.2.2.2.2	0.75	0.767123287671233
chrX	133490001	133500000	A.2.1.2.2.2.2.2	0.75	0.767123287671233
chrX	133500001	133510000	A.2.1.2.2.2.2.2	0.75	0.767123287671233
chrX	133510001	133520000	A.2.1.2.2.2.2.2	0.75	0.767123287671233
chrX	133520001	133530000	A.2.1.2.2.2.2.2	0.75	0.767123287671233
chrX	133530001	133540000	A.2.1.2.2.2.2.2	0.75	0.767123287671233
chrX	133540001	133550000	A.2.1.2.2.2.2.2	0.75	0.767123287671233
chrX	133550001	133560000	A.1.1.1.2.1.2	1	0.986301369863014
chrX	133560001	133570000	A.1.1.1.2.1.2	1	0.986301369863014
chrX	133570001	133580000	A.1.1.1.2.1.2	1	0.986301369863014
chrX	133580001	133590000	A.1.1.1.2.1.2	1	0.986301369863014
chrX	133590001	133600000	A.1.1.1.2.1.2	1	0.986301369863014
chrX	133600001	133610000	A.1.1.1.2.1.2	1	0.986301369863014
chrX	133610001	133620000	A.1.1.1.2.1.2	1	0.986301369863014
chrX	133620001	133630000	A.1.1.1.2.1.2	1	0.986301369863014
chrX	133630001	133640000	A.1.1.1.2.1.2	1	0.986301369863014
chrX	133640001	133650000	A.1.1.1.2.1.2	1	0.986301369863014
chrX	133650001	133660000	A.1.1.1.2.1.2	1	0.986301369863014
chrX	133660001	133670000	A.1.1.1.2.1.2	1	0.986301369863014
chrX	133670001	133680000	A.1.1.1.2.1.2	1	0.986301369863014
chrX	133680001	133690000	A.1.1.1.2.1.2	1	0.986301369863014
chrX	133690001	133700000	A.1.1.1.2.1.2	1	0.986301369863014
chrX	133700001	133710000	A.1.1.1.2.1.2	1	0.986301369863014
chrX	133710001	133720000	A.1.1.1.2.1.2	1	0.986301369863014
chrX	133720001	133730000	A.1.1.1.2.1.2	1	0.986301369863014
chrX	133730001	133740000	A.1.1.1.2.1.2	1	0.986301369863014
chrX	133740001	133750000	A.1.1.1.2.1.2	1	0.986301369863014
chrX	133750001	133760000	A.1.1.1.2.1.2	1	0.986301369863014
chrX	133760001	133770000	A.1.1.1.2.1.2	1	0.986301369863014
chrX	133770001	133780000	A.1.1.1.2.1.2	1	0.986301369863014
chrX	133780001	133790000	A.1.1.1.2.1.2	1	0.986301369863014
chrX	133790001	133800000	A.1.1.1.2.1.2	1	0.986301369863014
chrX	133800001	133810000	A.1.1.1.2.1.2	1	0.986301369863014
chrX	133810001	133820000	A.1.1.1.2.1.2	1	0.986301369863014
chrX	133820001	133830000	A.1.1.1.2.1.2	1	0.986301369863014
chrX	133830001	133840000	A.1.1.1.2.1.2	1	0.986301369863014
chrX	133840001	133850000	A.1.1.1.2.1.2	1	0.986301369863014
chrX	133850001	133860000	A.1.1.1.2.1.2	1	0.986301369863014
chrX	133860001	133870000	A.1.1.1.2.1.2	1	0.986301369863014
chrX	133870001	133880000	A.1.1.1.2.1.2	1	0.986301369863014
chrX	133880001	133890000	A.1.1.1.2.1.2	1	0.986301369863014
chrX	133890001	133900000	A.1.1.1.2.1.2	1	0.986301369863014
chrX	133900001	133910000	A.1.1.1.2.1.2	1	0.986301369863014
chrX	133910001	133920000	A.1.1.1.2.1.2	1	0.986301369863014
chrX	133920001	133930000	A.1.1.1.2.1.2	1	0.986301369863014
chrX	133930001	133940000	A.1.1.1.2.1.2	1	0.986301369863014
chrX	133940001	133950000	A.1.1.1.2.1.2	1	0.986301369863014
chrX	133950001	133960000	A.1.1.1.2.1.2	1	0.986301369863014
chrX	133960001	133970000	A.1.1.1.2.1.2	1	0.986301369863014
chrX	133970001	133980000	A.1.1.1.2.1.2	1	0.986301369863014
chrX	133980001	133990000	A.1.1.1.2.1.2	1	0.986301369863014
chrX	133990001	1.34e+08	A.1.1.1.2.1.2	1	0.986301369863014
chrX	134000001	134010000	A.1.1.1.2.1.2	1	0.986301369863014
chrX	134010001	134020000	A.1.1.1.2.1.2	1	0.986301369863014
chrX	134020001	134030000	A.1.1.1.2.1.2	1	0.986301369863014
chrX	134030001	134040000	A.1.1.1.2.1.2	1	0.986301369863014
chrX	134040001	134050000	A.1.1.1.2.1.2	1	0.986301369863014
chrX	134050001	134060000	A.2.1.2.2.2.2.1.2	0.75	0.770547945205479
chrX	134060001	134070000	A.2.1.2.2.2.2.1.2	0.75	0.770547945205479
chrX	134070001	134080000	A.2.1.2.2.2.2.1.2	0.75	0.770547945205479
chrX	134080001	134090000	A.2.1.2.2.2.2.1.2	0.75	0.770547945205479
chrX	134090001	134100000	A.2.1.2.2.2.2.1.2	0.75	0.770547945205479
chrX	134100001	134110000	A.2.1.2.2.2.2.1.2	0.75	0.770547945205479
chrX	134110001	134120000	A.2.1.2.2.2.2.1.2	0.75	0.770547945205479
chrX	134120001	134130000	A.2.1.2.2.2.2.1.2	0.75	0.770547945205479
chrX	134130001	134140000	A.2.1.2.2.2.2.1.2	0.75	0.770547945205479
chrX	134140001	134150000	A.2.1.2.2.2.2.1.2	0.75	0.770547945205479
chrX	134150001	134160000	A.2.1.2.2.2.2.1.2	0.75	0.770547945205479
chrX	134160001	134170000	A.2.1.2.2.2.2.1.2	0.75	0.770547945205479
chrX	134170001	134180000	A.2.1.2.2.2.2.1.2	0.75	0.770547945205479
chrX	134180001	134190000	A.2.1.2.2.2.2.1.2	0.75	0.770547945205479
chrX	134190001	134200000	A.2.1.2.2.2.2.1.2	0.75	0.770547945205479
chrX	134200001	134210000	A.2.1.2.2.2.2.1.2	0.75	0.770547945205479
chrX	134210001	134220000	A.2.1.2.2.2.2.1.2	0.75	0.770547945205479
chrX	134220001	134230000	A.2.1.2.2.2.2.1.2	0.75	0.770547945205479
chrX	134230001	134240000	A.2.1.2.2.2.2.1.2	0.75	0.770547945205479
chrX	134240001	134250000	A.2.1.2.2.2.2.1.2	0.75	0.770547945205479
chrX	134250001	134260000	B.1.1.2.1.1.2	0.5	0.575342465753425
chrX	134260001	134270000	B.1.1.2.1.1.2	0.5	0.575342465753425
chrX	134270001	134280000	B.1.1.2.1.1.2	0.5	0.575342465753425
chrX	134280001	134290000	B.1.1.2.1.1.2	0.5	0.575342465753425
chrX	134290001	134300000	B.1.1.2.1.1.2	0.5	0.575342465753425
chrX	134300001	134310000	B.1.1.2.1.1.2	0.5	0.575342465753425
chrX	134310001	134320000	B.1.1.2.1.1.2	0.5	0.575342465753425
chrX	134320001	134330000	B.1.1.2.1.1.2	0.5	0.575342465753425
chrX	134330001	134340000	B.1.1.2.1.1.2	0.5	0.575342465753425
chrX	134340001	134350000	B.1.1.2.1.1.2	0.5	0.575342465753425
chrX	134350001	134360000	B.1.1.2.1.1.2	0.5	0.575342465753425
chrX	134360001	134370000	B.1.1.2.1.1.2	0.5	0.575342465753425
chrX	134370001	134380000	B.1.1.2.1.1.2	0.5	0.575342465753425
chrX	134380001	134390000	B.1.1.2.1.1.2	0.5	0.575342465753425
chrX	134390001	134400000	B.1.1.2.1.1.2	0.5	0.575342465753425
chrX	134400001	134410000	A.2.2.2.1.2.1	0.625	0.702054794520548
chrX	134410001	134420000	A.2.2.2.1.2.1	0.625	0.702054794520548
chrX	134420001	134430000	A.2.2.2.1.2.1	0.625	0.702054794520548
chrX	134430001	134440000	A.2.2.2.1.2.1	0.625	0.702054794520548
chrX	134440001	134450000	A.2.2.2.1.2.1	0.625	0.702054794520548
chrX	134450001	134460000	A.2.2.2.1.2.1	0.625	0.702054794520548
chrX	134460001	134470000	A.2.2.2.1.2.1	0.625	0.702054794520548
chrX	134470001	134480000	A.2.2.2.1.2.1	0.625	0.702054794520548
chrX	134480001	134490000	A.2.2.2.1.2.1	0.625	0.702054794520548
chrX	134490001	134500000	A.2.2.2.1.2.1	0.625	0.702054794520548
chrX	134500001	134510000	A.2.2.2.1.2.1	0.625	0.702054794520548
chrX	134510001	134520000	A.2.2.2.1.2.1	0.625	0.702054794520548
chrX	134520001	134530000	A.2.2.2.1.2.1	0.625	0.702054794520548
chrX	134530001	134540000	A.2.2.2.1.2.1	0.625	0.702054794520548
chrX	134540001	134550000	A.2.2.2.1.2.1	0.625	0.702054794520548
chrX	134550001	134560000	A.2.2.2.1.2.1	0.625	0.702054794520548
chrX	134560001	134570000	A.2.2.2.1.2.1	0.625	0.702054794520548
chrX	134570001	134580000	A.2.2.2.1.2.1	0.625	0.702054794520548
chrX	134580001	134590000	A.2.2.2.1.2.1	0.625	0.702054794520548
chrX	134590001	134600000	A.2.2.2.1.2.1	0.625	0.702054794520548
chrX	134600001	134610000	A.2.2.2.1.2.1	0.625	0.702054794520548
chrX	134610001	134620000	A.2.2.2.1.2.1	0.625	0.702054794520548
chrX	134620001	134630000	A.2.2.2.1.2.1	0.625	0.702054794520548
chrX	134630001	134640000	A.2.2.2.1.2.1	0.625	0.702054794520548
chrX	134640001	134650000	A.2.2.2.1.2.1	0.625	0.702054794520548
chrX	134650001	134660000	A.2.2.2.1.2.1	0.625	0.702054794520548
chrX	134660001	134670000	A.2.2.2.1.2.1	0.625	0.702054794520548
chrX	134670001	134680000	A.2.2.2.1.2.1	0.625	0.702054794520548
chrX	134680001	134690000	A.2.2.2.1.2.1	0.625	0.702054794520548
chrX	134690001	134700000	A.2.2.2.1.2.1	0.625	0.702054794520548
chrX	134700001	134710000	A.2.2.2.1.2.1	0.625	0.702054794520548
chrX	134710001	134720000	A.2.2.2.1.2.1	0.625	0.702054794520548
chrX	134720001	134730000	A.2.2.2.1.2.1	0.625	0.702054794520548
chrX	134730001	134740000	A.2.2.2.1.2.1	0.625	0.702054794520548
chrX	134740001	134750000	A.2.2.2.1.2.1	0.625	0.702054794520548
chrX	134750001	134760000	A.2.2.2.1.2.1	0.625	0.702054794520548
chrX	134760001	134770000	A.2.2.2.1.2.1	0.625	0.702054794520548
chrX	134770001	134780000	A.2.2.2.1.2.1	0.625	0.702054794520548
chrX	134780001	134790000	A.2.2.2.1.2.1	0.625	0.702054794520548
chrX	134790001	134800000	A.2.2.2.1.2.1	0.625	0.702054794520548
chrX	134800001	134810000	A.2.2.2.1.2.1	0.625	0.702054794520548
chrX	134810001	134820000	A.2.2.2.1.2.1	0.625	0.702054794520548
chrX	134820001	134830000	A.2.2.2.1.2.1	0.625	0.702054794520548
chrX	134830001	134840000	A.2.2.2.1.2.1	0.625	0.702054794520548
chrX	134840001	134850000	A.2.2.2.1.2.1	0.625	0.702054794520548
chrX	134850001	134860000	A.2.2.2.1.2.1	0.625	0.702054794520548
chrX	134860001	134870000	A.2.2.2.1.2.1	0.625	0.702054794520548
chrX	134870001	134880000	A.2.2.2.1.2.1	0.625	0.702054794520548
chrX	134880001	134890000	A.2.2.2.1.2.1	0.625	0.702054794520548
chrX	134890001	134900000	A.2.2.2.1.2.1	0.625	0.702054794520548
chrX	134900001	134910000	A.2.2.2.1.1.1	0.625	0.708904109589041
chrX	134910001	134920000	A.2.2.2.1.1.1	0.625	0.708904109589041
chrX	134920001	134930000	A.2.2.2.1.1.1	0.625	0.708904109589041
chrX	134930001	134940000	A.2.2.2.1.1.1	0.625	0.708904109589041
chrX	134940001	134950000	A.2.2.2.1.1.1	0.625	0.708904109589041
chrX	134950001	134960000	A.2.2.2.1.1.1	0.625	0.708904109589041
chrX	134960001	134970000	A.2.2.2.1.1.1	0.625	0.708904109589041
chrX	134970001	134980000	A.2.2.2.1.1.1	0.625	0.708904109589041
chrX	134980001	134990000	A.2.2.2.1.1.1	0.625	0.708904109589041
chrX	134990001	1.35e+08	A.2.2.2.1.1.1	0.625	0.708904109589041
chrX	135000001	135010000	A.1.2.2.2.1	0.875	0.86986301369863
chrX	135010001	135020000	A.1.2.2.2.1	0.875	0.86986301369863
chrX	135020001	135030000	A.1.2.2.2.1	0.875	0.86986301369863
chrX	135030001	135040000	A.1.2.2.2.1	0.875	0.86986301369863
chrX	135040001	135050000	A.1.2.2.2.1	0.875	0.86986301369863
chrX	135050001	135060000	A.1.2.2.2.1	0.875	0.86986301369863
chrX	135060001	135070000	A.1.2.2.2.1	0.875	0.86986301369863
chrX	135070001	135080000	A.1.2.2.2.1	0.875	0.86986301369863
chrX	135080001	135090000	A.1.2.2.2.1	0.875	0.86986301369863
chrX	135090001	135100000	A.1.2.2.2.1	0.875	0.86986301369863
chrX	135100001	135110000	A.1.2.2.2.1	0.875	0.86986301369863
chrX	135110001	135120000	A.1.2.2.2.1	0.875	0.86986301369863
chrX	135120001	135130000	A.1.2.2.2.1	0.875	0.86986301369863
chrX	135130001	135140000	A.1.2.2.2.1	0.875	0.86986301369863
chrX	135140001	135150000	A.1.2.2.2.1	0.875	0.86986301369863
chrX	135150001	135160000	A.1.2.2.2.1	0.875	0.86986301369863
chrX	135160001	135170000	A.1.2.2.2.1	0.875	0.86986301369863
chrX	135170001	135180000	A.1.2.2.2.1	0.875	0.86986301369863
chrX	135180001	135190000	A.1.2.2.2.1	0.875	0.86986301369863
chrX	135190001	135200000	A.1.2.2.2.1	0.875	0.86986301369863
chrX	135200001	135210000	A.1.2.2.2.1	0.875	0.86986301369863
chrX	135210001	135220000	A.1.2.2.2.1	0.875	0.86986301369863
chrX	135220001	135230000	A.1.2.2.2.1	0.875	0.86986301369863
chrX	135230001	135240000	A.1.2.2.2.1	0.875	0.86986301369863
chrX	135240001	135250000	A.1.2.2.2.1	0.875	0.86986301369863
chrX	135250001	135260000	A.1.2.2.2.1	0.875	0.86986301369863
chrX	135260001	135270000	A.1.2.2.2.1	0.875	0.86986301369863
chrX	135270001	135280000	A.1.2.2.2.1	0.875	0.86986301369863
chrX	135280001	135290000	A.1.2.2.2.1	0.875	0.86986301369863
chrX	135290001	135300000	A.1.2.2.2.1	0.875	0.86986301369863
chrX	135300001	135310000	A.1.2.2.2.1	0.875	0.86986301369863
chrX	135310001	135320000	A.1.2.2.2.1	0.875	0.86986301369863
chrX	135320001	135330000	A.1.2.2.2.1	0.875	0.86986301369863
chrX	135330001	135340000	A.1.2.2.2.1	0.875	0.86986301369863
chrX	135340001	135350000	A.1.2.2.2.1	0.875	0.86986301369863
chrX	135350001	135360000	A.1.2.2.2.1	0.875	0.86986301369863
chrX	135360001	135370000	A.1.2.2.2.1	0.875	0.86986301369863
chrX	135370001	135380000	A.1.2.2.2.1	0.875	0.86986301369863
chrX	135380001	135390000	A.1.2.2.2.1	0.875	0.86986301369863
chrX	135390001	135400000	A.1.2.2.2.1	0.875	0.86986301369863
chrX	135400001	135410000	A.2.1.2.2.1.1	0.75	0.784246575342466
chrX	135410001	135420000	A.2.1.2.2.1.1	0.75	0.784246575342466
chrX	135420001	135430000	A.2.1.2.2.1.1	0.75	0.784246575342466
chrX	135430001	135440000	A.2.1.2.2.1.1	0.75	0.784246575342466
chrX	135440001	135450000	A.2.1.2.2.1.1	0.75	0.784246575342466
chrX	135450001	135460000	A.2.1.2.2.1.1	0.75	0.784246575342466
chrX	135460001	135470000	A.2.1.2.2.1.1	0.75	0.784246575342466
chrX	135470001	135480000	A.2.1.2.2.1.1	0.75	0.784246575342466
chrX	135480001	135490000	A.2.1.2.2.1.1	0.75	0.784246575342466
chrX	135490001	135500000	A.2.1.2.2.1.1	0.75	0.784246575342466
chrX	135500001	135510000	A.2.1.2.2.1.1	0.75	0.784246575342466
chrX	135510001	135520000	A.2.1.2.2.1.1	0.75	0.784246575342466
chrX	135520001	135530000	A.2.1.2.2.1.1	0.75	0.784246575342466
chrX	135530001	135540000	A.2.1.2.2.1.1	0.75	0.784246575342466
chrX	135540001	135550000	A.2.1.2.2.1.1	0.75	0.784246575342466
chrX	135550001	135560000	A.2.1.2.2.1.1	0.75	0.784246575342466
chrX	135560001	135570000	A.2.1.2.2.1.1	0.75	0.784246575342466
chrX	135570001	135580000	A.2.1.2.2.1.1	0.75	0.784246575342466
chrX	135580001	135590000	A.2.1.2.2.1.1	0.75	0.784246575342466
chrX	135590001	135600000	A.2.1.2.2.1.1	0.75	0.784246575342466
chrX	135600001	135610000	A.2.1.2.2.1.1	0.75	0.784246575342466
chrX	135610001	135620000	A.2.1.2.2.1.1	0.75	0.784246575342466
chrX	135620001	135630000	A.2.1.2.2.1.1	0.75	0.784246575342466
chrX	135630001	135640000	A.2.1.2.2.1.1	0.75	0.784246575342466
chrX	135640001	135650000	A.2.1.2.2.1.1	0.75	0.784246575342466
chrX	135650001	135660000	A.1.2.2.2.2	0.875	0.866438356164384
chrX	135660001	135670000	A.1.2.2.2.2	0.875	0.866438356164384
chrX	135670001	135680000	A.1.2.2.2.2	0.875	0.866438356164384
chrX	135680001	135690000	A.1.2.2.2.2	0.875	0.866438356164384
chrX	135690001	135700000	A.1.2.2.2.2	0.875	0.866438356164384
chrX	135700001	135710000	A.1.2.2.2.2	0.875	0.866438356164384
chrX	135710001	135720000	A.1.2.2.2.2	0.875	0.866438356164384
chrX	135720001	135730000	A.1.2.2.2.2	0.875	0.866438356164384
chrX	135730001	135740000	A.1.2.2.2.2	0.875	0.866438356164384
chrX	135740001	135750000	A.1.2.2.2.2	0.875	0.866438356164384
chrX	135750001	135760000	A.1.2.2.2.2	0.875	0.866438356164384
chrX	135760001	135770000	A.1.2.2.2.2	0.875	0.866438356164384
chrX	135770001	135780000	A.1.2.2.2.2	0.875	0.866438356164384
chrX	135780001	135790000	A.1.2.2.2.2	0.875	0.866438356164384
chrX	135790001	135800000	A.1.2.2.2.2	0.875	0.866438356164384
chrX	135800001	135810000	A.1.2.2.2.2	0.875	0.866438356164384
chrX	135810001	135820000	A.1.2.2.2.2	0.875	0.866438356164384
chrX	135820001	135830000	A.1.2.2.2.2	0.875	0.866438356164384
chrX	135830001	135840000	A.1.2.2.2.2	0.875	0.866438356164384
chrX	135840001	135850000	A.1.2.2.2.2	0.875	0.866438356164384
chrX	135850001	135860000	A.1.2.2.2.2	0.875	0.866438356164384
chrX	135860001	135870000	A.1.2.2.2.2	0.875	0.866438356164384
chrX	135870001	135880000	A.1.2.2.2.2	0.875	0.866438356164384
chrX	135880001	135890000	A.1.2.2.2.2	0.875	0.866438356164384
chrX	135890001	135900000	A.1.2.2.2.2	0.875	0.866438356164384
chrX	135900001	135910000	A.1.2.2.2.2	0.875	0.866438356164384
chrX	135910001	135920000	A.1.2.2.2.2	0.875	0.866438356164384
chrX	135920001	135930000	A.1.2.2.2.2	0.875	0.866438356164384
chrX	135930001	135940000	A.1.2.2.2.2	0.875	0.866438356164384
chrX	135940001	135950000	A.1.2.2.2.2	0.875	0.866438356164384
chrX	135950001	135960000	A.1.2.2.2.2	0.875	0.866438356164384
chrX	135960001	135970000	A.1.2.2.2.2	0.875	0.866438356164384
chrX	135970001	135980000	A.1.2.2.2.2	0.875	0.866438356164384
chrX	135980001	135990000	A.1.2.2.2.2	0.875	0.866438356164384
chrX	135990001	1.36e+08	A.1.2.2.2.2	0.875	0.866438356164384
chrX	136000001	136010000	B.2.1.2.1.1.1.2	0.25	0.311643835616438
chrX	136010001	136020000	B.2.1.2.1.1.1.2	0.25	0.311643835616438
chrX	136020001	136030000	B.2.1.2.1.1.1.2	0.25	0.311643835616438
chrX	136030001	136040000	B.2.1.2.1.1.1.2	0.25	0.311643835616438
chrX	136040001	136050000	B.2.1.2.1.1.1.2	0.25	0.311643835616438
chrX	136050001	136060000	B.2.1.2.1.1.1.2	0.25	0.311643835616438
chrX	136060001	136070000	B.2.1.2.1.1.1.2	0.25	0.311643835616438
chrX	136070001	136080000	B.2.1.2.1.1.1.2	0.25	0.311643835616438
chrX	136080001	136090000	B.2.1.2.1.1.1.2	0.25	0.311643835616438
chrX	136090001	136100000	B.2.1.2.1.1.1.2	0.25	0.311643835616438
chrX	136100001	136110000	B.2.1.2.1.1.1.2	0.25	0.311643835616438
chrX	136110001	136120000	B.2.1.2.1.1.1.2	0.25	0.311643835616438
chrX	136120001	136130000	B.2.1.2.1.1.1.2	0.25	0.311643835616438
chrX	136130001	136140000	B.2.1.2.1.1.1.2	0.25	0.311643835616438
chrX	136140001	136150000	B.2.1.2.1.1.1.2	0.25	0.311643835616438
chrX	136150001	136160000	B.2.1.2.1.1.1.2	0.25	0.311643835616438
chrX	136160001	136170000	B.2.1.2.1.1.1.2	0.25	0.311643835616438
chrX	136170001	136180000	B.2.1.2.1.1.1.2	0.25	0.311643835616438
chrX	136180001	136190000	B.2.1.2.1.1.1.2	0.25	0.311643835616438
chrX	136190001	136200000	B.2.1.2.1.1.1.2	0.25	0.311643835616438
chrX	136200001	136210000	B.2.1.2.1.1.1.2	0.25	0.311643835616438
chrX	136210001	136220000	B.2.1.2.1.1.1.2	0.25	0.311643835616438
chrX	136220001	136230000	B.2.1.2.1.1.1.2	0.25	0.311643835616438
chrX	136230001	136240000	B.2.1.2.1.1.1.2	0.25	0.311643835616438
chrX	136240001	136250000	B.2.1.2.1.1.1.2	0.25	0.311643835616438
chrX	136250001	136260000	B.2.1.2.1.1.1.2	0.25	0.311643835616438
chrX	136260001	136270000	B.2.1.2.1.1.1.2	0.25	0.311643835616438
chrX	136270001	136280000	B.2.1.2.1.1.1.2	0.25	0.311643835616438
chrX	136280001	136290000	B.2.1.2.1.1.1.2	0.25	0.311643835616438
chrX	136290001	136300000	B.2.1.2.1.1.1.2	0.25	0.311643835616438
chrX	136300001	136310000	B.2.1.2.1.1.1.2	0.25	0.311643835616438
chrX	136310001	136320000	B.2.1.2.1.1.1.2	0.25	0.311643835616438
chrX	136320001	136330000	B.2.1.2.1.1.1.2	0.25	0.311643835616438
chrX	136330001	136340000	B.2.1.2.1.1.1.2	0.25	0.311643835616438
chrX	136340001	136350000	B.2.1.2.1.1.1.2	0.25	0.311643835616438
chrX	136350001	136360000	B.2.1.2.1.1.1.2	0.25	0.311643835616438
chrX	136360001	136370000	B.2.1.2.1.1.1.2	0.25	0.311643835616438
chrX	136370001	136380000	B.2.1.2.1.1.1.2	0.25	0.311643835616438
chrX	136380001	136390000	B.2.1.2.1.1.1.2	0.25	0.311643835616438
chrX	136390001	136400000	B.2.1.2.1.1.1.2	0.25	0.311643835616438
chrX	136400001	136410000	B.2.1.2.1.1.1.2	0.25	0.311643835616438
chrX	136410001	136420000	B.2.1.2.1.1.1.2	0.25	0.311643835616438
chrX	136420001	136430000	B.2.1.2.1.1.1.2	0.25	0.311643835616438
chrX	136430001	136440000	B.2.1.2.1.1.1.2	0.25	0.311643835616438
chrX	136440001	136450000	B.2.1.2.1.1.1.2	0.25	0.311643835616438
chrX	136450001	136460000	B.2.1.2.1.1.1.2	0.25	0.311643835616438
chrX	136460001	136470000	B.2.1.2.1.1.1.2	0.25	0.311643835616438
chrX	136470001	136480000	B.2.1.2.1.1.1.2	0.25	0.311643835616438
chrX	136480001	136490000	B.2.1.2.1.1.1.2	0.25	0.311643835616438
chrX	136490001	136500000	B.2.1.2.1.1.1.2	0.25	0.311643835616438
chrX	136500001	136510000	B.2.1.2.1.1.1.2	0.25	0.311643835616438
chrX	136510001	136520000	B.2.1.2.1.1.1.2	0.25	0.311643835616438
chrX	136520001	136530000	B.2.1.2.1.1.1.2	0.25	0.311643835616438
chrX	136530001	136540000	B.2.1.2.1.1.1.2	0.25	0.311643835616438
chrX	136540001	136550000	B.2.1.2.1.1.1.2	0.25	0.311643835616438
chrX	136550001	136560000	B.2.1.2.1.1.1.2	0.25	0.311643835616438
chrX	136560001	136570000	B.2.1.2.1.1.1.2	0.25	0.311643835616438
chrX	136570001	136580000	B.2.1.2.1.1.1.2	0.25	0.311643835616438
chrX	136580001	136590000	B.2.1.2.1.1.1.2	0.25	0.311643835616438
chrX	136590001	136600000	B.2.1.2.1.1.1.2	0.25	0.311643835616438
chrX	136600001	136610000	B.2.2.2.1.1.1	0.125	0.0445205479452055
chrX	136610001	136620000	B.2.2.2.1.1.1	0.125	0.0445205479452055
chrX	136620001	136630000	B.2.2.2.1.1.1	0.125	0.0445205479452055
chrX	136630001	136640000	B.2.2.2.1.1.1	0.125	0.0445205479452055
chrX	136640001	136650000	B.2.2.2.1.1.1	0.125	0.0445205479452055
chrX	136650001	136660000	B.2.2.2.1.1.1	0.125	0.0445205479452055
chrX	136660001	136670000	B.2.2.2.1.1.1	0.125	0.0445205479452055
chrX	136670001	136680000	B.2.2.2.1.1.1	0.125	0.0445205479452055
chrX	136680001	136690000	B.2.2.2.1.1.1	0.125	0.0445205479452055
chrX	136690001	136700000	B.2.2.2.1.1.1	0.125	0.0445205479452055
chrX	136700001	136710000	B.2.2.2.1.1.1	0.125	0.0445205479452055
chrX	136710001	136720000	B.2.2.2.1.1.1	0.125	0.0445205479452055
chrX	136720001	136730000	B.2.2.2.1.1.1	0.125	0.0445205479452055
chrX	136730001	136740000	B.2.2.2.1.1.1	0.125	0.0445205479452055
chrX	136740001	136750000	B.2.2.2.1.1.1	0.125	0.0445205479452055
chrX	136750001	136760000	B.2.2.2.1.1.1	0.125	0.0445205479452055
chrX	136760001	136770000	B.2.2.2.1.1.1	0.125	0.0445205479452055
chrX	136770001	136780000	B.2.2.2.1.1.1	0.125	0.0445205479452055
chrX	136780001	136790000	B.2.2.2.1.1.1	0.125	0.0445205479452055
chrX	136790001	136800000	B.2.2.2.1.1.1	0.125	0.0445205479452055
chrX	136800001	136810000	B.2.2.2.1.1.1	0.125	0.0445205479452055
chrX	136810001	136820000	B.2.2.2.1.1.1	0.125	0.0445205479452055
chrX	136820001	136830000	B.2.2.2.1.1.1	0.125	0.0445205479452055
chrX	136830001	136840000	B.2.2.2.1.1.1	0.125	0.0445205479452055
chrX	136840001	136850000	B.2.2.2.1.1.1	0.125	0.0445205479452055
chrX	136850001	136860000	B.2.2.2.1.1.1	0.125	0.0445205479452055
chrX	136860001	136870000	B.2.2.2.1.1.1	0.125	0.0445205479452055
chrX	136870001	136880000	B.2.2.2.1.1.1	0.125	0.0445205479452055
chrX	136880001	136890000	B.2.2.2.1.1.1	0.125	0.0445205479452055
chrX	136890001	136900000	B.2.2.2.1.1.1	0.125	0.0445205479452055
chrX	136900001	136910000	B.2.2.2.1.1.1	0.125	0.0445205479452055
chrX	136910001	136920000	B.2.2.2.1.1.1	0.125	0.0445205479452055
chrX	136920001	136930000	B.2.2.2.1.1.1	0.125	0.0445205479452055
chrX	136930001	136940000	B.2.2.2.1.1.1	0.125	0.0445205479452055
chrX	136940001	136950000	B.2.2.2.1.1.1	0.125	0.0445205479452055
chrX	136950001	136960000	B.2.2.2.2.2.1	0.125	0.00684931506849315
chrX	136960001	136970000	B.2.2.2.2.2.1	0.125	0.00684931506849315
chrX	136970001	136980000	B.2.2.2.2.2.1	0.125	0.00684931506849315
chrX	136980001	136990000	B.2.2.2.2.2.1	0.125	0.00684931506849315
chrX	136990001	1.37e+08	B.2.2.2.2.2.1	0.125	0.00684931506849315
chrX	137000001	137010000	B.2.2.2.2.2.1	0.125	0.00684931506849315
chrX	137010001	137020000	B.2.2.2.2.2.1	0.125	0.00684931506849315
chrX	137020001	137030000	B.2.2.2.2.2.1	0.125	0.00684931506849315
chrX	137030001	137040000	B.2.2.2.2.2.1	0.125	0.00684931506849315
chrX	137040001	137050000	B.2.2.2.2.2.1	0.125	0.00684931506849315
chrX	137050001	137060000	B.2.2.2.2.2.1	0.125	0.00684931506849315
chrX	137060001	137070000	B.2.2.2.2.2.1	0.125	0.00684931506849315
chrX	137070001	137080000	B.2.2.2.2.2.1	0.125	0.00684931506849315
chrX	137080001	137090000	B.2.2.2.2.2.1	0.125	0.00684931506849315
chrX	137090001	137100000	B.2.2.2.2.2.1	0.125	0.00684931506849315
chrX	137100001	137110000	B.2.2.2.2.2.1	0.125	0.00684931506849315
chrX	137110001	137120000	B.2.2.2.2.2.1	0.125	0.00684931506849315
chrX	137120001	137130000	B.2.2.2.2.2.1	0.125	0.00684931506849315
chrX	137130001	137140000	B.2.2.2.2.2.1	0.125	0.00684931506849315
chrX	137140001	137150000	B.2.2.2.2.2.1	0.125	0.00684931506849315
chrX	137150001	137160000	B.2.2.2.2.2.1	0.125	0.00684931506849315
chrX	137160001	137170000	B.2.2.2.2.2.1	0.125	0.00684931506849315
chrX	137170001	137180000	B.2.2.2.2.2.1	0.125	0.00684931506849315
chrX	137180001	137190000	B.2.2.2.2.2.1	0.125	0.00684931506849315
chrX	137190001	137200000	B.2.2.2.2.2.1	0.125	0.00684931506849315
chrX	137200001	137210000	B.2.2.2.2.2.1	0.125	0.00684931506849315
chrX	137210001	137220000	B.2.2.2.2.2.1	0.125	0.00684931506849315
chrX	137220001	137230000	B.2.2.2.2.2.1	0.125	0.00684931506849315
chrX	137230001	137240000	B.2.2.2.2.2.1	0.125	0.00684931506849315
chrX	137240001	137250000	B.2.2.2.2.2.1	0.125	0.00684931506849315
chrX	137250001	137260000	B.2.2.2.2.2.1	0.125	0.00684931506849315
chrX	137260001	137270000	B.2.2.2.2.2.1	0.125	0.00684931506849315
chrX	137270001	137280000	B.2.2.2.2.2.1	0.125	0.00684931506849315
chrX	137280001	137290000	B.2.2.2.2.2.1	0.125	0.00684931506849315
chrX	137290001	137300000	B.2.2.2.2.2.1	0.125	0.00684931506849315
chrX	137300001	137310000	B.2.2.2.2.2.1	0.125	0.00684931506849315
chrX	137310001	137320000	B.2.2.2.2.2.1	0.125	0.00684931506849315
chrX	137320001	137330000	B.2.2.2.2.2.1	0.125	0.00684931506849315
chrX	137330001	137340000	B.2.2.2.2.2.1	0.125	0.00684931506849315
chrX	137340001	137350000	B.2.2.2.2.2.1	0.125	0.00684931506849315
chrX	137350001	137360000	B.2.2.2.2.2.1	0.125	0.00684931506849315
chrX	137360001	137370000	B.2.2.2.2.2.1	0.125	0.00684931506849315
chrX	137370001	137380000	B.2.2.2.2.2.1	0.125	0.00684931506849315
chrX	137380001	137390000	B.2.2.2.2.2.1	0.125	0.00684931506849315
chrX	137390001	137400000	B.2.2.2.2.2.1	0.125	0.00684931506849315
chrX	137400001	137410000	B.2.2.2.2.2.1	0.125	0.00684931506849315
chrX	137410001	137420000	B.2.2.2.2.2.1	0.125	0.00684931506849315
chrX	137420001	137430000	B.2.2.2.2.2.1	0.125	0.00684931506849315
chrX	137430001	137440000	B.2.2.2.2.2.1	0.125	0.00684931506849315
chrX	137440001	137450000	B.2.2.2.2.2.1	0.125	0.00684931506849315
chrX	137450001	137460000	B.2.1.2.2.1.2.2.2	0.25	0.208904109589041
chrX	137460001	137470000	B.2.1.2.2.1.2.2.2	0.25	0.208904109589041
chrX	137470001	137480000	B.2.1.2.2.1.2.2.2	0.25	0.208904109589041
chrX	137480001	137490000	B.2.1.2.2.1.2.2.2	0.25	0.208904109589041
chrX	137490001	137500000	B.2.1.2.2.1.2.2.2	0.25	0.208904109589041
chrX	137500001	137510000	B.2.1.2.2.1.2.2.2	0.25	0.208904109589041
chrX	137510001	137520000	B.2.1.2.2.1.2.2.2	0.25	0.208904109589041
chrX	137520001	137530000	B.2.1.2.2.1.2.2.2	0.25	0.208904109589041
chrX	137530001	137540000	B.2.1.2.2.1.2.2.2	0.25	0.208904109589041
chrX	137540001	137550000	B.2.1.2.2.1.2.2.2	0.25	0.208904109589041
chrX	137550001	137560000	B.2.1.2.2.1.2.2.2	0.25	0.208904109589041
chrX	137560001	137570000	B.2.1.2.2.1.2.2.2	0.25	0.208904109589041
chrX	137570001	137580000	B.2.1.2.2.1.2.2.2	0.25	0.208904109589041
chrX	137580001	137590000	B.2.1.2.2.1.2.2.2	0.25	0.208904109589041
chrX	137590001	137600000	B.2.1.2.2.1.2.2.2	0.25	0.208904109589041
chrX	137600001	137610000	B.1.2.2.2.2.1.1	0.375	0.397260273972603
chrX	137610001	137620000	B.1.2.2.2.2.1.1	0.375	0.397260273972603
chrX	137620001	137630000	B.1.2.2.2.2.1.1	0.375	0.397260273972603
chrX	137630001	137640000	B.1.2.2.2.2.1.1	0.375	0.397260273972603
chrX	137640001	137650000	B.1.2.2.2.2.1.1	0.375	0.397260273972603
chrX	137650001	137660000	B.1.2.2.2.2.1.1	0.375	0.397260273972603
chrX	137660001	137670000	B.1.2.2.2.2.1.1	0.375	0.397260273972603
chrX	137670001	137680000	B.1.2.2.2.2.1.1	0.375	0.397260273972603
chrX	137680001	137690000	B.1.2.2.2.2.1.1	0.375	0.397260273972603
chrX	137690001	137700000	B.1.2.2.2.2.1.1	0.375	0.397260273972603
chrX	137700001	137710000	B.1.2.2.2.2.1.1	0.375	0.397260273972603
chrX	137710001	137720000	B.1.2.2.2.2.1.1	0.375	0.397260273972603
chrX	137720001	137730000	B.1.2.2.2.2.1.1	0.375	0.397260273972603
chrX	137730001	137740000	B.1.2.2.2.2.1.1	0.375	0.397260273972603
chrX	137740001	137750000	B.1.2.2.2.2.1.1	0.375	0.397260273972603
chrX	137750001	137760000	B.1.2.2.2.2.1.1	0.375	0.397260273972603
chrX	137760001	137770000	B.1.2.2.2.2.1.1	0.375	0.397260273972603
chrX	137770001	137780000	B.1.2.2.2.2.1.1	0.375	0.397260273972603
chrX	137780001	137790000	B.1.2.2.2.2.1.1	0.375	0.397260273972603
chrX	137790001	137800000	B.1.2.2.2.2.1.1	0.375	0.397260273972603
chrX	137800001	137810000	B.1.2.2.2.2.1.1	0.375	0.397260273972603
chrX	137810001	137820000	B.1.2.2.2.2.1.1	0.375	0.397260273972603
chrX	137820001	137830000	B.1.2.2.2.2.1.1	0.375	0.397260273972603
chrX	137830001	137840000	B.1.2.2.2.2.1.1	0.375	0.397260273972603
chrX	137840001	137850000	B.1.2.2.2.2.1.1	0.375	0.397260273972603
chrX	137850001	137860000	B.1.2.2.2.2.1.1	0.375	0.397260273972603
chrX	137860001	137870000	B.1.2.2.2.2.1.1	0.375	0.397260273972603
chrX	137870001	137880000	B.1.2.2.2.2.1.1	0.375	0.397260273972603
chrX	137880001	137890000	B.1.2.2.2.2.1.1	0.375	0.397260273972603
chrX	137890001	137900000	B.1.2.2.2.2.1.1	0.375	0.397260273972603
chrX	137900001	137910000	B.1.2.2.2.2.1.1	0.375	0.397260273972603
chrX	137910001	137920000	B.1.2.2.2.2.1.1	0.375	0.397260273972603
chrX	137920001	137930000	B.1.2.2.2.2.1.1	0.375	0.397260273972603
chrX	137930001	137940000	B.1.2.2.2.2.1.1	0.375	0.397260273972603
chrX	137940001	137950000	B.1.2.2.2.2.1.1	0.375	0.397260273972603
chrX	137950001	137960000	B.1.2.2.2.2.1.1	0.375	0.397260273972603
chrX	137960001	137970000	B.1.2.2.2.2.1.1	0.375	0.397260273972603
chrX	137970001	137980000	B.1.2.2.2.2.1.1	0.375	0.397260273972603
chrX	137980001	137990000	B.1.2.2.2.2.1.1	0.375	0.397260273972603
chrX	137990001	1.38e+08	B.1.2.2.2.2.1.1	0.375	0.397260273972603
chrX	138000001	138010000	B.1.2.2.2.2.1.1	0.375	0.397260273972603
chrX	138010001	138020000	B.1.2.2.2.2.1.1	0.375	0.397260273972603
chrX	138020001	138030000	B.1.2.2.2.2.1.1	0.375	0.397260273972603
chrX	138030001	138040000	B.1.2.2.2.2.1.1	0.375	0.397260273972603
chrX	138040001	138050000	B.1.2.2.2.2.1.1	0.375	0.397260273972603
chrX	138050001	138060000	B.1.2.2.2.2.1.1	0.375	0.397260273972603
chrX	138060001	138070000	B.1.2.2.2.2.1.1	0.375	0.397260273972603
chrX	138070001	138080000	B.1.2.2.2.2.1.1	0.375	0.397260273972603
chrX	138080001	138090000	B.1.2.2.2.2.1.1	0.375	0.397260273972603
chrX	138090001	138100000	B.1.2.2.2.2.1.1	0.375	0.397260273972603
chrX	138100001	138110000	B.1.2.2.2.2.1.1	0.375	0.397260273972603
chrX	138110001	138120000	B.1.2.2.2.2.1.1	0.375	0.397260273972603
chrX	138120001	138130000	B.1.2.2.2.2.1.1	0.375	0.397260273972603
chrX	138130001	138140000	B.1.2.2.2.2.1.1	0.375	0.397260273972603
chrX	138140001	138150000	B.1.2.2.2.2.1.1	0.375	0.397260273972603
chrX	138150001	138160000	B.1.2.2.2.2.1.2	0.375	0.393835616438356
chrX	138160001	138170000	B.1.2.2.2.2.1.2	0.375	0.393835616438356
chrX	138170001	138180000	B.1.2.2.2.2.1.2	0.375	0.393835616438356
chrX	138180001	138190000	B.1.2.2.2.2.1.2	0.375	0.393835616438356
chrX	138190001	138200000	B.1.2.2.2.2.1.2	0.375	0.393835616438356
chrX	138200001	138210000	B.1.2.2.2.2.1.2	0.375	0.393835616438356
chrX	138210001	138220000	B.1.2.2.2.2.1.2	0.375	0.393835616438356
chrX	138220001	138230000	B.1.2.2.2.2.1.2	0.375	0.393835616438356
chrX	138230001	138240000	B.1.2.2.2.2.1.2	0.375	0.393835616438356
chrX	138240001	138250000	B.1.2.2.2.2.1.2	0.375	0.393835616438356
chrX	138250001	138260000	B.1.2.2.2.2.1.2	0.375	0.393835616438356
chrX	138260001	138270000	B.1.2.2.2.2.1.2	0.375	0.393835616438356
chrX	138270001	138280000	B.1.2.2.2.2.1.2	0.375	0.393835616438356
chrX	138280001	138290000	B.1.2.2.2.2.1.2	0.375	0.393835616438356
chrX	138290001	138300000	B.1.2.2.2.2.1.2	0.375	0.393835616438356
chrX	138300001	138310000	B.1.2.2.2.2.1.2	0.375	0.393835616438356
chrX	138310001	138320000	B.1.2.2.2.2.1.2	0.375	0.393835616438356
chrX	138320001	138330000	B.1.2.2.2.2.1.2	0.375	0.393835616438356
chrX	138330001	138340000	B.1.2.2.2.2.1.2	0.375	0.393835616438356
chrX	138340001	138350000	B.1.2.2.2.2.1.2	0.375	0.393835616438356
chrX	138350001	138360000	B.1.2.2.2.2.2.2	0.375	0.386986301369863
chrX	138360001	138370000	B.1.2.2.2.2.2.2	0.375	0.386986301369863
chrX	138370001	138380000	B.1.2.2.2.2.2.2	0.375	0.386986301369863
chrX	138380001	138390000	B.1.2.2.2.2.2.2	0.375	0.386986301369863
chrX	138390001	138400000	B.1.2.2.2.2.2.2	0.375	0.386986301369863
chrX	138400001	138410000	B.1.2.2.2.2.2.2	0.375	0.386986301369863
chrX	138410001	138420000	B.1.2.2.2.2.2.2	0.375	0.386986301369863
chrX	138420001	138430000	B.1.2.2.2.2.2.2	0.375	0.386986301369863
chrX	138430001	138440000	B.1.2.2.2.2.2.2	0.375	0.386986301369863
chrX	138440001	138450000	B.1.2.2.2.2.2.2	0.375	0.386986301369863
chrX	138450001	138460000	B.1.2.2.2.2.2.2	0.375	0.386986301369863
chrX	138460001	138470000	B.1.2.2.2.2.2.2	0.375	0.386986301369863
chrX	138470001	138480000	B.1.2.2.2.2.2.2	0.375	0.386986301369863
chrX	138480001	138490000	B.1.2.2.2.2.2.2	0.375	0.386986301369863
chrX	138490001	138500000	B.1.2.2.2.2.2.2	0.375	0.386986301369863
chrX	138500001	138510000	B.1.2.2.2.2.2.2	0.375	0.386986301369863
chrX	138510001	138520000	B.1.2.2.2.2.2.2	0.375	0.386986301369863
chrX	138520001	138530000	B.1.2.2.2.2.2.2	0.375	0.386986301369863
chrX	138530001	138540000	B.1.2.2.2.2.2.2	0.375	0.386986301369863
chrX	138540001	138550000	B.1.2.2.2.2.2.2	0.375	0.386986301369863
chrX	138550001	138560000	B.1.2.2.2.2.2.2	0.375	0.386986301369863
chrX	138560001	138570000	B.1.2.2.2.2.2.2	0.375	0.386986301369863
chrX	138570001	138580000	B.1.2.2.2.2.2.2	0.375	0.386986301369863
chrX	138580001	138590000	B.1.2.2.2.2.2.2	0.375	0.386986301369863
chrX	138590001	138600000	B.1.2.2.2.2.2.2	0.375	0.386986301369863
chrX	138600001	138610000	B.1.2.2.2.2.2.1	0.375	0.39041095890411
chrX	138610001	138620000	B.1.2.2.2.2.2.1	0.375	0.39041095890411
chrX	138620001	138630000	B.1.2.2.2.2.2.1	0.375	0.39041095890411
chrX	138630001	138640000	B.1.2.2.2.2.2.1	0.375	0.39041095890411
chrX	138640001	138650000	B.1.2.2.2.2.2.1	0.375	0.39041095890411
chrX	138650001	138660000	B.1.2.2.2.2.2.1	0.375	0.39041095890411
chrX	138660001	138670000	B.1.2.2.2.2.2.1	0.375	0.39041095890411
chrX	138670001	138680000	B.1.2.2.2.2.2.1	0.375	0.39041095890411
chrX	138680001	138690000	B.1.2.2.2.2.2.1	0.375	0.39041095890411
chrX	138690001	138700000	B.1.2.2.2.2.2.1	0.375	0.39041095890411
chrX	138700001	138710000	B.1.2.2.2.2.2.1	0.375	0.39041095890411
chrX	138710001	138720000	B.1.2.2.2.2.2.1	0.375	0.39041095890411
chrX	138720001	138730000	B.1.2.2.2.2.2.1	0.375	0.39041095890411
chrX	138730001	138740000	B.1.2.2.2.2.2.1	0.375	0.39041095890411
chrX	138740001	138750000	B.1.2.2.2.2.2.1	0.375	0.39041095890411
chrX	138750001	138760000	B.1.2.2.2.1.1.2	0.375	0.410958904109589
chrX	138760001	138770000	B.1.2.2.2.1.1.2	0.375	0.410958904109589
chrX	138770001	138780000	B.1.2.2.2.1.1.2	0.375	0.410958904109589
chrX	138780001	138790000	B.1.2.2.2.1.1.2	0.375	0.410958904109589
chrX	138790001	138800000	B.1.2.2.2.1.1.2	0.375	0.410958904109589
chrX	138800001	138810000	B.1.2.2.2.1.1.2	0.375	0.410958904109589
chrX	138810001	138820000	B.1.2.2.2.1.1.2	0.375	0.410958904109589
chrX	138820001	138830000	B.1.2.2.2.1.1.2	0.375	0.410958904109589
chrX	138830001	138840000	B.1.2.2.2.1.1.2	0.375	0.410958904109589
chrX	138840001	138850000	B.1.2.2.2.1.1.2	0.375	0.410958904109589
chrX	138850001	138860000	B.1.2.2.2.1.1.2	0.375	0.410958904109589
chrX	138860001	138870000	B.1.2.2.2.1.1.2	0.375	0.410958904109589
chrX	138870001	138880000	B.1.2.2.2.1.1.2	0.375	0.410958904109589
chrX	138880001	138890000	B.1.2.2.2.1.1.2	0.375	0.410958904109589
chrX	138890001	138900000	B.1.2.2.2.1.1.2	0.375	0.410958904109589
chrX	138900001	138910000	B.1.2.2.2.1.1.2	0.375	0.410958904109589
chrX	138910001	138920000	B.1.2.2.2.1.1.2	0.375	0.410958904109589
chrX	138920001	138930000	B.1.2.2.2.1.1.2	0.375	0.410958904109589
chrX	138930001	138940000	B.1.2.2.2.1.1.2	0.375	0.410958904109589
chrX	138940001	138950000	B.1.2.2.2.1.1.2	0.375	0.410958904109589
chrX	138950001	138960000	B.1.2.2.2.1.1.2	0.375	0.410958904109589
chrX	138960001	138970000	B.1.2.2.2.1.1.2	0.375	0.410958904109589
chrX	138970001	138980000	B.1.2.2.2.1.1.2	0.375	0.410958904109589
chrX	138980001	138990000	B.1.2.2.2.1.1.2	0.375	0.410958904109589
chrX	138990001	1.39e+08	B.1.2.2.2.1.1.2	0.375	0.410958904109589
chrX	139000001	139010000	B.1.2.2.2.1.1.2	0.375	0.410958904109589
chrX	139010001	139020000	B.1.2.2.2.1.1.2	0.375	0.410958904109589
chrX	139020001	139030000	B.1.2.2.2.1.1.2	0.375	0.410958904109589
chrX	139030001	139040000	B.1.2.2.2.1.1.2	0.375	0.410958904109589
chrX	139040001	139050000	B.1.2.2.2.1.1.2	0.375	0.410958904109589
chrX	139050001	139060000	B.1.2.2.2.1.1.2	0.375	0.410958904109589
chrX	139060001	139070000	B.1.2.2.2.1.1.2	0.375	0.410958904109589
chrX	139070001	139080000	B.1.2.2.2.1.1.2	0.375	0.410958904109589
chrX	139080001	139090000	B.1.2.2.2.1.1.2	0.375	0.410958904109589
chrX	139090001	139100000	B.1.2.2.2.1.1.2	0.375	0.410958904109589
chrX	139100001	139110000	B.1.2.2.2.1.1.2	0.375	0.410958904109589
chrX	139110001	139120000	B.1.2.2.2.1.1.2	0.375	0.410958904109589
chrX	139120001	139130000	B.1.2.2.2.1.1.2	0.375	0.410958904109589
chrX	139130001	139140000	B.1.2.2.2.1.1.2	0.375	0.410958904109589
chrX	139140001	139150000	B.1.2.2.2.1.1.2	0.375	0.410958904109589
chrX	139150001	139160000	B.1.2.2.2.1.1.2	0.375	0.410958904109589
chrX	139160001	139170000	B.1.2.2.2.1.1.2	0.375	0.410958904109589
chrX	139170001	139180000	B.1.2.2.2.1.1.2	0.375	0.410958904109589
chrX	139180001	139190000	B.1.2.2.2.1.1.2	0.375	0.410958904109589
chrX	139190001	139200000	B.1.2.2.2.1.1.2	0.375	0.410958904109589
chrX	139200001	139210000	B.2.1.1.2.2.1	0.25	0.332191780821918
chrX	139210001	139220000	B.2.1.1.2.2.1	0.25	0.332191780821918
chrX	139220001	139230000	B.2.1.1.2.2.1	0.25	0.332191780821918
chrX	139230001	139240000	B.2.1.1.2.2.1	0.25	0.332191780821918
chrX	139240001	139250000	B.2.1.1.2.2.1	0.25	0.332191780821918
chrX	139250001	139260000	B.2.1.1.2.2.1	0.25	0.332191780821918
chrX	139260001	139270000	B.2.1.1.2.2.1	0.25	0.332191780821918
chrX	139270001	139280000	B.2.1.1.2.2.1	0.25	0.332191780821918
chrX	139280001	139290000	B.2.1.1.2.2.1	0.25	0.332191780821918
chrX	139290001	139300000	B.2.1.1.2.2.1	0.25	0.332191780821918
chrX	139300001	139310000	B.2.1.1.2.2.1	0.25	0.332191780821918
chrX	139310001	139320000	B.2.1.1.2.2.1	0.25	0.332191780821918
chrX	139320001	139330000	B.2.1.1.2.2.1	0.25	0.332191780821918
chrX	139330001	139340000	B.2.1.1.2.2.1	0.25	0.332191780821918
chrX	139340001	139350000	B.2.1.1.2.2.1	0.25	0.332191780821918
chrX	139350001	139360000	B.2.1.1.2.2.1	0.25	0.332191780821918
chrX	139360001	139370000	B.2.1.1.2.2.1	0.25	0.332191780821918
chrX	139370001	139380000	B.2.1.1.2.2.1	0.25	0.332191780821918
chrX	139380001	139390000	B.2.1.1.2.2.1	0.25	0.332191780821918
chrX	139390001	139400000	B.2.1.1.2.2.1	0.25	0.332191780821918
chrX	139400001	139410000	B.2.1.1.2.2.1	0.25	0.332191780821918
chrX	139410001	139420000	B.2.1.1.2.2.1	0.25	0.332191780821918
chrX	139420001	139430000	B.2.1.1.2.2.1	0.25	0.332191780821918
chrX	139430001	139440000	B.2.1.1.2.2.1	0.25	0.332191780821918
chrX	139440001	139450000	B.2.1.1.2.2.1	0.25	0.332191780821918
chrX	139450001	139460000	B.2.1.1.2.2.1	0.25	0.332191780821918
chrX	139460001	139470000	B.2.1.1.2.2.1	0.25	0.332191780821918
chrX	139470001	139480000	B.2.1.1.2.2.1	0.25	0.332191780821918
chrX	139480001	139490000	B.2.1.1.2.2.1	0.25	0.332191780821918
chrX	139490001	139500000	B.2.1.1.2.2.1	0.25	0.332191780821918
chrX	139500001	139510000	B.2.1.1.2.2.1	0.25	0.332191780821918
chrX	139510001	139520000	B.2.1.1.2.2.1	0.25	0.332191780821918
chrX	139520001	139530000	B.2.1.1.2.2.1	0.25	0.332191780821918
chrX	139530001	139540000	B.2.1.1.2.2.1	0.25	0.332191780821918
chrX	139540001	139550000	B.2.1.1.2.2.1	0.25	0.332191780821918
chrX	139550001	139560000	B.2.1.1.2.2.1	0.25	0.332191780821918
chrX	139560001	139570000	B.2.1.1.2.2.1	0.25	0.332191780821918
chrX	139570001	139580000	B.2.1.1.2.2.1	0.25	0.332191780821918
chrX	139580001	139590000	B.2.1.1.2.2.1	0.25	0.332191780821918
chrX	139590001	139600000	B.2.1.1.2.2.1	0.25	0.332191780821918
chrX	139600001	139610000	B.2.2.2.1.1.2.2.2	0.125	0.0308219178082192
chrX	139610001	139620000	B.2.2.2.1.1.2.2.2	0.125	0.0308219178082192
chrX	139620001	139630000	B.2.2.2.1.1.2.2.2	0.125	0.0308219178082192
chrX	139630001	139640000	B.2.2.2.1.1.2.2.2	0.125	0.0308219178082192
chrX	139640001	139650000	B.2.2.2.1.1.2.2.2	0.125	0.0308219178082192
chrX	139650001	139660000	B.2.2.2.1.1.2.2.2	0.125	0.0308219178082192
chrX	139660001	139670000	B.2.2.2.1.1.2.2.2	0.125	0.0308219178082192
chrX	139670001	139680000	B.2.2.2.1.1.2.2.2	0.125	0.0308219178082192
chrX	139680001	139690000	B.2.2.2.1.1.2.2.2	0.125	0.0308219178082192
chrX	139690001	139700000	B.2.2.2.1.1.2.2.2	0.125	0.0308219178082192
chrX	139700001	139710000	B.2.2.2.1.1.2.2.2	0.125	0.0308219178082192
chrX	139710001	139720000	B.2.2.2.1.1.2.2.2	0.125	0.0308219178082192
chrX	139720001	139730000	B.2.2.2.1.1.2.2.2	0.125	0.0308219178082192
chrX	139730001	139740000	B.2.2.2.1.1.2.2.2	0.125	0.0308219178082192
chrX	139740001	139750000	B.2.2.2.1.1.2.2.2	0.125	0.0308219178082192
chrX	139750001	139760000	B.2.2.2.1.1.2.2.2	0.125	0.0308219178082192
chrX	139760001	139770000	B.2.2.2.1.1.2.2.2	0.125	0.0308219178082192
chrX	139770001	139780000	B.2.2.2.1.1.2.2.2	0.125	0.0308219178082192
chrX	139780001	139790000	B.2.2.2.1.1.2.2.2	0.125	0.0308219178082192
chrX	139790001	139800000	B.2.2.2.1.1.2.2.2	0.125	0.0308219178082192
chrX	139800001	139810000	B.2.2.2.1.1.2.2.2	0.125	0.0308219178082192
chrX	139810001	139820000	B.2.2.2.1.1.2.2.2	0.125	0.0308219178082192
chrX	139820001	139830000	B.2.2.2.1.1.2.2.2	0.125	0.0308219178082192
chrX	139830001	139840000	B.2.2.2.1.1.2.2.2	0.125	0.0308219178082192
chrX	139840001	139850000	B.2.2.2.1.1.2.2.2	0.125	0.0308219178082192
chrX	139850001	139860000	B.2.2.2.1.1.2.2.2	0.125	0.0308219178082192
chrX	139860001	139870000	B.2.2.2.1.1.2.2.2	0.125	0.0308219178082192
chrX	139870001	139880000	B.2.2.2.1.1.2.2.2	0.125	0.0308219178082192
chrX	139880001	139890000	B.2.2.2.1.1.2.2.2	0.125	0.0308219178082192
chrX	139890001	139900000	B.2.2.2.1.1.2.2.2	0.125	0.0308219178082192
chrX	139900001	139910000	B.2.2.2.1.1.2.2.2	0.125	0.0308219178082192
chrX	139910001	139920000	B.2.2.2.1.1.2.2.2	0.125	0.0308219178082192
chrX	139920001	139930000	B.2.2.2.1.1.2.2.2	0.125	0.0308219178082192
chrX	139930001	139940000	B.2.2.2.1.1.2.2.2	0.125	0.0308219178082192
chrX	139940001	139950000	B.2.2.2.1.1.2.2.2	0.125	0.0308219178082192
chrX	139950001	139960000	B.2.2.2.1.1.2.2.2	0.125	0.0308219178082192
chrX	139960001	139970000	B.2.2.2.1.1.2.2.2	0.125	0.0308219178082192
chrX	139970001	139980000	B.2.2.2.1.1.2.2.2	0.125	0.0308219178082192
chrX	139980001	139990000	B.2.2.2.1.1.2.2.2	0.125	0.0308219178082192
chrX	139990001	1.4e+08	B.2.2.2.1.1.2.2.2	0.125	0.0308219178082192
chrX	140000001	140010000	B.2.2.2.1.1.2.2.2	0.125	0.0308219178082192
chrX	140010001	140020000	B.2.2.2.1.1.2.2.2	0.125	0.0308219178082192
chrX	140020001	140030000	B.2.2.2.1.1.2.2.2	0.125	0.0308219178082192
chrX	140030001	140040000	B.2.2.2.1.1.2.2.2	0.125	0.0308219178082192
chrX	140040001	140050000	B.2.2.2.1.1.2.2.2	0.125	0.0308219178082192
chrX	140050001	140060000	B.2.2.2.1.1.2.2.2	0.125	0.0308219178082192
chrX	140060001	140070000	B.2.2.2.1.1.2.2.2	0.125	0.0308219178082192
chrX	140070001	140080000	B.2.2.2.1.1.2.2.2	0.125	0.0308219178082192
chrX	140080001	140090000	B.2.2.2.1.1.2.2.2	0.125	0.0308219178082192
chrX	140090001	140100000	B.2.2.2.1.1.2.2.2	0.125	0.0308219178082192
chrX	140200001	140210000	B.2.2.2.1.1.2.2.2	0.125	0.0308219178082192
chrX	140210001	140220000	B.2.2.2.1.1.2.2.2	0.125	0.0308219178082192
chrX	140220001	140230000	B.2.2.2.1.1.2.2.2	0.125	0.0308219178082192
chrX	140230001	140240000	B.2.2.2.1.1.2.2.2	0.125	0.0308219178082192
chrX	140240001	140250000	B.2.2.2.1.1.2.2.2	0.125	0.0308219178082192
chrX	140250001	140260000	B.1.1.2.2.1.2	0.5	0.558219178082192
chrX	140260001	140270000	B.1.1.2.2.1.2	0.5	0.558219178082192
chrX	140270001	140280000	B.1.1.2.2.1.2	0.5	0.558219178082192
chrX	140280001	140290000	B.1.1.2.2.1.2	0.5	0.558219178082192
chrX	140290001	140300000	B.1.1.2.2.1.2	0.5	0.558219178082192
chrX	140300001	140310000	B.1.1.2.2.1.2	0.5	0.558219178082192
chrX	140310001	140320000	B.1.1.2.2.1.2	0.5	0.558219178082192
chrX	140320001	140330000	B.1.1.2.2.1.2	0.5	0.558219178082192
chrX	140330001	140340000	B.1.1.2.2.1.2	0.5	0.558219178082192
chrX	140340001	140350000	B.1.1.2.2.1.2	0.5	0.558219178082192
chrX	140350001	140360000	B.1.1.2.2.1.2	0.5	0.558219178082192
chrX	140360001	140370000	B.1.1.2.2.1.2	0.5	0.558219178082192
chrX	140370001	140380000	B.1.1.2.2.1.2	0.5	0.558219178082192
chrX	140380001	140390000	B.1.1.2.2.1.2	0.5	0.558219178082192
chrX	140390001	140400000	B.1.1.2.2.1.2	0.5	0.558219178082192
chrX	140400001	140410000	B.1.1.2.2.1.2	0.5	0.558219178082192
chrX	140410001	140420000	B.1.1.2.2.1.2	0.5	0.558219178082192
chrX	140420001	140430000	B.1.1.2.2.1.2	0.5	0.558219178082192
chrX	140430001	140440000	B.1.1.2.2.1.2	0.5	0.558219178082192
chrX	140440001	140450000	B.1.1.2.2.1.2	0.5	0.558219178082192
chrX	140450001	140460000	B.1.1.2.2.1.2	0.5	0.558219178082192
chrX	140460001	140470000	B.1.1.2.2.1.2	0.5	0.558219178082192
chrX	140470001	140480000	B.1.1.2.2.1.2	0.5	0.558219178082192
chrX	140480001	140490000	B.1.1.2.2.1.2	0.5	0.558219178082192
chrX	140490001	140500000	B.1.1.2.2.1.2	0.5	0.558219178082192
chrX	140500001	140510000	B.1.1.2.2.1.2	0.5	0.558219178082192
chrX	140510001	140520000	B.1.1.2.2.1.2	0.5	0.558219178082192
chrX	140520001	140530000	B.1.1.2.2.1.2	0.5	0.558219178082192
chrX	140530001	140540000	B.1.1.2.2.1.2	0.5	0.558219178082192
chrX	140540001	140550000	B.1.1.2.2.1.2	0.5	0.558219178082192
chrX	140550001	140560000	A.2.2.2.1.2.2	0.625	0.698630136986301
chrX	140560001	140570000	A.2.2.2.1.2.2	0.625	0.698630136986301
chrX	140570001	140580000	A.2.2.2.1.2.2	0.625	0.698630136986301
chrX	140580001	140590000	A.2.2.2.1.2.2	0.625	0.698630136986301
chrX	140590001	140600000	A.2.2.2.1.2.2	0.625	0.698630136986301
chrX	140600001	140610000	A.2.2.2.1.2.2	0.625	0.698630136986301
chrX	140610001	140620000	A.2.2.2.1.2.2	0.625	0.698630136986301
chrX	140620001	140630000	A.2.2.2.1.2.2	0.625	0.698630136986301
chrX	140630001	140640000	A.2.2.2.1.2.2	0.625	0.698630136986301
chrX	140640001	140650000	A.2.2.2.1.2.2	0.625	0.698630136986301
chrX	140650001	140660000	A.2.2.2.1.2.2	0.625	0.698630136986301
chrX	140660001	140670000	A.2.2.2.1.2.2	0.625	0.698630136986301
chrX	140670001	140680000	A.2.2.2.1.2.2	0.625	0.698630136986301
chrX	140680001	140690000	A.2.2.2.1.2.2	0.625	0.698630136986301
chrX	140690001	140700000	A.2.2.2.1.2.2	0.625	0.698630136986301
chrX	140700001	140710000	B.2.1.1.2.1.1.1.2.1.2	0.25	0.349315068493151
chrX	140710001	140720000	B.2.1.1.2.1.1.1.2.1.2	0.25	0.349315068493151
chrX	140720001	140730000	B.2.1.1.2.1.1.1.2.1.2	0.25	0.349315068493151
chrX	140730001	140740000	B.2.1.1.2.1.1.1.2.1.2	0.25	0.349315068493151
chrX	140740001	140750000	B.2.1.1.2.1.1.1.2.1.2	0.25	0.349315068493151
chrX	140750001	140760000	B.2.1.1.2.1.1.1.2.1.2	0.25	0.349315068493151
chrX	140760001	140770000	B.2.1.1.2.1.1.1.2.1.2	0.25	0.349315068493151
chrX	140770001	140780000	B.2.1.1.2.1.1.1.2.1.2	0.25	0.349315068493151
chrX	140780001	140790000	B.2.1.1.2.1.1.1.2.1.2	0.25	0.349315068493151
chrX	140790001	140800000	B.2.1.1.2.1.1.1.2.1.2	0.25	0.349315068493151
chrX	140800001	140810000	B.2.1.1.2.1.1.1.2.1.2	0.25	0.349315068493151
chrX	140810001	140820000	B.2.1.1.2.1.1.1.2.1.2	0.25	0.349315068493151
chrX	140820001	140830000	B.2.1.1.2.1.1.1.2.1.2	0.25	0.349315068493151
chrX	140830001	140840000	B.2.1.1.2.1.1.1.2.1.2	0.25	0.349315068493151
chrX	140840001	140850000	B.2.1.1.2.1.1.1.2.1.2	0.25	0.349315068493151
chrX	140850001	140860000	B.2.1.1.2.1.1.1.2.1.2	0.25	0.349315068493151
chrX	140860001	140870000	B.2.1.1.2.1.1.1.2.1.2	0.25	0.349315068493151
chrX	140870001	140880000	B.2.1.1.2.1.1.1.2.1.2	0.25	0.349315068493151
chrX	140880001	140890000	B.2.1.1.2.1.1.1.2.1.2	0.25	0.349315068493151
chrX	140890001	140900000	B.2.1.1.2.1.1.1.2.1.2	0.25	0.349315068493151
chrX	140900001	140910000	B.2.1.1.2.1.1.1.2.1.2	0.25	0.349315068493151
chrX	140910001	140920000	B.2.1.1.2.1.1.1.2.1.2	0.25	0.349315068493151
chrX	140920001	140930000	B.2.1.1.2.1.1.1.2.1.2	0.25	0.349315068493151
chrX	140930001	140940000	B.2.1.1.2.1.1.1.2.1.2	0.25	0.349315068493151
chrX	140940001	140950000	B.2.1.1.2.1.1.1.2.1.2	0.25	0.349315068493151
chrX	140950001	140960000	B.2.1.1.2.1.1.1.2.1.2	0.25	0.349315068493151
chrX	140960001	140970000	B.2.1.1.2.1.1.1.2.1.2	0.25	0.349315068493151
chrX	140970001	140980000	B.2.1.1.2.1.1.1.2.1.2	0.25	0.349315068493151
chrX	140980001	140990000	B.2.1.1.2.1.1.1.2.1.2	0.25	0.349315068493151
chrX	140990001	1.41e+08	B.2.1.1.2.1.1.1.2.1.2	0.25	0.349315068493151
chrX	141000001	141010000	B.2.1.1.2.1.1.1.2.1.2	0.25	0.349315068493151
chrX	141010001	141020000	B.2.1.1.2.1.1.1.2.1.2	0.25	0.349315068493151
chrX	141020001	141030000	B.2.1.1.2.1.1.1.2.1.2	0.25	0.349315068493151
chrX	141030001	141040000	B.2.1.1.2.1.1.1.2.1.2	0.25	0.349315068493151
chrX	141040001	141050000	B.2.1.1.2.1.1.1.2.1.2	0.25	0.349315068493151
chrX	141050001	141060000	B.2.1.1.2.1.1.1.2.1.2	0.25	0.349315068493151
chrX	141060001	141070000	B.2.1.1.2.1.1.1.2.1.2	0.25	0.349315068493151
chrX	141070001	141080000	B.2.1.1.2.1.1.1.2.1.2	0.25	0.349315068493151
chrX	141080001	141090000	B.2.1.1.2.1.1.1.2.1.2	0.25	0.349315068493151
chrX	141090001	141100000	B.2.1.1.2.1.1.1.2.1.2	0.25	0.349315068493151
chrX	141100001	141110000	B.2.1.1.2.1.1.1.2.1.2	0.25	0.349315068493151
chrX	141110001	141120000	B.2.1.1.2.1.1.1.2.1.2	0.25	0.349315068493151
chrX	141120001	141130000	B.2.1.1.2.1.1.1.2.1.2	0.25	0.349315068493151
chrX	141130001	141140000	B.2.1.1.2.1.1.1.2.1.2	0.25	0.349315068493151
chrX	141140001	141150000	B.2.1.1.2.1.1.1.2.1.2	0.25	0.349315068493151
chrX	141150001	141160000	B.2.1.1.2.1.1.1.2.1.2	0.25	0.349315068493151
chrX	141160001	141170000	B.2.1.1.2.1.1.1.2.1.2	0.25	0.349315068493151
chrX	141170001	141180000	B.2.1.1.2.1.1.1.2.1.2	0.25	0.349315068493151
chrX	141180001	141190000	B.2.1.1.2.1.1.1.2.1.2	0.25	0.349315068493151
chrX	141190001	141200000	B.2.1.1.2.1.1.1.2.1.2	0.25	0.349315068493151
chrX	141200001	141210000	B.2.1.1.2.1.1.1.2.1.2	0.25	0.349315068493151
chrX	141210001	141220000	B.2.1.1.2.1.1.1.2.1.2	0.25	0.349315068493151
chrX	141220001	141230000	B.2.1.1.2.1.1.1.2.1.2	0.25	0.349315068493151
chrX	141230001	141240000	B.2.1.1.2.1.1.1.2.1.2	0.25	0.349315068493151
chrX	141240001	141250000	B.2.1.1.2.1.1.1.2.1.2	0.25	0.349315068493151
chrX	141250001	141260000	B.2.1.1.2.1.1.1.2.1.2	0.25	0.349315068493151
chrX	141260001	141270000	B.2.1.1.2.1.1.1.2.1.2	0.25	0.349315068493151
chrX	141270001	141280000	B.2.1.1.2.1.1.1.2.1.2	0.25	0.349315068493151
chrX	141280001	141290000	B.2.1.1.2.1.1.1.2.1.2	0.25	0.349315068493151
chrX	141290001	141300000	B.2.1.1.2.1.1.1.2.1.2	0.25	0.349315068493151
chrX	141300001	141310000	B.2.1.1.2.1.1.1.2.1.2	0.25	0.349315068493151
chrX	141310001	141320000	B.2.1.1.2.1.1.1.2.1.2	0.25	0.349315068493151
chrX	141320001	141330000	B.2.1.1.2.1.1.1.2.1.2	0.25	0.349315068493151
chrX	141330001	141340000	B.2.1.1.2.1.1.1.2.1.2	0.25	0.349315068493151
chrX	141340001	141350000	B.2.1.1.2.1.1.1.2.1.2	0.25	0.349315068493151
chrX	141350001	141360000	B.2.1.1.2.2.2	0.25	0.328767123287671
chrX	141360001	141370000	B.2.1.1.2.2.2	0.25	0.328767123287671
chrX	141370001	141380000	B.2.1.1.2.2.2	0.25	0.328767123287671
chrX	141380001	141390000	B.2.1.1.2.2.2	0.25	0.328767123287671
chrX	141390001	141400000	B.2.1.1.2.2.2	0.25	0.328767123287671
chrX	141400001	141410000	B.2.1.1.2.2.2	0.25	0.328767123287671
chrX	141410001	141420000	B.2.1.1.2.2.2	0.25	0.328767123287671
chrX	141420001	141430000	B.2.1.1.2.2.2	0.25	0.328767123287671
chrX	141430001	141440000	B.2.1.1.2.2.2	0.25	0.328767123287671
chrX	141440001	141450000	B.2.1.1.2.2.2	0.25	0.328767123287671
chrX	141450001	141460000	B.2.1.1.2.2.2	0.25	0.328767123287671
chrX	141460001	141470000	B.2.1.1.2.2.2	0.25	0.328767123287671
chrX	141470001	141480000	B.2.1.1.2.2.2	0.25	0.328767123287671
chrX	141480001	141490000	B.2.1.1.2.2.2	0.25	0.328767123287671
chrX	141490001	141500000	B.2.1.1.2.2.2	0.25	0.328767123287671
chrX	141500001	141510000	B.2.1.1.2.2.2	0.25	0.328767123287671
chrX	141510001	141520000	B.2.1.1.2.2.2	0.25	0.328767123287671
chrX	141520001	141530000	B.2.1.1.2.2.2	0.25	0.328767123287671
chrX	141530001	141540000	B.2.1.1.2.2.2	0.25	0.328767123287671
chrX	141540001	141550000	B.2.1.1.2.2.2	0.25	0.328767123287671
chrX	141550001	141560000	B.2.1.1.2.2.2	0.25	0.328767123287671
chrX	141560001	141570000	B.2.1.1.2.2.2	0.25	0.328767123287671
chrX	141570001	141580000	B.2.1.1.2.2.2	0.25	0.328767123287671
chrX	141580001	141590000	B.2.1.1.2.2.2	0.25	0.328767123287671
chrX	141590001	141600000	B.2.1.1.2.2.2	0.25	0.328767123287671
chrX	141600001	141610000	B.2.1.1.2.2.2	0.25	0.328767123287671
chrX	141610001	141620000	B.2.1.1.2.2.2	0.25	0.328767123287671
chrX	141620001	141630000	B.2.1.1.2.2.2	0.25	0.328767123287671
chrX	141630001	141640000	B.2.1.1.2.2.2	0.25	0.328767123287671
chrX	141640001	141650000	B.2.1.1.2.2.2	0.25	0.328767123287671
chrX	141650001	141660000	B.2.1.1.2.2.2	0.25	0.328767123287671
chrX	141660001	141670000	B.2.1.1.2.2.2	0.25	0.328767123287671
chrX	141670001	141680000	B.2.1.1.2.2.2	0.25	0.328767123287671
chrX	141680001	141690000	B.2.1.1.2.2.2	0.25	0.328767123287671
chrX	141690001	141700000	B.2.1.1.2.2.2	0.25	0.328767123287671
chrX	141700001	141710000	B.2.1.1.2.2.2	0.25	0.328767123287671
chrX	141710001	141720000	B.2.1.1.2.2.2	0.25	0.328767123287671
chrX	141720001	141730000	B.2.1.1.2.2.2	0.25	0.328767123287671
chrX	141730001	141740000	B.2.1.1.2.2.2	0.25	0.328767123287671
chrX	141740001	141750000	B.2.1.1.2.2.2	0.25	0.328767123287671
chrX	141750001	141760000	B.2.1.1.2.2.2	0.25	0.328767123287671
chrX	141760001	141770000	B.2.1.1.2.2.2	0.25	0.328767123287671
chrX	141770001	141780000	B.2.1.1.2.2.2	0.25	0.328767123287671
chrX	141780001	141790000	B.2.1.1.2.2.2	0.25	0.328767123287671
chrX	141790001	141800000	B.2.1.1.2.2.2	0.25	0.328767123287671
chrX	141800001	141810000	B.2.1.1.2.2.2	0.25	0.328767123287671
chrX	141810001	141820000	B.2.1.1.2.2.2	0.25	0.328767123287671
chrX	141820001	141830000	B.2.1.1.2.2.2	0.25	0.328767123287671
chrX	141830001	141840000	B.2.1.1.2.2.2	0.25	0.328767123287671
chrX	141840001	141850000	B.2.1.1.2.2.2	0.25	0.328767123287671
chrX	141850001	141860000	B.2.1.1.2.2.2	0.25	0.328767123287671
chrX	141860001	141870000	B.2.1.1.2.2.2	0.25	0.328767123287671
chrX	141870001	141880000	B.2.1.1.2.2.2	0.25	0.328767123287671
chrX	141880001	141890000	B.2.1.1.2.2.2	0.25	0.328767123287671
chrX	141890001	141900000	B.2.1.1.2.2.2	0.25	0.328767123287671
chrX	141900001	141910000	B.2.1.1.2.2.2	0.25	0.328767123287671
chrX	141910001	141920000	B.2.1.1.2.2.2	0.25	0.328767123287671
chrX	141920001	141930000	B.2.1.1.2.2.2	0.25	0.328767123287671
chrX	141930001	141940000	B.2.1.1.2.2.2	0.25	0.328767123287671
chrX	141940001	141950000	B.2.1.1.2.2.2	0.25	0.328767123287671
chrX	141950001	141960000	B.2.1.1.2.2.2	0.25	0.328767123287671
chrX	141960001	141970000	B.2.1.1.2.2.2	0.25	0.328767123287671
chrX	141970001	141980000	B.2.1.1.2.2.2	0.25	0.328767123287671
chrX	141980001	141990000	B.2.1.1.2.2.2	0.25	0.328767123287671
chrX	141990001	1.42e+08	B.2.1.1.2.2.2	0.25	0.328767123287671
chrX	142000001	142010000	B.2.2.2.1.1.2.2.1	0.125	0.0342465753424658
chrX	142010001	142020000	B.2.2.2.1.1.2.2.1	0.125	0.0342465753424658
chrX	142020001	142030000	B.2.2.2.1.1.2.2.1	0.125	0.0342465753424658
chrX	142030001	142040000	B.2.2.2.1.1.2.2.1	0.125	0.0342465753424658
chrX	142040001	142050000	B.2.2.2.1.1.2.2.1	0.125	0.0342465753424658
chrX	142050001	142060000	B.2.2.2.1.1.2.2.1	0.125	0.0342465753424658
chrX	142060001	142070000	B.2.2.2.1.1.2.2.1	0.125	0.0342465753424658
chrX	142070001	142080000	B.2.2.2.1.1.2.2.1	0.125	0.0342465753424658
chrX	142080001	142090000	B.2.2.2.1.1.2.2.1	0.125	0.0342465753424658
chrX	142090001	142100000	B.2.2.2.1.1.2.2.1	0.125	0.0342465753424658
chrX	142100001	142110000	B.2.2.2.1.1.2.2.1	0.125	0.0342465753424658
chrX	142110001	142120000	B.2.2.2.1.1.2.2.1	0.125	0.0342465753424658
chrX	142120001	142130000	B.2.2.2.1.1.2.2.1	0.125	0.0342465753424658
chrX	142130001	142140000	B.2.2.2.1.1.2.2.1	0.125	0.0342465753424658
chrX	142140001	142150000	B.2.2.2.1.1.2.2.1	0.125	0.0342465753424658
chrX	142150001	142160000	B.2.2.2.1.1.2.2.1	0.125	0.0342465753424658
chrX	142160001	142170000	B.2.2.2.1.1.2.2.1	0.125	0.0342465753424658
chrX	142170001	142180000	B.2.2.2.1.1.2.2.1	0.125	0.0342465753424658
chrX	142180001	142190000	B.2.2.2.1.1.2.2.1	0.125	0.0342465753424658
chrX	142190001	142200000	B.2.2.2.1.1.2.2.1	0.125	0.0342465753424658
chrX	142200001	142210000	B.2.2.2.1.1.2.2.1	0.125	0.0342465753424658
chrX	142210001	142220000	B.2.2.2.1.1.2.2.1	0.125	0.0342465753424658
chrX	142220001	142230000	B.2.2.2.1.1.2.2.1	0.125	0.0342465753424658
chrX	142230001	142240000	B.2.2.2.1.1.2.2.1	0.125	0.0342465753424658
chrX	142240001	142250000	B.2.2.2.1.1.2.2.1	0.125	0.0342465753424658
chrX	142250001	142260000	B.2.2.2.1.1.2.2.1	0.125	0.0342465753424658
chrX	142260001	142270000	B.2.2.2.1.1.2.2.1	0.125	0.0342465753424658
chrX	142270001	142280000	B.2.2.2.1.1.2.2.1	0.125	0.0342465753424658
chrX	142280001	142290000	B.2.2.2.1.1.2.2.1	0.125	0.0342465753424658
chrX	142290001	142300000	B.2.2.2.1.1.2.2.1	0.125	0.0342465753424658
chrX	142300001	142310000	B.2.2.2.1.1.2.2.1	0.125	0.0342465753424658
chrX	142310001	142320000	B.2.2.2.1.1.2.2.1	0.125	0.0342465753424658
chrX	142320001	142330000	B.2.2.2.1.1.2.2.1	0.125	0.0342465753424658
chrX	142330001	142340000	B.2.2.2.1.1.2.2.1	0.125	0.0342465753424658
chrX	142340001	142350000	B.2.2.2.1.1.2.2.1	0.125	0.0342465753424658
chrX	142350001	142360000	B.2.2.2.1.1.2.2.1	0.125	0.0342465753424658
chrX	142360001	142370000	B.2.2.2.1.1.2.2.1	0.125	0.0342465753424658
chrX	142370001	142380000	B.2.2.2.1.1.2.2.1	0.125	0.0342465753424658
chrX	142380001	142390000	B.2.2.2.1.1.2.2.1	0.125	0.0342465753424658
chrX	142390001	142400000	B.2.2.2.1.1.2.2.1	0.125	0.0342465753424658
chrX	142400001	142410000	B.2.2.2.1.1.2.2.1	0.125	0.0342465753424658
chrX	142410001	142420000	B.2.2.2.1.1.2.2.1	0.125	0.0342465753424658
chrX	142420001	142430000	B.2.2.2.1.1.2.2.1	0.125	0.0342465753424658
chrX	142430001	142440000	B.2.2.2.1.1.2.2.1	0.125	0.0342465753424658
chrX	142440001	142450000	B.2.2.2.1.1.2.2.1	0.125	0.0342465753424658
chrX	142450001	142460000	B.2.2.2.1.1.2.2.1	0.125	0.0342465753424658
chrX	142460001	142470000	B.2.2.2.1.1.2.2.1	0.125	0.0342465753424658
chrX	142470001	142480000	B.2.2.2.1.1.2.2.1	0.125	0.0342465753424658
chrX	142480001	142490000	B.2.2.2.1.1.2.2.1	0.125	0.0342465753424658
chrX	142490001	142500000	B.2.2.2.1.1.2.2.1	0.125	0.0342465753424658
chrX	142500001	142510000	B.2.2.2.1.1.2.2.1	0.125	0.0342465753424658
chrX	142510001	142520000	B.2.2.2.1.1.2.2.1	0.125	0.0342465753424658
chrX	142520001	142530000	B.2.2.2.1.1.2.2.1	0.125	0.0342465753424658
chrX	142530001	142540000	B.2.2.2.1.1.2.2.1	0.125	0.0342465753424658
chrX	142540001	142550000	B.2.2.2.1.1.2.2.1	0.125	0.0342465753424658
chrX	142550001	142560000	B.1.2.2.2.1.2.2	0.375	0.400684931506849
chrX	142560001	142570000	B.1.2.2.2.1.2.2	0.375	0.400684931506849
chrX	142570001	142580000	B.1.2.2.2.1.2.2	0.375	0.400684931506849
chrX	142580001	142590000	B.1.2.2.2.1.2.2	0.375	0.400684931506849
chrX	142590001	142600000	B.1.2.2.2.1.2.2	0.375	0.400684931506849
chrX	142600001	142610000	B.1.2.2.2.1.2.2	0.375	0.400684931506849
chrX	142610001	142620000	B.1.2.2.2.1.2.2	0.375	0.400684931506849
chrX	142620001	142630000	B.1.2.2.2.1.2.2	0.375	0.400684931506849
chrX	142630001	142640000	B.1.2.2.2.1.2.2	0.375	0.400684931506849
chrX	142640001	142650000	B.1.2.2.2.1.2.2	0.375	0.400684931506849
chrX	142650001	142660000	B.1.2.2.2.1.2.2	0.375	0.400684931506849
chrX	142660001	142670000	B.1.2.2.2.1.2.2	0.375	0.400684931506849
chrX	142670001	142680000	B.1.2.2.2.1.2.2	0.375	0.400684931506849
chrX	142680001	142690000	B.1.2.2.2.1.2.2	0.375	0.400684931506849
chrX	142690001	142700000	B.1.2.2.2.1.2.2	0.375	0.400684931506849
chrX	142700001	142710000	B.1.2.2.2.1.2.2	0.375	0.400684931506849
chrX	142710001	142720000	B.1.2.2.2.1.2.2	0.375	0.400684931506849
chrX	142720001	142730000	B.1.2.2.2.1.2.2	0.375	0.400684931506849
chrX	142730001	142740000	B.1.2.2.2.1.2.2	0.375	0.400684931506849
chrX	142740001	142750000	B.1.2.2.2.1.2.2	0.375	0.400684931506849
chrX	142750001	142760000	B.1.2.2.2.1.2.2	0.375	0.400684931506849
chrX	142760001	142770000	B.1.2.2.2.1.2.2	0.375	0.400684931506849
chrX	142770001	142780000	B.1.2.2.2.1.2.2	0.375	0.400684931506849
chrX	142780001	142790000	B.1.2.2.2.1.2.2	0.375	0.400684931506849
chrX	142790001	142800000	B.1.2.2.2.1.2.2	0.375	0.400684931506849
chrX	142800001	142810000	B.1.2.2.2.1.2.2	0.375	0.400684931506849
chrX	142810001	142820000	B.1.2.2.2.1.2.2	0.375	0.400684931506849
chrX	142820001	142830000	B.1.2.2.2.1.2.2	0.375	0.400684931506849
chrX	142830001	142840000	B.1.2.2.2.1.2.2	0.375	0.400684931506849
chrX	142840001	142850000	B.1.2.2.2.1.2.2	0.375	0.400684931506849
chrX	142850001	142860000	B.1.2.2.2.1.2.2	0.375	0.400684931506849
chrX	142860001	142870000	B.1.2.2.2.1.2.2	0.375	0.400684931506849
chrX	142870001	142880000	B.1.2.2.2.1.2.2	0.375	0.400684931506849
chrX	142880001	142890000	B.1.2.2.2.1.2.2	0.375	0.400684931506849
chrX	142890001	142900000	B.1.2.2.2.1.2.2	0.375	0.400684931506849
chrX	142900001	142910000	B.1.2.2.2.1.2.2	0.375	0.400684931506849
chrX	142910001	142920000	B.1.2.2.2.1.2.2	0.375	0.400684931506849
chrX	142920001	142930000	B.1.2.2.2.1.2.2	0.375	0.400684931506849
chrX	142930001	142940000	B.1.2.2.2.1.2.2	0.375	0.400684931506849
chrX	142940001	142950000	B.1.2.2.2.1.2.2	0.375	0.400684931506849
chrX	142950001	142960000	B.1.2.2.2.1.2.2	0.375	0.400684931506849
chrX	142960001	142970000	B.1.2.2.2.1.2.2	0.375	0.400684931506849
chrX	142970001	142980000	B.1.2.2.2.1.2.2	0.375	0.400684931506849
chrX	142980001	142990000	B.1.2.2.2.1.2.2	0.375	0.400684931506849
chrX	142990001	1.43e+08	B.1.2.2.2.1.2.2	0.375	0.400684931506849
chrX	143000001	143010000	B.1.2.2.2.1.2.2	0.375	0.400684931506849
chrX	143010001	143020000	B.1.2.2.2.1.2.2	0.375	0.400684931506849
chrX	143020001	143030000	B.1.2.2.2.1.2.2	0.375	0.400684931506849
chrX	143030001	143040000	B.1.2.2.2.1.2.2	0.375	0.400684931506849
chrX	143040001	143050000	B.1.2.2.2.1.2.2	0.375	0.400684931506849
chrX	143050001	143060000	B.1.2.2.2.1.2.2	0.375	0.400684931506849
chrX	143060001	143070000	B.1.2.2.2.1.2.2	0.375	0.400684931506849
chrX	143070001	143080000	B.1.2.2.2.1.2.2	0.375	0.400684931506849
chrX	143080001	143090000	B.1.2.2.2.1.2.2	0.375	0.400684931506849
chrX	143090001	143100000	B.1.2.2.2.1.2.2	0.375	0.400684931506849
chrX	143100001	143110000	B.1.2.2.2.1.2.2	0.375	0.400684931506849
chrX	143110001	143120000	B.1.2.2.2.1.2.2	0.375	0.400684931506849
chrX	143120001	143130000	B.1.2.2.2.1.2.2	0.375	0.400684931506849
chrX	143130001	143140000	B.1.2.2.2.1.2.2	0.375	0.400684931506849
chrX	143140001	143150000	B.1.2.2.2.1.2.2	0.375	0.400684931506849
chrX	143150001	143160000	B.1.2.2.2.1.2.1.1	0.375	0.407534246575343
chrX	143160001	143170000	B.1.2.2.2.1.2.1.1	0.375	0.407534246575343
chrX	143170001	143180000	B.1.2.2.2.1.2.1.1	0.375	0.407534246575343
chrX	143180001	143190000	B.1.2.2.2.1.2.1.1	0.375	0.407534246575343
chrX	143190001	143200000	B.1.2.2.2.1.2.1.1	0.375	0.407534246575343
chrX	143200001	143210000	B.1.2.2.2.1.2.1.1	0.375	0.407534246575343
chrX	143210001	143220000	B.1.2.2.2.1.2.1.1	0.375	0.407534246575343
chrX	143220001	143230000	B.1.2.2.2.1.2.1.1	0.375	0.407534246575343
chrX	143230001	143240000	B.1.2.2.2.1.2.1.1	0.375	0.407534246575343
chrX	143240001	143250000	B.1.2.2.2.1.2.1.1	0.375	0.407534246575343
chrX	143250001	143260000	B.1.2.2.2.1.2.1.1	0.375	0.407534246575343
chrX	143260001	143270000	B.1.2.2.2.1.2.1.1	0.375	0.407534246575343
chrX	143270001	143280000	B.1.2.2.2.1.2.1.1	0.375	0.407534246575343
chrX	143280001	143290000	B.1.2.2.2.1.2.1.1	0.375	0.407534246575343
chrX	143290001	143300000	B.1.2.2.2.1.2.1.1	0.375	0.407534246575343
chrX	143300001	143310000	B.1.2.2.2.1.2.1.1	0.375	0.407534246575343
chrX	143310001	143320000	B.1.2.2.2.1.2.1.1	0.375	0.407534246575343
chrX	143320001	143330000	B.1.2.2.2.1.2.1.1	0.375	0.407534246575343
chrX	143330001	143340000	B.1.2.2.2.1.2.1.1	0.375	0.407534246575343
chrX	143340001	143350000	B.1.2.2.2.1.2.1.1	0.375	0.407534246575343
chrX	143350001	143360000	B.1.2.2.2.1.2.1.1	0.375	0.407534246575343
chrX	143360001	143370000	B.1.2.2.2.1.2.1.1	0.375	0.407534246575343
chrX	143370001	143380000	B.1.2.2.2.1.2.1.1	0.375	0.407534246575343
chrX	143380001	143390000	B.1.2.2.2.1.2.1.1	0.375	0.407534246575343
chrX	143390001	143400000	B.1.2.2.2.1.2.1.1	0.375	0.407534246575343
chrX	143400001	143410000	B.2.1.2.1.2.1.1.1	0.25	0.301369863013699
chrX	143410001	143420000	B.2.1.2.1.2.1.1.1	0.25	0.301369863013699
chrX	143420001	143430000	B.2.1.2.1.2.1.1.1	0.25	0.301369863013699
chrX	143430001	143440000	B.2.1.2.1.2.1.1.1	0.25	0.301369863013699
chrX	143440001	143450000	B.2.1.2.1.2.1.1.1	0.25	0.301369863013699
chrX	143450001	143460000	B.2.1.2.1.2.1.1.1	0.25	0.301369863013699
chrX	143460001	143470000	B.2.1.2.1.2.1.1.1	0.25	0.301369863013699
chrX	143470001	143480000	B.2.1.2.1.2.1.1.1	0.25	0.301369863013699
chrX	143480001	143490000	B.2.1.2.1.2.1.1.1	0.25	0.301369863013699
chrX	143490001	143500000	B.2.1.2.1.2.1.1.1	0.25	0.301369863013699
chrX	143500001	143510000	B.2.1.2.1.2.2.2.1.1.2	0.25	0.263698630136986
chrX	143510001	143520000	B.2.1.2.1.2.2.2.1.1.2	0.25	0.263698630136986
chrX	143520001	143530000	B.2.1.2.1.2.2.2.1.1.2	0.25	0.263698630136986
chrX	143530001	143540000	B.2.1.2.1.2.2.2.1.1.2	0.25	0.263698630136986
chrX	143540001	143550000	B.2.1.2.1.2.2.2.1.1.2	0.25	0.263698630136986
chrX	143550001	143560000	B.2.1.2.1.2.2.2.1.1.2	0.25	0.263698630136986
chrX	143560001	143570000	B.2.1.2.1.2.2.2.1.1.2	0.25	0.263698630136986
chrX	143570001	143580000	B.2.1.2.1.2.2.2.1.1.2	0.25	0.263698630136986
chrX	143580001	143590000	B.2.1.2.1.2.2.2.1.1.2	0.25	0.263698630136986
chrX	143590001	143600000	B.2.1.2.1.2.2.2.1.1.2	0.25	0.263698630136986
chrX	143600001	143610000	B.2.1.2.1.2.2.2.1.1.2	0.25	0.263698630136986
chrX	143610001	143620000	B.2.1.2.1.2.2.2.1.1.2	0.25	0.263698630136986
chrX	143620001	143630000	B.2.1.2.1.2.2.2.1.1.2	0.25	0.263698630136986
chrX	143630001	143640000	B.2.1.2.1.2.2.2.1.1.2	0.25	0.263698630136986
chrX	143640001	143650000	B.2.1.2.1.2.2.2.1.1.2	0.25	0.263698630136986
chrX	143650001	143660000	B.2.1.2.1.2.2.2.1.1.2	0.25	0.263698630136986
chrX	143660001	143670000	B.2.1.2.1.2.2.2.1.1.2	0.25	0.263698630136986
chrX	143670001	143680000	B.2.1.2.1.2.2.2.1.1.2	0.25	0.263698630136986
chrX	143680001	143690000	B.2.1.2.1.2.2.2.1.1.2	0.25	0.263698630136986
chrX	143690001	143700000	B.2.1.2.1.2.2.2.1.1.2	0.25	0.263698630136986
chrX	143700001	143710000	B.2.1.2.1.2.2.2.1.1.2	0.25	0.263698630136986
chrX	143710001	143720000	B.2.1.2.1.2.2.2.1.1.2	0.25	0.263698630136986
chrX	143720001	143730000	B.2.1.2.1.2.2.2.1.1.2	0.25	0.263698630136986
chrX	143730001	143740000	B.2.1.2.1.2.2.2.1.1.2	0.25	0.263698630136986
chrX	143740001	143750000	B.2.1.2.1.2.2.2.1.1.2	0.25	0.263698630136986
chrX	143750001	143760000	B.2.1.2.1.2.2.2.1.1.2	0.25	0.263698630136986
chrX	143760001	143770000	B.2.1.2.1.2.2.2.1.1.2	0.25	0.263698630136986
chrX	143770001	143780000	B.2.1.2.1.2.2.2.1.1.2	0.25	0.263698630136986
chrX	143780001	143790000	B.2.1.2.1.2.2.2.1.1.2	0.25	0.263698630136986
chrX	143790001	143800000	B.2.1.2.1.2.2.2.1.1.2	0.25	0.263698630136986
chrX	143800001	143810000	B.2.1.2.1.2.2.2.1.2	0.25	0.26027397260274
chrX	143810001	143820000	B.2.1.2.1.2.2.2.1.2	0.25	0.26027397260274
chrX	143820001	143830000	B.2.1.2.1.2.2.2.1.2	0.25	0.26027397260274
chrX	143830001	143840000	B.2.1.2.1.2.2.2.1.2	0.25	0.26027397260274
chrX	143840001	143850000	B.2.1.2.1.2.2.2.1.2	0.25	0.26027397260274
chrX	143850001	143860000	B.2.1.2.1.2.2.2.1.2	0.25	0.26027397260274
chrX	143860001	143870000	B.2.1.2.1.2.2.2.1.2	0.25	0.26027397260274
chrX	143870001	143880000	B.2.1.2.1.2.2.2.1.2	0.25	0.26027397260274
chrX	143880001	143890000	B.2.1.2.1.2.2.2.1.2	0.25	0.26027397260274
chrX	143890001	143900000	B.2.1.2.1.2.2.2.1.2	0.25	0.26027397260274
chrX	143900001	143910000	B.2.1.2.1.2.2.2.1.2	0.25	0.26027397260274
chrX	143910001	143920000	B.2.1.2.1.2.2.2.1.2	0.25	0.26027397260274
chrX	143920001	143930000	B.2.1.2.1.2.2.2.1.2	0.25	0.26027397260274
chrX	143930001	143940000	B.2.1.2.1.2.2.2.1.2	0.25	0.26027397260274
chrX	143940001	143950000	B.2.1.2.1.2.2.2.1.2	0.25	0.26027397260274
chrX	143950001	143960000	B.2.1.2.1.2.2.2.1.2	0.25	0.26027397260274
chrX	143960001	143970000	B.2.1.2.1.2.2.2.1.2	0.25	0.26027397260274
chrX	143970001	143980000	B.2.1.2.1.2.2.2.1.2	0.25	0.26027397260274
chrX	143980001	143990000	B.2.1.2.1.2.2.2.1.2	0.25	0.26027397260274
chrX	143990001	1.44e+08	B.2.1.2.1.2.2.2.1.2	0.25	0.26027397260274
chrX	144000001	144010000	B.2.1.2.1.2.2.2.1.2	0.25	0.26027397260274
chrX	144010001	144020000	B.2.1.2.1.2.2.2.1.2	0.25	0.26027397260274
chrX	144020001	144030000	B.2.1.2.1.2.2.2.1.2	0.25	0.26027397260274
chrX	144030001	144040000	B.2.1.2.1.2.2.2.1.2	0.25	0.26027397260274
chrX	144040001	144050000	B.2.1.2.1.2.2.2.1.2	0.25	0.26027397260274
chrX	144050001	144060000	B.2.1.2.1.2.2.2.1.2	0.25	0.26027397260274
chrX	144060001	144070000	B.2.1.2.1.2.2.2.1.2	0.25	0.26027397260274
chrX	144070001	144080000	B.2.1.2.1.2.2.2.1.2	0.25	0.26027397260274
chrX	144080001	144090000	B.2.1.2.1.2.2.2.1.2	0.25	0.26027397260274
chrX	144090001	144100000	B.2.1.2.1.2.2.2.1.2	0.25	0.26027397260274
chrX	144100001	144110000	B.2.2.2.1.2.1	0.125	0.0273972602739726
chrX	144110001	144120000	B.2.2.2.1.2.1	0.125	0.0273972602739726
chrX	144120001	144130000	B.2.2.2.1.2.1	0.125	0.0273972602739726
chrX	144130001	144140000	B.2.2.2.1.2.1	0.125	0.0273972602739726
chrX	144140001	144150000	B.2.2.2.1.2.1	0.125	0.0273972602739726
chrX	144150001	144160000	B.2.2.2.1.2.1	0.125	0.0273972602739726
chrX	144160001	144170000	B.2.2.2.1.2.1	0.125	0.0273972602739726
chrX	144170001	144180000	B.2.2.2.1.2.1	0.125	0.0273972602739726
chrX	144180001	144190000	B.2.2.2.1.2.1	0.125	0.0273972602739726
chrX	144190001	144200000	B.2.2.2.1.2.1	0.125	0.0273972602739726
chrX	144200001	144210000	B.2.2.2.1.2.1	0.125	0.0273972602739726
chrX	144210001	144220000	B.2.2.2.1.2.1	0.125	0.0273972602739726
chrX	144220001	144230000	B.2.2.2.1.2.1	0.125	0.0273972602739726
chrX	144230001	144240000	B.2.2.2.1.2.1	0.125	0.0273972602739726
chrX	144240001	144250000	B.2.2.2.1.2.1	0.125	0.0273972602739726
chrX	144250001	144260000	B.2.1.2.1.2.2.1.2.2.2	0.25	0.27054794520548
chrX	144260001	144270000	B.2.1.2.1.2.2.1.2.2.2	0.25	0.27054794520548
chrX	144270001	144280000	B.2.1.2.1.2.2.1.2.2.2	0.25	0.27054794520548
chrX	144280001	144290000	B.2.1.2.1.2.2.1.2.2.2	0.25	0.27054794520548
chrX	144290001	144300000	B.2.1.2.1.2.2.1.2.2.2	0.25	0.27054794520548
chrX	144300001	144310000	B.2.1.2.1.2.2.1.2.2.2	0.25	0.27054794520548
chrX	144310001	144320000	B.2.1.2.1.2.2.1.2.2.2	0.25	0.27054794520548
chrX	144320001	144330000	B.2.1.2.1.2.2.1.2.2.2	0.25	0.27054794520548
chrX	144330001	144340000	B.2.1.2.1.2.2.1.2.2.2	0.25	0.27054794520548
chrX	144340001	144350000	B.2.1.2.1.2.2.1.2.2.2	0.25	0.27054794520548
chrX	144350001	144360000	B.2.2.2.1.2.2.1.1	0.125	0.023972602739726
chrX	144360001	144370000	B.2.2.2.1.2.2.1.1	0.125	0.023972602739726
chrX	144370001	144380000	B.2.2.2.1.2.2.1.1	0.125	0.023972602739726
chrX	144380001	144390000	B.2.2.2.1.2.2.1.1	0.125	0.023972602739726
chrX	144390001	144400000	B.2.2.2.1.2.2.1.1	0.125	0.023972602739726
chrX	144400001	144410000	B.2.2.2.1.2.2.1.1	0.125	0.023972602739726
chrX	144410001	144420000	B.2.2.2.1.2.2.1.1	0.125	0.023972602739726
chrX	144420001	144430000	B.2.2.2.1.2.2.1.1	0.125	0.023972602739726
chrX	144430001	144440000	B.2.2.2.1.2.2.1.1	0.125	0.023972602739726
chrX	144440001	144450000	B.2.2.2.1.2.2.1.1	0.125	0.023972602739726
chrX	144450001	144460000	B.2.2.2.1.2.2.1.1	0.125	0.023972602739726
chrX	144460001	144470000	B.2.2.2.1.2.2.1.1	0.125	0.023972602739726
chrX	144470001	144480000	B.2.2.2.1.2.2.1.1	0.125	0.023972602739726
chrX	144480001	144490000	B.2.2.2.1.2.2.1.1	0.125	0.023972602739726
chrX	144490001	144500000	B.2.2.2.1.2.2.1.1	0.125	0.023972602739726
chrX	144500001	144510000	B.2.2.2.1.2.2.1.1	0.125	0.023972602739726
chrX	144510001	144520000	B.2.2.2.1.2.2.1.1	0.125	0.023972602739726
chrX	144520001	144530000	B.2.2.2.1.2.2.1.1	0.125	0.023972602739726
chrX	144530001	144540000	B.2.2.2.1.2.2.1.1	0.125	0.023972602739726
chrX	144540001	144550000	B.2.2.2.1.2.2.1.1	0.125	0.023972602739726
chrX	144550001	144560000	B.2.2.2.1.2.2.1.1	0.125	0.023972602739726
chrX	144560001	144570000	B.2.2.2.1.2.2.1.1	0.125	0.023972602739726
chrX	144570001	144580000	B.2.2.2.1.2.2.1.1	0.125	0.023972602739726
chrX	144580001	144590000	B.2.2.2.1.2.2.1.1	0.125	0.023972602739726
chrX	144590001	144600000	B.2.2.2.1.2.2.1.1	0.125	0.023972602739726
chrX	144600001	144610000	B.2.2.2.1.2.2.1.1	0.125	0.023972602739726
chrX	144610001	144620000	B.2.2.2.1.2.2.1.1	0.125	0.023972602739726
chrX	144620001	144630000	B.2.2.2.1.2.2.1.1	0.125	0.023972602739726
chrX	144630001	144640000	B.2.2.2.1.2.2.1.1	0.125	0.023972602739726
chrX	144640001	144650000	B.2.2.2.1.2.2.1.1	0.125	0.023972602739726
chrX	144650001	144660000	B.2.2.2.1.2.2.1.1	0.125	0.023972602739726
chrX	144660001	144670000	B.2.2.2.1.2.2.1.1	0.125	0.023972602739726
chrX	144670001	144680000	B.2.2.2.1.2.2.1.1	0.125	0.023972602739726
chrX	144680001	144690000	B.2.2.2.1.2.2.1.1	0.125	0.023972602739726
chrX	144690001	144700000	B.2.2.2.1.2.2.1.1	0.125	0.023972602739726
chrX	144700001	144710000	B.2.2.2.1.2.2.1.1	0.125	0.023972602739726
chrX	144710001	144720000	B.2.2.2.1.2.2.1.1	0.125	0.023972602739726
chrX	144720001	144730000	B.2.2.2.1.2.2.1.1	0.125	0.023972602739726
chrX	144730001	144740000	B.2.2.2.1.2.2.1.1	0.125	0.023972602739726
chrX	144740001	144750000	B.2.2.2.1.2.2.1.1	0.125	0.023972602739726
chrX	144750001	144760000	B.2.2.2.1.2.2.1.1	0.125	0.023972602739726
chrX	144760001	144770000	B.2.2.2.1.2.2.1.1	0.125	0.023972602739726
chrX	144770001	144780000	B.2.2.2.1.2.2.1.1	0.125	0.023972602739726
chrX	144780001	144790000	B.2.2.2.1.2.2.1.1	0.125	0.023972602739726
chrX	144790001	144800000	B.2.2.2.1.2.2.1.1	0.125	0.023972602739726
chrX	144800001	144810000	B.2.2.2.1.2.2.1.1	0.125	0.023972602739726
chrX	144810001	144820000	B.2.2.2.1.2.2.1.1	0.125	0.023972602739726
chrX	144820001	144830000	B.2.2.2.1.2.2.1.1	0.125	0.023972602739726
chrX	144830001	144840000	B.2.2.2.1.2.2.1.1	0.125	0.023972602739726
chrX	144840001	144850000	B.2.2.2.1.2.2.1.1	0.125	0.023972602739726
chrX	144850001	144860000	B.2.2.2.1.2.2.1.1	0.125	0.023972602739726
chrX	144860001	144870000	B.2.2.2.1.2.2.1.1	0.125	0.023972602739726
chrX	144870001	144880000	B.2.2.2.1.2.2.1.1	0.125	0.023972602739726
chrX	144880001	144890000	B.2.2.2.1.2.2.1.1	0.125	0.023972602739726
chrX	144890001	144900000	B.2.2.2.1.2.2.1.1	0.125	0.023972602739726
chrX	144900001	144910000	B.2.2.2.1.2.2.1.1	0.125	0.023972602739726
chrX	144910001	144920000	B.2.2.2.1.2.2.1.1	0.125	0.023972602739726
chrX	144920001	144930000	B.2.2.2.1.2.2.1.1	0.125	0.023972602739726
chrX	144930001	144940000	B.2.2.2.1.2.2.1.1	0.125	0.023972602739726
chrX	144940001	144950000	B.2.2.2.1.2.2.1.1	0.125	0.023972602739726
chrX	144950001	144960000	B.2.1.2.1.1.2.1	0.25	0.308219178082192
chrX	144960001	144970000	B.2.1.2.1.1.2.1	0.25	0.308219178082192
chrX	144970001	144980000	B.2.1.2.1.1.2.1	0.25	0.308219178082192
chrX	144980001	144990000	B.2.1.2.1.1.2.1	0.25	0.308219178082192
chrX	144990001	1.45e+08	B.2.1.2.1.1.2.1	0.25	0.308219178082192
chrX	145000001	145010000	B.2.1.2.1.1.2.1	0.25	0.308219178082192
chrX	145010001	145020000	B.2.1.2.1.1.2.1	0.25	0.308219178082192
chrX	145020001	145030000	B.2.1.2.1.1.2.1	0.25	0.308219178082192
chrX	145030001	145040000	B.2.1.2.1.1.2.1	0.25	0.308219178082192
chrX	145040001	145050000	B.2.1.2.1.1.2.1	0.25	0.308219178082192
chrX	145050001	145060000	B.2.1.2.1.1.2.1	0.25	0.308219178082192
chrX	145060001	145070000	B.2.1.2.1.1.2.1	0.25	0.308219178082192
chrX	145070001	145080000	B.2.1.2.1.1.2.1	0.25	0.308219178082192
chrX	145080001	145090000	B.2.1.2.1.1.2.1	0.25	0.308219178082192
chrX	145090001	145100000	B.2.1.2.1.1.2.1	0.25	0.308219178082192
chrX	145100001	145110000	B.2.2.2.1.2.2.2	0.125	0.0171232876712329
chrX	145110001	145120000	B.2.2.2.1.2.2.2	0.125	0.0171232876712329
chrX	145120001	145130000	B.2.2.2.1.2.2.2	0.125	0.0171232876712329
chrX	145130001	145140000	B.2.2.2.1.2.2.2	0.125	0.0171232876712329
chrX	145140001	145150000	B.2.2.2.1.2.2.2	0.125	0.0171232876712329
chrX	145150001	145160000	B.2.2.2.1.2.2.2	0.125	0.0171232876712329
chrX	145160001	145170000	B.2.2.2.1.2.2.2	0.125	0.0171232876712329
chrX	145170001	145180000	B.2.2.2.1.2.2.2	0.125	0.0171232876712329
chrX	145180001	145190000	B.2.2.2.1.2.2.2	0.125	0.0171232876712329
chrX	145190001	145200000	B.2.2.2.1.2.2.2	0.125	0.0171232876712329
chrX	145200001	145210000	B.2.2.2.1.2.2.2	0.125	0.0171232876712329
chrX	145210001	145220000	B.2.2.2.1.2.2.2	0.125	0.0171232876712329
chrX	145220001	145230000	B.2.2.2.1.2.2.2	0.125	0.0171232876712329
chrX	145230001	145240000	B.2.2.2.1.2.2.2	0.125	0.0171232876712329
chrX	145240001	145250000	B.2.2.2.1.2.2.2	0.125	0.0171232876712329
chrX	145250001	145260000	B.2.2.2.1.2.2.2	0.125	0.0171232876712329
chrX	145260001	145270000	B.2.2.2.1.2.2.2	0.125	0.0171232876712329
chrX	145270001	145280000	B.2.2.2.1.2.2.2	0.125	0.0171232876712329
chrX	145280001	145290000	B.2.2.2.1.2.2.2	0.125	0.0171232876712329
chrX	145290001	145300000	B.2.2.2.1.2.2.2	0.125	0.0171232876712329
chrX	145300001	145310000	B.2.2.2.1.2.2.2	0.125	0.0171232876712329
chrX	145310001	145320000	B.2.2.2.1.2.2.2	0.125	0.0171232876712329
chrX	145320001	145330000	B.2.2.2.1.2.2.2	0.125	0.0171232876712329
chrX	145330001	145340000	B.2.2.2.1.2.2.2	0.125	0.0171232876712329
chrX	145340001	145350000	B.2.2.2.1.2.2.2	0.125	0.0171232876712329
chrX	145350001	145360000	B.2.2.2.1.2.2.1.2	0.125	0.0205479452054795
chrX	145360001	145370000	B.2.2.2.1.2.2.1.2	0.125	0.0205479452054795
chrX	145370001	145380000	B.2.2.2.1.2.2.1.2	0.125	0.0205479452054795
chrX	145380001	145390000	B.2.2.2.1.2.2.1.2	0.125	0.0205479452054795
chrX	145390001	145400000	B.2.2.2.1.2.2.1.2	0.125	0.0205479452054795
chrX	145400001	145410000	B.2.2.2.1.2.2.1.2	0.125	0.0205479452054795
chrX	145410001	145420000	B.2.2.2.1.2.2.1.2	0.125	0.0205479452054795
chrX	145420001	145430000	B.2.2.2.1.2.2.1.2	0.125	0.0205479452054795
chrX	145430001	145440000	B.2.2.2.1.2.2.1.2	0.125	0.0205479452054795
chrX	145440001	145450000	B.2.2.2.1.2.2.1.2	0.125	0.0205479452054795
chrX	145450001	145460000	B.2.2.2.1.2.2.1.2	0.125	0.0205479452054795
chrX	145460001	145470000	B.2.2.2.1.2.2.1.2	0.125	0.0205479452054795
chrX	145470001	145480000	B.2.2.2.1.2.2.1.2	0.125	0.0205479452054795
chrX	145480001	145490000	B.2.2.2.1.2.2.1.2	0.125	0.0205479452054795
chrX	145490001	145500000	B.2.2.2.1.2.2.1.2	0.125	0.0205479452054795
chrX	145500001	145510000	B.2.2.2.1.2.2.1.2	0.125	0.0205479452054795
chrX	145510001	145520000	B.2.2.2.1.2.2.1.2	0.125	0.0205479452054795
chrX	145520001	145530000	B.2.2.2.1.2.2.1.2	0.125	0.0205479452054795
chrX	145530001	145540000	B.2.2.2.1.2.2.1.2	0.125	0.0205479452054795
chrX	145540001	145550000	B.2.2.2.1.2.2.1.2	0.125	0.0205479452054795
chrX	145550001	145560000	B.2.2.2.1.2.2.1.2	0.125	0.0205479452054795
chrX	145560001	145570000	B.2.2.2.1.2.2.1.2	0.125	0.0205479452054795
chrX	145570001	145580000	B.2.2.2.1.2.2.1.2	0.125	0.0205479452054795
chrX	145580001	145590000	B.2.2.2.1.2.2.1.2	0.125	0.0205479452054795
chrX	145590001	145600000	B.2.2.2.1.2.2.1.2	0.125	0.0205479452054795
chrX	145600001	145610000	B.2.2.2.1.2.2.1.2	0.125	0.0205479452054795
chrX	145610001	145620000	B.2.2.2.1.2.2.1.2	0.125	0.0205479452054795
chrX	145620001	145630000	B.2.2.2.1.2.2.1.2	0.125	0.0205479452054795
chrX	145630001	145640000	B.2.2.2.1.2.2.1.2	0.125	0.0205479452054795
chrX	145640001	145650000	B.2.2.2.1.2.2.1.2	0.125	0.0205479452054795
chrX	145650001	145660000	B.2.2.2.1.2.2.1.2	0.125	0.0205479452054795
chrX	145660001	145670000	B.2.2.2.1.2.2.1.2	0.125	0.0205479452054795
chrX	145670001	145680000	B.2.2.2.1.2.2.1.2	0.125	0.0205479452054795
chrX	145680001	145690000	B.2.2.2.1.2.2.1.2	0.125	0.0205479452054795
chrX	145690001	145700000	B.2.2.2.1.2.2.1.2	0.125	0.0205479452054795
chrX	145700001	145710000	B.2.2.2.1.2.2.1.2	0.125	0.0205479452054795
chrX	145710001	145720000	B.2.2.2.1.2.2.1.2	0.125	0.0205479452054795
chrX	145720001	145730000	B.2.2.2.1.2.2.1.2	0.125	0.0205479452054795
chrX	145730001	145740000	B.2.2.2.1.2.2.1.2	0.125	0.0205479452054795
chrX	145740001	145750000	B.2.2.2.1.2.2.1.2	0.125	0.0205479452054795
chrX	145750001	145760000	B.2.1.2.1.2.2.2.2	0.25	0.256849315068493
chrX	145760001	145770000	B.2.1.2.1.2.2.2.2	0.25	0.256849315068493
chrX	145770001	145780000	B.2.1.2.1.2.2.2.2	0.25	0.256849315068493
chrX	145780001	145790000	B.2.1.2.1.2.2.2.2	0.25	0.256849315068493
chrX	145790001	145800000	B.2.1.2.1.2.2.2.2	0.25	0.256849315068493
chrX	145800001	145810000	B.2.1.2.1.2.2.2.2	0.25	0.256849315068493
chrX	145810001	145820000	B.2.1.2.1.2.2.2.2	0.25	0.256849315068493
chrX	145820001	145830000	B.2.1.2.1.2.2.2.2	0.25	0.256849315068493
chrX	145830001	145840000	B.2.1.2.1.2.2.2.2	0.25	0.256849315068493
chrX	145840001	145850000	B.2.1.2.1.2.2.2.2	0.25	0.256849315068493
chrX	145850001	145860000	B.2.1.2.1.2.2.2.2	0.25	0.256849315068493
chrX	145860001	145870000	B.2.1.2.1.2.2.2.2	0.25	0.256849315068493
chrX	145870001	145880000	B.2.1.2.1.2.2.2.2	0.25	0.256849315068493
chrX	145880001	145890000	B.2.1.2.1.2.2.2.2	0.25	0.256849315068493
chrX	145890001	145900000	B.2.1.2.1.2.2.2.2	0.25	0.256849315068493
chrX	145900001	145910000	B.2.1.2.1.2.2.2.1.1.1	0.25	0.267123287671233
chrX	145910001	145920000	B.2.1.2.1.2.2.2.1.1.1	0.25	0.267123287671233
chrX	145920001	145930000	B.2.1.2.1.2.2.2.1.1.1	0.25	0.267123287671233
chrX	145930001	145940000	B.2.1.2.1.2.2.2.1.1.1	0.25	0.267123287671233
chrX	145940001	145950000	B.2.1.2.1.2.2.2.1.1.1	0.25	0.267123287671233
chrX	145950001	145960000	B.2.1.2.1.2.2.2.1.1.1	0.25	0.267123287671233
chrX	145960001	145970000	B.2.1.2.1.2.2.2.1.1.1	0.25	0.267123287671233
chrX	145970001	145980000	B.2.1.2.1.2.2.2.1.1.1	0.25	0.267123287671233
chrX	145980001	145990000	B.2.1.2.1.2.2.2.1.1.1	0.25	0.267123287671233
chrX	145990001	1.46e+08	B.2.1.2.1.2.2.2.1.1.1	0.25	0.267123287671233
chrX	146000001	146010000	B.2.1.2.1.2.2.2.1.1.1	0.25	0.267123287671233
chrX	146010001	146020000	B.2.1.2.1.2.2.2.1.1.1	0.25	0.267123287671233
chrX	146020001	146030000	B.2.1.2.1.2.2.2.1.1.1	0.25	0.267123287671233
chrX	146030001	146040000	B.2.1.2.1.2.2.2.1.1.1	0.25	0.267123287671233
chrX	146040001	146050000	B.2.1.2.1.2.2.2.1.1.1	0.25	0.267123287671233
chrX	146050001	146060000	B.2.1.2.1.2.2.2.1.1.1	0.25	0.267123287671233
chrX	146060001	146070000	B.2.1.2.1.2.2.2.1.1.1	0.25	0.267123287671233
chrX	146070001	146080000	B.2.1.2.1.2.2.2.1.1.1	0.25	0.267123287671233
chrX	146080001	146090000	B.2.1.2.1.2.2.2.1.1.1	0.25	0.267123287671233
chrX	146090001	146100000	B.2.1.2.1.2.2.2.1.1.1	0.25	0.267123287671233
chrX	146100001	146110000	B.2.1.2.1.2.2.2.1.1.1	0.25	0.267123287671233
chrX	146110001	146120000	B.2.1.2.1.2.2.2.1.1.1	0.25	0.267123287671233
chrX	146120001	146130000	B.2.1.2.1.2.2.2.1.1.1	0.25	0.267123287671233
chrX	146130001	146140000	B.2.1.2.1.2.2.2.1.1.1	0.25	0.267123287671233
chrX	146140001	146150000	B.2.1.2.1.2.2.2.1.1.1	0.25	0.267123287671233
chrX	146150001	146160000	B.2.1.2.1.2.2.2.1.1.1	0.25	0.267123287671233
chrX	146160001	146170000	B.2.1.2.1.2.2.2.1.1.1	0.25	0.267123287671233
chrX	146170001	146180000	B.2.1.2.1.2.2.2.1.1.1	0.25	0.267123287671233
chrX	146180001	146190000	B.2.1.2.1.2.2.2.1.1.1	0.25	0.267123287671233
chrX	146190001	146200000	B.2.1.2.1.2.2.2.1.1.1	0.25	0.267123287671233
chrX	146200001	146210000	B.2.1.2.1.2.2.2.1.1.1	0.25	0.267123287671233
chrX	146210001	146220000	B.2.1.2.1.2.2.2.1.1.1	0.25	0.267123287671233
chrX	146220001	146230000	B.2.1.2.1.2.2.2.1.1.1	0.25	0.267123287671233
chrX	146230001	146240000	B.2.1.2.1.2.2.2.1.1.1	0.25	0.267123287671233
chrX	146240001	146250000	B.2.1.2.1.2.2.2.1.1.1	0.25	0.267123287671233
chrX	146250001	146260000	B.2.1.2.1.2.2.2.1.1.1	0.25	0.267123287671233
chrX	146260001	146270000	B.2.1.2.1.2.2.2.1.1.1	0.25	0.267123287671233
chrX	146270001	146280000	B.2.1.2.1.2.2.2.1.1.1	0.25	0.267123287671233
chrX	146280001	146290000	B.2.1.2.1.2.2.2.1.1.1	0.25	0.267123287671233
chrX	146290001	146300000	B.2.1.2.1.2.2.2.1.1.1	0.25	0.267123287671233
chrX	146300001	146310000	B.2.1.2.1.2.1.1.2	0.25	0.297945205479452
chrX	146310001	146320000	B.2.1.2.1.2.1.1.2	0.25	0.297945205479452
chrX	146320001	146330000	B.2.1.2.1.2.1.1.2	0.25	0.297945205479452
chrX	146330001	146340000	B.2.1.2.1.2.1.1.2	0.25	0.297945205479452
chrX	146340001	146350000	B.2.1.2.1.2.1.1.2	0.25	0.297945205479452
chrX	146350001	146360000	B.2.1.2.1.2.1.1.2	0.25	0.297945205479452
chrX	146360001	146370000	B.2.1.2.1.2.1.1.2	0.25	0.297945205479452
chrX	146370001	146380000	B.2.1.2.1.2.1.1.2	0.25	0.297945205479452
chrX	146380001	146390000	B.2.1.2.1.2.1.1.2	0.25	0.297945205479452
chrX	146390001	146400000	B.2.1.2.1.2.1.1.2	0.25	0.297945205479452
chrX	146400001	146410000	B.2.1.2.1.2.1.1.2	0.25	0.297945205479452
chrX	146410001	146420000	B.2.1.2.1.2.1.1.2	0.25	0.297945205479452
chrX	146420001	146430000	B.2.1.2.1.2.1.1.2	0.25	0.297945205479452
chrX	146430001	146440000	B.2.1.2.1.2.1.1.2	0.25	0.297945205479452
chrX	146440001	146450000	B.2.1.2.1.2.1.1.2	0.25	0.297945205479452
chrX	146450001	146460000	B.2.1.2.1.2.2.1.2.2.1	0.25	0.273972602739726
chrX	146460001	146470000	B.2.1.2.1.2.2.1.2.2.1	0.25	0.273972602739726
chrX	146470001	146480000	B.2.1.2.1.2.2.1.2.2.1	0.25	0.273972602739726
chrX	146480001	146490000	B.2.1.2.1.2.2.1.2.2.1	0.25	0.273972602739726
chrX	146490001	146500000	B.2.1.2.1.2.2.1.2.2.1	0.25	0.273972602739726
chrX	146500001	146510000	B.2.1.2.1.2.2.1.2.2.1	0.25	0.273972602739726
chrX	146510001	146520000	B.2.1.2.1.2.2.1.2.2.1	0.25	0.273972602739726
chrX	146520001	146530000	B.2.1.2.1.2.2.1.2.2.1	0.25	0.273972602739726
chrX	146530001	146540000	B.2.1.2.1.2.2.1.2.2.1	0.25	0.273972602739726
chrX	146540001	146550000	B.2.1.2.1.2.2.1.2.2.1	0.25	0.273972602739726
chrX	146550001	146560000	B.2.1.2.1.2.2.1.2.2.1	0.25	0.273972602739726
chrX	146560001	146570000	B.2.1.2.1.2.2.1.2.2.1	0.25	0.273972602739726
chrX	146570001	146580000	B.2.1.2.1.2.2.1.2.2.1	0.25	0.273972602739726
chrX	146580001	146590000	B.2.1.2.1.2.2.1.2.2.1	0.25	0.273972602739726
chrX	146590001	146600000	B.2.1.2.1.2.2.1.2.2.1	0.25	0.273972602739726
chrX	146600001	146610000	B.2.1.2.1.2.2.1.2.2.1	0.25	0.273972602739726
chrX	146610001	146620000	B.2.1.2.1.2.2.1.2.2.1	0.25	0.273972602739726
chrX	146620001	146630000	B.2.1.2.1.2.2.1.2.2.1	0.25	0.273972602739726
chrX	146630001	146640000	B.2.1.2.1.2.2.1.2.2.1	0.25	0.273972602739726
chrX	146640001	146650000	B.2.1.2.1.2.2.1.2.2.1	0.25	0.273972602739726
chrX	146650001	146660000	B.2.1.2.1.2.2.1.2.1.2	0.25	0.277397260273973
chrX	146660001	146670000	B.2.1.2.1.2.2.1.2.1.2	0.25	0.277397260273973
chrX	146670001	146680000	B.2.1.2.1.2.2.1.2.1.2	0.25	0.277397260273973
chrX	146680001	146690000	B.2.1.2.1.2.2.1.2.1.2	0.25	0.277397260273973
chrX	146690001	146700000	B.2.1.2.1.2.2.1.2.1.2	0.25	0.277397260273973
chrX	146700001	146710000	B.2.1.2.1.2.2.1.2.1.2	0.25	0.277397260273973
chrX	146710001	146720000	B.2.1.2.1.2.2.1.2.1.2	0.25	0.277397260273973
chrX	146720001	146730000	B.2.1.2.1.2.2.1.2.1.2	0.25	0.277397260273973
chrX	146730001	146740000	B.2.1.2.1.2.2.1.2.1.2	0.25	0.277397260273973
chrX	146740001	146750000	B.2.1.2.1.2.2.1.2.1.2	0.25	0.277397260273973
chrX	146750001	146760000	B.2.1.2.1.2.2.1.2.1.2	0.25	0.277397260273973
chrX	146760001	146770000	B.2.1.2.1.2.2.1.2.1.2	0.25	0.277397260273973
chrX	146770001	146780000	B.2.1.2.1.2.2.1.2.1.2	0.25	0.277397260273973
chrX	146780001	146790000	B.2.1.2.1.2.2.1.2.1.2	0.25	0.277397260273973
chrX	146790001	146800000	B.2.1.2.1.2.2.1.2.1.2	0.25	0.277397260273973
chrX	146800001	146810000	B.2.1.2.1.1.1.1.1.1.2	0.25	0.321917808219178
chrX	146810001	146820000	B.2.1.2.1.1.1.1.1.1.2	0.25	0.321917808219178
chrX	146820001	146830000	B.2.1.2.1.1.1.1.1.1.2	0.25	0.321917808219178
chrX	146830001	146840000	B.2.1.2.1.1.1.1.1.1.2	0.25	0.321917808219178
chrX	146840001	146850000	B.2.1.2.1.1.1.1.1.1.2	0.25	0.321917808219178
chrX	146850001	146860000	B.2.1.2.1.1.1.1.1.1.2	0.25	0.321917808219178
chrX	146860001	146870000	B.2.1.2.1.1.1.1.1.1.2	0.25	0.321917808219178
chrX	146870001	146880000	B.2.1.2.1.1.1.1.1.1.2	0.25	0.321917808219178
chrX	146880001	146890000	B.2.1.2.1.1.1.1.1.1.2	0.25	0.321917808219178
chrX	146890001	146900000	B.2.1.2.1.1.1.1.1.1.2	0.25	0.321917808219178
chrX	146900001	146910000	B.2.1.2.1.1.1.1.1.1.2	0.25	0.321917808219178
chrX	146910001	146920000	B.2.1.2.1.1.1.1.1.1.2	0.25	0.321917808219178
chrX	146920001	146930000	B.2.1.2.1.1.1.1.1.1.2	0.25	0.321917808219178
chrX	146930001	146940000	B.2.1.2.1.1.1.1.1.1.2	0.25	0.321917808219178
chrX	146940001	146950000	B.2.1.2.1.1.1.1.1.1.2	0.25	0.321917808219178
chrX	146950001	146960000	B.2.1.2.1.1.1.1.1.1.2	0.25	0.321917808219178
chrX	146960001	146970000	B.2.1.2.1.1.1.1.1.1.2	0.25	0.321917808219178
chrX	146970001	146980000	B.2.1.2.1.1.1.1.1.1.2	0.25	0.321917808219178
chrX	146980001	146990000	B.2.1.2.1.1.1.1.1.1.2	0.25	0.321917808219178
chrX	146990001	1.47e+08	B.2.1.2.1.1.1.1.1.1.2	0.25	0.321917808219178
chrX	147000001	147010000	B.2.1.2.1.1.1.1.1.1.2	0.25	0.321917808219178
chrX	147010001	147020000	B.2.1.2.1.1.1.1.1.1.2	0.25	0.321917808219178
chrX	147020001	147030000	B.2.1.2.1.1.1.1.1.1.2	0.25	0.321917808219178
chrX	147030001	147040000	B.2.1.2.1.1.1.1.1.1.2	0.25	0.321917808219178
chrX	147040001	147050000	B.2.1.2.1.1.1.1.1.1.2	0.25	0.321917808219178
chrX	147050001	147060000	B.2.1.2.1.1.1.1.1.1.2	0.25	0.321917808219178
chrX	147060001	147070000	B.2.1.2.1.1.1.1.1.1.2	0.25	0.321917808219178
chrX	147070001	147080000	B.2.1.2.1.1.1.1.1.1.2	0.25	0.321917808219178
chrX	147080001	147090000	B.2.1.2.1.1.1.1.1.1.2	0.25	0.321917808219178
chrX	147090001	147100000	B.2.1.2.1.1.1.1.1.1.2	0.25	0.321917808219178
chrX	147100001	147110000	B.2.1.2.1.1.1.1.1.1.2	0.25	0.321917808219178
chrX	147110001	147120000	B.2.1.2.1.1.1.1.1.1.2	0.25	0.321917808219178
chrX	147120001	147130000	B.2.1.2.1.1.1.1.1.1.2	0.25	0.321917808219178
chrX	147130001	147140000	B.2.1.2.1.1.1.1.1.1.2	0.25	0.321917808219178
chrX	147140001	147150000	B.2.1.2.1.1.1.1.1.1.2	0.25	0.321917808219178
chrX	147150001	147160000	B.2.1.2.1.1.1.1.1.1.2	0.25	0.321917808219178
chrX	147160001	147170000	B.2.1.2.1.1.1.1.1.1.2	0.25	0.321917808219178
chrX	147170001	147180000	B.2.1.2.1.1.1.1.1.1.2	0.25	0.321917808219178
chrX	147180001	147190000	B.2.1.2.1.1.1.1.1.1.2	0.25	0.321917808219178
chrX	147190001	147200000	B.2.1.2.1.1.1.1.1.1.2	0.25	0.321917808219178
chrX	147200001	147210000	B.2.1.2.1.1.1.1.1.1.2	0.25	0.321917808219178
chrX	147210001	147220000	B.2.1.2.1.1.1.1.1.1.2	0.25	0.321917808219178
chrX	147220001	147230000	B.2.1.2.1.1.1.1.1.1.2	0.25	0.321917808219178
chrX	147230001	147240000	B.2.1.2.1.1.1.1.1.1.2	0.25	0.321917808219178
chrX	147240001	147250000	B.2.1.2.1.1.1.1.1.1.2	0.25	0.321917808219178
chrX	147250001	147260000	B.2.1.2.1.1.1.1.1.1.2	0.25	0.321917808219178
chrX	147260001	147270000	B.2.1.2.1.1.1.1.1.1.2	0.25	0.321917808219178
chrX	147270001	147280000	B.2.1.2.1.1.1.1.1.1.2	0.25	0.321917808219178
chrX	147280001	147290000	B.2.1.2.1.1.1.1.1.1.2	0.25	0.321917808219178
chrX	147290001	147300000	B.2.1.2.1.1.1.1.1.1.2	0.25	0.321917808219178
chrX	147300001	147310000	B.2.1.2.1.1.1.1.1.1.2	0.25	0.321917808219178
chrX	147310001	147320000	B.2.1.2.1.1.1.1.1.1.2	0.25	0.321917808219178
chrX	147320001	147330000	B.2.1.2.1.1.1.1.1.1.2	0.25	0.321917808219178
chrX	147330001	147340000	B.2.1.2.1.1.1.1.1.1.2	0.25	0.321917808219178
chrX	147340001	147350000	B.2.1.2.1.1.1.1.1.1.2	0.25	0.321917808219178
chrX	147350001	147360000	B.2.1.2.1.2.2.1.2.1.1	0.25	0.280821917808219
chrX	147360001	147370000	B.2.1.2.1.2.2.1.2.1.1	0.25	0.280821917808219
chrX	147370001	147380000	B.2.1.2.1.2.2.1.2.1.1	0.25	0.280821917808219
chrX	147380001	147390000	B.2.1.2.1.2.2.1.2.1.1	0.25	0.280821917808219
chrX	147390001	147400000	B.2.1.2.1.2.2.1.2.1.1	0.25	0.280821917808219
chrX	147400001	147410000	B.2.1.2.1.2.2.1.2.1.1	0.25	0.280821917808219
chrX	147410001	147420000	B.2.1.2.1.2.2.1.2.1.1	0.25	0.280821917808219
chrX	147420001	147430000	B.2.1.2.1.2.2.1.2.1.1	0.25	0.280821917808219
chrX	147430001	147440000	B.2.1.2.1.2.2.1.2.1.1	0.25	0.280821917808219
chrX	147440001	147450000	B.2.1.2.1.2.2.1.2.1.1	0.25	0.280821917808219
chrX	147450001	147460000	B.2.1.2.1.2.2.1.2.1.1	0.25	0.280821917808219
chrX	147460001	147470000	B.2.1.2.1.2.2.1.2.1.1	0.25	0.280821917808219
chrX	147470001	147480000	B.2.1.2.1.2.2.1.2.1.1	0.25	0.280821917808219
chrX	147480001	147490000	B.2.1.2.1.2.2.1.2.1.1	0.25	0.280821917808219
chrX	147490001	147500000	B.2.1.2.1.2.2.1.2.1.1	0.25	0.280821917808219
chrX	147500001	147510000	B.2.1.2.1.2.2.1.2.1.1	0.25	0.280821917808219
chrX	147510001	147520000	B.2.1.2.1.2.2.1.2.1.1	0.25	0.280821917808219
chrX	147520001	147530000	B.2.1.2.1.2.2.1.2.1.1	0.25	0.280821917808219
chrX	147530001	147540000	B.2.1.2.1.2.2.1.2.1.1	0.25	0.280821917808219
chrX	147540001	147550000	B.2.1.2.1.2.2.1.2.1.1	0.25	0.280821917808219
chrX	147550001	147560000	B.2.1.2.1.2.2.1.2.1.1	0.25	0.280821917808219
chrX	147560001	147570000	B.2.1.2.1.2.2.1.2.1.1	0.25	0.280821917808219
chrX	147570001	147580000	B.2.1.2.1.2.2.1.2.1.1	0.25	0.280821917808219
chrX	147580001	147590000	B.2.1.2.1.2.2.1.2.1.1	0.25	0.280821917808219
chrX	147590001	147600000	B.2.1.2.1.2.2.1.2.1.1	0.25	0.280821917808219
chrX	147600001	147610000	B.2.1.2.1.2.2.1.2.1.1	0.25	0.280821917808219
chrX	147610001	147620000	B.2.1.2.1.2.2.1.2.1.1	0.25	0.280821917808219
chrX	147620001	147630000	B.2.1.2.1.2.2.1.2.1.1	0.25	0.280821917808219
chrX	147630001	147640000	B.2.1.2.1.2.2.1.2.1.1	0.25	0.280821917808219
chrX	147640001	147650000	B.2.1.2.1.2.2.1.2.1.1	0.25	0.280821917808219
chrX	147650001	147660000	B.2.1.2.1.2.1.2.2	0.25	0.291095890410959
chrX	147660001	147670000	B.2.1.2.1.2.1.2.2	0.25	0.291095890410959
chrX	147670001	147680000	B.2.1.2.1.2.1.2.2	0.25	0.291095890410959
chrX	147680001	147690000	B.2.1.2.1.2.1.2.2	0.25	0.291095890410959
chrX	147690001	147700000	B.2.1.2.1.2.1.2.2	0.25	0.291095890410959
chrX	147700001	147710000	B.2.1.2.1.2.1.2.2	0.25	0.291095890410959
chrX	147710001	147720000	B.2.1.2.1.2.1.2.2	0.25	0.291095890410959
chrX	147720001	147730000	B.2.1.2.1.2.1.2.2	0.25	0.291095890410959
chrX	147730001	147740000	B.2.1.2.1.2.1.2.2	0.25	0.291095890410959
chrX	147740001	147750000	B.2.1.2.1.2.1.2.2	0.25	0.291095890410959
chrX	147750001	147760000	B.2.1.2.1.2.1.2.2	0.25	0.291095890410959
chrX	147760001	147770000	B.2.1.2.1.2.1.2.2	0.25	0.291095890410959
chrX	147770001	147780000	B.2.1.2.1.2.1.2.2	0.25	0.291095890410959
chrX	147780001	147790000	B.2.1.2.1.2.1.2.2	0.25	0.291095890410959
chrX	147790001	147800000	B.2.1.2.1.2.1.2.2	0.25	0.291095890410959
chrX	147800001	147810000	B.2.1.2.1.2.1.2.2	0.25	0.291095890410959
chrX	147810001	147820000	B.2.1.2.1.2.1.2.2	0.25	0.291095890410959
chrX	147820001	147830000	B.2.1.2.1.2.1.2.2	0.25	0.291095890410959
chrX	147830001	147840000	B.2.1.2.1.2.1.2.2	0.25	0.291095890410959
chrX	147840001	147850000	B.2.1.2.1.2.1.2.2	0.25	0.291095890410959
chrX	147850001	147860000	B.2.1.2.1.2.1.2.2	0.25	0.291095890410959
chrX	147860001	147870000	B.2.1.2.1.2.1.2.2	0.25	0.291095890410959
chrX	147870001	147880000	B.2.1.2.1.2.1.2.2	0.25	0.291095890410959
chrX	147880001	147890000	B.2.1.2.1.2.1.2.2	0.25	0.291095890410959
chrX	147890001	147900000	B.2.1.2.1.2.1.2.2	0.25	0.291095890410959
chrX	147900001	147910000	B.2.1.2.1.2.1.2.2	0.25	0.291095890410959
chrX	147910001	147920000	B.2.1.2.1.2.1.2.2	0.25	0.291095890410959
chrX	147920001	147930000	B.2.1.2.1.2.1.2.2	0.25	0.291095890410959
chrX	147930001	147940000	B.2.1.2.1.2.1.2.2	0.25	0.291095890410959
chrX	147940001	147950000	B.2.1.2.1.2.1.2.2	0.25	0.291095890410959
chrX	147950001	147960000	B.2.1.2.1.2.1.2.2	0.25	0.291095890410959
chrX	147960001	147970000	B.2.1.2.1.2.1.2.2	0.25	0.291095890410959
chrX	147970001	147980000	B.2.1.2.1.2.1.2.2	0.25	0.291095890410959
chrX	147980001	147990000	B.2.1.2.1.2.1.2.2	0.25	0.291095890410959
chrX	147990001	1.48e+08	B.2.1.2.1.2.1.2.2	0.25	0.291095890410959
chrX	148000001	148010000	B.2.1.2.1.2.1.2.2	0.25	0.291095890410959
chrX	148010001	148020000	B.2.1.2.1.2.1.2.2	0.25	0.291095890410959
chrX	148020001	148030000	B.2.1.2.1.2.1.2.2	0.25	0.291095890410959
chrX	148030001	148040000	B.2.1.2.1.2.1.2.2	0.25	0.291095890410959
chrX	148040001	148050000	B.2.1.2.1.2.1.2.2	0.25	0.291095890410959
chrX	148050001	148060000	B.2.1.2.1.2.1.2.1	0.25	0.294520547945206
chrX	148060001	148070000	B.2.1.2.1.2.1.2.1	0.25	0.294520547945206
chrX	148070001	148080000	B.2.1.2.1.2.1.2.1	0.25	0.294520547945206
chrX	148080001	148090000	B.2.1.2.1.2.1.2.1	0.25	0.294520547945206
chrX	148090001	148100000	B.2.1.2.1.2.1.2.1	0.25	0.294520547945206
chrX	148100001	148110000	B.2.1.2.1.2.1.2.1	0.25	0.294520547945206
chrX	148110001	148120000	B.2.1.2.1.2.1.2.1	0.25	0.294520547945206
chrX	148120001	148130000	B.2.1.2.1.2.1.2.1	0.25	0.294520547945206
chrX	148130001	148140000	B.2.1.2.1.2.1.2.1	0.25	0.294520547945206
chrX	148140001	148150000	B.2.1.2.1.2.1.2.1	0.25	0.294520547945206
chrX	148150001	148160000	B.1.1.1.1.1.1.1	0.5	0.684931506849315
chrX	148160001	148170000	B.1.1.1.1.1.1.1	0.5	0.684931506849315
chrX	148170001	148180000	B.1.1.1.1.1.1.1	0.5	0.684931506849315
chrX	148180001	148190000	B.1.1.1.1.1.1.1	0.5	0.684931506849315
chrX	148190001	148200000	B.1.1.1.1.1.1.1	0.5	0.684931506849315
chrX	148200001	148210000	B.1.1.1.1.1.1.1	0.5	0.684931506849315
chrX	148210001	148220000	B.1.1.1.1.1.1.1	0.5	0.684931506849315
chrX	148220001	148230000	B.1.1.1.1.1.1.1	0.5	0.684931506849315
chrX	148230001	148240000	B.1.1.1.1.1.1.1	0.5	0.684931506849315
chrX	148240001	148250000	B.1.1.1.1.1.1.1	0.5	0.684931506849315
chrX	148250001	148260000	B.1.1.1.1.1.1.1	0.5	0.684931506849315
chrX	148260001	148270000	B.1.1.1.1.1.1.1	0.5	0.684931506849315
chrX	148270001	148280000	B.1.1.1.1.1.1.1	0.5	0.684931506849315
chrX	148280001	148290000	B.1.1.1.1.1.1.1	0.5	0.684931506849315
chrX	148290001	148300000	B.1.1.1.1.1.1.1	0.5	0.684931506849315
chrX	148300001	148310000	B.1.1.1.1.1.1.1	0.5	0.684931506849315
chrX	148310001	148320000	B.1.1.1.1.1.1.1	0.5	0.684931506849315
chrX	148320001	148330000	B.1.1.1.1.1.1.1	0.5	0.684931506849315
chrX	148330001	148340000	B.1.1.1.1.1.1.1	0.5	0.684931506849315
chrX	148340001	148350000	B.1.1.1.1.1.1.1	0.5	0.684931506849315
chrX	148350001	148360000	B.1.1.1.1.1.1.1	0.5	0.684931506849315
chrX	148360001	148370000	B.1.1.1.1.1.1.1	0.5	0.684931506849315
chrX	148370001	148380000	B.1.1.1.1.1.1.1	0.5	0.684931506849315
chrX	148380001	148390000	B.1.1.1.1.1.1.1	0.5	0.684931506849315
chrX	148390001	148400000	B.1.1.1.1.1.1.1	0.5	0.684931506849315
chrX	148400001	148410000	B.1.1.1.1.1.1.1	0.5	0.684931506849315
chrX	148410001	148420000	B.1.1.1.1.1.1.1	0.5	0.684931506849315
chrX	148420001	148430000	B.1.1.1.1.1.1.1	0.5	0.684931506849315
chrX	148430001	148440000	B.1.1.1.1.1.1.1	0.5	0.684931506849315
chrX	148440001	148450000	B.1.1.1.1.1.1.1	0.5	0.684931506849315
chrX	148450001	148460000	B.1.1.1.1.1.1.1	0.5	0.684931506849315
chrX	148460001	148470000	B.1.1.1.1.1.1.1	0.5	0.684931506849315
chrX	148470001	148480000	B.1.1.1.1.1.1.1	0.5	0.684931506849315
chrX	148480001	148490000	B.1.1.1.1.1.1.1	0.5	0.684931506849315
chrX	148490001	148500000	B.1.1.1.1.1.1.1	0.5	0.684931506849315
chrX	148500001	148510000	B.1.1.1.1.1.1.1	0.5	0.684931506849315
chrX	148510001	148520000	B.1.1.1.1.1.1.1	0.5	0.684931506849315
chrX	148520001	148530000	B.1.1.1.1.1.1.1	0.5	0.684931506849315
chrX	148530001	148540000	B.1.1.1.1.1.1.1	0.5	0.684931506849315
chrX	148540001	148550000	B.1.1.1.1.1.1.1	0.5	0.684931506849315
chrX	148550001	148560000	B.1.1.1.1.1.1.1	0.5	0.684931506849315
chrX	148560001	148570000	B.1.1.1.1.1.1.1	0.5	0.684931506849315
chrX	148570001	148580000	B.1.1.1.1.1.1.1	0.5	0.684931506849315
chrX	148580001	148590000	B.1.1.1.1.1.1.1	0.5	0.684931506849315
chrX	148590001	148600000	B.1.1.1.1.1.1.1	0.5	0.684931506849315
chrX	148600001	148610000	B.1.1.1.1.1.1.1	0.5	0.684931506849315
chrX	148610001	148620000	B.1.1.1.1.1.1.1	0.5	0.684931506849315
chrX	148620001	148630000	B.1.1.1.1.1.1.1	0.5	0.684931506849315
chrX	148630001	148640000	B.1.1.1.1.1.1.1	0.5	0.684931506849315
chrX	148640001	148650000	B.1.1.1.1.1.1.1	0.5	0.684931506849315
chrX	148650001	148660000	B.1.1.1.1.1.1.1	0.5	0.684931506849315
chrX	148660001	148670000	B.1.1.1.1.1.1.1	0.5	0.684931506849315
chrX	148670001	148680000	B.1.1.1.1.1.1.1	0.5	0.684931506849315
chrX	148680001	148690000	B.1.1.1.1.1.1.1	0.5	0.684931506849315
chrX	148690001	148700000	B.1.1.1.1.1.1.1	0.5	0.684931506849315
chrX	148700001	148710000	B.1.1.1.1.1.1.1	0.5	0.684931506849315
chrX	148710001	148720000	B.1.1.1.1.1.1.1	0.5	0.684931506849315
chrX	148720001	148730000	B.1.1.1.1.1.1.1	0.5	0.684931506849315
chrX	148730001	148740000	B.1.1.1.1.1.1.1	0.5	0.684931506849315
chrX	148740001	148750000	B.1.1.1.1.1.1.1	0.5	0.684931506849315
chrX	148750001	148760000	B.1.1.1.1.1.1.1	0.5	0.684931506849315
chrX	148760001	148770000	B.1.1.1.1.1.1.1	0.5	0.684931506849315
chrX	148770001	148780000	B.1.1.1.1.1.1.1	0.5	0.684931506849315
chrX	148780001	148790000	B.1.1.1.1.1.1.1	0.5	0.684931506849315
chrX	148790001	148800000	B.1.1.1.1.1.1.1	0.5	0.684931506849315
chrX	148800001	148810000	A.2.1.1.2.2.1.1.1	0.75	0.811643835616438
chrX	148810001	148820000	A.2.1.1.2.2.1.1.1	0.75	0.811643835616438
chrX	148820001	148830000	A.2.1.1.2.2.1.1.1	0.75	0.811643835616438
chrX	148830001	148840000	A.2.1.1.2.2.1.1.1	0.75	0.811643835616438
chrX	148840001	148850000	A.2.1.1.2.2.1.1.1	0.75	0.811643835616438
chrX	148850001	148860000	A.2.1.1.2.2.1.1.1	0.75	0.811643835616438
chrX	148860001	148870000	A.2.1.1.2.2.1.1.1	0.75	0.811643835616438
chrX	148870001	148880000	A.2.1.1.2.2.1.1.1	0.75	0.811643835616438
chrX	148880001	148890000	A.2.1.1.2.2.1.1.1	0.75	0.811643835616438
chrX	148890001	148900000	A.2.1.1.2.2.1.1.1	0.75	0.811643835616438
chrX	148900001	148910000	A.2.1.1.2.2.1.1.1	0.75	0.811643835616438
chrX	148910001	148920000	A.2.1.1.2.2.1.1.1	0.75	0.811643835616438
chrX	148920001	148930000	A.2.1.1.2.2.1.1.1	0.75	0.811643835616438
chrX	148930001	148940000	A.2.1.1.2.2.1.1.1	0.75	0.811643835616438
chrX	148940001	148950000	A.2.1.1.2.2.1.1.1	0.75	0.811643835616438
chrX	148950001	148960000	A.2.1.1.2.2.1.1.1	0.75	0.811643835616438
chrX	148960001	148970000	A.2.1.1.2.2.1.1.1	0.75	0.811643835616438
chrX	148970001	148980000	A.2.1.1.2.2.1.1.1	0.75	0.811643835616438
chrX	148980001	148990000	A.2.1.1.2.2.1.1.1	0.75	0.811643835616438
chrX	148990001	1.49e+08	A.2.1.1.2.2.1.1.1	0.75	0.811643835616438
chrX	149000001	149010000	A.2.1.1.2.2.1.1.2	0.75	0.808219178082192
chrX	149010001	149020000	A.2.1.1.2.2.1.1.2	0.75	0.808219178082192
chrX	149020001	149030000	A.2.1.1.2.2.1.1.2	0.75	0.808219178082192
chrX	149030001	149040000	A.2.1.1.2.2.1.1.2	0.75	0.808219178082192
chrX	149040001	149050000	A.2.1.1.2.2.1.1.2	0.75	0.808219178082192
chrX	149050001	149060000	A.2.1.1.2.2.1.1.2	0.75	0.808219178082192
chrX	149060001	149070000	A.2.1.1.2.2.1.1.2	0.75	0.808219178082192
chrX	149070001	149080000	A.2.1.1.2.2.1.1.2	0.75	0.808219178082192
chrX	149080001	149090000	A.2.1.1.2.2.1.1.2	0.75	0.808219178082192
chrX	149090001	149100000	A.2.1.1.2.2.1.1.2	0.75	0.808219178082192
chrX	149100001	149110000	A.2.1.1.2.2.1.1.2	0.75	0.808219178082192
chrX	149110001	149120000	A.2.1.1.2.2.1.1.2	0.75	0.808219178082192
chrX	149120001	149130000	A.2.1.1.2.2.1.1.2	0.75	0.808219178082192
chrX	149130001	149140000	A.2.1.1.2.2.1.1.2	0.75	0.808219178082192
chrX	149140001	149150000	A.2.1.1.2.2.1.1.2	0.75	0.808219178082192
chrX	149150001	149160000	A.2.1.1.2.2.1.1.2	0.75	0.808219178082192
chrX	149160001	149170000	A.2.1.1.2.2.1.1.2	0.75	0.808219178082192
chrX	149170001	149180000	A.2.1.1.2.2.1.1.2	0.75	0.808219178082192
chrX	149180001	149190000	A.2.1.1.2.2.1.1.2	0.75	0.808219178082192
chrX	149190001	149200000	A.2.1.1.2.2.1.1.2	0.75	0.808219178082192
chrX	149200001	149210000	A.2.2.1.2.2.1.2.2	0.625	0.719178082191781
chrX	149210001	149220000	A.2.2.1.2.2.1.2.2	0.625	0.719178082191781
chrX	149220001	149230000	A.2.2.1.2.2.1.2.2	0.625	0.719178082191781
chrX	149230001	149240000	A.2.2.1.2.2.1.2.2	0.625	0.719178082191781
chrX	149240001	149250000	A.2.2.1.2.2.1.2.2	0.625	0.719178082191781
chrX	149250001	149260000	A.2.2.1.2.2.1.2.2	0.625	0.719178082191781
chrX	149260001	149270000	A.2.2.1.2.2.1.2.2	0.625	0.719178082191781
chrX	149270001	149280000	A.2.2.1.2.2.1.2.2	0.625	0.719178082191781
chrX	149280001	149290000	A.2.2.1.2.2.1.2.2	0.625	0.719178082191781
chrX	149290001	149300000	A.2.2.1.2.2.1.2.2	0.625	0.719178082191781
chrX	149300001	149310000	A.2.2.1.2.2.1.2.2	0.625	0.719178082191781
chrX	149310001	149320000	A.2.2.1.2.2.1.2.2	0.625	0.719178082191781
chrX	149320001	149330000	A.2.2.1.2.2.1.2.2	0.625	0.719178082191781
chrX	149330001	149340000	A.2.2.1.2.2.1.2.2	0.625	0.719178082191781
chrX	149340001	149350000	A.2.2.1.2.2.1.2.2	0.625	0.719178082191781
chrX	149350001	149360000	A.2.2.1.2.2.1.2.2	0.625	0.719178082191781
chrX	149360001	149370000	A.2.2.1.2.2.1.2.2	0.625	0.719178082191781
chrX	149370001	149380000	A.2.2.1.2.2.1.2.2	0.625	0.719178082191781
chrX	149380001	149390000	A.2.2.1.2.2.1.2.2	0.625	0.719178082191781
chrX	149390001	149400000	A.2.2.1.2.2.1.2.2	0.625	0.719178082191781
chrX	149400001	149410000	A.1.2.1.2.1.1.1.1.2	0.875	0.917808219178082
chrX	149410001	149420000	A.1.2.1.2.1.1.1.1.2	0.875	0.917808219178082
chrX	149420001	149430000	A.1.2.1.2.1.1.1.1.2	0.875	0.917808219178082
chrX	149430001	149440000	A.1.2.1.2.1.1.1.1.2	0.875	0.917808219178082
chrX	149440001	149450000	A.1.2.1.2.1.1.1.1.2	0.875	0.917808219178082
chrX	149450001	149460000	A.1.2.1.2.1.1.1.1.2	0.875	0.917808219178082
chrX	149460001	149470000	A.1.2.1.2.1.1.1.1.2	0.875	0.917808219178082
chrX	149470001	149480000	A.1.2.1.2.1.1.1.1.2	0.875	0.917808219178082
chrX	149480001	149490000	A.1.2.1.2.1.1.1.1.2	0.875	0.917808219178082
chrX	149490001	149500000	A.1.2.1.2.1.1.1.1.2	0.875	0.917808219178082
chrX	149500001	149510000	A.1.2.1.2.1.1.1.1.2	0.875	0.917808219178082
chrX	149510001	149520000	A.1.2.1.2.1.1.1.1.2	0.875	0.917808219178082
chrX	149520001	149530000	A.1.2.1.2.1.1.1.1.2	0.875	0.917808219178082
chrX	149530001	149540000	A.1.2.1.2.1.1.1.1.2	0.875	0.917808219178082
chrX	149540001	149550000	A.1.2.1.2.1.1.1.1.2	0.875	0.917808219178082
chrX	149550001	149560000	A.1.2.1.2.1.1.1.1.2	0.875	0.917808219178082
chrX	149560001	149570000	A.1.2.1.2.1.1.1.1.2	0.875	0.917808219178082
chrX	149570001	149580000	A.1.2.1.2.1.1.1.1.2	0.875	0.917808219178082
chrX	149580001	149590000	A.1.2.1.2.1.1.1.1.2	0.875	0.917808219178082
chrX	149590001	149600000	A.1.2.1.2.1.1.1.1.2	0.875	0.917808219178082
chrX	149600001	149610000	A.1.2.1.2.1.1.1.1.2	0.875	0.917808219178082
chrX	149610001	149620000	A.1.2.1.2.1.1.1.1.2	0.875	0.917808219178082
chrX	149620001	149630000	A.1.2.1.2.1.1.1.1.2	0.875	0.917808219178082
chrX	149630001	149640000	A.1.2.1.2.1.1.1.1.2	0.875	0.917808219178082
chrX	149640001	149650000	A.1.2.1.2.1.1.1.1.2	0.875	0.917808219178082
chrX	149650001	149660000	A.1.2.1.2.1.1.2	0.875	0.910958904109589
chrX	149660001	149670000	A.1.2.1.2.1.1.2	0.875	0.910958904109589
chrX	149670001	149680000	A.1.2.1.2.1.1.2	0.875	0.910958904109589
chrX	149680001	149690000	A.1.2.1.2.1.1.2	0.875	0.910958904109589
chrX	149690001	149700000	A.1.2.1.2.1.1.2	0.875	0.910958904109589
chrX	149700001	149710000	A.1.2.1.2.1.1.2	0.875	0.910958904109589
chrX	149710001	149720000	A.1.2.1.2.1.1.2	0.875	0.910958904109589
chrX	149720001	149730000	A.1.2.1.2.1.1.2	0.875	0.910958904109589
chrX	149730001	149740000	A.1.2.1.2.1.1.2	0.875	0.910958904109589
chrX	149740001	149750000	A.1.2.1.2.1.1.2	0.875	0.910958904109589
chrX	149750001	149760000	A.1.2.1.2.1.1.2	0.875	0.910958904109589
chrX	149760001	149770000	A.1.2.1.2.1.1.2	0.875	0.910958904109589
chrX	149770001	149780000	A.1.2.1.2.1.1.2	0.875	0.910958904109589
chrX	149780001	149790000	A.1.2.1.2.1.1.2	0.875	0.910958904109589
chrX	149790001	149800000	A.1.2.1.2.1.1.2	0.875	0.910958904109589
chrX	149800001	149810000	A.1.2.1.2.1.1.2	0.875	0.910958904109589
chrX	149810001	149820000	A.1.2.1.2.1.1.2	0.875	0.910958904109589
chrX	149820001	149830000	A.1.2.1.2.1.1.2	0.875	0.910958904109589
chrX	149830001	149840000	A.1.2.1.2.1.1.2	0.875	0.910958904109589
chrX	149840001	149850000	A.1.2.1.2.1.1.2	0.875	0.910958904109589
chrX	149850001	149860000	A.1.2.1.2.1.1.2	0.875	0.910958904109589
chrX	149860001	149870000	A.1.2.1.2.1.1.2	0.875	0.910958904109589
chrX	149870001	149880000	A.1.2.1.2.1.1.2	0.875	0.910958904109589
chrX	149880001	149890000	A.1.2.1.2.1.1.2	0.875	0.910958904109589
chrX	149890001	149900000	A.1.2.1.2.1.1.2	0.875	0.910958904109589
chrX	149900001	149910000	A.1.2.1.2.1.1.2	0.875	0.910958904109589
chrX	149910001	149920000	A.1.2.1.2.1.1.2	0.875	0.910958904109589
chrX	149920001	149930000	A.1.2.1.2.1.1.2	0.875	0.910958904109589
chrX	149930001	149940000	A.1.2.1.2.1.1.2	0.875	0.910958904109589
chrX	149940001	149950000	A.1.2.1.2.1.1.2	0.875	0.910958904109589
chrX	149950001	149960000	A.2.1.1.2.2.2	0.75	0.801369863013699
chrX	149960001	149970000	A.2.1.1.2.2.2	0.75	0.801369863013699
chrX	149970001	149980000	A.2.1.1.2.2.2	0.75	0.801369863013699
chrX	149980001	149990000	A.2.1.1.2.2.2	0.75	0.801369863013699
chrX	149990001	1.5e+08	A.2.1.1.2.2.2	0.75	0.801369863013699
chrX	150000001	150010000	A.2.1.1.2.2.2	0.75	0.801369863013699
chrX	150010001	150020000	A.2.1.1.2.2.2	0.75	0.801369863013699
chrX	150020001	150030000	A.2.1.1.2.2.2	0.75	0.801369863013699
chrX	150030001	150040000	A.2.1.1.2.2.2	0.75	0.801369863013699
chrX	150040001	150050000	A.2.1.1.2.2.2	0.75	0.801369863013699
chrX	150050001	150060000	A.2.1.1.2.2.2	0.75	0.801369863013699
chrX	150060001	150070000	A.2.1.1.2.2.2	0.75	0.801369863013699
chrX	150070001	150080000	A.2.1.1.2.2.2	0.75	0.801369863013699
chrX	150080001	150090000	A.2.1.1.2.2.2	0.75	0.801369863013699
chrX	150090001	150100000	A.2.1.1.2.2.2	0.75	0.801369863013699
chrX	150100001	150110000	A.2.1.1.2.2.2	0.75	0.801369863013699
chrX	150110001	150120000	A.2.1.1.2.2.2	0.75	0.801369863013699
chrX	150120001	150130000	A.2.1.1.2.2.2	0.75	0.801369863013699
chrX	150130001	150140000	A.2.1.1.2.2.2	0.75	0.801369863013699
chrX	150140001	150150000	A.2.1.1.2.2.2	0.75	0.801369863013699
chrX	150150001	150160000	A.2.1.1.2.2.2	0.75	0.801369863013699
chrX	150160001	150170000	A.2.1.1.2.2.2	0.75	0.801369863013699
chrX	150170001	150180000	A.2.1.1.2.2.2	0.75	0.801369863013699
chrX	150180001	150190000	A.2.1.1.2.2.2	0.75	0.801369863013699
chrX	150190001	150200000	A.2.1.1.2.2.2	0.75	0.801369863013699
chrX	150200001	150210000	A.2.1.1.2.2.2	0.75	0.801369863013699
chrX	150210001	150220000	A.2.1.1.2.2.2	0.75	0.801369863013699
chrX	150220001	150230000	A.2.1.1.2.2.2	0.75	0.801369863013699
chrX	150230001	150240000	A.2.1.1.2.2.2	0.75	0.801369863013699
chrX	150240001	150250000	A.2.1.1.2.2.2	0.75	0.801369863013699
chrX	150250001	150260000	A.2.1.1.2.2.2	0.75	0.801369863013699
chrX	150260001	150270000	A.2.1.1.2.2.2	0.75	0.801369863013699
chrX	150270001	150280000	A.2.1.1.2.2.2	0.75	0.801369863013699
chrX	150280001	150290000	A.2.1.1.2.2.2	0.75	0.801369863013699
chrX	150290001	150300000	A.2.1.1.2.2.2	0.75	0.801369863013699
chrX	150300001	150310000	B.1.1.2.1.1.1.1	0.5	0.582191780821918
chrX	150310001	150320000	B.1.1.2.1.1.1.1	0.5	0.582191780821918
chrX	150320001	150330000	B.1.1.2.1.1.1.1	0.5	0.582191780821918
chrX	150330001	150340000	B.1.1.2.1.1.1.1	0.5	0.582191780821918
chrX	150340001	150350000	B.1.1.2.1.1.1.1	0.5	0.582191780821918
chrX	150350001	150360000	B.1.1.2.1.1.1.1	0.5	0.582191780821918
chrX	150360001	150370000	B.1.1.2.1.1.1.1	0.5	0.582191780821918
chrX	150370001	150380000	B.1.1.2.1.1.1.1	0.5	0.582191780821918
chrX	150380001	150390000	B.1.1.2.1.1.1.1	0.5	0.582191780821918
chrX	150390001	150400000	B.1.1.2.1.1.1.1	0.5	0.582191780821918
chrX	150400001	150410000	B.1.1.2.1.2.2.2	0.5	0.565068493150685
chrX	150410001	150420000	B.1.1.2.1.2.2.2	0.5	0.565068493150685
chrX	150420001	150430000	B.1.1.2.1.2.2.2	0.5	0.565068493150685
chrX	150430001	150440000	B.1.1.2.1.2.2.2	0.5	0.565068493150685
chrX	150440001	150450000	B.1.1.2.1.2.2.2	0.5	0.565068493150685
chrX	150450001	150460000	B.1.1.2.1.2.2.2	0.5	0.565068493150685
chrX	150460001	150470000	B.1.1.2.1.2.2.2	0.5	0.565068493150685
chrX	150470001	150480000	B.1.1.2.1.2.2.2	0.5	0.565068493150685
chrX	150480001	150490000	B.1.1.2.1.2.2.2	0.5	0.565068493150685
chrX	150490001	150500000	B.1.1.2.1.2.2.2	0.5	0.565068493150685
chrX	150500001	150510000	B.1.1.2.1.2.2.2	0.5	0.565068493150685
chrX	150510001	150520000	B.1.1.2.1.2.2.2	0.5	0.565068493150685
chrX	150520001	150530000	B.1.1.2.1.2.2.2	0.5	0.565068493150685
chrX	150530001	150540000	B.1.1.2.1.2.2.2	0.5	0.565068493150685
chrX	150540001	150550000	B.1.1.2.1.2.2.2	0.5	0.565068493150685
chrX	150550001	150560000	B.1.1.2.1.2.2.2	0.5	0.565068493150685
chrX	150560001	150570000	B.1.1.2.1.2.2.2	0.5	0.565068493150685
chrX	150570001	150580000	B.1.1.2.1.2.2.2	0.5	0.565068493150685
chrX	150580001	150590000	B.1.1.2.1.2.2.2	0.5	0.565068493150685
chrX	150590001	150600000	B.1.1.2.1.2.2.2	0.5	0.565068493150685
chrX	150600001	150610000	B.1.1.2.1.2.2.2	0.5	0.565068493150685
chrX	150610001	150620000	B.1.1.2.1.2.2.2	0.5	0.565068493150685
chrX	150620001	150630000	B.1.1.2.1.2.2.2	0.5	0.565068493150685
chrX	150630001	150640000	B.1.1.2.1.2.2.2	0.5	0.565068493150685
chrX	150640001	150650000	B.1.1.2.1.2.2.2	0.5	0.565068493150685
chrX	150650001	150660000	B.1.2.1.2.1.1.1	0.375	0.496575342465753
chrX	150660001	150670000	B.1.2.1.2.1.1.1	0.375	0.496575342465753
chrX	150670001	150680000	B.1.2.1.2.1.1.1	0.375	0.496575342465753
chrX	150680001	150690000	B.1.2.1.2.1.1.1	0.375	0.496575342465753
chrX	150690001	150700000	B.1.2.1.2.1.1.1	0.375	0.496575342465753
chrX	150700001	150710000	B.1.2.1.2.1.1.1	0.375	0.496575342465753
chrX	150710001	150720000	B.1.2.1.2.1.1.1	0.375	0.496575342465753
chrX	150720001	150730000	B.1.2.1.2.1.1.1	0.375	0.496575342465753
chrX	150730001	150740000	B.1.2.1.2.1.1.1	0.375	0.496575342465753
chrX	150740001	150750000	B.1.2.1.2.1.1.1	0.375	0.496575342465753
chrX	150750001	150760000	B.1.2.1.2.1.1.1	0.375	0.496575342465753
chrX	150760001	150770000	B.1.2.1.2.1.1.1	0.375	0.496575342465753
chrX	150770001	150780000	B.1.2.1.2.1.1.1	0.375	0.496575342465753
chrX	150780001	150790000	B.1.2.1.2.1.1.1	0.375	0.496575342465753
chrX	150790001	150800000	B.1.2.1.2.1.1.1	0.375	0.496575342465753
chrX	150800001	150810000	B.1.2.1.2.1.1.1	0.375	0.496575342465753
chrX	150810001	150820000	B.1.2.1.2.1.1.1	0.375	0.496575342465753
chrX	150820001	150830000	B.1.2.1.2.1.1.1	0.375	0.496575342465753
chrX	150830001	150840000	B.1.2.1.2.1.1.1	0.375	0.496575342465753
chrX	150840001	150850000	B.1.2.1.2.1.1.1	0.375	0.496575342465753
chrX	150850001	150860000	A.2.2.1.2.2.1.2.1	0.625	0.722602739726027
chrX	150860001	150870000	A.2.2.1.2.2.1.2.1	0.625	0.722602739726027
chrX	150870001	150880000	A.2.2.1.2.2.1.2.1	0.625	0.722602739726027
chrX	150880001	150890000	A.2.2.1.2.2.1.2.1	0.625	0.722602739726027
chrX	150890001	150900000	A.2.2.1.2.2.1.2.1	0.625	0.722602739726027
chrX	150900001	150910000	A.2.2.1.2.2.1.2.1	0.625	0.722602739726027
chrX	150910001	150920000	A.2.2.1.2.2.1.2.1	0.625	0.722602739726027
chrX	150920001	150930000	A.2.2.1.2.2.1.2.1	0.625	0.722602739726027
chrX	150930001	150940000	A.2.2.1.2.2.1.2.1	0.625	0.722602739726027
chrX	150940001	150950000	A.2.2.1.2.2.1.2.1	0.625	0.722602739726027
chrX	150950001	150960000	A.2.2.1.2.2.1.2.1	0.625	0.722602739726027
chrX	150960001	150970000	A.2.2.1.2.2.1.2.1	0.625	0.722602739726027
chrX	150970001	150980000	A.2.2.1.2.2.1.2.1	0.625	0.722602739726027
chrX	150980001	150990000	A.2.2.1.2.2.1.2.1	0.625	0.722602739726027
chrX	150990001	1.51e+08	A.2.2.1.2.2.1.2.1	0.625	0.722602739726027
chrX	151000001	151010000	A.2.2.1.2.2.1.2.1	0.625	0.722602739726027
chrX	151010001	151020000	A.2.2.1.2.2.1.2.1	0.625	0.722602739726027
chrX	151020001	151030000	A.2.2.1.2.2.1.2.1	0.625	0.722602739726027
chrX	151030001	151040000	A.2.2.1.2.2.1.2.1	0.625	0.722602739726027
chrX	151040001	151050000	A.2.2.1.2.2.1.2.1	0.625	0.722602739726027
chrX	151050001	151060000	A.2.2.2.2.1	0.625	0.695205479452055
chrX	151060001	151070000	A.2.2.2.2.1	0.625	0.695205479452055
chrX	151070001	151080000	A.2.2.2.2.1	0.625	0.695205479452055
chrX	151080001	151090000	A.2.2.2.2.1	0.625	0.695205479452055
chrX	151090001	151100000	A.2.2.2.2.1	0.625	0.695205479452055
chrX	151100001	151110000	A.2.2.2.2.1	0.625	0.695205479452055
chrX	151110001	151120000	A.2.2.2.2.1	0.625	0.695205479452055
chrX	151120001	151130000	A.2.2.2.2.1	0.625	0.695205479452055
chrX	151130001	151140000	A.2.2.2.2.1	0.625	0.695205479452055
chrX	151140001	151150000	A.2.2.2.2.1	0.625	0.695205479452055
chrX	151150001	151160000	A.2.2.2.2.1	0.625	0.695205479452055
chrX	151160001	151170000	A.2.2.2.2.1	0.625	0.695205479452055
chrX	151170001	151180000	A.2.2.2.2.1	0.625	0.695205479452055
chrX	151180001	151190000	A.2.2.2.2.1	0.625	0.695205479452055
chrX	151190001	151200000	A.2.2.2.2.1	0.625	0.695205479452055
chrX	151200001	151210000	A.2.2.2.2.1	0.625	0.695205479452055
chrX	151210001	151220000	A.2.2.2.2.1	0.625	0.695205479452055
chrX	151220001	151230000	A.2.2.2.2.1	0.625	0.695205479452055
chrX	151230001	151240000	A.2.2.2.2.1	0.625	0.695205479452055
chrX	151240001	151250000	A.2.2.2.2.1	0.625	0.695205479452055
chrX	151250001	151260000	B.1.1.2.1.1.1.2	0.5	0.578767123287671
chrX	151260001	151270000	B.1.1.2.1.1.1.2	0.5	0.578767123287671
chrX	151270001	151280000	B.1.1.2.1.1.1.2	0.5	0.578767123287671
chrX	151280001	151290000	B.1.1.2.1.1.1.2	0.5	0.578767123287671
chrX	151290001	151300000	B.1.1.2.1.1.1.2	0.5	0.578767123287671
chrX	151300001	151310000	B.1.1.2.1.1.1.2	0.5	0.578767123287671
chrX	151310001	151320000	B.1.1.2.1.1.1.2	0.5	0.578767123287671
chrX	151320001	151330000	B.1.1.2.1.1.1.2	0.5	0.578767123287671
chrX	151330001	151340000	B.1.1.2.1.1.1.2	0.5	0.578767123287671
chrX	151340001	151350000	B.1.1.2.1.1.1.2	0.5	0.578767123287671
chrX	151350001	151360000	B.1.1.1.1.1.1.2	0.5	0.681506849315069
chrX	151360001	151370000	B.1.1.1.1.1.1.2	0.5	0.681506849315069
chrX	151370001	151380000	B.1.1.1.1.1.1.2	0.5	0.681506849315069
chrX	151380001	151390000	B.1.1.1.1.1.1.2	0.5	0.681506849315069
chrX	151390001	151400000	B.1.1.1.1.1.1.2	0.5	0.681506849315069
chrX	151400001	151410000	B.1.1.1.1.1.1.2	0.5	0.681506849315069
chrX	151410001	151420000	B.1.1.1.1.1.1.2	0.5	0.681506849315069
chrX	151420001	151430000	B.1.1.1.1.1.1.2	0.5	0.681506849315069
chrX	151430001	151440000	B.1.1.1.1.1.1.2	0.5	0.681506849315069
chrX	151440001	151450000	B.1.1.1.1.1.1.2	0.5	0.681506849315069
chrX	151450001	151460000	B.1.1.1.1.1.1.2	0.5	0.681506849315069
chrX	151460001	151470000	B.1.1.1.1.1.1.2	0.5	0.681506849315069
chrX	151470001	151480000	B.1.1.1.1.1.1.2	0.5	0.681506849315069
chrX	151480001	151490000	B.1.1.1.1.1.1.2	0.5	0.681506849315069
chrX	151490001	151500000	B.1.1.1.1.1.1.2	0.5	0.681506849315069
chrX	151500001	151510000	B.1.1.1.1.1.1.2	0.5	0.681506849315069
chrX	151510001	151520000	B.1.1.1.1.1.1.2	0.5	0.681506849315069
chrX	151520001	151530000	B.1.1.1.1.1.1.2	0.5	0.681506849315069
chrX	151530001	151540000	B.1.1.1.1.1.1.2	0.5	0.681506849315069
chrX	151540001	151550000	B.1.1.1.1.1.1.2	0.5	0.681506849315069
chrX	151550001	151560000	B.1.1.1.1.1.1.2	0.5	0.681506849315069
chrX	151560001	151570000	B.1.1.1.1.1.1.2	0.5	0.681506849315069
chrX	151570001	151580000	B.1.1.1.1.1.1.2	0.5	0.681506849315069
chrX	151580001	151590000	B.1.1.1.1.1.1.2	0.5	0.681506849315069
chrX	151590001	151600000	B.1.1.1.1.1.1.2	0.5	0.681506849315069
chrX	151600001	151610000	B.1.1.1.1.1.1.2	0.5	0.681506849315069
chrX	151610001	151620000	B.1.1.1.1.1.1.2	0.5	0.681506849315069
chrX	151620001	151630000	B.1.1.1.1.1.1.2	0.5	0.681506849315069
chrX	151630001	151640000	B.1.1.1.1.1.1.2	0.5	0.681506849315069
chrX	151640001	151650000	B.1.1.1.1.1.1.2	0.5	0.681506849315069
chrX	151650001	151660000	B.1.1.1.1.1.1.2	0.5	0.681506849315069
chrX	151660001	151670000	B.1.1.1.1.1.1.2	0.5	0.681506849315069
chrX	151670001	151680000	B.1.1.1.1.1.1.2	0.5	0.681506849315069
chrX	151680001	151690000	B.1.1.1.1.1.1.2	0.5	0.681506849315069
chrX	151690001	151700000	B.1.1.1.1.1.1.2	0.5	0.681506849315069
chrX	151700001	151710000	B.1.1.1.1.1.1.2	0.5	0.681506849315069
chrX	151710001	151720000	B.1.1.1.1.1.1.2	0.5	0.681506849315069
chrX	151720001	151730000	B.1.1.1.1.1.1.2	0.5	0.681506849315069
chrX	151730001	151740000	B.1.1.1.1.1.1.2	0.5	0.681506849315069
chrX	151740001	151750000	B.1.1.1.1.1.1.2	0.5	0.681506849315069
chrX	151750001	151760000	B.1.1.1.1.1.1.2	0.5	0.681506849315069
chrX	151760001	151770000	B.1.1.1.1.1.1.2	0.5	0.681506849315069
chrX	151770001	151780000	B.1.1.1.1.1.1.2	0.5	0.681506849315069
chrX	151780001	151790000	B.1.1.1.1.1.1.2	0.5	0.681506849315069
chrX	151790001	151800000	B.1.1.1.1.1.1.2	0.5	0.681506849315069
chrX	151800001	151810000	A.1.1.2.2.2.2	1	0.945205479452055
chrX	151810001	151820000	A.1.1.2.2.2.2	1	0.945205479452055
chrX	151820001	151830000	A.1.1.2.2.2.2	1	0.945205479452055
chrX	151830001	151840000	A.1.1.2.2.2.2	1	0.945205479452055
chrX	151840001	151850000	A.1.1.2.2.2.2	1	0.945205479452055
chrX	151900001	151910000	A.1.1.2.2.2.2	1	0.945205479452055
chrX	151910001	151920000	A.1.1.2.2.2.2	1	0.945205479452055
chrX	151920001	151930000	A.1.1.2.2.2.2	1	0.945205479452055
chrX	151930001	151940000	A.1.1.2.2.2.2	1	0.945205479452055
chrX	151940001	151950000	A.1.1.2.2.2.2	1	0.945205479452055
chrX	151950001	151960000	A.1.1.2.2.2.2	1	0.945205479452055
chrX	151960001	151970000	A.1.1.2.2.2.2	1	0.945205479452055
chrX	151970001	151980000	A.1.1.2.2.2.2	1	0.945205479452055
chrX	151980001	151990000	A.1.1.2.2.2.2	1	0.945205479452055
chrX	151990001	1.52e+08	A.1.1.2.2.2.2	1	0.945205479452055
chrX	152000001	152010000	A.1.1.2.2.2.2	1	0.945205479452055
chrX	152010001	152020000	A.1.1.2.2.2.2	1	0.945205479452055
chrX	152020001	152030000	A.1.1.2.2.2.2	1	0.945205479452055
chrX	152030001	152040000	A.1.1.2.2.2.2	1	0.945205479452055
chrX	152040001	152050000	A.1.1.2.2.2.2	1	0.945205479452055
chrX	152050001	152060000	A.1.1.2.2.2.2	1	0.945205479452055
chrX	152060001	152070000	A.1.1.2.2.2.2	1	0.945205479452055
chrX	152070001	152080000	A.1.1.2.2.2.2	1	0.945205479452055
chrX	152080001	152090000	A.1.1.2.2.2.2	1	0.945205479452055
chrX	152090001	152100000	A.1.1.2.2.2.2	1	0.945205479452055
chrX	152100001	152110000	A.1.1.2.2.2.2	1	0.945205479452055
chrX	152110001	152120000	A.1.1.2.2.2.2	1	0.945205479452055
chrX	152120001	152130000	A.1.1.2.2.2.2	1	0.945205479452055
chrX	152130001	152140000	A.1.1.2.2.2.2	1	0.945205479452055
chrX	152140001	152150000	A.1.1.2.2.2.2	1	0.945205479452055
chrX	152150001	152160000	A.1.1.2.2.2.2	1	0.945205479452055
chrX	152160001	152170000	A.1.1.2.2.2.2	1	0.945205479452055
chrX	152170001	152180000	A.1.1.2.2.2.2	1	0.945205479452055
chrX	152180001	152190000	A.1.1.2.2.2.2	1	0.945205479452055
chrX	152190001	152200000	A.1.1.2.2.2.2	1	0.945205479452055
chrX	152200001	152210000	A.1.1.2.2.2.2	1	0.945205479452055
chrX	152210001	152220000	A.1.1.2.2.2.2	1	0.945205479452055
chrX	152220001	152230000	A.1.1.2.2.2.2	1	0.945205479452055
chrX	152230001	152240000	A.1.1.2.2.2.2	1	0.945205479452055
chrX	152240001	152250000	A.1.1.2.2.2.2	1	0.945205479452055
chrX	152350001	152360000	A.1.1.2.2.2.2	1	0.945205479452055
chrX	152360001	152370000	A.1.1.2.2.2.2	1	0.945205479452055
chrX	152370001	152380000	A.1.1.2.2.2.2	1	0.945205479452055
chrX	152380001	152390000	A.1.1.2.2.2.2	1	0.945205479452055
chrX	152390001	152400000	A.1.1.2.2.2.2	1	0.945205479452055
chrX	152400001	152410000	A.1.1.2.2.2.1	1	0.948630136986301
chrX	152410001	152420000	A.1.1.2.2.2.1	1	0.948630136986301
chrX	152420001	152430000	A.1.1.2.2.2.1	1	0.948630136986301
chrX	152430001	152440000	A.1.1.2.2.2.1	1	0.948630136986301
chrX	152440001	152450000	A.1.1.2.2.2.1	1	0.948630136986301
chrX	152450001	152460000	A.1.1.2.2.2.1	1	0.948630136986301
chrX	152460001	152470000	A.1.1.2.2.2.1	1	0.948630136986301
chrX	152470001	152480000	A.1.1.2.2.2.1	1	0.948630136986301
chrX	152480001	152490000	A.1.1.2.2.2.1	1	0.948630136986301
chrX	152490001	152500000	A.1.1.2.2.2.1	1	0.948630136986301
chrX	152500001	152510000	A.1.1.2.2.2.1	1	0.948630136986301
chrX	152510001	152520000	A.1.1.2.2.2.1	1	0.948630136986301
chrX	152520001	152530000	A.1.1.2.2.2.1	1	0.948630136986301
chrX	152530001	152540000	A.1.1.2.2.2.1	1	0.948630136986301
chrX	152540001	152550000	A.1.1.2.2.2.1	1	0.948630136986301
chrX	152550001	152560000	A.1.1.2.2.2.1	1	0.948630136986301
chrX	152560001	152570000	A.1.1.2.2.2.1	1	0.948630136986301
chrX	152570001	152580000	A.1.1.2.2.2.1	1	0.948630136986301
chrX	152580001	152590000	A.1.1.2.2.2.1	1	0.948630136986301
chrX	152590001	152600000	A.1.1.2.2.2.1	1	0.948630136986301
chrX	152600001	152610000	A.1.1.2.2.2.1	1	0.948630136986301
chrX	152610001	152620000	A.1.1.2.2.2.1	1	0.948630136986301
chrX	152620001	152630000	A.1.1.2.2.2.1	1	0.948630136986301
chrX	152630001	152640000	A.1.1.2.2.2.1	1	0.948630136986301
chrX	152640001	152650000	A.1.1.2.2.2.1	1	0.948630136986301
chrX	152650001	152660000	A.1.1.2.2.2.1	1	0.948630136986301
chrX	152660001	152670000	A.1.1.2.2.2.1	1	0.948630136986301
chrX	152670001	152680000	A.1.1.2.2.2.1	1	0.948630136986301
chrX	152680001	152690000	A.1.1.2.2.2.1	1	0.948630136986301
chrX	152690001	152700000	A.1.1.2.2.2.1	1	0.948630136986301
chrX	152700001	152710000	A.1.1.2.2.2.1	1	0.948630136986301
chrX	152710001	152720000	A.1.1.2.2.2.1	1	0.948630136986301
chrX	152720001	152730000	A.1.1.2.2.2.1	1	0.948630136986301
chrX	152730001	152740000	A.1.1.2.2.2.1	1	0.948630136986301
chrX	152740001	152750000	A.1.1.2.2.2.1	1	0.948630136986301
chrX	152750001	152760000	A.1.1.2.2.2.1	1	0.948630136986301
chrX	152760001	152770000	A.1.1.2.2.2.1	1	0.948630136986301
chrX	152770001	152780000	A.1.1.2.2.2.1	1	0.948630136986301
chrX	152780001	152790000	A.1.1.2.2.2.1	1	0.948630136986301
chrX	152790001	152800000	A.1.1.2.2.2.1	1	0.948630136986301
chrX	152800001	152810000	A.1.1.2.2.2.1	1	0.948630136986301
chrX	152810001	152820000	A.1.1.2.2.2.1	1	0.948630136986301
chrX	152820001	152830000	A.1.1.2.2.2.1	1	0.948630136986301
chrX	152830001	152840000	A.1.1.2.2.2.1	1	0.948630136986301
chrX	152840001	152850000	A.1.1.2.2.2.1	1	0.948630136986301
chrX	152850001	152860000	A.1.1.2.2.2.1	1	0.948630136986301
chrX	152860001	152870000	A.1.1.2.2.2.1	1	0.948630136986301
chrX	152870001	152880000	A.1.1.2.2.2.1	1	0.948630136986301
chrX	152880001	152890000	A.1.1.2.2.2.1	1	0.948630136986301
chrX	152890001	152900000	A.1.1.2.2.2.1	1	0.948630136986301
chrX	152900001	152910000	A.1.1.2.2.2.1	1	0.948630136986301
chrX	152910001	152920000	A.1.1.2.2.2.1	1	0.948630136986301
chrX	152920001	152930000	A.1.1.2.2.2.1	1	0.948630136986301
chrX	152930001	152940000	A.1.1.2.2.2.1	1	0.948630136986301
chrX	152940001	152950000	A.1.1.2.2.2.1	1	0.948630136986301
chrX	152950001	152960000	A.1.1.2.2.2.1	1	0.948630136986301
chrX	152960001	152970000	A.1.1.2.2.2.1	1	0.948630136986301
chrX	152970001	152980000	A.1.1.2.2.2.1	1	0.948630136986301
chrX	152980001	152990000	A.1.1.2.2.2.1	1	0.948630136986301
chrX	152990001	1.53e+08	A.1.1.2.2.2.1	1	0.948630136986301
chrX	153000001	153010000	A.1.1.2.2.2.1	1	0.948630136986301
chrX	153010001	153020000	A.1.1.2.2.2.1	1	0.948630136986301
chrX	153020001	153030000	A.1.1.2.2.2.1	1	0.948630136986301
chrX	153030001	153040000	A.1.1.2.2.2.1	1	0.948630136986301
chrX	153040001	153050000	A.1.1.2.2.2.1	1	0.948630136986301
chrX	153050001	153060000	A.1.1.2.2.2.1	1	0.948630136986301
chrX	153060001	153070000	A.1.1.2.2.2.1	1	0.948630136986301
chrX	153070001	153080000	A.1.1.2.2.2.1	1	0.948630136986301
chrX	153080001	153090000	A.1.1.2.2.2.1	1	0.948630136986301
chrX	153090001	153100000	A.1.1.2.2.2.1	1	0.948630136986301
chrX	153100001	153110000	A.1.2.2.1.1.2.2	0.875	0.88013698630137
chrX	153110001	153120000	A.1.2.2.1.1.2.2	0.875	0.88013698630137
chrX	153120001	153130000	A.1.2.2.1.1.2.2	0.875	0.88013698630137
chrX	153130001	153140000	A.1.2.2.1.1.2.2	0.875	0.88013698630137
chrX	153140001	153150000	A.1.2.2.1.1.2.2	0.875	0.88013698630137
chrX	153150001	153160000	A.1.2.2.1.1.2.2	0.875	0.88013698630137
chrX	153160001	153170000	A.1.2.2.1.1.2.2	0.875	0.88013698630137
chrX	153170001	153180000	A.1.2.2.1.1.2.2	0.875	0.88013698630137
chrX	153180001	153190000	A.1.2.2.1.1.2.2	0.875	0.88013698630137
chrX	153190001	153200000	A.1.2.2.1.1.2.2	0.875	0.88013698630137
chrX	153200001	153210000	A.1.2.2.1.1.2.2	0.875	0.88013698630137
chrX	153210001	153220000	A.1.2.2.1.1.2.2	0.875	0.88013698630137
chrX	153220001	153230000	A.1.2.2.1.1.2.2	0.875	0.88013698630137
chrX	153230001	153240000	A.1.2.2.1.1.2.2	0.875	0.88013698630137
chrX	153240001	153250000	A.1.2.2.1.1.2.2	0.875	0.88013698630137
chrX	153250001	153260000	A.1.2.2.1.1.2.2	0.875	0.88013698630137
chrX	153260001	153270000	A.1.2.2.1.1.2.2	0.875	0.88013698630137
chrX	153270001	153280000	A.1.2.2.1.1.2.2	0.875	0.88013698630137
chrX	153280001	153290000	A.1.2.2.1.1.2.2	0.875	0.88013698630137
chrX	153290001	153300000	A.1.2.2.1.1.2.2	0.875	0.88013698630137
chrX	153300001	153310000	A.1.1.1.1.2.2	1	0.993150684931507
chrX	153310001	153320000	A.1.1.1.1.2.2	1	0.993150684931507
chrX	153320001	153330000	A.1.1.1.1.2.2	1	0.993150684931507
chrX	153330001	153340000	A.1.1.1.1.2.2	1	0.993150684931507
chrX	153340001	153350000	A.1.1.1.1.2.2	1	0.993150684931507
chrX	153350001	153360000	A.1.1.1.1.2.2	1	0.993150684931507
chrX	153360001	153370000	A.1.1.1.1.2.2	1	0.993150684931507
chrX	153370001	153380000	A.1.1.1.1.2.2	1	0.993150684931507
chrX	153380001	153390000	A.1.1.1.1.2.2	1	0.993150684931507
chrX	153390001	153400000	A.1.1.1.1.2.2	1	0.993150684931507
chrX	153400001	153410000	A.1.1.1.1.2.2	1	0.993150684931507
chrX	153410001	153420000	A.1.1.1.1.2.2	1	0.993150684931507
chrX	153420001	153430000	A.1.1.1.1.2.2	1	0.993150684931507
chrX	153430001	153440000	A.1.1.1.1.2.2	1	0.993150684931507
chrX	153440001	153450000	A.1.1.1.1.2.2	1	0.993150684931507
chrX	153500001	153510000	A.1.1.1.1.2.2	1	0.993150684931507
chrX	153510001	153520000	A.1.1.1.1.2.2	1	0.993150684931507
chrX	153520001	153530000	A.1.1.1.1.2.2	1	0.993150684931507
chrX	153530001	153540000	A.1.1.1.1.2.2	1	0.993150684931507
chrX	153540001	153550000	A.1.1.1.1.2.2	1	0.993150684931507
chrX	153550001	153560000	A.1.1.1.1.2.2	1	0.993150684931507
chrX	153560001	153570000	A.1.1.1.1.2.2	1	0.993150684931507
chrX	153570001	153580000	A.1.1.1.1.2.2	1	0.993150684931507
chrX	153580001	153590000	A.1.1.1.1.2.2	1	0.993150684931507
chrX	153590001	153600000	A.1.1.1.1.2.2	1	0.993150684931507
chrX	153600001	153610000	A.1.2.1.2.2.1.2	0.875	0.897260273972603
chrX	153610001	153620000	A.1.2.1.2.2.1.2	0.875	0.897260273972603
chrX	153620001	153630000	A.1.2.1.2.2.1.2	0.875	0.897260273972603
chrX	153630001	153640000	A.1.2.1.2.2.1.2	0.875	0.897260273972603
chrX	153640001	153650000	A.1.2.1.2.2.1.2	0.875	0.897260273972603
chrX	153650001	153660000	A.1.2.1.2.2.1.2	0.875	0.897260273972603
chrX	153660001	153670000	A.1.2.1.2.2.1.2	0.875	0.897260273972603
chrX	153670001	153680000	A.1.2.1.2.2.1.2	0.875	0.897260273972603
chrX	153680001	153690000	A.1.2.1.2.2.1.2	0.875	0.897260273972603
chrX	153690001	153700000	A.1.2.1.2.2.1.2	0.875	0.897260273972603
chrX	153700001	153710000	A.1.2.1.2.2.1.1	0.875	0.900684931506849
chrX	153710001	153720000	A.1.2.1.2.2.1.1	0.875	0.900684931506849
chrX	153720001	153730000	A.1.2.1.2.2.1.1	0.875	0.900684931506849
chrX	153730001	153740000	A.1.2.1.2.2.1.1	0.875	0.900684931506849
chrX	153740001	153750000	A.1.2.1.2.2.1.1	0.875	0.900684931506849
chrX	153750001	153760000	A.1.2.1.2.2.1.1	0.875	0.900684931506849
chrX	153760001	153770000	A.1.2.1.2.2.1.1	0.875	0.900684931506849
chrX	153770001	153780000	A.1.2.1.2.2.1.1	0.875	0.900684931506849
chrX	153780001	153790000	A.1.2.1.2.2.1.1	0.875	0.900684931506849
chrX	153790001	153800000	A.1.2.1.2.2.1.1	0.875	0.900684931506849
chrX	153800001	153810000	A.1.2.1.2.2.1.1	0.875	0.900684931506849
chrX	153810001	153820000	A.1.2.1.2.2.1.1	0.875	0.900684931506849
chrX	153820001	153830000	A.1.2.1.2.2.1.1	0.875	0.900684931506849
chrX	153830001	153840000	A.1.2.1.2.2.1.1	0.875	0.900684931506849
chrX	153840001	153850000	A.1.2.1.2.2.1.1	0.875	0.900684931506849
chrX	153850001	153860000	A.1.2.1.2.2.1.1	0.875	0.900684931506849
chrX	153860001	153870000	A.1.2.1.2.2.1.1	0.875	0.900684931506849
chrX	153870001	153880000	A.1.2.1.2.2.1.1	0.875	0.900684931506849
chrX	153880001	153890000	A.1.2.1.2.2.1.1	0.875	0.900684931506849
chrX	153890001	153900000	A.1.2.1.2.2.1.1	0.875	0.900684931506849
chrX	153900001	153910000	A.1.2.1.2.2.2	0.875	0.893835616438356
chrX	153910001	153920000	A.1.2.1.2.2.2	0.875	0.893835616438356
chrX	153920001	153930000	A.1.2.1.2.2.2	0.875	0.893835616438356
chrX	153930001	153940000	A.1.2.1.2.2.2	0.875	0.893835616438356
chrX	153940001	153950000	A.1.2.1.2.2.2	0.875	0.893835616438356
chrX	153950001	153960000	A.1.2.1.2.2.2	0.875	0.893835616438356
chrX	153960001	153970000	A.1.2.1.2.2.2	0.875	0.893835616438356
chrX	153970001	153980000	A.1.2.1.2.2.2	0.875	0.893835616438356
chrX	153980001	153990000	A.1.2.1.2.2.2	0.875	0.893835616438356
chrX	153990001	1.54e+08	A.1.2.1.2.2.2	0.875	0.893835616438356
chrX	154000001	154010000	A.1.2.1.2.2.2	0.875	0.893835616438356
chrX	154010001	154020000	A.1.2.1.2.2.2	0.875	0.893835616438356
chrX	154020001	154030000	A.1.2.1.2.2.2	0.875	0.893835616438356
chrX	154030001	154040000	A.1.2.1.2.2.2	0.875	0.893835616438356
chrX	154040001	154050000	A.1.2.1.2.2.2	0.875	0.893835616438356
chrX	154050001	154060000	A.1.2.1.2.2.2	0.875	0.893835616438356
chrX	154060001	154070000	A.1.2.1.2.2.2	0.875	0.893835616438356
chrX	154070001	154080000	A.1.2.1.2.2.2	0.875	0.893835616438356
chrX	154080001	154090000	A.1.2.1.2.2.2	0.875	0.893835616438356
chrX	154090001	154100000	A.1.2.1.2.2.2	0.875	0.893835616438356
chrX	154100001	154110000	A.1.2.2.1.1.2.1	0.875	0.883561643835616
chrX	154110001	154120000	A.1.2.2.1.1.2.1	0.875	0.883561643835616
chrX	154120001	154130000	A.1.2.2.1.1.2.1	0.875	0.883561643835616
chrX	154130001	154140000	A.1.2.2.1.1.2.1	0.875	0.883561643835616
chrX	154140001	154150000	A.1.2.2.1.1.2.1	0.875	0.883561643835616
chrX	154150001	154160000	A.1.2.2.1.1.2.1	0.875	0.883561643835616
chrX	154160001	154170000	A.1.2.2.1.1.2.1	0.875	0.883561643835616
chrX	154170001	154180000	A.1.2.2.1.1.2.1	0.875	0.883561643835616
chrX	154180001	154190000	A.1.2.2.1.1.2.1	0.875	0.883561643835616
chrX	154190001	154200000	A.1.2.2.1.1.2.1	0.875	0.883561643835616
chrX	154200001	154210000	A.1.2.2.1.1.2.1	0.875	0.883561643835616
chrX	154210001	154220000	A.1.2.2.1.1.2.1	0.875	0.883561643835616
chrX	154220001	154230000	A.1.2.2.1.1.2.1	0.875	0.883561643835616
chrX	154230001	154240000	A.1.2.2.1.1.2.1	0.875	0.883561643835616
chrX	154240001	154250000	A.1.2.2.1.1.2.1	0.875	0.883561643835616
chrX	154250001	154260000	A.1.2.2.1.1.2.1	0.875	0.883561643835616
chrX	154260001	154270000	A.1.2.2.1.1.2.1	0.875	0.883561643835616
chrX	154270001	154280000	A.1.2.2.1.1.2.1	0.875	0.883561643835616
chrX	154280001	154290000	A.1.2.2.1.1.2.1	0.875	0.883561643835616
chrX	154290001	154300000	A.1.2.2.1.1.2.1	0.875	0.883561643835616
chrX	154300001	154310000	A.1.2.2.1.1.2.1	0.875	0.883561643835616
chrX	154310001	154320000	A.1.2.2.1.1.2.1	0.875	0.883561643835616
chrX	154320001	154330000	A.1.2.2.1.1.2.1	0.875	0.883561643835616
chrX	154330001	154340000	A.1.2.2.1.1.2.1	0.875	0.883561643835616
chrX	154340001	154350000	A.1.2.2.1.1.2.1	0.875	0.883561643835616
chrX	154350001	154360000	A.1.2.2.1.1.2.1	0.875	0.883561643835616
chrX	154360001	154370000	A.1.2.2.1.1.2.1	0.875	0.883561643835616
chrX	154370001	154380000	A.1.2.2.1.1.2.1	0.875	0.883561643835616
chrX	154380001	154390000	A.1.2.2.1.1.2.1	0.875	0.883561643835616
chrX	154390001	154400000	A.1.2.2.1.1.2.1	0.875	0.883561643835616
chrX	154400001	154410000	A.1.2.2.1.1.2.1	0.875	0.883561643835616
chrX	154410001	154420000	A.1.2.2.1.1.2.1	0.875	0.883561643835616
chrX	154420001	154430000	A.1.2.2.1.1.2.1	0.875	0.883561643835616
chrX	154430001	154440000	A.1.2.2.1.1.2.1	0.875	0.883561643835616
chrX	154440001	154450000	A.1.2.2.1.1.2.1	0.875	0.883561643835616
chrX	154450001	154460000	A.1.2.2.1.1.2.1	0.875	0.883561643835616
chrX	154460001	154470000	A.1.2.2.1.1.2.1	0.875	0.883561643835616
chrX	154470001	154480000	A.1.2.2.1.1.2.1	0.875	0.883561643835616
chrX	154480001	154490000	A.1.2.2.1.1.2.1	0.875	0.883561643835616
chrX	154490001	154500000	A.1.2.2.1.1.2.1	0.875	0.883561643835616
chrX	154500001	154510000	A.1.2.2.1.1.2.1	0.875	0.883561643835616
chrX	154510001	154520000	A.1.2.2.1.1.2.1	0.875	0.883561643835616
chrX	154520001	154530000	A.1.2.2.1.1.2.1	0.875	0.883561643835616
chrX	154530001	154540000	A.1.2.2.1.1.2.1	0.875	0.883561643835616
chrX	154540001	154550000	A.1.2.2.1.1.2.1	0.875	0.883561643835616
chrX	154550001	154560000	A.1.2.2.1.1.2.1	0.875	0.883561643835616
chrX	154560001	154570000	A.1.2.2.1.1.2.1	0.875	0.883561643835616
chrX	154570001	154580000	A.1.2.2.1.1.2.1	0.875	0.883561643835616
chrX	154580001	154590000	A.1.2.2.1.1.2.1	0.875	0.883561643835616
chrX	154590001	154600000	A.1.2.2.1.1.2.1	0.875	0.883561643835616
chrX	154600001	154610000	A.1.2.2.1.1.2.1	0.875	0.883561643835616
chrX	154610001	154620000	A.1.2.2.1.1.2.1	0.875	0.883561643835616
chrX	154620001	154630000	A.1.2.2.1.1.2.1	0.875	0.883561643835616
chrX	154630001	154640000	A.1.2.2.1.1.2.1	0.875	0.883561643835616
chrX	154640001	154650000	A.1.2.2.1.1.2.1	0.875	0.883561643835616
chrX	154650001	154660000	A.1.2.2.1.1.2.1	0.875	0.883561643835616
chrX	154660001	154670000	A.1.2.2.1.1.2.1	0.875	0.883561643835616
chrX	154670001	154680000	A.1.2.2.1.1.2.1	0.875	0.883561643835616
chrX	154680001	154690000	A.1.2.2.1.1.2.1	0.875	0.883561643835616
chrX	154690001	154700000	A.1.2.2.1.1.2.1	0.875	0.883561643835616
chrX	154700001	154710000	A.1.2.2.1.1.2.1	0.875	0.883561643835616
chrX	154710001	154720000	A.1.2.2.1.1.2.1	0.875	0.883561643835616
chrX	154720001	154730000	A.1.2.2.1.1.2.1	0.875	0.883561643835616
chrX	154730001	154740000	A.1.2.2.1.1.2.1	0.875	0.883561643835616
chrX	154740001	154750000	A.1.2.2.1.1.2.1	0.875	0.883561643835616
chrX	154750001	154760000	A.1.2.2.1.1.2.1	0.875	0.883561643835616
chrX	154760001	154770000	A.1.2.2.1.1.2.1	0.875	0.883561643835616
chrX	154770001	154780000	A.1.2.2.1.1.2.1	0.875	0.883561643835616
chrX	154780001	154790000	A.1.2.2.1.1.2.1	0.875	0.883561643835616
chrX	154790001	154800000	A.1.2.2.1.1.2.1	0.875	0.883561643835616
chrX	154800001	154810000	A.1.2.2.1.1.2.1	0.875	0.883561643835616
chrX	154810001	154820000	A.1.2.2.1.1.2.1	0.875	0.883561643835616
chrX	154820001	154830000	A.1.2.2.1.1.2.1	0.875	0.883561643835616
chrX	154830001	154840000	A.1.2.2.1.1.2.1	0.875	0.883561643835616
chrX	154840001	154850000	A.1.2.2.1.1.2.1	0.875	0.883561643835616
chrX	154850001	154860000	A.1.2.2.1.1.2.1	0.875	0.883561643835616
chrX	154860001	154870000	A.1.2.2.1.1.2.1	0.875	0.883561643835616
chrX	154870001	154880000	A.1.2.2.1.1.2.1	0.875	0.883561643835616
chrX	154880001	154890000	A.1.2.2.1.1.2.1	0.875	0.883561643835616
chrX	154890001	154900000	A.1.2.2.1.1.2.1	0.875	0.883561643835616
chrX	154900001	154910000	A.1.2.2.1.1.2.1	0.875	0.883561643835616
chrX	154910001	154920000	A.1.2.2.1.1.2.1	0.875	0.883561643835616
chrX	154920001	154930000	A.1.2.2.1.1.2.1	0.875	0.883561643835616
chrX	154930001	154940000	A.1.2.2.1.1.2.1	0.875	0.883561643835616
chrX	154940001	154950000	A.1.2.2.1.1.2.1	0.875	0.883561643835616
