chr	pos_start	pos_end	comp_name	comp_rank	continous_rank
chrX	2700001	2710000	A.2.1.2.2.1.1.1	0.75	0.715116279069768
chrX	2710001	2720000	A.2.1.2.2.1.1.1	0.75	0.715116279069768
chrX	2720001	2730000	A.2.1.2.2.1.1.1	0.75	0.715116279069768
chrX	2730001	2740000	A.2.1.2.2.1.1.1	0.75	0.715116279069768
chrX	2740001	2750000	A.2.1.2.2.1.1.1	0.75	0.715116279069768
chrX	2750001	2760000	A.2.1.2.2.1.1.1	0.75	0.715116279069768
chrX	2760001	2770000	A.2.1.2.2.1.1.1	0.75	0.715116279069768
chrX	2770001	2780000	A.2.1.2.2.1.1.1	0.75	0.715116279069768
chrX	2780001	2790000	A.2.1.2.2.1.1.1	0.75	0.715116279069768
chrX	2790001	2800000	A.2.1.2.2.1.1.1	0.75	0.715116279069768
chrX	2800001	2810000	A.2.1.2.2.1.1.1	0.75	0.715116279069768
chrX	2810001	2820000	A.2.1.2.2.1.1.1	0.75	0.715116279069768
chrX	2820001	2830000	A.2.1.2.2.1.1.1	0.75	0.715116279069768
chrX	2830001	2840000	A.2.1.2.2.1.1.1	0.75	0.715116279069768
chrX	2840001	2850000	A.2.1.2.2.1.1.1	0.75	0.715116279069768
chrX	2850001	2860000	A.2.1.2.2.1.1.1	0.75	0.715116279069768
chrX	2860001	2870000	A.2.1.2.2.1.1.1	0.75	0.715116279069768
chrX	2870001	2880000	A.2.1.2.2.1.1.1	0.75	0.715116279069768
chrX	2880001	2890000	A.2.1.2.2.1.1.1	0.75	0.715116279069768
chrX	2890001	2900000	A.2.1.2.2.1.1.1	0.75	0.715116279069768
chrX	2900001	2910000	A.2.2.2.1.1.1	0.625	0.627906976744186
chrX	2910001	2920000	A.2.2.2.1.1.1	0.625	0.627906976744186
chrX	2920001	2930000	A.2.2.2.1.1.1	0.625	0.627906976744186
chrX	2930001	2940000	A.2.2.2.1.1.1	0.625	0.627906976744186
chrX	2940001	2950000	A.2.2.2.1.1.1	0.625	0.627906976744186
chrX	2950001	2960000	A.2.2.2.1.1.1	0.625	0.627906976744186
chrX	2960001	2970000	A.2.2.2.1.1.1	0.625	0.627906976744186
chrX	2970001	2980000	A.2.2.2.1.1.1	0.625	0.627906976744186
chrX	2980001	2990000	A.2.2.2.1.1.1	0.625	0.627906976744186
chrX	2990001	3e+06	A.2.2.2.1.1.1	0.625	0.627906976744186
chrX	3000001	3010000	A.2.2.2.1.1.1	0.625	0.627906976744186
chrX	3010001	3020000	A.2.2.2.1.1.1	0.625	0.627906976744186
chrX	3020001	3030000	A.2.2.2.1.1.1	0.625	0.627906976744186
chrX	3030001	3040000	A.2.2.2.1.1.1	0.625	0.627906976744186
chrX	3040001	3050000	A.2.2.2.1.1.1	0.625	0.627906976744186
chrX	3050001	3060000	A.2.2.2.1.1.1	0.625	0.627906976744186
chrX	3060001	3070000	A.2.2.2.1.1.1	0.625	0.627906976744186
chrX	3070001	3080000	A.2.2.2.1.1.1	0.625	0.627906976744186
chrX	3080001	3090000	A.2.2.2.1.1.1	0.625	0.627906976744186
chrX	3090001	3100000	A.2.2.2.1.1.1	0.625	0.627906976744186
chrX	3100001	3110000	A.2.2.2.1.1.1	0.625	0.627906976744186
chrX	3110001	3120000	A.2.2.2.1.1.1	0.625	0.627906976744186
chrX	3120001	3130000	A.2.2.2.1.1.1	0.625	0.627906976744186
chrX	3130001	3140000	A.2.2.2.1.1.1	0.625	0.627906976744186
chrX	3140001	3150000	A.2.2.2.1.1.1	0.625	0.627906976744186
chrX	3150001	3160000	A.2.2.2.1.1.1	0.625	0.627906976744186
chrX	3160001	3170000	A.2.2.2.1.1.1	0.625	0.627906976744186
chrX	3170001	3180000	A.2.2.2.1.1.1	0.625	0.627906976744186
chrX	3180001	3190000	A.2.2.2.1.1.1	0.625	0.627906976744186
chrX	3190001	3200000	A.2.2.2.1.1.1	0.625	0.627906976744186
chrX	3200001	3210000	A.2.2.2.1.1.1	0.625	0.627906976744186
chrX	3210001	3220000	A.2.2.2.1.1.1	0.625	0.627906976744186
chrX	3220001	3230000	A.2.2.2.1.1.1	0.625	0.627906976744186
chrX	3230001	3240000	A.2.2.2.1.1.1	0.625	0.627906976744186
chrX	3240001	3250000	A.2.2.2.1.1.1	0.625	0.627906976744186
chrX	3250001	3260000	A.2.2.2.1.1.1	0.625	0.627906976744186
chrX	3260001	3270000	A.2.2.2.1.1.1	0.625	0.627906976744186
chrX	3270001	3280000	A.2.2.2.1.1.1	0.625	0.627906976744186
chrX	3280001	3290000	A.2.2.2.1.1.1	0.625	0.627906976744186
chrX	3290001	3300000	A.2.2.2.1.1.1	0.625	0.627906976744186
chrX	3300001	3310000	A.2.2.2.2.2.1.2.2	0.625	0.575581395348837
chrX	3310001	3320000	A.2.2.2.2.2.1.2.2	0.625	0.575581395348837
chrX	3320001	3330000	A.2.2.2.2.2.1.2.2	0.625	0.575581395348837
chrX	3330001	3340000	A.2.2.2.2.2.1.2.2	0.625	0.575581395348837
chrX	3340001	3350000	A.2.2.2.2.2.1.2.2	0.625	0.575581395348837
chrX	3350001	3360000	A.2.2.2.2.2.1.2.2	0.625	0.575581395348837
chrX	3360001	3370000	A.2.2.2.2.2.1.2.2	0.625	0.575581395348837
chrX	3370001	3380000	A.2.2.2.2.2.1.2.2	0.625	0.575581395348837
chrX	3380001	3390000	A.2.2.2.2.2.1.2.2	0.625	0.575581395348837
chrX	3390001	3400000	A.2.2.2.2.2.1.2.2	0.625	0.575581395348837
chrX	3400001	3410000	A.2.2.2.2.2.1.2.2	0.625	0.575581395348837
chrX	3410001	3420000	A.2.2.2.2.2.1.2.2	0.625	0.575581395348837
chrX	3420001	3430000	A.2.2.2.2.2.1.2.2	0.625	0.575581395348837
chrX	3430001	3440000	A.2.2.2.2.2.1.2.2	0.625	0.575581395348837
chrX	3440001	3450000	A.2.2.2.2.2.1.2.2	0.625	0.575581395348837
chrX	3450001	3460000	A.2.2.2.2.2.1.2.2	0.625	0.575581395348837
chrX	3460001	3470000	A.2.2.2.2.2.1.2.2	0.625	0.575581395348837
chrX	3470001	3480000	A.2.2.2.2.2.1.2.2	0.625	0.575581395348837
chrX	3480001	3490000	A.2.2.2.2.2.1.2.2	0.625	0.575581395348837
chrX	3490001	3500000	A.2.2.2.2.2.1.2.2	0.625	0.575581395348837
chrX	3500001	3510000	A.2.2.2.2.2.1.2.2	0.625	0.575581395348837
chrX	3510001	3520000	A.2.2.2.2.2.1.2.2	0.625	0.575581395348837
chrX	3520001	3530000	A.2.2.2.2.2.1.2.2	0.625	0.575581395348837
chrX	3530001	3540000	A.2.2.2.2.2.1.2.2	0.625	0.575581395348837
chrX	3540001	3550000	A.2.2.2.2.2.1.2.2	0.625	0.575581395348837
chrX	3550001	3560000	A.2.1.2.2.1.1.2	0.75	0.709302325581395
chrX	3560001	3570000	A.2.1.2.2.1.1.2	0.75	0.709302325581395
chrX	3570001	3580000	A.2.1.2.2.1.1.2	0.75	0.709302325581395
chrX	3580001	3590000	A.2.1.2.2.1.1.2	0.75	0.709302325581395
chrX	3590001	3600000	A.2.1.2.2.1.1.2	0.75	0.709302325581395
chrX	3600001	3610000	A.2.1.2.2.1.1.2	0.75	0.709302325581395
chrX	3610001	3620000	A.2.1.2.2.1.1.2	0.75	0.709302325581395
chrX	3620001	3630000	A.2.1.2.2.1.1.2	0.75	0.709302325581395
chrX	3630001	3640000	A.2.1.2.2.1.1.2	0.75	0.709302325581395
chrX	3640001	3650000	A.2.1.2.2.1.1.2	0.75	0.709302325581395
chrX	3650001	3660000	A.2.1.2.2.1.1.2	0.75	0.709302325581395
chrX	3660001	3670000	A.2.1.2.2.1.1.2	0.75	0.709302325581395
chrX	3670001	3680000	A.2.1.2.2.1.1.2	0.75	0.709302325581395
chrX	3680001	3690000	A.2.1.2.2.1.1.2	0.75	0.709302325581395
chrX	3690001	3700000	A.2.1.2.2.1.1.2	0.75	0.709302325581395
chrX	3700001	3710000	A.2.1.2.2.1.1.2	0.75	0.709302325581395
chrX	3710001	3720000	A.2.1.2.2.1.1.2	0.75	0.709302325581395
chrX	3720001	3730000	A.2.1.2.2.1.1.2	0.75	0.709302325581395
chrX	3730001	3740000	A.2.1.2.2.1.1.2	0.75	0.709302325581395
chrX	3740001	3750000	A.2.1.2.2.1.1.2	0.75	0.709302325581395
chrX	3750001	3760000	A.2.1.2.2.1.1.2	0.75	0.709302325581395
chrX	3760001	3770000	A.2.1.2.2.1.1.2	0.75	0.709302325581395
chrX	3770001	3780000	A.2.1.2.2.1.1.2	0.75	0.709302325581395
chrX	3780001	3790000	A.2.1.2.2.1.1.2	0.75	0.709302325581395
chrX	3790001	3800000	A.2.1.2.2.1.1.2	0.75	0.709302325581395
chrX	3850001	3860000	B.1.2.2.2.1.2.2	0.375	0.267441860465116
chrX	3860001	3870000	B.1.2.2.2.1.2.2	0.375	0.267441860465116
chrX	3870001	3880000	B.1.2.2.2.1.2.2	0.375	0.267441860465116
chrX	3880001	3890000	B.1.2.2.2.1.2.2	0.375	0.267441860465116
chrX	3890001	3900000	B.1.2.2.2.1.2.2	0.375	0.267441860465116
chrX	3900001	3910000	B.1.2.2.2.1.2.2	0.375	0.267441860465116
chrX	3910001	3920000	B.1.2.2.2.1.2.2	0.375	0.267441860465116
chrX	3920001	3930000	B.1.2.2.2.1.2.2	0.375	0.267441860465116
chrX	3930001	3940000	B.1.2.2.2.1.2.2	0.375	0.267441860465116
chrX	3940001	3950000	B.1.2.2.2.1.2.2	0.375	0.267441860465116
chrX	3950001	3960000	B.1.2.2.2.1.2.2	0.375	0.267441860465116
chrX	3960001	3970000	B.1.2.2.2.1.2.2	0.375	0.267441860465116
chrX	3970001	3980000	B.1.2.2.2.1.2.2	0.375	0.267441860465116
chrX	3980001	3990000	B.1.2.2.2.1.2.2	0.375	0.267441860465116
chrX	3990001	4e+06	B.1.2.2.2.1.2.2	0.375	0.267441860465116
chrX	4000001	4010000	B.1.2.2.2.1.2.2	0.375	0.267441860465116
chrX	4010001	4020000	B.1.2.2.2.1.2.2	0.375	0.267441860465116
chrX	4020001	4030000	B.1.2.2.2.1.2.2	0.375	0.267441860465116
chrX	4030001	4040000	B.1.2.2.2.1.2.2	0.375	0.267441860465116
chrX	4040001	4050000	B.1.2.2.2.1.2.2	0.375	0.267441860465116
chrX	4050001	4060000	B.2.1.1.1.1.2.2.1	0.25	0.215116279069767
chrX	4060001	4070000	B.2.1.1.1.1.2.2.1	0.25	0.215116279069767
chrX	4070001	4080000	B.2.1.1.1.1.2.2.1	0.25	0.215116279069767
chrX	4080001	4090000	B.2.1.1.1.1.2.2.1	0.25	0.215116279069767
chrX	4090001	4100000	B.2.1.1.1.1.2.2.1	0.25	0.215116279069767
chrX	4100001	4110000	B.2.1.1.1.1.2.2.1	0.25	0.215116279069767
chrX	4110001	4120000	B.2.1.1.1.1.2.2.1	0.25	0.215116279069767
chrX	4120001	4130000	B.2.1.1.1.1.2.2.1	0.25	0.215116279069767
chrX	4130001	4140000	B.2.1.1.1.1.2.2.1	0.25	0.215116279069767
chrX	4140001	4150000	B.2.1.1.1.1.2.2.1	0.25	0.215116279069767
chrX	4150001	4160000	B.2.1.1.1.1.2.2.1	0.25	0.215116279069767
chrX	4160001	4170000	B.2.1.1.1.1.2.2.1	0.25	0.215116279069767
chrX	4170001	4180000	B.2.1.1.1.1.2.2.1	0.25	0.215116279069767
chrX	4180001	4190000	B.2.1.1.1.1.2.2.1	0.25	0.215116279069767
chrX	4190001	4200000	B.2.1.1.1.1.2.2.1	0.25	0.215116279069767
chrX	4200001	4210000	B.2.1.1.1.1.2.2.1	0.25	0.215116279069767
chrX	4210001	4220000	B.2.1.1.1.1.2.2.1	0.25	0.215116279069767
chrX	4220001	4230000	B.2.1.1.1.1.2.2.1	0.25	0.215116279069767
chrX	4230001	4240000	B.2.1.1.1.1.2.2.1	0.25	0.215116279069767
chrX	4240001	4250000	B.2.1.1.1.1.2.2.1	0.25	0.215116279069767
chrX	4250001	4260000	B.2.1.1.1.1.2.2.1	0.25	0.215116279069767
chrX	4260001	4270000	B.2.1.1.1.1.2.2.1	0.25	0.215116279069767
chrX	4270001	4280000	B.2.1.1.1.1.2.2.1	0.25	0.215116279069767
chrX	4280001	4290000	B.2.1.1.1.1.2.2.1	0.25	0.215116279069767
chrX	4290001	4300000	B.2.1.1.1.1.2.2.1	0.25	0.215116279069767
chrX	4300001	4310000	B.2.1.1.1.1.2.2.1	0.25	0.215116279069767
chrX	4310001	4320000	B.2.1.1.1.1.2.2.1	0.25	0.215116279069767
chrX	4320001	4330000	B.2.1.1.1.1.2.2.1	0.25	0.215116279069767
chrX	4330001	4340000	B.2.1.1.1.1.2.2.1	0.25	0.215116279069767
chrX	4340001	4350000	B.2.1.1.1.1.2.2.1	0.25	0.215116279069767
chrX	4350001	4360000	B.2.1.2.1.2.1	0.25	0.13953488372093
chrX	4360001	4370000	B.2.1.2.1.2.1	0.25	0.13953488372093
chrX	4370001	4380000	B.2.1.2.1.2.1	0.25	0.13953488372093
chrX	4380001	4390000	B.2.1.2.1.2.1	0.25	0.13953488372093
chrX	4390001	4400000	B.2.1.2.1.2.1	0.25	0.13953488372093
chrX	4400001	4410000	B.2.1.2.1.2.1	0.25	0.13953488372093
chrX	4410001	4420000	B.2.1.2.1.2.1	0.25	0.13953488372093
chrX	4420001	4430000	B.2.1.2.1.2.1	0.25	0.13953488372093
chrX	4430001	4440000	B.2.1.2.1.2.1	0.25	0.13953488372093
chrX	4440001	4450000	B.2.1.2.1.2.1	0.25	0.13953488372093
chrX	4450001	4460000	B.2.1.2.1.2.1	0.25	0.13953488372093
chrX	4460001	4470000	B.2.1.2.1.2.1	0.25	0.13953488372093
chrX	4470001	4480000	B.2.1.2.1.2.1	0.25	0.13953488372093
chrX	4480001	4490000	B.2.1.2.1.2.1	0.25	0.13953488372093
chrX	4490001	4500000	B.2.1.2.1.2.1	0.25	0.13953488372093
chrX	4500001	4510000	B.2.1.2.1.2.1	0.25	0.13953488372093
chrX	4510001	4520000	B.2.1.2.1.2.1	0.25	0.13953488372093
chrX	4520001	4530000	B.2.1.2.1.2.1	0.25	0.13953488372093
chrX	4530001	4540000	B.2.1.2.1.2.1	0.25	0.13953488372093
chrX	4540001	4550000	B.2.1.2.1.2.1	0.25	0.13953488372093
chrX	4550001	4560000	B.2.1.2.1.2.1	0.25	0.13953488372093
chrX	4560001	4570000	B.2.1.2.1.2.1	0.25	0.13953488372093
chrX	4570001	4580000	B.2.1.2.1.2.1	0.25	0.13953488372093
chrX	4580001	4590000	B.2.1.2.1.2.1	0.25	0.13953488372093
chrX	4590001	4600000	B.2.1.2.1.2.1	0.25	0.13953488372093
chrX	4600001	4610000	B.2.1.2.1.2.1	0.25	0.13953488372093
chrX	4610001	4620000	B.2.1.2.1.2.1	0.25	0.13953488372093
chrX	4620001	4630000	B.2.1.2.1.2.1	0.25	0.13953488372093
chrX	4630001	4640000	B.2.1.2.1.2.1	0.25	0.13953488372093
chrX	4640001	4650000	B.2.1.2.1.2.1	0.25	0.13953488372093
chrX	4650001	4660000	B.2.1.2.1.2.1	0.25	0.13953488372093
chrX	4660001	4670000	B.2.1.2.1.2.1	0.25	0.13953488372093
chrX	4670001	4680000	B.2.1.2.1.2.1	0.25	0.13953488372093
chrX	4680001	4690000	B.2.1.2.1.2.1	0.25	0.13953488372093
chrX	4690001	4700000	B.2.1.2.1.2.1	0.25	0.13953488372093
chrX	4700001	4710000	B.2.1.2.1.2.1	0.25	0.13953488372093
chrX	4710001	4720000	B.2.1.2.1.2.1	0.25	0.13953488372093
chrX	4720001	4730000	B.2.1.2.1.2.1	0.25	0.13953488372093
chrX	4730001	4740000	B.2.1.2.1.2.1	0.25	0.13953488372093
chrX	4740001	4750000	B.2.1.2.1.2.1	0.25	0.13953488372093
chrX	4750001	4760000	B.2.1.2.1.2.1	0.25	0.13953488372093
chrX	4760001	4770000	B.2.1.2.1.2.1	0.25	0.13953488372093
chrX	4770001	4780000	B.2.1.2.1.2.1	0.25	0.13953488372093
chrX	4780001	4790000	B.2.1.2.1.2.1	0.25	0.13953488372093
chrX	4790001	4800000	B.2.1.2.1.2.1	0.25	0.13953488372093
chrX	4800001	4810000	B.2.1.2.1.2.1	0.25	0.13953488372093
chrX	4810001	4820000	B.2.1.2.1.2.1	0.25	0.13953488372093
chrX	4820001	4830000	B.2.1.2.1.2.1	0.25	0.13953488372093
chrX	4830001	4840000	B.2.1.2.1.2.1	0.25	0.13953488372093
chrX	4840001	4850000	B.2.1.2.1.2.1	0.25	0.13953488372093
chrX	4850001	4860000	B.2.1.2.1.2.1	0.25	0.13953488372093
chrX	4860001	4870000	B.2.1.2.1.2.1	0.25	0.13953488372093
chrX	4870001	4880000	B.2.1.2.1.2.1	0.25	0.13953488372093
chrX	4880001	4890000	B.2.1.2.1.2.1	0.25	0.13953488372093
chrX	4890001	4900000	B.2.1.2.1.2.1	0.25	0.13953488372093
chrX	4900001	4910000	B.2.1.2.1.2.1	0.25	0.13953488372093
chrX	4910001	4920000	B.2.1.2.1.2.1	0.25	0.13953488372093
chrX	4920001	4930000	B.2.1.2.1.2.1	0.25	0.13953488372093
chrX	4930001	4940000	B.2.1.2.1.2.1	0.25	0.13953488372093
chrX	4940001	4950000	B.2.1.2.1.2.1	0.25	0.13953488372093
chrX	4950001	4960000	B.2.1.2.1.2.2.1	0.25	0.133720930232558
chrX	4960001	4970000	B.2.1.2.1.2.2.1	0.25	0.133720930232558
chrX	4970001	4980000	B.2.1.2.1.2.2.1	0.25	0.133720930232558
chrX	4980001	4990000	B.2.1.2.1.2.2.1	0.25	0.133720930232558
chrX	4990001	5e+06	B.2.1.2.1.2.2.1	0.25	0.133720930232558
chrX	5000001	5010000	B.2.1.2.1.2.2.1	0.25	0.133720930232558
chrX	5010001	5020000	B.2.1.2.1.2.2.1	0.25	0.133720930232558
chrX	5020001	5030000	B.2.1.2.1.2.2.1	0.25	0.133720930232558
chrX	5030001	5040000	B.2.1.2.1.2.2.1	0.25	0.133720930232558
chrX	5040001	5050000	B.2.1.2.1.2.2.1	0.25	0.133720930232558
chrX	5050001	5060000	B.2.1.2.1.2.2.1	0.25	0.133720930232558
chrX	5060001	5070000	B.2.1.2.1.2.2.1	0.25	0.133720930232558
chrX	5070001	5080000	B.2.1.2.1.2.2.1	0.25	0.133720930232558
chrX	5080001	5090000	B.2.1.2.1.2.2.1	0.25	0.133720930232558
chrX	5090001	5100000	B.2.1.2.1.2.2.1	0.25	0.133720930232558
chrX	5100001	5110000	B.2.1.2.1.2.2.1	0.25	0.133720930232558
chrX	5110001	5120000	B.2.1.2.1.2.2.1	0.25	0.133720930232558
chrX	5120001	5130000	B.2.1.2.1.2.2.1	0.25	0.133720930232558
chrX	5130001	5140000	B.2.1.2.1.2.2.1	0.25	0.133720930232558
chrX	5140001	5150000	B.2.1.2.1.2.2.1	0.25	0.133720930232558
chrX	5150001	5160000	B.2.1.2.1.2.2.1	0.25	0.133720930232558
chrX	5160001	5170000	B.2.1.2.1.2.2.1	0.25	0.133720930232558
chrX	5170001	5180000	B.2.1.2.1.2.2.1	0.25	0.133720930232558
chrX	5180001	5190000	B.2.1.2.1.2.2.1	0.25	0.133720930232558
chrX	5190001	5200000	B.2.1.2.1.2.2.1	0.25	0.133720930232558
chrX	5200001	5210000	B.2.1.2.1.1	0.25	0.145348837209302
chrX	5210001	5220000	B.2.1.2.1.1	0.25	0.145348837209302
chrX	5220001	5230000	B.2.1.2.1.1	0.25	0.145348837209302
chrX	5230001	5240000	B.2.1.2.1.1	0.25	0.145348837209302
chrX	5240001	5250000	B.2.1.2.1.1	0.25	0.145348837209302
chrX	5250001	5260000	B.2.1.2.1.1	0.25	0.145348837209302
chrX	5260001	5270000	B.2.1.2.1.1	0.25	0.145348837209302
chrX	5270001	5280000	B.2.1.2.1.1	0.25	0.145348837209302
chrX	5280001	5290000	B.2.1.2.1.1	0.25	0.145348837209302
chrX	5290001	5300000	B.2.1.2.1.1	0.25	0.145348837209302
chrX	5300001	5310000	B.2.1.2.1.1	0.25	0.145348837209302
chrX	5310001	5320000	B.2.1.2.1.1	0.25	0.145348837209302
chrX	5320001	5330000	B.2.1.2.1.1	0.25	0.145348837209302
chrX	5330001	5340000	B.2.1.2.1.1	0.25	0.145348837209302
chrX	5340001	5350000	B.2.1.2.1.1	0.25	0.145348837209302
chrX	5350001	5360000	B.2.1.2.1.1	0.25	0.145348837209302
chrX	5360001	5370000	B.2.1.2.1.1	0.25	0.145348837209302
chrX	5370001	5380000	B.2.1.2.1.1	0.25	0.145348837209302
chrX	5380001	5390000	B.2.1.2.1.1	0.25	0.145348837209302
chrX	5390001	5400000	B.2.1.2.1.1	0.25	0.145348837209302
chrX	5400001	5410000	B.2.1.2.1.1	0.25	0.145348837209302
chrX	5410001	5420000	B.2.1.2.1.1	0.25	0.145348837209302
chrX	5420001	5430000	B.2.1.2.1.1	0.25	0.145348837209302
chrX	5430001	5440000	B.2.1.2.1.1	0.25	0.145348837209302
chrX	5440001	5450000	B.2.1.2.1.1	0.25	0.145348837209302
chrX	5450001	5460000	B.2.1.2.1.1	0.25	0.145348837209302
chrX	5460001	5470000	B.2.1.2.1.1	0.25	0.145348837209302
chrX	5470001	5480000	B.2.1.2.1.1	0.25	0.145348837209302
chrX	5480001	5490000	B.2.1.2.1.1	0.25	0.145348837209302
chrX	5490001	5500000	B.2.1.2.1.1	0.25	0.145348837209302
chrX	5500001	5510000	B.2.1.2.1.1	0.25	0.145348837209302
chrX	5510001	5520000	B.2.1.2.1.1	0.25	0.145348837209302
chrX	5520001	5530000	B.2.1.2.1.1	0.25	0.145348837209302
chrX	5530001	5540000	B.2.1.2.1.1	0.25	0.145348837209302
chrX	5540001	5550000	B.2.1.2.1.1	0.25	0.145348837209302
chrX	5550001	5560000	B.1.2.2.2.2.1	0.375	0.261627906976744
chrX	5560001	5570000	B.1.2.2.2.2.1	0.375	0.261627906976744
chrX	5570001	5580000	B.1.2.2.2.2.1	0.375	0.261627906976744
chrX	5580001	5590000	B.1.2.2.2.2.1	0.375	0.261627906976744
chrX	5590001	5600000	B.1.2.2.2.2.1	0.375	0.261627906976744
chrX	5600001	5610000	B.1.2.2.2.2.1	0.375	0.261627906976744
chrX	5610001	5620000	B.1.2.2.2.2.1	0.375	0.261627906976744
chrX	5620001	5630000	B.1.2.2.2.2.1	0.375	0.261627906976744
chrX	5630001	5640000	B.1.2.2.2.2.1	0.375	0.261627906976744
chrX	5640001	5650000	B.1.2.2.2.2.1	0.375	0.261627906976744
chrX	5650001	5660000	B.1.2.2.2.2.1	0.375	0.261627906976744
chrX	5660001	5670000	B.1.2.2.2.2.1	0.375	0.261627906976744
chrX	5670001	5680000	B.1.2.2.2.2.1	0.375	0.261627906976744
chrX	5680001	5690000	B.1.2.2.2.2.1	0.375	0.261627906976744
chrX	5690001	5700000	B.1.2.2.2.2.1	0.375	0.261627906976744
chrX	5700001	5710000	B.1.2.2.2.2.1	0.375	0.261627906976744
chrX	5710001	5720000	B.1.2.2.2.2.1	0.375	0.261627906976744
chrX	5720001	5730000	B.1.2.2.2.2.1	0.375	0.261627906976744
chrX	5730001	5740000	B.1.2.2.2.2.1	0.375	0.261627906976744
chrX	5740001	5750000	B.1.2.2.2.2.1	0.375	0.261627906976744
chrX	5750001	5760000	B.1.2.2.2.2.1	0.375	0.261627906976744
chrX	5760001	5770000	B.1.2.2.2.2.1	0.375	0.261627906976744
chrX	5770001	5780000	B.1.2.2.2.2.1	0.375	0.261627906976744
chrX	5780001	5790000	B.1.2.2.2.2.1	0.375	0.261627906976744
chrX	5790001	5800000	B.1.2.2.2.2.1	0.375	0.261627906976744
chrX	5800001	5810000	B.2.1.2.1.2.2.2	0.25	0.127906976744186
chrX	5810001	5820000	B.2.1.2.1.2.2.2	0.25	0.127906976744186
chrX	5820001	5830000	B.2.1.2.1.2.2.2	0.25	0.127906976744186
chrX	5830001	5840000	B.2.1.2.1.2.2.2	0.25	0.127906976744186
chrX	5840001	5850000	B.2.1.2.1.2.2.2	0.25	0.127906976744186
chrX	5850001	5860000	B.2.1.2.1.2.2.2	0.25	0.127906976744186
chrX	5860001	5870000	B.2.1.2.1.2.2.2	0.25	0.127906976744186
chrX	5870001	5880000	B.2.1.2.1.2.2.2	0.25	0.127906976744186
chrX	5880001	5890000	B.2.1.2.1.2.2.2	0.25	0.127906976744186
chrX	5890001	5900000	B.2.1.2.1.2.2.2	0.25	0.127906976744186
chrX	5900001	5910000	B.2.1.2.1.2.2.2	0.25	0.127906976744186
chrX	5910001	5920000	B.2.1.2.1.2.2.2	0.25	0.127906976744186
chrX	5920001	5930000	B.2.1.2.1.2.2.2	0.25	0.127906976744186
chrX	5930001	5940000	B.2.1.2.1.2.2.2	0.25	0.127906976744186
chrX	5940001	5950000	B.2.1.2.1.2.2.2	0.25	0.127906976744186
chrX	5950001	5960000	B.2.1.2.1.2.2.2	0.25	0.127906976744186
chrX	5960001	5970000	B.2.1.2.1.2.2.2	0.25	0.127906976744186
chrX	5970001	5980000	B.2.1.2.1.2.2.2	0.25	0.127906976744186
chrX	5980001	5990000	B.2.1.2.1.2.2.2	0.25	0.127906976744186
chrX	5990001	6e+06	B.2.1.2.1.2.2.2	0.25	0.127906976744186
chrX	6000001	6010000	B.2.1.2.1.2.2.2	0.25	0.127906976744186
chrX	6010001	6020000	B.2.1.2.1.2.2.2	0.25	0.127906976744186
chrX	6020001	6030000	B.2.1.2.1.2.2.2	0.25	0.127906976744186
chrX	6030001	6040000	B.2.1.2.1.2.2.2	0.25	0.127906976744186
chrX	6040001	6050000	B.2.1.2.1.2.2.2	0.25	0.127906976744186
chrX	6050001	6060000	B.2.1.1.1.1.2.2.2	0.25	0.209302325581395
chrX	6060001	6070000	B.2.1.1.1.1.2.2.2	0.25	0.209302325581395
chrX	6070001	6080000	B.2.1.1.1.1.2.2.2	0.25	0.209302325581395
chrX	6080001	6090000	B.2.1.1.1.1.2.2.2	0.25	0.209302325581395
chrX	6090001	6100000	B.2.1.1.1.1.2.2.2	0.25	0.209302325581395
chrX	6100001	6110000	B.2.1.1.1.1.2.2.2	0.25	0.209302325581395
chrX	6110001	6120000	B.2.1.1.1.1.2.2.2	0.25	0.209302325581395
chrX	6120001	6130000	B.2.1.1.1.1.2.2.2	0.25	0.209302325581395
chrX	6130001	6140000	B.2.1.1.1.1.2.2.2	0.25	0.209302325581395
chrX	6140001	6150000	B.2.1.1.1.1.2.2.2	0.25	0.209302325581395
chrX	6150001	6160000	B.2.1.1.1.1.2.2.2	0.25	0.209302325581395
chrX	6160001	6170000	B.2.1.1.1.1.2.2.2	0.25	0.209302325581395
chrX	6170001	6180000	B.2.1.1.1.1.2.2.2	0.25	0.209302325581395
chrX	6180001	6190000	B.2.1.1.1.1.2.2.2	0.25	0.209302325581395
chrX	6190001	6200000	B.2.1.1.1.1.2.2.2	0.25	0.209302325581395
chrX	6200001	6210000	B.2.1.1.1.1.2.2.2	0.25	0.209302325581395
chrX	6210001	6220000	B.2.1.1.1.1.2.2.2	0.25	0.209302325581395
chrX	6220001	6230000	B.2.1.1.1.1.2.2.2	0.25	0.209302325581395
chrX	6230001	6240000	B.2.1.1.1.1.2.2.2	0.25	0.209302325581395
chrX	6240001	6250000	B.2.1.1.1.1.2.2.2	0.25	0.209302325581395
chrX	6250001	6260000	B.2.1.1.1.1.2.2.2	0.25	0.209302325581395
chrX	6260001	6270000	B.2.1.1.1.1.2.2.2	0.25	0.209302325581395
chrX	6270001	6280000	B.2.1.1.1.1.2.2.2	0.25	0.209302325581395
chrX	6280001	6290000	B.2.1.1.1.1.2.2.2	0.25	0.209302325581395
chrX	6290001	6300000	B.2.1.1.1.1.2.2.2	0.25	0.209302325581395
chrX	6300001	6310000	B.2.1.1.1.1.2.2.2	0.25	0.209302325581395
chrX	6310001	6320000	B.2.1.1.1.1.2.2.2	0.25	0.209302325581395
chrX	6320001	6330000	B.2.1.1.1.1.2.2.2	0.25	0.209302325581395
chrX	6330001	6340000	B.2.1.1.1.1.2.2.2	0.25	0.209302325581395
chrX	6340001	6350000	B.2.1.1.1.1.2.2.2	0.25	0.209302325581395
chrX	6350001	6360000	B.2.1.1.1.1.2.2.2	0.25	0.209302325581395
chrX	6360001	6370000	B.2.1.1.1.1.2.2.2	0.25	0.209302325581395
chrX	6370001	6380000	B.2.1.1.1.1.2.2.2	0.25	0.209302325581395
chrX	6380001	6390000	B.2.1.1.1.1.2.2.2	0.25	0.209302325581395
chrX	6390001	6400000	B.2.1.1.1.1.2.2.2	0.25	0.209302325581395
chrX	6400001	6410000	B.2.1.1.1.1.2.2.2	0.25	0.209302325581395
chrX	6410001	6420000	B.2.1.1.1.1.2.2.2	0.25	0.209302325581395
chrX	6420001	6430000	B.2.1.1.1.1.2.2.2	0.25	0.209302325581395
chrX	6430001	6440000	B.2.1.1.1.1.2.2.2	0.25	0.209302325581395
chrX	6440001	6450000	B.2.1.1.1.1.2.2.2	0.25	0.209302325581395
chrX	6450001	6460000	B.2.1.1.1.1.2.2.2	0.25	0.209302325581395
chrX	6460001	6470000	B.2.1.1.1.1.2.2.2	0.25	0.209302325581395
chrX	6470001	6480000	B.2.1.1.1.1.2.2.2	0.25	0.209302325581395
chrX	6480001	6490000	B.2.1.1.1.1.2.2.2	0.25	0.209302325581395
chrX	6490001	6500000	B.2.1.1.1.1.2.2.2	0.25	0.209302325581395
chrX	6500001	6510000	B.1.1.1.1.2.2	0.5	0.552325581395349
chrX	6510001	6520000	B.1.1.1.1.2.2	0.5	0.552325581395349
chrX	6520001	6530000	B.1.1.1.1.2.2	0.5	0.552325581395349
chrX	6530001	6540000	B.1.1.1.1.2.2	0.5	0.552325581395349
chrX	6540001	6550000	B.1.1.1.1.2.2	0.5	0.552325581395349
chrX	6550001	6560000	B.1.1.1.1.2.2	0.5	0.552325581395349
chrX	6560001	6570000	B.1.1.1.1.2.2	0.5	0.552325581395349
chrX	6570001	6580000	B.1.1.1.1.2.2	0.5	0.552325581395349
chrX	6580001	6590000	B.1.1.1.1.2.2	0.5	0.552325581395349
chrX	6590001	6600000	B.1.1.1.1.2.2	0.5	0.552325581395349
chrX	6600001	6610000	B.1.1.1.1.2.2	0.5	0.552325581395349
chrX	6610001	6620000	B.1.1.1.1.2.2	0.5	0.552325581395349
chrX	6620001	6630000	B.1.1.1.1.2.2	0.5	0.552325581395349
chrX	6630001	6640000	B.1.1.1.1.2.2	0.5	0.552325581395349
chrX	6640001	6650000	B.1.1.1.1.2.2	0.5	0.552325581395349
chrX	6650001	6660000	B.1.1.1.1.2.2	0.5	0.552325581395349
chrX	6660001	6670000	B.1.1.1.1.2.2	0.5	0.552325581395349
chrX	6670001	6680000	B.1.1.1.1.2.2	0.5	0.552325581395349
chrX	6680001	6690000	B.1.1.1.1.2.2	0.5	0.552325581395349
chrX	6690001	6700000	B.1.1.1.1.2.2	0.5	0.552325581395349
chrX	6700001	6710000	B.1.1.1.1.2.2	0.5	0.552325581395349
chrX	6710001	6720000	B.1.1.1.1.2.2	0.5	0.552325581395349
chrX	6720001	6730000	B.1.1.1.1.2.2	0.5	0.552325581395349
chrX	6730001	6740000	B.1.1.1.1.2.2	0.5	0.552325581395349
chrX	6740001	6750000	B.1.1.1.1.2.2	0.5	0.552325581395349
chrX	6750001	6760000	B.2.1.1.1.1.2.1	0.25	0.22093023255814
chrX	6760001	6770000	B.2.1.1.1.1.2.1	0.25	0.22093023255814
chrX	6770001	6780000	B.2.1.1.1.1.2.1	0.25	0.22093023255814
chrX	6780001	6790000	B.2.1.1.1.1.2.1	0.25	0.22093023255814
chrX	6790001	6800000	B.2.1.1.1.1.2.1	0.25	0.22093023255814
chrX	6800001	6810000	B.2.1.1.1.1.2.1	0.25	0.22093023255814
chrX	6810001	6820000	B.2.1.1.1.1.2.1	0.25	0.22093023255814
chrX	6820001	6830000	B.2.1.1.1.1.2.1	0.25	0.22093023255814
chrX	6830001	6840000	B.2.1.1.1.1.2.1	0.25	0.22093023255814
chrX	6840001	6850000	B.2.1.1.1.1.2.1	0.25	0.22093023255814
chrX	6850001	6860000	B.2.1.1.1.1.2.1	0.25	0.22093023255814
chrX	6860001	6870000	B.2.1.1.1.1.2.1	0.25	0.22093023255814
chrX	6870001	6880000	B.2.1.1.1.1.2.1	0.25	0.22093023255814
chrX	6880001	6890000	B.2.1.1.1.1.2.1	0.25	0.22093023255814
chrX	6890001	6900000	B.2.1.1.1.1.2.1	0.25	0.22093023255814
chrX	6900001	6910000	B.2.1.1.1.1.2.1	0.25	0.22093023255814
chrX	6910001	6920000	B.2.1.1.1.1.2.1	0.25	0.22093023255814
chrX	6920001	6930000	B.2.1.1.1.1.2.1	0.25	0.22093023255814
chrX	6930001	6940000	B.2.1.1.1.1.2.1	0.25	0.22093023255814
chrX	6940001	6950000	B.2.1.1.1.1.2.1	0.25	0.22093023255814
chrX	6950001	6960000	B.2.1.1.1.1.2.1	0.25	0.22093023255814
chrX	6960001	6970000	B.2.1.1.1.1.2.1	0.25	0.22093023255814
chrX	6970001	6980000	B.2.1.1.1.1.2.1	0.25	0.22093023255814
chrX	6980001	6990000	B.2.1.1.1.1.2.1	0.25	0.22093023255814
chrX	6990001	7e+06	B.2.1.1.1.1.2.1	0.25	0.22093023255814
chrX	7000001	7010000	B.2.1.1.1.1.2.1	0.25	0.22093023255814
chrX	7010001	7020000	B.2.1.1.1.1.2.1	0.25	0.22093023255814
chrX	7020001	7030000	B.2.1.1.1.1.2.1	0.25	0.22093023255814
chrX	7030001	7040000	B.2.1.1.1.1.2.1	0.25	0.22093023255814
chrX	7040001	7050000	B.2.1.1.1.1.2.1	0.25	0.22093023255814
chrX	7050001	7060000	B.2.1.1.1.1.2.1	0.25	0.22093023255814
chrX	7060001	7070000	B.2.1.1.1.1.2.1	0.25	0.22093023255814
chrX	7070001	7080000	B.2.1.1.1.1.2.1	0.25	0.22093023255814
chrX	7080001	7090000	B.2.1.1.1.1.2.1	0.25	0.22093023255814
chrX	7090001	7100000	B.2.1.1.1.1.2.1	0.25	0.22093023255814
chrX	7100001	7110000	B.2.1.1.1.1.2.1	0.25	0.22093023255814
chrX	7110001	7120000	B.2.1.1.1.1.2.1	0.25	0.22093023255814
chrX	7120001	7130000	B.2.1.1.1.1.2.1	0.25	0.22093023255814
chrX	7130001	7140000	B.2.1.1.1.1.2.1	0.25	0.22093023255814
chrX	7140001	7150000	B.2.1.1.1.1.2.1	0.25	0.22093023255814
chrX	7600001	7610000	B.2.1.1.1.1.2.1	0.25	0.22093023255814
chrX	7610001	7620000	B.2.1.1.1.1.2.1	0.25	0.22093023255814
chrX	7620001	7630000	B.2.1.1.1.1.2.1	0.25	0.22093023255814
chrX	7630001	7640000	B.2.1.1.1.1.2.1	0.25	0.22093023255814
chrX	7640001	7650000	B.2.1.1.1.1.2.1	0.25	0.22093023255814
chrX	7650001	7660000	B.2.1.1.1.1.2.1	0.25	0.22093023255814
chrX	7660001	7670000	B.2.1.1.1.1.2.1	0.25	0.22093023255814
chrX	7670001	7680000	B.2.1.1.1.1.2.1	0.25	0.22093023255814
chrX	7680001	7690000	B.2.1.1.1.1.2.1	0.25	0.22093023255814
chrX	7690001	7700000	B.2.1.1.1.1.2.1	0.25	0.22093023255814
chrX	7700001	7710000	B.2.1.1.1.1.2.1	0.25	0.22093023255814
chrX	7710001	7720000	B.2.1.1.1.1.2.1	0.25	0.22093023255814
chrX	7720001	7730000	B.2.1.1.1.1.2.1	0.25	0.22093023255814
chrX	7730001	7740000	B.2.1.1.1.1.2.1	0.25	0.22093023255814
chrX	7740001	7750000	B.2.1.1.1.1.2.1	0.25	0.22093023255814
chrX	7750001	7760000	B.2.1.1.1.1.2.1	0.25	0.22093023255814
chrX	7760001	7770000	B.2.1.1.1.1.2.1	0.25	0.22093023255814
chrX	7770001	7780000	B.2.1.1.1.1.2.1	0.25	0.22093023255814
chrX	7780001	7790000	B.2.1.1.1.1.2.1	0.25	0.22093023255814
chrX	7790001	7800000	B.2.1.1.1.1.2.1	0.25	0.22093023255814
chrX	7800001	7810000	B.2.1.1.1.1.2.1	0.25	0.22093023255814
chrX	7810001	7820000	B.2.1.1.1.1.2.1	0.25	0.22093023255814
chrX	7820001	7830000	B.2.1.1.1.1.2.1	0.25	0.22093023255814
chrX	7830001	7840000	B.2.1.1.1.1.2.1	0.25	0.22093023255814
chrX	7840001	7850000	B.2.1.1.1.1.2.1	0.25	0.22093023255814
chrX	7850001	7860000	B.2.1.1.1.1.2.1	0.25	0.22093023255814
chrX	7860001	7870000	B.2.1.1.1.1.2.1	0.25	0.22093023255814
chrX	7870001	7880000	B.2.1.1.1.1.2.1	0.25	0.22093023255814
chrX	7880001	7890000	B.2.1.1.1.1.2.1	0.25	0.22093023255814
chrX	7890001	7900000	B.2.1.1.1.1.2.1	0.25	0.22093023255814
chrX	7900001	7910000	B.1.2.2.2.2.2	0.375	0.255813953488372
chrX	7910001	7920000	B.1.2.2.2.2.2	0.375	0.255813953488372
chrX	7920001	7930000	B.1.2.2.2.2.2	0.375	0.255813953488372
chrX	7930001	7940000	B.1.2.2.2.2.2	0.375	0.255813953488372
chrX	7940001	7950000	B.1.2.2.2.2.2	0.375	0.255813953488372
chrX	7950001	7960000	B.1.2.2.2.2.2	0.375	0.255813953488372
chrX	7960001	7970000	B.1.2.2.2.2.2	0.375	0.255813953488372
chrX	7970001	7980000	B.1.2.2.2.2.2	0.375	0.255813953488372
chrX	7980001	7990000	B.1.2.2.2.2.2	0.375	0.255813953488372
chrX	7990001	8e+06	B.1.2.2.2.2.2	0.375	0.255813953488372
chrX	8000001	8010000	B.1.2.2.2.2.2	0.375	0.255813953488372
chrX	8010001	8020000	B.1.2.2.2.2.2	0.375	0.255813953488372
chrX	8020001	8030000	B.1.2.2.2.2.2	0.375	0.255813953488372
chrX	8030001	8040000	B.1.2.2.2.2.2	0.375	0.255813953488372
chrX	8040001	8050000	B.1.2.2.2.2.2	0.375	0.255813953488372
chrX	8050001	8060000	B.1.2.2.2.2.2	0.375	0.255813953488372
chrX	8060001	8070000	B.1.2.2.2.2.2	0.375	0.255813953488372
chrX	8070001	8080000	B.1.2.2.2.2.2	0.375	0.255813953488372
chrX	8080001	8090000	B.1.2.2.2.2.2	0.375	0.255813953488372
chrX	8090001	8100000	B.1.2.2.2.2.2	0.375	0.255813953488372
chrX	8100001	8110000	B.1.2.2.2.2.2	0.375	0.255813953488372
chrX	8110001	8120000	B.1.2.2.2.2.2	0.375	0.255813953488372
chrX	8120001	8130000	B.1.2.2.2.2.2	0.375	0.255813953488372
chrX	8130001	8140000	B.1.2.2.2.2.2	0.375	0.255813953488372
chrX	8140001	8150000	B.1.2.2.2.2.2	0.375	0.255813953488372
chrX	8150001	8160000	B.1.2.2.2.1.2.1	0.375	0.273255813953488
chrX	8160001	8170000	B.1.2.2.2.1.2.1	0.375	0.273255813953488
chrX	8170001	8180000	B.1.2.2.2.1.2.1	0.375	0.273255813953488
chrX	8180001	8190000	B.1.2.2.2.1.2.1	0.375	0.273255813953488
chrX	8190001	8200000	B.1.2.2.2.1.2.1	0.375	0.273255813953488
chrX	8200001	8210000	B.1.2.2.2.1.2.1	0.375	0.273255813953488
chrX	8210001	8220000	B.1.2.2.2.1.2.1	0.375	0.273255813953488
chrX	8220001	8230000	B.1.2.2.2.1.2.1	0.375	0.273255813953488
chrX	8230001	8240000	B.1.2.2.2.1.2.1	0.375	0.273255813953488
chrX	8240001	8250000	B.1.2.2.2.1.2.1	0.375	0.273255813953488
chrX	8250001	8260000	B.1.2.2.2.1.2.1	0.375	0.273255813953488
chrX	8260001	8270000	B.1.2.2.2.1.2.1	0.375	0.273255813953488
chrX	8270001	8280000	B.1.2.2.2.1.2.1	0.375	0.273255813953488
chrX	8280001	8290000	B.1.2.2.2.1.2.1	0.375	0.273255813953488
chrX	8290001	8300000	B.1.2.2.2.1.2.1	0.375	0.273255813953488
chrX	8300001	8310000	B.1.2.2.2.1.2.1	0.375	0.273255813953488
chrX	8310001	8320000	B.1.2.2.2.1.2.1	0.375	0.273255813953488
chrX	8320001	8330000	B.1.2.2.2.1.2.1	0.375	0.273255813953488
chrX	8330001	8340000	B.1.2.2.2.1.2.1	0.375	0.273255813953488
chrX	8340001	8350000	B.1.2.2.2.1.2.1	0.375	0.273255813953488
chrX	8350001	8360000	B.1.2.2.2.1.2.1	0.375	0.273255813953488
chrX	8360001	8370000	B.1.2.2.2.1.2.1	0.375	0.273255813953488
chrX	8370001	8380000	B.1.2.2.2.1.2.1	0.375	0.273255813953488
chrX	8380001	8390000	B.1.2.2.2.1.2.1	0.375	0.273255813953488
chrX	8390001	8400000	B.1.2.2.2.1.2.1	0.375	0.273255813953488
chrX	8400001	8410000	B.1.2.2.2.1.2.1	0.375	0.273255813953488
chrX	8410001	8420000	B.1.2.2.2.1.2.1	0.375	0.273255813953488
chrX	8420001	8430000	B.1.2.2.2.1.2.1	0.375	0.273255813953488
chrX	8430001	8440000	B.1.2.2.2.1.2.1	0.375	0.273255813953488
chrX	8440001	8450000	B.1.2.2.2.1.2.1	0.375	0.273255813953488
chrX	8450001	8460000	B.1.1.1.1.2.1	0.5	0.558139534883721
chrX	8460001	8470000	B.1.1.1.1.2.1	0.5	0.558139534883721
chrX	8470001	8480000	B.1.1.1.1.2.1	0.5	0.558139534883721
chrX	8480001	8490000	B.1.1.1.1.2.1	0.5	0.558139534883721
chrX	8490001	8500000	B.1.1.1.1.2.1	0.5	0.558139534883721
chrX	8500001	8510000	B.1.1.1.1.2.1	0.5	0.558139534883721
chrX	8510001	8520000	B.1.1.1.1.2.1	0.5	0.558139534883721
chrX	8520001	8530000	B.1.1.1.1.2.1	0.5	0.558139534883721
chrX	8530001	8540000	B.1.1.1.1.2.1	0.5	0.558139534883721
chrX	8540001	8550000	B.1.1.1.1.2.1	0.5	0.558139534883721
chrX	8550001	8560000	B.1.1.1.1.2.1	0.5	0.558139534883721
chrX	8560001	8570000	B.1.1.1.1.2.1	0.5	0.558139534883721
chrX	8570001	8580000	B.1.1.1.1.2.1	0.5	0.558139534883721
chrX	8580001	8590000	B.1.1.1.1.2.1	0.5	0.558139534883721
chrX	8590001	8600000	B.1.1.1.1.2.1	0.5	0.558139534883721
chrX	8600001	8610000	B.1.1.1.1.2.1	0.5	0.558139534883721
chrX	8610001	8620000	B.1.1.1.1.2.1	0.5	0.558139534883721
chrX	8620001	8630000	B.1.1.1.1.2.1	0.5	0.558139534883721
chrX	8630001	8640000	B.1.1.1.1.2.1	0.5	0.558139534883721
chrX	8640001	8650000	B.1.1.1.1.2.1	0.5	0.558139534883721
chrX	8650001	8660000	B.1.1.1.1.2.1	0.5	0.558139534883721
chrX	8660001	8670000	B.1.1.1.1.2.1	0.5	0.558139534883721
chrX	8670001	8680000	B.1.1.1.1.2.1	0.5	0.558139534883721
chrX	8680001	8690000	B.1.1.1.1.2.1	0.5	0.558139534883721
chrX	8690001	8700000	B.1.1.1.1.2.1	0.5	0.558139534883721
chrX	8700001	8710000	B.1.1.1.1.2.1	0.5	0.558139534883721
chrX	8710001	8720000	B.1.1.1.1.2.1	0.5	0.558139534883721
chrX	8720001	8730000	B.1.1.1.1.2.1	0.5	0.558139534883721
chrX	8730001	8740000	B.1.1.1.1.2.1	0.5	0.558139534883721
chrX	8740001	8750000	B.1.1.1.1.2.1	0.5	0.558139534883721
chrX	8750001	8760000	B.1.1.1.1.2.1	0.5	0.558139534883721
chrX	8760001	8770000	B.1.1.1.1.2.1	0.5	0.558139534883721
chrX	8770001	8780000	B.1.1.1.1.2.1	0.5	0.558139534883721
chrX	8780001	8790000	B.1.1.1.1.2.1	0.5	0.558139534883721
chrX	8790001	8800000	B.1.1.1.1.2.1	0.5	0.558139534883721
chrX	8800001	8810000	B.1.1.1.1.2.1	0.5	0.558139534883721
chrX	8810001	8820000	B.1.1.1.1.2.1	0.5	0.558139534883721
chrX	8820001	8830000	B.1.1.1.1.2.1	0.5	0.558139534883721
chrX	8830001	8840000	B.1.1.1.1.2.1	0.5	0.558139534883721
chrX	8840001	8850000	B.1.1.1.1.2.1	0.5	0.558139534883721
chrX	8850001	8860000	B.1.1.1.1.2.1	0.5	0.558139534883721
chrX	8860001	8870000	B.1.1.1.1.2.1	0.5	0.558139534883721
chrX	8870001	8880000	B.1.1.1.1.2.1	0.5	0.558139534883721
chrX	8880001	8890000	B.1.1.1.1.2.1	0.5	0.558139534883721
chrX	8890001	8900000	B.1.1.1.1.2.1	0.5	0.558139534883721
chrX	8900001	8910000	B.1.1.1.1.2.1	0.5	0.558139534883721
chrX	8910001	8920000	B.1.1.1.1.2.1	0.5	0.558139534883721
chrX	8920001	8930000	B.1.1.1.1.2.1	0.5	0.558139534883721
chrX	8930001	8940000	B.1.1.1.1.2.1	0.5	0.558139534883721
chrX	8940001	8950000	B.1.1.1.1.2.1	0.5	0.558139534883721
chrX	8950001	8960000	B.1.1.1.1.2.1	0.5	0.558139534883721
chrX	8960001	8970000	B.1.1.1.1.2.1	0.5	0.558139534883721
chrX	8970001	8980000	B.1.1.1.1.2.1	0.5	0.558139534883721
chrX	8980001	8990000	B.1.1.1.1.2.1	0.5	0.558139534883721
chrX	8990001	9e+06	B.1.1.1.1.2.1	0.5	0.558139534883721
chrX	9000001	9010000	B.1.1.1.1.2.1	0.5	0.558139534883721
chrX	9010001	9020000	B.1.1.1.1.2.1	0.5	0.558139534883721
chrX	9020001	9030000	B.1.1.1.1.2.1	0.5	0.558139534883721
chrX	9030001	9040000	B.1.1.1.1.2.1	0.5	0.558139534883721
chrX	9040001	9050000	B.1.1.1.1.2.1	0.5	0.558139534883721
chrX	9050001	9060000	B.1.1.2.1.1.2	0.5	0.482558139534884
chrX	9060001	9070000	B.1.1.2.1.1.2	0.5	0.482558139534884
chrX	9070001	9080000	B.1.1.2.1.1.2	0.5	0.482558139534884
chrX	9080001	9090000	B.1.1.2.1.1.2	0.5	0.482558139534884
chrX	9090001	9100000	B.1.1.2.1.1.2	0.5	0.482558139534884
chrX	9100001	9110000	B.1.1.2.1.1.2	0.5	0.482558139534884
chrX	9110001	9120000	B.1.1.2.1.1.2	0.5	0.482558139534884
chrX	9120001	9130000	B.1.1.2.1.1.2	0.5	0.482558139534884
chrX	9130001	9140000	B.1.1.2.1.1.2	0.5	0.482558139534884
chrX	9140001	9150000	B.1.1.2.1.1.2	0.5	0.482558139534884
chrX	9150001	9160000	B.1.1.2.1.1.2	0.5	0.482558139534884
chrX	9160001	9170000	B.1.1.2.1.1.2	0.5	0.482558139534884
chrX	9170001	9180000	B.1.1.2.1.1.2	0.5	0.482558139534884
chrX	9180001	9190000	B.1.1.2.1.1.2	0.5	0.482558139534884
chrX	9190001	9200000	B.1.1.2.1.1.2	0.5	0.482558139534884
chrX	9200001	9210000	B.1.1.2.1.1.2	0.5	0.482558139534884
chrX	9210001	9220000	B.1.1.2.1.1.2	0.5	0.482558139534884
chrX	9220001	9230000	B.1.1.2.1.1.2	0.5	0.482558139534884
chrX	9230001	9240000	B.1.1.2.1.1.2	0.5	0.482558139534884
chrX	9240001	9250000	B.1.1.2.1.1.2	0.5	0.482558139534884
chrX	9250001	9260000	B.1.1.2.1.1.2	0.5	0.482558139534884
chrX	9260001	9270000	B.1.1.2.1.1.2	0.5	0.482558139534884
chrX	9270001	9280000	B.1.1.2.1.1.2	0.5	0.482558139534884
chrX	9280001	9290000	B.1.1.2.1.1.2	0.5	0.482558139534884
chrX	9290001	9300000	B.1.1.2.1.1.2	0.5	0.482558139534884
chrX	9300001	9310000	B.1.1.2.1.1.2	0.5	0.482558139534884
chrX	9310001	9320000	B.1.1.2.1.1.2	0.5	0.482558139534884
chrX	9320001	9330000	B.1.1.2.1.1.2	0.5	0.482558139534884
chrX	9330001	9340000	B.1.1.2.1.1.2	0.5	0.482558139534884
chrX	9340001	9350000	B.1.1.2.1.1.2	0.5	0.482558139534884
chrX	9350001	9360000	B.1.1.2.1.1.2	0.5	0.482558139534884
chrX	9360001	9370000	B.1.1.2.1.1.2	0.5	0.482558139534884
chrX	9370001	9380000	B.1.1.2.1.1.2	0.5	0.482558139534884
chrX	9380001	9390000	B.1.1.2.1.1.2	0.5	0.482558139534884
chrX	9390001	9400000	B.1.1.2.1.1.2	0.5	0.482558139534884
chrX	9400001	9410000	B.1.2.2.2.1.1	0.375	0.27906976744186
chrX	9410001	9420000	B.1.2.2.2.1.1	0.375	0.27906976744186
chrX	9420001	9430000	B.1.2.2.2.1.1	0.375	0.27906976744186
chrX	9430001	9440000	B.1.2.2.2.1.1	0.375	0.27906976744186
chrX	9440001	9450000	B.1.2.2.2.1.1	0.375	0.27906976744186
chrX	9450001	9460000	B.1.2.2.2.1.1	0.375	0.27906976744186
chrX	9460001	9470000	B.1.2.2.2.1.1	0.375	0.27906976744186
chrX	9470001	9480000	B.1.2.2.2.1.1	0.375	0.27906976744186
chrX	9480001	9490000	B.1.2.2.2.1.1	0.375	0.27906976744186
chrX	9490001	9500000	B.1.2.2.2.1.1	0.375	0.27906976744186
chrX	9500001	9510000	B.1.2.2.2.1.1	0.375	0.27906976744186
chrX	9510001	9520000	B.1.2.2.2.1.1	0.375	0.27906976744186
chrX	9520001	9530000	B.1.2.2.2.1.1	0.375	0.27906976744186
chrX	9530001	9540000	B.1.2.2.2.1.1	0.375	0.27906976744186
chrX	9540001	9550000	B.1.2.2.2.1.1	0.375	0.27906976744186
chrX	9550001	9560000	B.1.2.2.2.1.1	0.375	0.27906976744186
chrX	9560001	9570000	B.1.2.2.2.1.1	0.375	0.27906976744186
chrX	9570001	9580000	B.1.2.2.2.1.1	0.375	0.27906976744186
chrX	9580001	9590000	B.1.2.2.2.1.1	0.375	0.27906976744186
chrX	9590001	9600000	B.1.2.2.2.1.1	0.375	0.27906976744186
chrX	9600001	9610000	B.1.2.2.2.1.1	0.375	0.27906976744186
chrX	9610001	9620000	B.1.2.2.2.1.1	0.375	0.27906976744186
chrX	9620001	9630000	B.1.2.2.2.1.1	0.375	0.27906976744186
chrX	9630001	9640000	B.1.2.2.2.1.1	0.375	0.27906976744186
chrX	9640001	9650000	B.1.2.2.2.1.1	0.375	0.27906976744186
chrX	9650001	9660000	B.1.2.2.2.1.1	0.375	0.27906976744186
chrX	9660001	9670000	B.1.2.2.2.1.1	0.375	0.27906976744186
chrX	9670001	9680000	B.1.2.2.2.1.1	0.375	0.27906976744186
chrX	9680001	9690000	B.1.2.2.2.1.1	0.375	0.27906976744186
chrX	9690001	9700000	B.1.2.2.2.1.1	0.375	0.27906976744186
chrX	9700001	9710000	B.1.2.2.2.1.1	0.375	0.27906976744186
chrX	9710001	9720000	B.1.2.2.2.1.1	0.375	0.27906976744186
chrX	9720001	9730000	B.1.2.2.2.1.1	0.375	0.27906976744186
chrX	9730001	9740000	B.1.2.2.2.1.1	0.375	0.27906976744186
chrX	9740001	9750000	B.1.2.2.2.1.1	0.375	0.27906976744186
chrX	9750001	9760000	A.2.2.2.1.1.2	0.625	0.622093023255814
chrX	9760001	9770000	A.2.2.2.1.1.2	0.625	0.622093023255814
chrX	9770001	9780000	A.2.2.2.1.1.2	0.625	0.622093023255814
chrX	9780001	9790000	A.2.2.2.1.1.2	0.625	0.622093023255814
chrX	9790001	9800000	A.2.2.2.1.1.2	0.625	0.622093023255814
chrX	9800001	9810000	A.2.2.2.1.1.2	0.625	0.622093023255814
chrX	9810001	9820000	A.2.2.2.1.1.2	0.625	0.622093023255814
chrX	9820001	9830000	A.2.2.2.1.1.2	0.625	0.622093023255814
chrX	9830001	9840000	A.2.2.2.1.1.2	0.625	0.622093023255814
chrX	9840001	9850000	A.2.2.2.1.1.2	0.625	0.622093023255814
chrX	9850001	9860000	A.2.2.2.1.1.2	0.625	0.622093023255814
chrX	9860001	9870000	A.2.2.2.1.1.2	0.625	0.622093023255814
chrX	9870001	9880000	A.2.2.2.1.1.2	0.625	0.622093023255814
chrX	9880001	9890000	A.2.2.2.1.1.2	0.625	0.622093023255814
chrX	9890001	9900000	A.2.2.2.1.1.2	0.625	0.622093023255814
chrX	9900001	9910000	A.2.2.2.1.1.2	0.625	0.622093023255814
chrX	9910001	9920000	A.2.2.2.1.1.2	0.625	0.622093023255814
chrX	9920001	9930000	A.2.2.2.1.1.2	0.625	0.622093023255814
chrX	9930001	9940000	A.2.2.2.1.1.2	0.625	0.622093023255814
chrX	9940001	9950000	A.2.2.2.1.1.2	0.625	0.622093023255814
chrX	9950001	9960000	A.2.1.2.2.2.1	0.75	0.697674418604651
chrX	9960001	9970000	A.2.1.2.2.2.1	0.75	0.697674418604651
chrX	9970001	9980000	A.2.1.2.2.2.1	0.75	0.697674418604651
chrX	9980001	9990000	A.2.1.2.2.2.1	0.75	0.697674418604651
chrX	9990001	1e+07	A.2.1.2.2.2.1	0.75	0.697674418604651
chrX	10000001	10010000	A.2.1.2.2.2.1	0.75	0.697674418604651
chrX	10010001	10020000	A.2.1.2.2.2.1	0.75	0.697674418604651
chrX	10020001	10030000	A.2.1.2.2.2.1	0.75	0.697674418604651
chrX	10030001	10040000	A.2.1.2.2.2.1	0.75	0.697674418604651
chrX	10040001	10050000	A.2.1.2.2.2.1	0.75	0.697674418604651
chrX	10050001	10060000	A.2.1.2.2.2.1	0.75	0.697674418604651
chrX	10060001	10070000	A.2.1.2.2.2.1	0.75	0.697674418604651
chrX	10070001	10080000	A.2.1.2.2.2.1	0.75	0.697674418604651
chrX	10080001	10090000	A.2.1.2.2.2.1	0.75	0.697674418604651
chrX	10090001	10100000	A.2.1.2.2.2.1	0.75	0.697674418604651
chrX	10100001	10110000	A.2.1.2.2.2.1	0.75	0.697674418604651
chrX	10110001	10120000	A.2.1.2.2.2.1	0.75	0.697674418604651
chrX	10120001	10130000	A.2.1.2.2.2.1	0.75	0.697674418604651
chrX	10130001	10140000	A.2.1.2.2.2.1	0.75	0.697674418604651
chrX	10140001	10150000	A.2.1.2.2.2.1	0.75	0.697674418604651
chrX	10150001	10160000	A.2.1.2.2.2.1	0.75	0.697674418604651
chrX	10160001	10170000	A.2.1.2.2.2.1	0.75	0.697674418604651
chrX	10170001	10180000	A.2.1.2.2.2.1	0.75	0.697674418604651
chrX	10180001	10190000	A.2.1.2.2.2.1	0.75	0.697674418604651
chrX	10190001	10200000	A.2.1.2.2.2.1	0.75	0.697674418604651
chrX	10200001	10210000	A.2.1.2.2.2.1	0.75	0.697674418604651
chrX	10210001	10220000	A.2.1.2.2.2.1	0.75	0.697674418604651
chrX	10220001	10230000	A.2.1.2.2.2.1	0.75	0.697674418604651
chrX	10230001	10240000	A.2.1.2.2.2.1	0.75	0.697674418604651
chrX	10240001	10250000	A.2.1.2.2.2.1	0.75	0.697674418604651
chrX	10250001	10260000	A.2.1.2.2.2.1	0.75	0.697674418604651
chrX	10260001	10270000	A.2.1.2.2.2.1	0.75	0.697674418604651
chrX	10270001	10280000	A.2.1.2.2.2.1	0.75	0.697674418604651
chrX	10280001	10290000	A.2.1.2.2.2.1	0.75	0.697674418604651
chrX	10290001	10300000	A.2.1.2.2.2.1	0.75	0.697674418604651
chrX	10300001	10310000	A.2.1.2.2.2.1	0.75	0.697674418604651
chrX	10310001	10320000	A.2.1.2.2.2.1	0.75	0.697674418604651
chrX	10320001	10330000	A.2.1.2.2.2.1	0.75	0.697674418604651
chrX	10330001	10340000	A.2.1.2.2.2.1	0.75	0.697674418604651
chrX	10340001	10350000	A.2.1.2.2.2.1	0.75	0.697674418604651
chrX	10350001	10360000	A.2.1.2.2.2.1	0.75	0.697674418604651
chrX	10360001	10370000	A.2.1.2.2.2.1	0.75	0.697674418604651
chrX	10370001	10380000	A.2.1.2.2.2.1	0.75	0.697674418604651
chrX	10380001	10390000	A.2.1.2.2.2.1	0.75	0.697674418604651
chrX	10390001	10400000	A.2.1.2.2.2.1	0.75	0.697674418604651
chrX	10400001	10410000	A.2.1.2.2.2.2	0.75	0.691860465116279
chrX	10410001	10420000	A.2.1.2.2.2.2	0.75	0.691860465116279
chrX	10420001	10430000	A.2.1.2.2.2.2	0.75	0.691860465116279
chrX	10430001	10440000	A.2.1.2.2.2.2	0.75	0.691860465116279
chrX	10440001	10450000	A.2.1.2.2.2.2	0.75	0.691860465116279
chrX	10450001	10460000	A.2.1.2.2.2.2	0.75	0.691860465116279
chrX	10460001	10470000	A.2.1.2.2.2.2	0.75	0.691860465116279
chrX	10470001	10480000	A.2.1.2.2.2.2	0.75	0.691860465116279
chrX	10480001	10490000	A.2.1.2.2.2.2	0.75	0.691860465116279
chrX	10490001	10500000	A.2.1.2.2.2.2	0.75	0.691860465116279
chrX	10500001	10510000	A.2.1.2.2.2.2	0.75	0.691860465116279
chrX	10510001	10520000	A.2.1.2.2.2.2	0.75	0.691860465116279
chrX	10520001	10530000	A.2.1.2.2.2.2	0.75	0.691860465116279
chrX	10530001	10540000	A.2.1.2.2.2.2	0.75	0.691860465116279
chrX	10540001	10550000	A.2.1.2.2.2.2	0.75	0.691860465116279
chrX	10550001	10560000	A.2.1.2.2.2.2	0.75	0.691860465116279
chrX	10560001	10570000	A.2.1.2.2.2.2	0.75	0.691860465116279
chrX	10570001	10580000	A.2.1.2.2.2.2	0.75	0.691860465116279
chrX	10580001	10590000	A.2.1.2.2.2.2	0.75	0.691860465116279
chrX	10590001	10600000	A.2.1.2.2.2.2	0.75	0.691860465116279
chrX	10600001	10610000	A.2.1.2.2.2.2	0.75	0.691860465116279
chrX	10610001	10620000	A.2.1.2.2.2.2	0.75	0.691860465116279
chrX	10620001	10630000	A.2.1.2.2.2.2	0.75	0.691860465116279
chrX	10630001	10640000	A.2.1.2.2.2.2	0.75	0.691860465116279
chrX	10640001	10650000	A.2.1.2.2.2.2	0.75	0.691860465116279
chrX	10650001	10660000	B.1.1.2.1.1.1	0.5	0.488372093023256
chrX	10660001	10670000	B.1.1.2.1.1.1	0.5	0.488372093023256
chrX	10670001	10680000	B.1.1.2.1.1.1	0.5	0.488372093023256
chrX	10680001	10690000	B.1.1.2.1.1.1	0.5	0.488372093023256
chrX	10690001	10700000	B.1.1.2.1.1.1	0.5	0.488372093023256
chrX	10700001	10710000	B.1.1.2.1.1.1	0.5	0.488372093023256
chrX	10710001	10720000	B.1.1.2.1.1.1	0.5	0.488372093023256
chrX	10720001	10730000	B.1.1.2.1.1.1	0.5	0.488372093023256
chrX	10730001	10740000	B.1.1.2.1.1.1	0.5	0.488372093023256
chrX	10740001	10750000	B.1.1.2.1.1.1	0.5	0.488372093023256
chrX	10750001	10760000	B.1.1.2.1.1.1	0.5	0.488372093023256
chrX	10760001	10770000	B.1.1.2.1.1.1	0.5	0.488372093023256
chrX	10770001	10780000	B.1.1.2.1.1.1	0.5	0.488372093023256
chrX	10780001	10790000	B.1.1.2.1.1.1	0.5	0.488372093023256
chrX	10790001	10800000	B.1.1.2.1.1.1	0.5	0.488372093023256
chrX	10800001	10810000	B.1.1.2.1.1.1	0.5	0.488372093023256
chrX	10810001	10820000	B.1.1.2.1.1.1	0.5	0.488372093023256
chrX	10820001	10830000	B.1.1.2.1.1.1	0.5	0.488372093023256
chrX	10830001	10840000	B.1.1.2.1.1.1	0.5	0.488372093023256
chrX	10840001	10850000	B.1.1.2.1.1.1	0.5	0.488372093023256
chrX	10850001	10860000	B.1.1.2.1.1.1	0.5	0.488372093023256
chrX	10860001	10870000	B.1.1.2.1.1.1	0.5	0.488372093023256
chrX	10870001	10880000	B.1.1.2.1.1.1	0.5	0.488372093023256
chrX	10880001	10890000	B.1.1.2.1.1.1	0.5	0.488372093023256
chrX	10890001	10900000	B.1.1.2.1.1.1	0.5	0.488372093023256
chrX	10900001	10910000	B.1.1.2.1.1.1	0.5	0.488372093023256
chrX	10910001	10920000	B.1.1.2.1.1.1	0.5	0.488372093023256
chrX	10920001	10930000	B.1.1.2.1.1.1	0.5	0.488372093023256
chrX	10930001	10940000	B.1.1.2.1.1.1	0.5	0.488372093023256
chrX	10940001	10950000	B.1.1.2.1.1.1	0.5	0.488372093023256
chrX	10950001	10960000	B.1.1.2.1.1.1	0.5	0.488372093023256
chrX	10960001	10970000	B.1.1.2.1.1.1	0.5	0.488372093023256
chrX	10970001	10980000	B.1.1.2.1.1.1	0.5	0.488372093023256
chrX	10980001	10990000	B.1.1.2.1.1.1	0.5	0.488372093023256
chrX	10990001	1.1e+07	B.1.1.2.1.1.1	0.5	0.488372093023256
chrX	11000001	11010000	B.1.1.2.1.1.1	0.5	0.488372093023256
chrX	11010001	11020000	B.1.1.2.1.1.1	0.5	0.488372093023256
chrX	11020001	11030000	B.1.1.2.1.1.1	0.5	0.488372093023256
chrX	11030001	11040000	B.1.1.2.1.1.1	0.5	0.488372093023256
chrX	11040001	11050000	B.1.1.2.1.1.1	0.5	0.488372093023256
chrX	11050001	11060000	B.1.1.2.1.1.1	0.5	0.488372093023256
chrX	11060001	11070000	B.1.1.2.1.1.1	0.5	0.488372093023256
chrX	11070001	11080000	B.1.1.2.1.1.1	0.5	0.488372093023256
chrX	11080001	11090000	B.1.1.2.1.1.1	0.5	0.488372093023256
chrX	11090001	11100000	B.1.1.2.1.1.1	0.5	0.488372093023256
chrX	11100001	11110000	B.1.1.2.1.1.1	0.5	0.488372093023256
chrX	11110001	11120000	B.1.1.2.1.1.1	0.5	0.488372093023256
chrX	11120001	11130000	B.1.1.2.1.1.1	0.5	0.488372093023256
chrX	11130001	11140000	B.1.1.2.1.1.1	0.5	0.488372093023256
chrX	11140001	11150000	B.1.1.2.1.1.1	0.5	0.488372093023256
chrX	11150001	11160000	B.1.1.2.1.1.1	0.5	0.488372093023256
chrX	11160001	11170000	B.1.1.2.1.1.1	0.5	0.488372093023256
chrX	11170001	11180000	B.1.1.2.1.1.1	0.5	0.488372093023256
chrX	11180001	11190000	B.1.1.2.1.1.1	0.5	0.488372093023256
chrX	11190001	11200000	B.1.1.2.1.1.1	0.5	0.488372093023256
chrX	11200001	11210000	B.1.1.2.1.1.1	0.5	0.488372093023256
chrX	11210001	11220000	B.1.1.2.1.1.1	0.5	0.488372093023256
chrX	11220001	11230000	B.1.1.2.1.1.1	0.5	0.488372093023256
chrX	11230001	11240000	B.1.1.2.1.1.1	0.5	0.488372093023256
chrX	11240001	11250000	B.1.1.2.1.1.1	0.5	0.488372093023256
chrX	11250001	11260000	B.1.1.2.1.1.1	0.5	0.488372093023256
chrX	11260001	11270000	B.1.1.2.1.1.1	0.5	0.488372093023256
chrX	11270001	11280000	B.1.1.2.1.1.1	0.5	0.488372093023256
chrX	11280001	11290000	B.1.1.2.1.1.1	0.5	0.488372093023256
chrX	11290001	11300000	B.1.1.2.1.1.1	0.5	0.488372093023256
chrX	11650001	11660000	B.1.2.1.1.1.1.1.2	0.375	0.38953488372093
chrX	11660001	11670000	B.1.2.1.1.1.1.1.2	0.375	0.38953488372093
chrX	11670001	11680000	B.1.2.1.1.1.1.1.2	0.375	0.38953488372093
chrX	11680001	11690000	B.1.2.1.1.1.1.1.2	0.375	0.38953488372093
chrX	11690001	11700000	B.1.2.1.1.1.1.1.2	0.375	0.38953488372093
chrX	11700001	11710000	B.1.2.1.1.1.1.1.2	0.375	0.38953488372093
chrX	11710001	11720000	B.1.2.1.1.1.1.1.2	0.375	0.38953488372093
chrX	11720001	11730000	B.1.2.1.1.1.1.1.2	0.375	0.38953488372093
chrX	11730001	11740000	B.1.2.1.1.1.1.1.2	0.375	0.38953488372093
chrX	11740001	11750000	B.1.2.1.1.1.1.1.2	0.375	0.38953488372093
chrX	11750001	11760000	B.1.2.1.1.1.1.1.2	0.375	0.38953488372093
chrX	11760001	11770000	B.1.2.1.1.1.1.1.2	0.375	0.38953488372093
chrX	11770001	11780000	B.1.2.1.1.1.1.1.2	0.375	0.38953488372093
chrX	11780001	11790000	B.1.2.1.1.1.1.1.2	0.375	0.38953488372093
chrX	11790001	11800000	B.1.2.1.1.1.1.1.2	0.375	0.38953488372093
chrX	11800001	11810000	B.1.2.1.1.1.1.1.2	0.375	0.38953488372093
chrX	11810001	11820000	B.1.2.1.1.1.1.1.2	0.375	0.38953488372093
chrX	11820001	11830000	B.1.2.1.1.1.1.1.2	0.375	0.38953488372093
chrX	11830001	11840000	B.1.2.1.1.1.1.1.2	0.375	0.38953488372093
chrX	11840001	11850000	B.1.2.1.1.1.1.1.2	0.375	0.38953488372093
chrX	11850001	11860000	B.1.2.1.2.1.2.1.1	0.375	0.313953488372093
chrX	11860001	11870000	B.1.2.1.2.1.2.1.1	0.375	0.313953488372093
chrX	11870001	11880000	B.1.2.1.2.1.2.1.1	0.375	0.313953488372093
chrX	11880001	11890000	B.1.2.1.2.1.2.1.1	0.375	0.313953488372093
chrX	11890001	11900000	B.1.2.1.2.1.2.1.1	0.375	0.313953488372093
chrX	11900001	11910000	B.1.2.1.2.1.2.1.1	0.375	0.313953488372093
chrX	11910001	11920000	B.1.2.1.2.1.2.1.1	0.375	0.313953488372093
chrX	11920001	11930000	B.1.2.1.2.1.2.1.1	0.375	0.313953488372093
chrX	11930001	11940000	B.1.2.1.2.1.2.1.1	0.375	0.313953488372093
chrX	11940001	11950000	B.1.2.1.2.1.2.1.1	0.375	0.313953488372093
chrX	11950001	11960000	B.1.1.1.2.1.1.2	0.5	0.534883720930233
chrX	11960001	11970000	B.1.1.1.2.1.1.2	0.5	0.534883720930233
chrX	11970001	11980000	B.1.1.1.2.1.1.2	0.5	0.534883720930233
chrX	11980001	11990000	B.1.1.1.2.1.1.2	0.5	0.534883720930233
chrX	11990001	1.2e+07	B.1.1.1.2.1.1.2	0.5	0.534883720930233
chrX	12000001	12010000	B.1.1.1.2.1.1.2	0.5	0.534883720930233
chrX	12010001	12020000	B.1.1.1.2.1.1.2	0.5	0.534883720930233
chrX	12020001	12030000	B.1.1.1.2.1.1.2	0.5	0.534883720930233
chrX	12030001	12040000	B.1.1.1.2.1.1.2	0.5	0.534883720930233
chrX	12040001	12050000	B.1.1.1.2.1.1.2	0.5	0.534883720930233
chrX	12050001	12060000	B.1.1.1.2.1.1.2	0.5	0.534883720930233
chrX	12060001	12070000	B.1.1.1.2.1.1.2	0.5	0.534883720930233
chrX	12070001	12080000	B.1.1.1.2.1.1.2	0.5	0.534883720930233
chrX	12080001	12090000	B.1.1.1.2.1.1.2	0.5	0.534883720930233
chrX	12090001	12100000	B.1.1.1.2.1.1.2	0.5	0.534883720930233
chrX	12100001	12110000	B.1.1.1.2.1.1.2	0.5	0.534883720930233
chrX	12110001	12120000	B.1.1.1.2.1.1.2	0.5	0.534883720930233
chrX	12120001	12130000	B.1.1.1.2.1.1.2	0.5	0.534883720930233
chrX	12130001	12140000	B.1.1.1.2.1.1.2	0.5	0.534883720930233
chrX	12140001	12150000	B.1.1.1.2.1.1.2	0.5	0.534883720930233
chrX	12150001	12160000	B.1.1.1.2.1.1.2	0.5	0.534883720930233
chrX	12160001	12170000	B.1.1.1.2.1.1.2	0.5	0.534883720930233
chrX	12170001	12180000	B.1.1.1.2.1.1.2	0.5	0.534883720930233
chrX	12180001	12190000	B.1.1.1.2.1.1.2	0.5	0.534883720930233
chrX	12190001	12200000	B.1.1.1.2.1.1.2	0.5	0.534883720930233
chrX	12200001	12210000	B.1.2.1.2.2	0.375	0.290697674418605
chrX	12210001	12220000	B.1.2.1.2.2	0.375	0.290697674418605
chrX	12220001	12230000	B.1.2.1.2.2	0.375	0.290697674418605
chrX	12230001	12240000	B.1.2.1.2.2	0.375	0.290697674418605
chrX	12240001	12250000	B.1.2.1.2.2	0.375	0.290697674418605
chrX	12250001	12260000	B.1.2.1.2.2	0.375	0.290697674418605
chrX	12260001	12270000	B.1.2.1.2.2	0.375	0.290697674418605
chrX	12270001	12280000	B.1.2.1.2.2	0.375	0.290697674418605
chrX	12280001	12290000	B.1.2.1.2.2	0.375	0.290697674418605
chrX	12290001	12300000	B.1.2.1.2.2	0.375	0.290697674418605
chrX	12300001	12310000	B.1.2.1.2.2	0.375	0.290697674418605
chrX	12310001	12320000	B.1.2.1.2.2	0.375	0.290697674418605
chrX	12320001	12330000	B.1.2.1.2.2	0.375	0.290697674418605
chrX	12330001	12340000	B.1.2.1.2.2	0.375	0.290697674418605
chrX	12340001	12350000	B.1.2.1.2.2	0.375	0.290697674418605
chrX	12350001	12360000	B.2.1.1.1.2.2.2.1	0.25	0.191860465116279
chrX	12360001	12370000	B.2.1.1.1.2.2.2.1	0.25	0.191860465116279
chrX	12370001	12380000	B.2.1.1.1.2.2.2.1	0.25	0.191860465116279
chrX	12380001	12390000	B.2.1.1.1.2.2.2.1	0.25	0.191860465116279
chrX	12390001	12400000	B.2.1.1.1.2.2.2.1	0.25	0.191860465116279
chrX	12400001	12410000	B.2.1.1.1.2.2.2.1	0.25	0.191860465116279
chrX	12410001	12420000	B.2.1.1.1.2.2.2.1	0.25	0.191860465116279
chrX	12420001	12430000	B.2.1.1.1.2.2.2.1	0.25	0.191860465116279
chrX	12430001	12440000	B.2.1.1.1.2.2.2.1	0.25	0.191860465116279
chrX	12440001	12450000	B.2.1.1.1.2.2.2.1	0.25	0.191860465116279
chrX	12450001	12460000	B.2.1.1.1.2.2.2.1	0.25	0.191860465116279
chrX	12460001	12470000	B.2.1.1.1.2.2.2.1	0.25	0.191860465116279
chrX	12470001	12480000	B.2.1.1.1.2.2.2.1	0.25	0.191860465116279
chrX	12480001	12490000	B.2.1.1.1.2.2.2.1	0.25	0.191860465116279
chrX	12490001	12500000	B.2.1.1.1.2.2.2.1	0.25	0.191860465116279
chrX	12500001	12510000	B.2.1.1.1.2.2.2.1	0.25	0.191860465116279
chrX	12510001	12520000	B.2.1.1.1.2.2.2.1	0.25	0.191860465116279
chrX	12520001	12530000	B.2.1.1.1.2.2.2.1	0.25	0.191860465116279
chrX	12530001	12540000	B.2.1.1.1.2.2.2.1	0.25	0.191860465116279
chrX	12540001	12550000	B.2.1.1.1.2.2.2.1	0.25	0.191860465116279
chrX	12550001	12560000	B.1.1.1.2.2.1	0.5	0.505813953488372
chrX	12560001	12570000	B.1.1.1.2.2.1	0.5	0.505813953488372
chrX	12570001	12580000	B.1.1.1.2.2.1	0.5	0.505813953488372
chrX	12580001	12590000	B.1.1.1.2.2.1	0.5	0.505813953488372
chrX	12590001	12600000	B.1.1.1.2.2.1	0.5	0.505813953488372
chrX	12600001	12610000	B.1.1.1.2.2.1	0.5	0.505813953488372
chrX	12610001	12620000	B.1.1.1.2.2.1	0.5	0.505813953488372
chrX	12620001	12630000	B.1.1.1.2.2.1	0.5	0.505813953488372
chrX	12630001	12640000	B.1.1.1.2.2.1	0.5	0.505813953488372
chrX	12640001	12650000	B.1.1.1.2.2.1	0.5	0.505813953488372
chrX	12650001	12660000	B.1.1.1.2.2.1	0.5	0.505813953488372
chrX	12660001	12670000	B.1.1.1.2.2.1	0.5	0.505813953488372
chrX	12670001	12680000	B.1.1.1.2.2.1	0.5	0.505813953488372
chrX	12680001	12690000	B.1.1.1.2.2.1	0.5	0.505813953488372
chrX	12690001	12700000	B.1.1.1.2.2.1	0.5	0.505813953488372
chrX	12700001	12710000	B.1.1.1.2.2.1	0.5	0.505813953488372
chrX	12710001	12720000	B.1.1.1.2.2.1	0.5	0.505813953488372
chrX	12720001	12730000	B.1.1.1.2.2.1	0.5	0.505813953488372
chrX	12730001	12740000	B.1.1.1.2.2.1	0.5	0.505813953488372
chrX	12740001	12750000	B.1.1.1.2.2.1	0.5	0.505813953488372
chrX	12750001	12760000	A.2.2.2.2.1.2	0.625	0.593023255813954
chrX	12760001	12770000	A.2.2.2.2.1.2	0.625	0.593023255813954
chrX	12770001	12780000	A.2.2.2.2.1.2	0.625	0.593023255813954
chrX	12780001	12790000	A.2.2.2.2.1.2	0.625	0.593023255813954
chrX	12790001	12800000	A.2.2.2.2.1.2	0.625	0.593023255813954
chrX	12800001	12810000	A.2.2.2.2.1.2	0.625	0.593023255813954
chrX	12810001	12820000	A.2.2.2.2.1.2	0.625	0.593023255813954
chrX	12820001	12830000	A.2.2.2.2.1.2	0.625	0.593023255813954
chrX	12830001	12840000	A.2.2.2.2.1.2	0.625	0.593023255813954
chrX	12840001	12850000	A.2.2.2.2.1.2	0.625	0.593023255813954
chrX	12850001	12860000	A.2.1.2.1.2.2	0.75	0.72093023255814
chrX	12860001	12870000	A.2.1.2.1.2.2	0.75	0.72093023255814
chrX	12870001	12880000	A.2.1.2.1.2.2	0.75	0.72093023255814
chrX	12880001	12890000	A.2.1.2.1.2.2	0.75	0.72093023255814
chrX	12890001	12900000	A.2.1.2.1.2.2	0.75	0.72093023255814
chrX	12900001	12910000	A.2.1.2.1.2.2	0.75	0.72093023255814
chrX	12910001	12920000	A.2.1.2.1.2.2	0.75	0.72093023255814
chrX	12920001	12930000	A.2.1.2.1.2.2	0.75	0.72093023255814
chrX	12930001	12940000	A.2.1.2.1.2.2	0.75	0.72093023255814
chrX	12940001	12950000	A.2.1.2.1.2.2	0.75	0.72093023255814
chrX	12950001	12960000	A.2.1.2.1.2.2	0.75	0.72093023255814
chrX	12960001	12970000	A.2.1.2.1.2.2	0.75	0.72093023255814
chrX	12970001	12980000	A.2.1.2.1.2.2	0.75	0.72093023255814
chrX	12980001	12990000	A.2.1.2.1.2.2	0.75	0.72093023255814
chrX	12990001	1.3e+07	A.2.1.2.1.2.2	0.75	0.72093023255814
chrX	13000001	13010000	A.2.1.2.1.2.1	0.75	0.726744186046512
chrX	13010001	13020000	A.2.1.2.1.2.1	0.75	0.726744186046512
chrX	13020001	13030000	A.2.1.2.1.2.1	0.75	0.726744186046512
chrX	13030001	13040000	A.2.1.2.1.2.1	0.75	0.726744186046512
chrX	13040001	13050000	A.2.1.2.1.2.1	0.75	0.726744186046512
chrX	13050001	13060000	A.2.1.2.1.2.1	0.75	0.726744186046512
chrX	13060001	13070000	A.2.1.2.1.2.1	0.75	0.726744186046512
chrX	13070001	13080000	A.2.1.2.1.2.1	0.75	0.726744186046512
chrX	13080001	13090000	A.2.1.2.1.2.1	0.75	0.726744186046512
chrX	13090001	13100000	A.2.1.2.1.2.1	0.75	0.726744186046512
chrX	13100001	13110000	A.2.1.2.1.2.1	0.75	0.726744186046512
chrX	13110001	13120000	A.2.1.2.1.2.1	0.75	0.726744186046512
chrX	13120001	13130000	A.2.1.2.1.2.1	0.75	0.726744186046512
chrX	13130001	13140000	A.2.1.2.1.2.1	0.75	0.726744186046512
chrX	13140001	13150000	A.2.1.2.1.2.1	0.75	0.726744186046512
chrX	13150001	13160000	A.2.1.2.1.2.1	0.75	0.726744186046512
chrX	13160001	13170000	A.2.1.2.1.2.1	0.75	0.726744186046512
chrX	13170001	13180000	A.2.1.2.1.2.1	0.75	0.726744186046512
chrX	13180001	13190000	A.2.1.2.1.2.1	0.75	0.726744186046512
chrX	13190001	13200000	A.2.1.2.1.2.1	0.75	0.726744186046512
chrX	13200001	13210000	A.2.1.2.1.2.1	0.75	0.726744186046512
chrX	13210001	13220000	A.2.1.2.1.2.1	0.75	0.726744186046512
chrX	13220001	13230000	A.2.1.2.1.2.1	0.75	0.726744186046512
chrX	13230001	13240000	A.2.1.2.1.2.1	0.75	0.726744186046512
chrX	13240001	13250000	A.2.1.2.1.2.1	0.75	0.726744186046512
chrX	13250001	13260000	A.2.2.1.2.1.1	0.625	0.656976744186046
chrX	13260001	13270000	A.2.2.1.2.1.1	0.625	0.656976744186046
chrX	13270001	13280000	A.2.2.1.2.1.1	0.625	0.656976744186046
chrX	13280001	13290000	A.2.2.1.2.1.1	0.625	0.656976744186046
chrX	13290001	13300000	A.2.2.1.2.1.1	0.625	0.656976744186046
chrX	13300001	13310000	A.2.2.1.2.1.1	0.625	0.656976744186046
chrX	13310001	13320000	A.2.2.1.2.1.1	0.625	0.656976744186046
chrX	13320001	13330000	A.2.2.1.2.1.1	0.625	0.656976744186046
chrX	13330001	13340000	A.2.2.1.2.1.1	0.625	0.656976744186046
chrX	13340001	13350000	A.2.2.1.2.1.1	0.625	0.656976744186046
chrX	13350001	13360000	A.1.2.1.2.1.1.2	0.875	0.906976744186047
chrX	13360001	13370000	A.1.2.1.2.1.1.2	0.875	0.906976744186047
chrX	13370001	13380000	A.1.2.1.2.1.1.2	0.875	0.906976744186047
chrX	13380001	13390000	A.1.2.1.2.1.1.2	0.875	0.906976744186047
chrX	13390001	13400000	A.1.2.1.2.1.1.2	0.875	0.906976744186047
chrX	13400001	13410000	A.1.2.1.2.1.1.2	0.875	0.906976744186047
chrX	13410001	13420000	A.1.2.1.2.1.1.2	0.875	0.906976744186047
chrX	13420001	13430000	A.1.2.1.2.1.1.2	0.875	0.906976744186047
chrX	13430001	13440000	A.1.2.1.2.1.1.2	0.875	0.906976744186047
chrX	13440001	13450000	A.1.2.1.2.1.1.2	0.875	0.906976744186047
chrX	13450001	13460000	A.1.2.1.2.1.1.2	0.875	0.906976744186047
chrX	13460001	13470000	A.1.2.1.2.1.1.2	0.875	0.906976744186047
chrX	13470001	13480000	A.1.2.1.2.1.1.2	0.875	0.906976744186047
chrX	13480001	13490000	A.1.2.1.2.1.1.2	0.875	0.906976744186047
chrX	13490001	13500000	A.1.2.1.2.1.1.2	0.875	0.906976744186047
chrX	13500001	13510000	A.1.2.1.2.1.1.2	0.875	0.906976744186047
chrX	13510001	13520000	A.1.2.1.2.1.1.2	0.875	0.906976744186047
chrX	13520001	13530000	A.1.2.1.2.1.1.2	0.875	0.906976744186047
chrX	13530001	13540000	A.1.2.1.2.1.1.2	0.875	0.906976744186047
chrX	13540001	13550000	A.1.2.1.2.1.1.2	0.875	0.906976744186047
chrX	13550001	13560000	A.1.2.1.2.1.1.2	0.875	0.906976744186047
chrX	13560001	13570000	A.1.2.1.2.1.1.2	0.875	0.906976744186047
chrX	13570001	13580000	A.1.2.1.2.1.1.2	0.875	0.906976744186047
chrX	13580001	13590000	A.1.2.1.2.1.1.2	0.875	0.906976744186047
chrX	13590001	13600000	A.1.2.1.2.1.1.2	0.875	0.906976744186047
chrX	13600001	13610000	A.1.2.1.2.1.1.2	0.875	0.906976744186047
chrX	13610001	13620000	A.1.2.1.2.1.1.2	0.875	0.906976744186047
chrX	13620001	13630000	A.1.2.1.2.1.1.2	0.875	0.906976744186047
chrX	13630001	13640000	A.1.2.1.2.1.1.2	0.875	0.906976744186047
chrX	13640001	13650000	A.1.2.1.2.1.1.2	0.875	0.906976744186047
chrX	13650001	13660000	A.1.2.1.2.1.1.2	0.875	0.906976744186047
chrX	13660001	13670000	A.1.2.1.2.1.1.2	0.875	0.906976744186047
chrX	13670001	13680000	A.1.2.1.2.1.1.2	0.875	0.906976744186047
chrX	13680001	13690000	A.1.2.1.2.1.1.2	0.875	0.906976744186047
chrX	13690001	13700000	A.1.2.1.2.1.1.2	0.875	0.906976744186047
chrX	13700001	13710000	A.1.2.1.2.1.1.2	0.875	0.906976744186047
chrX	13710001	13720000	A.1.2.1.2.1.1.2	0.875	0.906976744186047
chrX	13720001	13730000	A.1.2.1.2.1.1.2	0.875	0.906976744186047
chrX	13730001	13740000	A.1.2.1.2.1.1.2	0.875	0.906976744186047
chrX	13740001	13750000	A.1.2.1.2.1.1.2	0.875	0.906976744186047
chrX	13750001	13760000	A.1.2.1.2.1.1.2	0.875	0.906976744186047
chrX	13760001	13770000	A.1.2.1.2.1.1.2	0.875	0.906976744186047
chrX	13770001	13780000	A.1.2.1.2.1.1.2	0.875	0.906976744186047
chrX	13780001	13790000	A.1.2.1.2.1.1.2	0.875	0.906976744186047
chrX	13790001	13800000	A.1.2.1.2.1.1.2	0.875	0.906976744186047
chrX	13800001	13810000	A.1.2.1.2.1.1.2	0.875	0.906976744186047
chrX	13810001	13820000	A.1.2.1.2.1.1.2	0.875	0.906976744186047
chrX	13820001	13830000	A.1.2.1.2.1.1.2	0.875	0.906976744186047
chrX	13830001	13840000	A.1.2.1.2.1.1.2	0.875	0.906976744186047
chrX	13840001	13850000	A.1.2.1.2.1.1.2	0.875	0.906976744186047
chrX	13850001	13860000	A.1.2.1.2.1.1.2	0.875	0.906976744186047
chrX	13860001	13870000	A.1.2.1.2.1.1.2	0.875	0.906976744186047
chrX	13870001	13880000	A.1.2.1.2.1.1.2	0.875	0.906976744186047
chrX	13880001	13890000	A.1.2.1.2.1.1.2	0.875	0.906976744186047
chrX	13890001	13900000	A.1.2.1.2.1.1.2	0.875	0.906976744186047
chrX	13900001	13910000	A.1.2.1.2.1.1.2	0.875	0.906976744186047
chrX	13910001	13920000	A.1.2.1.2.1.1.2	0.875	0.906976744186047
chrX	13920001	13930000	A.1.2.1.2.1.1.2	0.875	0.906976744186047
chrX	13930001	13940000	A.1.2.1.2.1.1.2	0.875	0.906976744186047
chrX	13940001	13950000	A.1.2.1.2.1.1.2	0.875	0.906976744186047
chrX	13950001	13960000	A.1.2.1.2.1.1.2	0.875	0.906976744186047
chrX	13960001	13970000	A.1.2.1.2.1.1.2	0.875	0.906976744186047
chrX	13970001	13980000	A.1.2.1.2.1.1.2	0.875	0.906976744186047
chrX	13980001	13990000	A.1.2.1.2.1.1.2	0.875	0.906976744186047
chrX	13990001	1.4e+07	A.1.2.1.2.1.1.2	0.875	0.906976744186047
chrX	14000001	14010000	A.1.2.1.2.1.1.2	0.875	0.906976744186047
chrX	14010001	14020000	A.1.2.1.2.1.1.2	0.875	0.906976744186047
chrX	14020001	14030000	A.1.2.1.2.1.1.2	0.875	0.906976744186047
chrX	14030001	14040000	A.1.2.1.2.1.1.2	0.875	0.906976744186047
chrX	14040001	14050000	A.1.2.1.2.1.1.2	0.875	0.906976744186047
chrX	14050001	14060000	A.1.2.1.2.1.1.2	0.875	0.906976744186047
chrX	14060001	14070000	A.1.2.1.2.1.1.2	0.875	0.906976744186047
chrX	14070001	14080000	A.1.2.1.2.1.1.2	0.875	0.906976744186047
chrX	14080001	14090000	A.1.2.1.2.1.1.2	0.875	0.906976744186047
chrX	14090001	14100000	A.1.2.1.2.1.1.2	0.875	0.906976744186047
chrX	14100001	14110000	A.1.2.1.2.1.1.2	0.875	0.906976744186047
chrX	14110001	14120000	A.1.2.1.2.1.1.2	0.875	0.906976744186047
chrX	14120001	14130000	A.1.2.1.2.1.1.2	0.875	0.906976744186047
chrX	14130001	14140000	A.1.2.1.2.1.1.2	0.875	0.906976744186047
chrX	14140001	14150000	A.1.2.1.2.1.1.2	0.875	0.906976744186047
chrX	14150001	14160000	B.2.1.1.1.2.2.2.2	0.25	0.186046511627907
chrX	14160001	14170000	B.2.1.1.1.2.2.2.2	0.25	0.186046511627907
chrX	14170001	14180000	B.2.1.1.1.2.2.2.2	0.25	0.186046511627907
chrX	14180001	14190000	B.2.1.1.1.2.2.2.2	0.25	0.186046511627907
chrX	14190001	14200000	B.2.1.1.1.2.2.2.2	0.25	0.186046511627907
chrX	14200001	14210000	B.2.1.1.1.2.2.2.2	0.25	0.186046511627907
chrX	14210001	14220000	B.2.1.1.1.2.2.2.2	0.25	0.186046511627907
chrX	14220001	14230000	B.2.1.1.1.2.2.2.2	0.25	0.186046511627907
chrX	14230001	14240000	B.2.1.1.1.2.2.2.2	0.25	0.186046511627907
chrX	14240001	14250000	B.2.1.1.1.2.2.2.2	0.25	0.186046511627907
chrX	14250001	14260000	B.2.1.1.1.2.2.2.2	0.25	0.186046511627907
chrX	14260001	14270000	B.2.1.1.1.2.2.2.2	0.25	0.186046511627907
chrX	14270001	14280000	B.2.1.1.1.2.2.2.2	0.25	0.186046511627907
chrX	14280001	14290000	B.2.1.1.1.2.2.2.2	0.25	0.186046511627907
chrX	14290001	14300000	B.2.1.1.1.2.2.2.2	0.25	0.186046511627907
chrX	14300001	14310000	B.2.1.1.1.2.2.2.2	0.25	0.186046511627907
chrX	14310001	14320000	B.2.1.1.1.2.2.2.2	0.25	0.186046511627907
chrX	14320001	14330000	B.2.1.1.1.2.2.2.2	0.25	0.186046511627907
chrX	14330001	14340000	B.2.1.1.1.2.2.2.2	0.25	0.186046511627907
chrX	14340001	14350000	B.2.1.1.1.2.2.2.2	0.25	0.186046511627907
chrX	14350001	14360000	B.2.1.1.1.2.2.2.2	0.25	0.186046511627907
chrX	14360001	14370000	B.2.1.1.1.2.2.2.2	0.25	0.186046511627907
chrX	14370001	14380000	B.2.1.1.1.2.2.2.2	0.25	0.186046511627907
chrX	14380001	14390000	B.2.1.1.1.2.2.2.2	0.25	0.186046511627907
chrX	14390001	14400000	B.2.1.1.1.2.2.2.2	0.25	0.186046511627907
chrX	14400001	14410000	B.2.1.1.1.2.2.2.2	0.25	0.186046511627907
chrX	14410001	14420000	B.2.1.1.1.2.2.2.2	0.25	0.186046511627907
chrX	14420001	14430000	B.2.1.1.1.2.2.2.2	0.25	0.186046511627907
chrX	14430001	14440000	B.2.1.1.1.2.2.2.2	0.25	0.186046511627907
chrX	14440001	14450000	B.2.1.1.1.2.2.2.2	0.25	0.186046511627907
chrX	14450001	14460000	B.2.1.1.1.2.2.2.2	0.25	0.186046511627907
chrX	14460001	14470000	B.2.1.1.1.2.2.2.2	0.25	0.186046511627907
chrX	14470001	14480000	B.2.1.1.1.2.2.2.2	0.25	0.186046511627907
chrX	14480001	14490000	B.2.1.1.1.2.2.2.2	0.25	0.186046511627907
chrX	14490001	14500000	B.2.1.1.1.2.2.2.2	0.25	0.186046511627907
chrX	14500001	14510000	B.2.1.1.1.2.2.2.2	0.25	0.186046511627907
chrX	14510001	14520000	B.2.1.1.1.2.2.2.2	0.25	0.186046511627907
chrX	14520001	14530000	B.2.1.1.1.2.2.2.2	0.25	0.186046511627907
chrX	14530001	14540000	B.2.1.1.1.2.2.2.2	0.25	0.186046511627907
chrX	14540001	14550000	B.2.1.1.1.2.2.2.2	0.25	0.186046511627907
chrX	14550001	14560000	B.2.1.1.1.2.2.2.2	0.25	0.186046511627907
chrX	14560001	14570000	B.2.1.1.1.2.2.2.2	0.25	0.186046511627907
chrX	14570001	14580000	B.2.1.1.1.2.2.2.2	0.25	0.186046511627907
chrX	14580001	14590000	B.2.1.1.1.2.2.2.2	0.25	0.186046511627907
chrX	14590001	14600000	B.2.1.1.1.2.2.2.2	0.25	0.186046511627907
chrX	14600001	14610000	B.1.2.1.1.1.2.2.1	0.375	0.372093023255814
chrX	14610001	14620000	B.1.2.1.1.1.2.2.1	0.375	0.372093023255814
chrX	14620001	14630000	B.1.2.1.1.1.2.2.1	0.375	0.372093023255814
chrX	14630001	14640000	B.1.2.1.1.1.2.2.1	0.375	0.372093023255814
chrX	14640001	14650000	B.1.2.1.1.1.2.2.1	0.375	0.372093023255814
chrX	14650001	14660000	B.1.2.1.1.1.2.2.1	0.375	0.372093023255814
chrX	14660001	14670000	B.1.2.1.1.1.2.2.1	0.375	0.372093023255814
chrX	14670001	14680000	B.1.2.1.1.1.2.2.1	0.375	0.372093023255814
chrX	14680001	14690000	B.1.2.1.1.1.2.2.1	0.375	0.372093023255814
chrX	14690001	14700000	B.1.2.1.1.1.2.2.1	0.375	0.372093023255814
chrX	14700001	14710000	B.1.2.1.1.1.2.2.1	0.375	0.372093023255814
chrX	14710001	14720000	B.1.2.1.1.1.2.2.1	0.375	0.372093023255814
chrX	14720001	14730000	B.1.2.1.1.1.2.2.1	0.375	0.372093023255814
chrX	14730001	14740000	B.1.2.1.1.1.2.2.1	0.375	0.372093023255814
chrX	14740001	14750000	B.1.2.1.1.1.2.2.1	0.375	0.372093023255814
chrX	14750001	14760000	B.1.2.1.1.1.2.2.1	0.375	0.372093023255814
chrX	14760001	14770000	B.1.2.1.1.1.2.2.1	0.375	0.372093023255814
chrX	14770001	14780000	B.1.2.1.1.1.2.2.1	0.375	0.372093023255814
chrX	14780001	14790000	B.1.2.1.1.1.2.2.1	0.375	0.372093023255814
chrX	14790001	14800000	B.1.2.1.1.1.2.2.1	0.375	0.372093023255814
chrX	14800001	14810000	B.1.2.1.1.1.2.2.1	0.375	0.372093023255814
chrX	14810001	14820000	B.1.2.1.1.1.2.2.1	0.375	0.372093023255814
chrX	14820001	14830000	B.1.2.1.1.1.2.2.1	0.375	0.372093023255814
chrX	14830001	14840000	B.1.2.1.1.1.2.2.1	0.375	0.372093023255814
chrX	14840001	14850000	B.1.2.1.1.1.2.2.1	0.375	0.372093023255814
chrX	14850001	14860000	B.1.2.1.1.1.2.2.1	0.375	0.372093023255814
chrX	14860001	14870000	B.1.2.1.1.1.2.2.1	0.375	0.372093023255814
chrX	14870001	14880000	B.1.2.1.1.1.2.2.1	0.375	0.372093023255814
chrX	14880001	14890000	B.1.2.1.1.1.2.2.1	0.375	0.372093023255814
chrX	14890001	14900000	B.1.2.1.1.1.2.2.1	0.375	0.372093023255814
chrX	14900001	14910000	B.1.2.1.1.1.2.2.1	0.375	0.372093023255814
chrX	14910001	14920000	B.1.2.1.1.1.2.2.1	0.375	0.372093023255814
chrX	14920001	14930000	B.1.2.1.1.1.2.2.1	0.375	0.372093023255814
chrX	14930001	14940000	B.1.2.1.1.1.2.2.1	0.375	0.372093023255814
chrX	14940001	14950000	B.1.2.1.1.1.2.2.1	0.375	0.372093023255814
chrX	14950001	14960000	B.1.2.1.1.1.2.2.1	0.375	0.372093023255814
chrX	14960001	14970000	B.1.2.1.1.1.2.2.1	0.375	0.372093023255814
chrX	14970001	14980000	B.1.2.1.1.1.2.2.1	0.375	0.372093023255814
chrX	14980001	14990000	B.1.2.1.1.1.2.2.1	0.375	0.372093023255814
chrX	14990001	1.5e+07	B.1.2.1.1.1.2.2.1	0.375	0.372093023255814
chrX	15000001	15010000	B.1.2.1.1.1.2.2.1	0.375	0.372093023255814
chrX	15010001	15020000	B.1.2.1.1.1.2.2.1	0.375	0.372093023255814
chrX	15020001	15030000	B.1.2.1.1.1.2.2.1	0.375	0.372093023255814
chrX	15030001	15040000	B.1.2.1.1.1.2.2.1	0.375	0.372093023255814
chrX	15040001	15050000	B.1.2.1.1.1.2.2.1	0.375	0.372093023255814
chrX	15050001	15060000	B.1.2.1.1.1.1.2	0.375	0.383720930232558
chrX	15060001	15070000	B.1.2.1.1.1.1.2	0.375	0.383720930232558
chrX	15070001	15080000	B.1.2.1.1.1.1.2	0.375	0.383720930232558
chrX	15080001	15090000	B.1.2.1.1.1.1.2	0.375	0.383720930232558
chrX	15090001	15100000	B.1.2.1.1.1.1.2	0.375	0.383720930232558
chrX	15100001	15110000	B.1.2.1.1.1.1.2	0.375	0.383720930232558
chrX	15110001	15120000	B.1.2.1.1.1.1.2	0.375	0.383720930232558
chrX	15120001	15130000	B.1.2.1.1.1.1.2	0.375	0.383720930232558
chrX	15130001	15140000	B.1.2.1.1.1.1.2	0.375	0.383720930232558
chrX	15140001	15150000	B.1.2.1.1.1.1.2	0.375	0.383720930232558
chrX	15150001	15160000	B.1.2.1.1.1.1.2	0.375	0.383720930232558
chrX	15160001	15170000	B.1.2.1.1.1.1.2	0.375	0.383720930232558
chrX	15170001	15180000	B.1.2.1.1.1.1.2	0.375	0.383720930232558
chrX	15180001	15190000	B.1.2.1.1.1.1.2	0.375	0.383720930232558
chrX	15190001	15200000	B.1.2.1.1.1.1.2	0.375	0.383720930232558
chrX	15200001	15210000	B.1.2.1.1.1.1.2	0.375	0.383720930232558
chrX	15210001	15220000	B.1.2.1.1.1.1.2	0.375	0.383720930232558
chrX	15220001	15230000	B.1.2.1.1.1.1.2	0.375	0.383720930232558
chrX	15230001	15240000	B.1.2.1.1.1.1.2	0.375	0.383720930232558
chrX	15240001	15250000	B.1.2.1.1.1.1.2	0.375	0.383720930232558
chrX	15250001	15260000	A.2.1.1.1.2.1	0.75	0.784883720930233
chrX	15260001	15270000	A.2.1.1.1.2.1	0.75	0.784883720930233
chrX	15270001	15280000	A.2.1.1.1.2.1	0.75	0.784883720930233
chrX	15280001	15290000	A.2.1.1.1.2.1	0.75	0.784883720930233
chrX	15290001	15300000	A.2.1.1.1.2.1	0.75	0.784883720930233
chrX	15300001	15310000	A.2.1.1.1.2.1	0.75	0.784883720930233
chrX	15310001	15320000	A.2.1.1.1.2.1	0.75	0.784883720930233
chrX	15320001	15330000	A.2.1.1.1.2.1	0.75	0.784883720930233
chrX	15330001	15340000	A.2.1.1.1.2.1	0.75	0.784883720930233
chrX	15340001	15350000	A.2.1.1.1.2.1	0.75	0.784883720930233
chrX	15350001	15360000	A.2.1.1.1.2.1	0.75	0.784883720930233
chrX	15360001	15370000	A.2.1.1.1.2.1	0.75	0.784883720930233
chrX	15370001	15380000	A.2.1.1.1.2.1	0.75	0.784883720930233
chrX	15380001	15390000	A.2.1.1.1.2.1	0.75	0.784883720930233
chrX	15390001	15400000	A.2.1.1.1.2.1	0.75	0.784883720930233
chrX	15400001	15410000	A.2.1.1.1.2.1	0.75	0.784883720930233
chrX	15410001	15420000	A.2.1.1.1.2.1	0.75	0.784883720930233
chrX	15420001	15430000	A.2.1.1.1.2.1	0.75	0.784883720930233
chrX	15430001	15440000	A.2.1.1.1.2.1	0.75	0.784883720930233
chrX	15440001	15450000	A.2.1.1.1.2.1	0.75	0.784883720930233
chrX	15450001	15460000	A.2.1.1.1.2.1	0.75	0.784883720930233
chrX	15460001	15470000	A.2.1.1.1.2.1	0.75	0.784883720930233
chrX	15470001	15480000	A.2.1.1.1.2.1	0.75	0.784883720930233
chrX	15480001	15490000	A.2.1.1.1.2.1	0.75	0.784883720930233
chrX	15490001	15500000	A.2.1.1.1.2.1	0.75	0.784883720930233
chrX	15500001	15510000	A.2.1.1.1.2.1	0.75	0.784883720930233
chrX	15510001	15520000	A.2.1.1.1.2.1	0.75	0.784883720930233
chrX	15520001	15530000	A.2.1.1.1.2.1	0.75	0.784883720930233
chrX	15530001	15540000	A.2.1.1.1.2.1	0.75	0.784883720930233
chrX	15540001	15550000	A.2.1.1.1.2.1	0.75	0.784883720930233
chrX	15550001	15560000	A.2.1.1.1.2.1	0.75	0.784883720930233
chrX	15560001	15570000	A.2.1.1.1.2.1	0.75	0.784883720930233
chrX	15570001	15580000	A.2.1.1.1.2.1	0.75	0.784883720930233
chrX	15580001	15590000	A.2.1.1.1.2.1	0.75	0.784883720930233
chrX	15590001	15600000	A.2.1.1.1.2.1	0.75	0.784883720930233
chrX	15600001	15610000	A.2.1.1.1.2.1	0.75	0.784883720930233
chrX	15610001	15620000	A.2.1.1.1.2.1	0.75	0.784883720930233
chrX	15620001	15630000	A.2.1.1.1.2.1	0.75	0.784883720930233
chrX	15630001	15640000	A.2.1.1.1.2.1	0.75	0.784883720930233
chrX	15640001	15650000	A.2.1.1.1.2.1	0.75	0.784883720930233
chrX	15650001	15660000	A.1.2.1.2.1.1.1	0.875	0.912790697674419
chrX	15660001	15670000	A.1.2.1.2.1.1.1	0.875	0.912790697674419
chrX	15670001	15680000	A.1.2.1.2.1.1.1	0.875	0.912790697674419
chrX	15680001	15690000	A.1.2.1.2.1.1.1	0.875	0.912790697674419
chrX	15690001	15700000	A.1.2.1.2.1.1.1	0.875	0.912790697674419
chrX	15700001	15710000	A.1.2.1.2.1.1.1	0.875	0.912790697674419
chrX	15710001	15720000	A.1.2.1.2.1.1.1	0.875	0.912790697674419
chrX	15720001	15730000	A.1.2.1.2.1.1.1	0.875	0.912790697674419
chrX	15730001	15740000	A.1.2.1.2.1.1.1	0.875	0.912790697674419
chrX	15740001	15750000	A.1.2.1.2.1.1.1	0.875	0.912790697674419
chrX	15750001	15760000	A.1.2.1.2.1.1.1	0.875	0.912790697674419
chrX	15760001	15770000	A.1.2.1.2.1.1.1	0.875	0.912790697674419
chrX	15770001	15780000	A.1.2.1.2.1.1.1	0.875	0.912790697674419
chrX	15780001	15790000	A.1.2.1.2.1.1.1	0.875	0.912790697674419
chrX	15790001	15800000	A.1.2.1.2.1.1.1	0.875	0.912790697674419
chrX	15800001	15810000	A.1.2.1.2.1.1.1	0.875	0.912790697674419
chrX	15810001	15820000	A.1.2.1.2.1.1.1	0.875	0.912790697674419
chrX	15820001	15830000	A.1.2.1.2.1.1.1	0.875	0.912790697674419
chrX	15830001	15840000	A.1.2.1.2.1.1.1	0.875	0.912790697674419
chrX	15840001	15850000	A.1.2.1.2.1.1.1	0.875	0.912790697674419
chrX	15850001	15860000	A.1.2.1.2.1.1.1	0.875	0.912790697674419
chrX	15860001	15870000	A.1.2.1.2.1.1.1	0.875	0.912790697674419
chrX	15870001	15880000	A.1.2.1.2.1.1.1	0.875	0.912790697674419
chrX	15880001	15890000	A.1.2.1.2.1.1.1	0.875	0.912790697674419
chrX	15890001	15900000	A.1.2.1.2.1.1.1	0.875	0.912790697674419
chrX	15900001	15910000	A.1.2.1.2.1.1.1	0.875	0.912790697674419
chrX	15910001	15920000	A.1.2.1.2.1.1.1	0.875	0.912790697674419
chrX	15920001	15930000	A.1.2.1.2.1.1.1	0.875	0.912790697674419
chrX	15930001	15940000	A.1.2.1.2.1.1.1	0.875	0.912790697674419
chrX	15940001	15950000	A.1.2.1.2.1.1.1	0.875	0.912790697674419
chrX	15950001	15960000	A.1.2.1.2.1.1.1	0.875	0.912790697674419
chrX	15960001	15970000	A.1.2.1.2.1.1.1	0.875	0.912790697674419
chrX	15970001	15980000	A.1.2.1.2.1.1.1	0.875	0.912790697674419
chrX	15980001	15990000	A.1.2.1.2.1.1.1	0.875	0.912790697674419
chrX	15990001	1.6e+07	A.1.2.1.2.1.1.1	0.875	0.912790697674419
chrX	16000001	16010000	A.1.2.1.1.1.1.2.1	0.875	0.947674418604651
chrX	16010001	16020000	A.1.2.1.1.1.1.2.1	0.875	0.947674418604651
chrX	16020001	16030000	A.1.2.1.1.1.1.2.1	0.875	0.947674418604651
chrX	16030001	16040000	A.1.2.1.1.1.1.2.1	0.875	0.947674418604651
chrX	16040001	16050000	A.1.2.1.1.1.1.2.1	0.875	0.947674418604651
chrX	16050001	16060000	A.1.2.1.1.1.1.2.1	0.875	0.947674418604651
chrX	16060001	16070000	A.1.2.1.1.1.1.2.1	0.875	0.947674418604651
chrX	16070001	16080000	A.1.2.1.1.1.1.2.1	0.875	0.947674418604651
chrX	16080001	16090000	A.1.2.1.1.1.1.2.1	0.875	0.947674418604651
chrX	16090001	16100000	A.1.2.1.1.1.1.2.1	0.875	0.947674418604651
chrX	16100001	16110000	A.1.2.1.1.1.1.2.1	0.875	0.947674418604651
chrX	16110001	16120000	A.1.2.1.1.1.1.2.1	0.875	0.947674418604651
chrX	16120001	16130000	A.1.2.1.1.1.1.2.1	0.875	0.947674418604651
chrX	16130001	16140000	A.1.2.1.1.1.1.2.1	0.875	0.947674418604651
chrX	16140001	16150000	A.1.2.1.1.1.1.2.1	0.875	0.947674418604651
chrX	16150001	16160000	A.1.2.1.1.1.1.2.1	0.875	0.947674418604651
chrX	16160001	16170000	A.1.2.1.1.1.1.2.1	0.875	0.947674418604651
chrX	16170001	16180000	A.1.2.1.1.1.1.2.1	0.875	0.947674418604651
chrX	16180001	16190000	A.1.2.1.1.1.1.2.1	0.875	0.947674418604651
chrX	16190001	16200000	A.1.2.1.1.1.1.2.1	0.875	0.947674418604651
chrX	16200001	16210000	A.1.2.1.1.1.1.2.1	0.875	0.947674418604651
chrX	16210001	16220000	A.1.2.1.1.1.1.2.1	0.875	0.947674418604651
chrX	16220001	16230000	A.1.2.1.1.1.1.2.1	0.875	0.947674418604651
chrX	16230001	16240000	A.1.2.1.1.1.1.2.1	0.875	0.947674418604651
chrX	16240001	16250000	A.1.2.1.1.1.1.2.1	0.875	0.947674418604651
chrX	16250001	16260000	A.1.2.1.1.1.1.2.1	0.875	0.947674418604651
chrX	16260001	16270000	A.1.2.1.1.1.1.2.1	0.875	0.947674418604651
chrX	16270001	16280000	A.1.2.1.1.1.1.2.1	0.875	0.947674418604651
chrX	16280001	16290000	A.1.2.1.1.1.1.2.1	0.875	0.947674418604651
chrX	16290001	16300000	A.1.2.1.1.1.1.2.1	0.875	0.947674418604651
chrX	16300001	16310000	A.1.2.1.1.1.1.2.1	0.875	0.947674418604651
chrX	16310001	16320000	A.1.2.1.1.1.1.2.1	0.875	0.947674418604651
chrX	16320001	16330000	A.1.2.1.1.1.1.2.1	0.875	0.947674418604651
chrX	16330001	16340000	A.1.2.1.1.1.1.2.1	0.875	0.947674418604651
chrX	16340001	16350000	A.1.2.1.1.1.1.2.1	0.875	0.947674418604651
chrX	16350001	16360000	A.1.2.1.1.1.1.2.1	0.875	0.947674418604651
chrX	16360001	16370000	A.1.2.1.1.1.1.2.1	0.875	0.947674418604651
chrX	16370001	16380000	A.1.2.1.1.1.1.2.1	0.875	0.947674418604651
chrX	16380001	16390000	A.1.2.1.1.1.1.2.1	0.875	0.947674418604651
chrX	16390001	16400000	A.1.2.1.1.1.1.2.1	0.875	0.947674418604651
chrX	16400001	16410000	A.1.2.1.1.1.1.2.1	0.875	0.947674418604651
chrX	16410001	16420000	A.1.2.1.1.1.1.2.1	0.875	0.947674418604651
chrX	16420001	16430000	A.1.2.1.1.1.1.2.1	0.875	0.947674418604651
chrX	16430001	16440000	A.1.2.1.1.1.1.2.1	0.875	0.947674418604651
chrX	16440001	16450000	A.1.2.1.1.1.1.2.1	0.875	0.947674418604651
chrX	16450001	16460000	A.1.2.1.1.1.1.2.1	0.875	0.947674418604651
chrX	16460001	16470000	A.1.2.1.1.1.1.2.1	0.875	0.947674418604651
chrX	16470001	16480000	A.1.2.1.1.1.1.2.1	0.875	0.947674418604651
chrX	16480001	16490000	A.1.2.1.1.1.1.2.1	0.875	0.947674418604651
chrX	16490001	16500000	A.1.2.1.1.1.1.2.1	0.875	0.947674418604651
chrX	16500001	16510000	A.1.2.1.1.1.1.2.1	0.875	0.947674418604651
chrX	16510001	16520000	A.1.2.1.1.1.1.2.1	0.875	0.947674418604651
chrX	16520001	16530000	A.1.2.1.1.1.1.2.1	0.875	0.947674418604651
chrX	16530001	16540000	A.1.2.1.1.1.1.2.1	0.875	0.947674418604651
chrX	16540001	16550000	A.1.2.1.1.1.1.2.1	0.875	0.947674418604651
chrX	16550001	16560000	A.1.1.1.2.1	1	0.988372093023256
chrX	16560001	16570000	A.1.1.1.2.1	1	0.988372093023256
chrX	16570001	16580000	A.1.1.1.2.1	1	0.988372093023256
chrX	16580001	16590000	A.1.1.1.2.1	1	0.988372093023256
chrX	16590001	16600000	A.1.1.1.2.1	1	0.988372093023256
chrX	16600001	16610000	A.1.1.1.2.1	1	0.988372093023256
chrX	16610001	16620000	A.1.1.1.2.1	1	0.988372093023256
chrX	16620001	16630000	A.1.1.1.2.1	1	0.988372093023256
chrX	16630001	16640000	A.1.1.1.2.1	1	0.988372093023256
chrX	16640001	16650000	A.1.1.1.2.1	1	0.988372093023256
chrX	16650001	16660000	A.1.1.1.2.1	1	0.988372093023256
chrX	16660001	16670000	A.1.1.1.2.1	1	0.988372093023256
chrX	16670001	16680000	A.1.1.1.2.1	1	0.988372093023256
chrX	16680001	16690000	A.1.1.1.2.1	1	0.988372093023256
chrX	16690001	16700000	A.1.1.1.2.1	1	0.988372093023256
chrX	16700001	16710000	A.1.1.1.2.1	1	0.988372093023256
chrX	16710001	16720000	A.1.1.1.2.1	1	0.988372093023256
chrX	16720001	16730000	A.1.1.1.2.1	1	0.988372093023256
chrX	16730001	16740000	A.1.1.1.2.1	1	0.988372093023256
chrX	16740001	16750000	A.1.1.1.2.1	1	0.988372093023256
chrX	16750001	16760000	A.1.1.1.2.1	1	0.988372093023256
chrX	16760001	16770000	A.1.1.1.2.1	1	0.988372093023256
chrX	16770001	16780000	A.1.1.1.2.1	1	0.988372093023256
chrX	16780001	16790000	A.1.1.1.2.1	1	0.988372093023256
chrX	16790001	16800000	A.1.1.1.2.1	1	0.988372093023256
chrX	16800001	16810000	A.1.1.1.2.1	1	0.988372093023256
chrX	16810001	16820000	A.1.1.1.2.1	1	0.988372093023256
chrX	16820001	16830000	A.1.1.1.2.1	1	0.988372093023256
chrX	16830001	16840000	A.1.1.1.2.1	1	0.988372093023256
chrX	16840001	16850000	A.1.1.1.2.1	1	0.988372093023256
chrX	16850001	16860000	A.1.1.1.2.1	1	0.988372093023256
chrX	16860001	16870000	A.1.1.1.2.1	1	0.988372093023256
chrX	16870001	16880000	A.1.1.1.2.1	1	0.988372093023256
chrX	16880001	16890000	A.1.1.1.2.1	1	0.988372093023256
chrX	16890001	16900000	A.1.1.1.2.1	1	0.988372093023256
chrX	16900001	16910000	A.1.1.1.2.1	1	0.988372093023256
chrX	16910001	16920000	A.1.1.1.2.1	1	0.988372093023256
chrX	16920001	16930000	A.1.1.1.2.1	1	0.988372093023256
chrX	16930001	16940000	A.1.1.1.2.1	1	0.988372093023256
chrX	16940001	16950000	A.1.1.1.2.1	1	0.988372093023256
chrX	16950001	16960000	A.1.1.1.2.1	1	0.988372093023256
chrX	16960001	16970000	A.1.1.1.2.1	1	0.988372093023256
chrX	16970001	16980000	A.1.1.1.2.1	1	0.988372093023256
chrX	16980001	16990000	A.1.1.1.2.1	1	0.988372093023256
chrX	16990001	1.7e+07	A.1.1.1.2.1	1	0.988372093023256
chrX	17000001	17010000	A.1.1.1.2.1	1	0.988372093023256
chrX	17010001	17020000	A.1.1.1.2.1	1	0.988372093023256
chrX	17020001	17030000	A.1.1.1.2.1	1	0.988372093023256
chrX	17030001	17040000	A.1.1.1.2.1	1	0.988372093023256
chrX	17040001	17050000	A.1.1.1.2.1	1	0.988372093023256
chrX	17050001	17060000	A.1.1.1.2.1	1	0.988372093023256
chrX	17060001	17070000	A.1.1.1.2.1	1	0.988372093023256
chrX	17070001	17080000	A.1.1.1.2.1	1	0.988372093023256
chrX	17080001	17090000	A.1.1.1.2.1	1	0.988372093023256
chrX	17090001	17100000	A.1.1.1.2.1	1	0.988372093023256
chrX	17100001	17110000	A.1.1.1.2.1	1	0.988372093023256
chrX	17110001	17120000	A.1.1.1.2.1	1	0.988372093023256
chrX	17120001	17130000	A.1.1.1.2.1	1	0.988372093023256
chrX	17130001	17140000	A.1.1.1.2.1	1	0.988372093023256
chrX	17140001	17150000	A.1.1.1.2.1	1	0.988372093023256
chrX	17150001	17160000	A.1.1.1.2.1	1	0.988372093023256
chrX	17160001	17170000	A.1.1.1.2.1	1	0.988372093023256
chrX	17170001	17180000	A.1.1.1.2.1	1	0.988372093023256
chrX	17180001	17190000	A.1.1.1.2.1	1	0.988372093023256
chrX	17190001	17200000	A.1.1.1.2.1	1	0.988372093023256
chrX	17200001	17210000	A.2.2.2.2.1.1	0.625	0.598837209302326
chrX	17210001	17220000	A.2.2.2.2.1.1	0.625	0.598837209302326
chrX	17220001	17230000	A.2.2.2.2.1.1	0.625	0.598837209302326
chrX	17230001	17240000	A.2.2.2.2.1.1	0.625	0.598837209302326
chrX	17240001	17250000	A.2.2.2.2.1.1	0.625	0.598837209302326
chrX	17250001	17260000	A.2.2.2.2.1.1	0.625	0.598837209302326
chrX	17260001	17270000	A.2.2.2.2.1.1	0.625	0.598837209302326
chrX	17270001	17280000	A.2.2.2.2.1.1	0.625	0.598837209302326
chrX	17280001	17290000	A.2.2.2.2.1.1	0.625	0.598837209302326
chrX	17290001	17300000	A.2.2.2.2.1.1	0.625	0.598837209302326
chrX	17300001	17310000	A.2.2.2.2.1.1	0.625	0.598837209302326
chrX	17310001	17320000	A.2.2.2.2.1.1	0.625	0.598837209302326
chrX	17320001	17330000	A.2.2.2.2.1.1	0.625	0.598837209302326
chrX	17330001	17340000	A.2.2.2.2.1.1	0.625	0.598837209302326
chrX	17340001	17350000	A.2.2.2.2.1.1	0.625	0.598837209302326
chrX	17350001	17360000	A.2.2.2.2.1.1	0.625	0.598837209302326
chrX	17360001	17370000	A.2.2.2.2.1.1	0.625	0.598837209302326
chrX	17370001	17380000	A.2.2.2.2.1.1	0.625	0.598837209302326
chrX	17380001	17390000	A.2.2.2.2.1.1	0.625	0.598837209302326
chrX	17390001	17400000	A.2.2.2.2.1.1	0.625	0.598837209302326
chrX	17400001	17410000	A.2.2.2.1.2.2.1	0.625	0.61046511627907
chrX	17410001	17420000	A.2.2.2.1.2.2.1	0.625	0.61046511627907
chrX	17420001	17430000	A.2.2.2.1.2.2.1	0.625	0.61046511627907
chrX	17430001	17440000	A.2.2.2.1.2.2.1	0.625	0.61046511627907
chrX	17440001	17450000	A.2.2.2.1.2.2.1	0.625	0.61046511627907
chrX	17450001	17460000	A.2.2.2.1.2.2.1	0.625	0.61046511627907
chrX	17460001	17470000	A.2.2.2.1.2.2.1	0.625	0.61046511627907
chrX	17470001	17480000	A.2.2.2.1.2.2.1	0.625	0.61046511627907
chrX	17480001	17490000	A.2.2.2.1.2.2.1	0.625	0.61046511627907
chrX	17490001	17500000	A.2.2.2.1.2.2.1	0.625	0.61046511627907
chrX	17500001	17510000	A.2.2.2.1.2.2.1	0.625	0.61046511627907
chrX	17510001	17520000	A.2.2.2.1.2.2.1	0.625	0.61046511627907
chrX	17520001	17530000	A.2.2.2.1.2.2.1	0.625	0.61046511627907
chrX	17530001	17540000	A.2.2.2.1.2.2.1	0.625	0.61046511627907
chrX	17540001	17550000	A.2.2.2.1.2.2.1	0.625	0.61046511627907
chrX	17550001	17560000	A.2.2.2.1.2.2.1	0.625	0.61046511627907
chrX	17560001	17570000	A.2.2.2.1.2.2.1	0.625	0.61046511627907
chrX	17570001	17580000	A.2.2.2.1.2.2.1	0.625	0.61046511627907
chrX	17580001	17590000	A.2.2.2.1.2.2.1	0.625	0.61046511627907
chrX	17590001	17600000	A.2.2.2.1.2.2.1	0.625	0.61046511627907
chrX	17600001	17610000	A.1.2.1.2.1.2.2	0.875	0.88953488372093
chrX	17610001	17620000	A.1.2.1.2.1.2.2	0.875	0.88953488372093
chrX	17620001	17630000	A.1.2.1.2.1.2.2	0.875	0.88953488372093
chrX	17630001	17640000	A.1.2.1.2.1.2.2	0.875	0.88953488372093
chrX	17640001	17650000	A.1.2.1.2.1.2.2	0.875	0.88953488372093
chrX	17650001	17660000	A.1.2.1.2.1.2.2	0.875	0.88953488372093
chrX	17660001	17670000	A.1.2.1.2.1.2.2	0.875	0.88953488372093
chrX	17670001	17680000	A.1.2.1.2.1.2.2	0.875	0.88953488372093
chrX	17680001	17690000	A.1.2.1.2.1.2.2	0.875	0.88953488372093
chrX	17690001	17700000	A.1.2.1.2.1.2.2	0.875	0.88953488372093
chrX	17700001	17710000	A.1.2.1.2.1.2.2	0.875	0.88953488372093
chrX	17710001	17720000	A.1.2.1.2.1.2.2	0.875	0.88953488372093
chrX	17720001	17730000	A.1.2.1.2.1.2.2	0.875	0.88953488372093
chrX	17730001	17740000	A.1.2.1.2.1.2.2	0.875	0.88953488372093
chrX	17740001	17750000	A.1.2.1.2.1.2.2	0.875	0.88953488372093
chrX	17750001	17760000	A.1.2.1.2.1.2.2	0.875	0.88953488372093
chrX	17760001	17770000	A.1.2.1.2.1.2.2	0.875	0.88953488372093
chrX	17770001	17780000	A.1.2.1.2.1.2.2	0.875	0.88953488372093
chrX	17780001	17790000	A.1.2.1.2.1.2.2	0.875	0.88953488372093
chrX	17790001	17800000	A.1.2.1.2.1.2.2	0.875	0.88953488372093
chrX	17800001	17810000	A.1.2.1.2.1.2.2	0.875	0.88953488372093
chrX	17810001	17820000	A.1.2.1.2.1.2.2	0.875	0.88953488372093
chrX	17820001	17830000	A.1.2.1.2.1.2.2	0.875	0.88953488372093
chrX	17830001	17840000	A.1.2.1.2.1.2.2	0.875	0.88953488372093
chrX	17840001	17850000	A.1.2.1.2.1.2.2	0.875	0.88953488372093
chrX	17850001	17860000	A.1.2.1.2.1.2.2	0.875	0.88953488372093
chrX	17860001	17870000	A.1.2.1.2.1.2.2	0.875	0.88953488372093
chrX	17870001	17880000	A.1.2.1.2.1.2.2	0.875	0.88953488372093
chrX	17880001	17890000	A.1.2.1.2.1.2.2	0.875	0.88953488372093
chrX	17890001	17900000	A.1.2.1.2.1.2.2	0.875	0.88953488372093
chrX	17900001	17910000	A.1.2.1.2.1.2.2	0.875	0.88953488372093
chrX	17910001	17920000	A.1.2.1.2.1.2.2	0.875	0.88953488372093
chrX	17920001	17930000	A.1.2.1.2.1.2.2	0.875	0.88953488372093
chrX	17930001	17940000	A.1.2.1.2.1.2.2	0.875	0.88953488372093
chrX	17940001	17950000	A.1.2.1.2.1.2.2	0.875	0.88953488372093
chrX	17950001	17960000	A.1.2.1.2.1.2.2	0.875	0.88953488372093
chrX	17960001	17970000	A.1.2.1.2.1.2.2	0.875	0.88953488372093
chrX	17970001	17980000	A.1.2.1.2.1.2.2	0.875	0.88953488372093
chrX	17980001	17990000	A.1.2.1.2.1.2.2	0.875	0.88953488372093
chrX	17990001	1.8e+07	A.1.2.1.2.1.2.2	0.875	0.88953488372093
chrX	18000001	18010000	A.1.2.1.2.1.2.2	0.875	0.88953488372093
chrX	18010001	18020000	A.1.2.1.2.1.2.2	0.875	0.88953488372093
chrX	18020001	18030000	A.1.2.1.2.1.2.2	0.875	0.88953488372093
chrX	18030001	18040000	A.1.2.1.2.1.2.2	0.875	0.88953488372093
chrX	18040001	18050000	A.1.2.1.2.1.2.2	0.875	0.88953488372093
chrX	18050001	18060000	A.1.2.1.2.1.2.2	0.875	0.88953488372093
chrX	18060001	18070000	A.1.2.1.2.1.2.2	0.875	0.88953488372093
chrX	18070001	18080000	A.1.2.1.2.1.2.2	0.875	0.88953488372093
chrX	18080001	18090000	A.1.2.1.2.1.2.2	0.875	0.88953488372093
chrX	18090001	18100000	A.1.2.1.2.1.2.2	0.875	0.88953488372093
chrX	18100001	18110000	A.1.2.2.2.1.1.2	0.875	0.819767441860465
chrX	18110001	18120000	A.1.2.2.2.1.1.2	0.875	0.819767441860465
chrX	18120001	18130000	A.1.2.2.2.1.1.2	0.875	0.819767441860465
chrX	18130001	18140000	A.1.2.2.2.1.1.2	0.875	0.819767441860465
chrX	18140001	18150000	A.1.2.2.2.1.1.2	0.875	0.819767441860465
chrX	18150001	18160000	A.1.2.2.2.1.1.2	0.875	0.819767441860465
chrX	18160001	18170000	A.1.2.2.2.1.1.2	0.875	0.819767441860465
chrX	18170001	18180000	A.1.2.2.2.1.1.2	0.875	0.819767441860465
chrX	18180001	18190000	A.1.2.2.2.1.1.2	0.875	0.819767441860465
chrX	18190001	18200000	A.1.2.2.2.1.1.2	0.875	0.819767441860465
chrX	18200001	18210000	A.1.2.2.2.1.1.2	0.875	0.819767441860465
chrX	18210001	18220000	A.1.2.2.2.1.1.2	0.875	0.819767441860465
chrX	18220001	18230000	A.1.2.2.2.1.1.2	0.875	0.819767441860465
chrX	18230001	18240000	A.1.2.2.2.1.1.2	0.875	0.819767441860465
chrX	18240001	18250000	A.1.2.2.2.1.1.2	0.875	0.819767441860465
chrX	18250001	18260000	A.1.2.2.2.1.1.2	0.875	0.819767441860465
chrX	18260001	18270000	A.1.2.2.2.1.1.2	0.875	0.819767441860465
chrX	18270001	18280000	A.1.2.2.2.1.1.2	0.875	0.819767441860465
chrX	18280001	18290000	A.1.2.2.2.1.1.2	0.875	0.819767441860465
chrX	18290001	18300000	A.1.2.2.2.1.1.2	0.875	0.819767441860465
chrX	18300001	18310000	A.1.2.2.2.1.1.2	0.875	0.819767441860465
chrX	18310001	18320000	A.1.2.2.2.1.1.2	0.875	0.819767441860465
chrX	18320001	18330000	A.1.2.2.2.1.1.2	0.875	0.819767441860465
chrX	18330001	18340000	A.1.2.2.2.1.1.2	0.875	0.819767441860465
chrX	18340001	18350000	A.1.2.2.2.1.1.2	0.875	0.819767441860465
chrX	18350001	18360000	A.1.2.2.2.1.1.2	0.875	0.819767441860465
chrX	18360001	18370000	A.1.2.2.2.1.1.2	0.875	0.819767441860465
chrX	18370001	18380000	A.1.2.2.2.1.1.2	0.875	0.819767441860465
chrX	18380001	18390000	A.1.2.2.2.1.1.2	0.875	0.819767441860465
chrX	18390001	18400000	A.1.2.2.2.1.1.2	0.875	0.819767441860465
chrX	18400001	18410000	A.1.2.2.2.1.1.2	0.875	0.819767441860465
chrX	18410001	18420000	A.1.2.2.2.1.1.2	0.875	0.819767441860465
chrX	18420001	18430000	A.1.2.2.2.1.1.2	0.875	0.819767441860465
chrX	18430001	18440000	A.1.2.2.2.1.1.2	0.875	0.819767441860465
chrX	18440001	18450000	A.1.2.2.2.1.1.2	0.875	0.819767441860465
chrX	18450001	18460000	A.2.1.1.1.2.2.1.2	0.75	0.773255813953488
chrX	18460001	18470000	A.2.1.1.1.2.2.1.2	0.75	0.773255813953488
chrX	18470001	18480000	A.2.1.1.1.2.2.1.2	0.75	0.773255813953488
chrX	18480001	18490000	A.2.1.1.1.2.2.1.2	0.75	0.773255813953488
chrX	18490001	18500000	A.2.1.1.1.2.2.1.2	0.75	0.773255813953488
chrX	18500001	18510000	A.2.1.1.1.2.2.1.2	0.75	0.773255813953488
chrX	18510001	18520000	A.2.1.1.1.2.2.1.2	0.75	0.773255813953488
chrX	18520001	18530000	A.2.1.1.1.2.2.1.2	0.75	0.773255813953488
chrX	18530001	18540000	A.2.1.1.1.2.2.1.2	0.75	0.773255813953488
chrX	18540001	18550000	A.2.1.1.1.2.2.1.2	0.75	0.773255813953488
chrX	18550001	18560000	A.2.1.1.1.2.2.1.2	0.75	0.773255813953488
chrX	18560001	18570000	A.2.1.1.1.2.2.1.2	0.75	0.773255813953488
chrX	18570001	18580000	A.2.1.1.1.2.2.1.2	0.75	0.773255813953488
chrX	18580001	18590000	A.2.1.1.1.2.2.1.2	0.75	0.773255813953488
chrX	18590001	18600000	A.2.1.1.1.2.2.1.2	0.75	0.773255813953488
chrX	18600001	18610000	A.2.1.1.1.2.2.1.2	0.75	0.773255813953488
chrX	18610001	18620000	A.2.1.1.1.2.2.1.2	0.75	0.773255813953488
chrX	18620001	18630000	A.2.1.1.1.2.2.1.2	0.75	0.773255813953488
chrX	18630001	18640000	A.2.1.1.1.2.2.1.2	0.75	0.773255813953488
chrX	18640001	18650000	A.2.1.1.1.2.2.1.2	0.75	0.773255813953488
chrX	18650001	18660000	A.2.1.1.1.1	0.75	0.790697674418605
chrX	18660001	18670000	A.2.1.1.1.1	0.75	0.790697674418605
chrX	18670001	18680000	A.2.1.1.1.1	0.75	0.790697674418605
chrX	18680001	18690000	A.2.1.1.1.1	0.75	0.790697674418605
chrX	18690001	18700000	A.2.1.1.1.1	0.75	0.790697674418605
chrX	18700001	18710000	A.2.1.1.1.1	0.75	0.790697674418605
chrX	18710001	18720000	A.2.1.1.1.1	0.75	0.790697674418605
chrX	18720001	18730000	A.2.1.1.1.1	0.75	0.790697674418605
chrX	18730001	18740000	A.2.1.1.1.1	0.75	0.790697674418605
chrX	18740001	18750000	A.2.1.1.1.1	0.75	0.790697674418605
chrX	18750001	18760000	A.2.1.1.1.1	0.75	0.790697674418605
chrX	18760001	18770000	A.2.1.1.1.1	0.75	0.790697674418605
chrX	18770001	18780000	A.2.1.1.1.1	0.75	0.790697674418605
chrX	18780001	18790000	A.2.1.1.1.1	0.75	0.790697674418605
chrX	18790001	18800000	A.2.1.1.1.1	0.75	0.790697674418605
chrX	18800001	18810000	A.2.1.1.1.1	0.75	0.790697674418605
chrX	18810001	18820000	A.2.1.1.1.1	0.75	0.790697674418605
chrX	18820001	18830000	A.2.1.1.1.1	0.75	0.790697674418605
chrX	18830001	18840000	A.2.1.1.1.1	0.75	0.790697674418605
chrX	18840001	18850000	A.2.1.1.1.1	0.75	0.790697674418605
chrX	18850001	18860000	A.2.1.1.1.2.2.1.1	0.75	0.779069767441861
chrX	18860001	18870000	A.2.1.1.1.2.2.1.1	0.75	0.779069767441861
chrX	18870001	18880000	A.2.1.1.1.2.2.1.1	0.75	0.779069767441861
chrX	18880001	18890000	A.2.1.1.1.2.2.1.1	0.75	0.779069767441861
chrX	18890001	18900000	A.2.1.1.1.2.2.1.1	0.75	0.779069767441861
chrX	18900001	18910000	A.2.1.1.1.2.2.1.1	0.75	0.779069767441861
chrX	18910001	18920000	A.2.1.1.1.2.2.1.1	0.75	0.779069767441861
chrX	18920001	18930000	A.2.1.1.1.2.2.1.1	0.75	0.779069767441861
chrX	18930001	18940000	A.2.1.1.1.2.2.1.1	0.75	0.779069767441861
chrX	18940001	18950000	A.2.1.1.1.2.2.1.1	0.75	0.779069767441861
chrX	18950001	18960000	A.2.1.1.1.2.2.1.1	0.75	0.779069767441861
chrX	18960001	18970000	A.2.1.1.1.2.2.1.1	0.75	0.779069767441861
chrX	18970001	18980000	A.2.1.1.1.2.2.1.1	0.75	0.779069767441861
chrX	18980001	18990000	A.2.1.1.1.2.2.1.1	0.75	0.779069767441861
chrX	18990001	1.9e+07	A.2.1.1.1.2.2.1.1	0.75	0.779069767441861
chrX	19000001	19010000	A.2.1.1.1.2.2.1.1	0.75	0.779069767441861
chrX	19010001	19020000	A.2.1.1.1.2.2.1.1	0.75	0.779069767441861
chrX	19020001	19030000	A.2.1.1.1.2.2.1.1	0.75	0.779069767441861
chrX	19030001	19040000	A.2.1.1.1.2.2.1.1	0.75	0.779069767441861
chrX	19040001	19050000	A.2.1.1.1.2.2.1.1	0.75	0.779069767441861
chrX	19050001	19060000	A.2.1.1.1.2.2.1.1	0.75	0.779069767441861
chrX	19060001	19070000	A.2.1.1.1.2.2.1.1	0.75	0.779069767441861
chrX	19070001	19080000	A.2.1.1.1.2.2.1.1	0.75	0.779069767441861
chrX	19080001	19090000	A.2.1.1.1.2.2.1.1	0.75	0.779069767441861
chrX	19090001	19100000	A.2.1.1.1.2.2.1.1	0.75	0.779069767441861
chrX	19100001	19110000	A.2.1.1.1.2.2.1.1	0.75	0.779069767441861
chrX	19110001	19120000	A.2.1.1.1.2.2.1.1	0.75	0.779069767441861
chrX	19120001	19130000	A.2.1.1.1.2.2.1.1	0.75	0.779069767441861
chrX	19130001	19140000	A.2.1.1.1.2.2.1.1	0.75	0.779069767441861
chrX	19140001	19150000	A.2.1.1.1.2.2.1.1	0.75	0.779069767441861
chrX	19150001	19160000	A.2.1.1.1.2.2.1.1	0.75	0.779069767441861
chrX	19160001	19170000	A.2.1.1.1.2.2.1.1	0.75	0.779069767441861
chrX	19170001	19180000	A.2.1.1.1.2.2.1.1	0.75	0.779069767441861
chrX	19180001	19190000	A.2.1.1.1.2.2.1.1	0.75	0.779069767441861
chrX	19190001	19200000	A.2.1.1.1.2.2.1.1	0.75	0.779069767441861
chrX	19200001	19210000	A.2.1.1.1.2.2.1.1	0.75	0.779069767441861
chrX	19210001	19220000	A.2.1.1.1.2.2.1.1	0.75	0.779069767441861
chrX	19220001	19230000	A.2.1.1.1.2.2.1.1	0.75	0.779069767441861
chrX	19230001	19240000	A.2.1.1.1.2.2.1.1	0.75	0.779069767441861
chrX	19240001	19250000	A.2.1.1.1.2.2.1.1	0.75	0.779069767441861
chrX	19250001	19260000	A.2.1.1.1.2.2.1.1	0.75	0.779069767441861
chrX	19260001	19270000	A.2.1.1.1.2.2.1.1	0.75	0.779069767441861
chrX	19270001	19280000	A.2.1.1.1.2.2.1.1	0.75	0.779069767441861
chrX	19280001	19290000	A.2.1.1.1.2.2.1.1	0.75	0.779069767441861
chrX	19290001	19300000	A.2.1.1.1.2.2.1.1	0.75	0.779069767441861
chrX	19300001	19310000	A.2.1.1.1.2.2.1.1	0.75	0.779069767441861
chrX	19310001	19320000	A.2.1.1.1.2.2.1.1	0.75	0.779069767441861
chrX	19320001	19330000	A.2.1.1.1.2.2.1.1	0.75	0.779069767441861
chrX	19330001	19340000	A.2.1.1.1.2.2.1.1	0.75	0.779069767441861
chrX	19340001	19350000	A.2.1.1.1.2.2.1.1	0.75	0.779069767441861
chrX	19350001	19360000	A.2.1.1.1.2.2.1.1	0.75	0.779069767441861
chrX	19360001	19370000	A.2.1.1.1.2.2.1.1	0.75	0.779069767441861
chrX	19370001	19380000	A.2.1.1.1.2.2.1.1	0.75	0.779069767441861
chrX	19380001	19390000	A.2.1.1.1.2.2.1.1	0.75	0.779069767441861
chrX	19390001	19400000	A.2.1.1.1.2.2.1.1	0.75	0.779069767441861
chrX	19400001	19410000	A.2.2.2.1.2.2.2	0.625	0.604651162790698
chrX	19410001	19420000	A.2.2.2.1.2.2.2	0.625	0.604651162790698
chrX	19420001	19430000	A.2.2.2.1.2.2.2	0.625	0.604651162790698
chrX	19430001	19440000	A.2.2.2.1.2.2.2	0.625	0.604651162790698
chrX	19440001	19450000	A.2.2.2.1.2.2.2	0.625	0.604651162790698
chrX	19450001	19460000	A.2.2.2.1.2.2.2	0.625	0.604651162790698
chrX	19460001	19470000	A.2.2.2.1.2.2.2	0.625	0.604651162790698
chrX	19470001	19480000	A.2.2.2.1.2.2.2	0.625	0.604651162790698
chrX	19480001	19490000	A.2.2.2.1.2.2.2	0.625	0.604651162790698
chrX	19490001	19500000	A.2.2.2.1.2.2.2	0.625	0.604651162790698
chrX	19500001	19510000	A.2.2.2.1.2.2.2	0.625	0.604651162790698
chrX	19510001	19520000	A.2.2.2.1.2.2.2	0.625	0.604651162790698
chrX	19520001	19530000	A.2.2.2.1.2.2.2	0.625	0.604651162790698
chrX	19530001	19540000	A.2.2.2.1.2.2.2	0.625	0.604651162790698
chrX	19540001	19550000	A.2.2.2.1.2.2.2	0.625	0.604651162790698
chrX	19550001	19560000	A.1.2.2.2.1.1.1.1	0.875	0.831395348837209
chrX	19560001	19570000	A.1.2.2.2.1.1.1.1	0.875	0.831395348837209
chrX	19570001	19580000	A.1.2.2.2.1.1.1.1	0.875	0.831395348837209
chrX	19580001	19590000	A.1.2.2.2.1.1.1.1	0.875	0.831395348837209
chrX	19590001	19600000	A.1.2.2.2.1.1.1.1	0.875	0.831395348837209
chrX	19600001	19610000	A.1.2.2.2.1.1.1.1	0.875	0.831395348837209
chrX	19610001	19620000	A.1.2.2.2.1.1.1.1	0.875	0.831395348837209
chrX	19620001	19630000	A.1.2.2.2.1.1.1.1	0.875	0.831395348837209
chrX	19630001	19640000	A.1.2.2.2.1.1.1.1	0.875	0.831395348837209
chrX	19640001	19650000	A.1.2.2.2.1.1.1.1	0.875	0.831395348837209
chrX	19650001	19660000	A.1.2.2.2.1.1.1.1	0.875	0.831395348837209
chrX	19660001	19670000	A.1.2.2.2.1.1.1.1	0.875	0.831395348837209
chrX	19670001	19680000	A.1.2.2.2.1.1.1.1	0.875	0.831395348837209
chrX	19680001	19690000	A.1.2.2.2.1.1.1.1	0.875	0.831395348837209
chrX	19690001	19700000	A.1.2.2.2.1.1.1.1	0.875	0.831395348837209
chrX	19700001	19710000	A.1.2.2.2.1.1.1.1	0.875	0.831395348837209
chrX	19710001	19720000	A.1.2.2.2.1.1.1.1	0.875	0.831395348837209
chrX	19720001	19730000	A.1.2.2.2.1.1.1.1	0.875	0.831395348837209
chrX	19730001	19740000	A.1.2.2.2.1.1.1.1	0.875	0.831395348837209
chrX	19740001	19750000	A.1.2.2.2.1.1.1.1	0.875	0.831395348837209
chrX	19750001	19760000	A.1.2.2.2.1.2.1	0.875	0.813953488372093
chrX	19760001	19770000	A.1.2.2.2.1.2.1	0.875	0.813953488372093
chrX	19770001	19780000	A.1.2.2.2.1.2.1	0.875	0.813953488372093
chrX	19780001	19790000	A.1.2.2.2.1.2.1	0.875	0.813953488372093
chrX	19790001	19800000	A.1.2.2.2.1.2.1	0.875	0.813953488372093
chrX	19800001	19810000	A.1.2.2.2.1.2.1	0.875	0.813953488372093
chrX	19810001	19820000	A.1.2.2.2.1.2.1	0.875	0.813953488372093
chrX	19820001	19830000	A.1.2.2.2.1.2.1	0.875	0.813953488372093
chrX	19830001	19840000	A.1.2.2.2.1.2.1	0.875	0.813953488372093
chrX	19840001	19850000	A.1.2.2.2.1.2.1	0.875	0.813953488372093
chrX	19850001	19860000	A.1.1.1.2.2	1	0.982558139534884
chrX	19860001	19870000	A.1.1.1.2.2	1	0.982558139534884
chrX	19870001	19880000	A.1.1.1.2.2	1	0.982558139534884
chrX	19880001	19890000	A.1.1.1.2.2	1	0.982558139534884
chrX	19890001	19900000	A.1.1.1.2.2	1	0.982558139534884
chrX	19900001	19910000	A.1.1.1.2.2	1	0.982558139534884
chrX	19910001	19920000	A.1.1.1.2.2	1	0.982558139534884
chrX	19920001	19930000	A.1.1.1.2.2	1	0.982558139534884
chrX	19930001	19940000	A.1.1.1.2.2	1	0.982558139534884
chrX	19940001	19950000	A.1.1.1.2.2	1	0.982558139534884
chrX	19950001	19960000	A.1.1.1.2.2	1	0.982558139534884
chrX	19960001	19970000	A.1.1.1.2.2	1	0.982558139534884
chrX	19970001	19980000	A.1.1.1.2.2	1	0.982558139534884
chrX	19980001	19990000	A.1.1.1.2.2	1	0.982558139534884
chrX	19990001	2e+07	A.1.1.1.2.2	1	0.982558139534884
chrX	20000001	20010000	A.1.1.1.2.2	1	0.982558139534884
chrX	20010001	20020000	A.1.1.1.2.2	1	0.982558139534884
chrX	20020001	20030000	A.1.1.1.2.2	1	0.982558139534884
chrX	20030001	20040000	A.1.1.1.2.2	1	0.982558139534884
chrX	20040001	20050000	A.1.1.1.2.2	1	0.982558139534884
chrX	20050001	20060000	A.1.1.1.2.2	1	0.982558139534884
chrX	20060001	20070000	A.1.1.1.2.2	1	0.982558139534884
chrX	20070001	20080000	A.1.1.1.2.2	1	0.982558139534884
chrX	20080001	20090000	A.1.1.1.2.2	1	0.982558139534884
chrX	20090001	20100000	A.1.1.1.2.2	1	0.982558139534884
chrX	20100001	20110000	A.1.1.1.2.2	1	0.982558139534884
chrX	20110001	20120000	A.1.1.1.2.2	1	0.982558139534884
chrX	20120001	20130000	A.1.1.1.2.2	1	0.982558139534884
chrX	20130001	20140000	A.1.1.1.2.2	1	0.982558139534884
chrX	20140001	20150000	A.1.1.1.2.2	1	0.982558139534884
chrX	20150001	20160000	A.1.1.1.2.2	1	0.982558139534884
chrX	20160001	20170000	A.1.1.1.2.2	1	0.982558139534884
chrX	20170001	20180000	A.1.1.1.2.2	1	0.982558139534884
chrX	20180001	20190000	A.1.1.1.2.2	1	0.982558139534884
chrX	20190001	20200000	A.1.1.1.2.2	1	0.982558139534884
chrX	20200001	20210000	A.1.1.1.2.2	1	0.982558139534884
chrX	20210001	20220000	A.1.1.1.2.2	1	0.982558139534884
chrX	20220001	20230000	A.1.1.1.2.2	1	0.982558139534884
chrX	20230001	20240000	A.1.1.1.2.2	1	0.982558139534884
chrX	20240001	20250000	A.1.1.1.2.2	1	0.982558139534884
chrX	20250001	20260000	A.1.1.1.2.2	1	0.982558139534884
chrX	20260001	20270000	A.1.1.1.2.2	1	0.982558139534884
chrX	20270001	20280000	A.1.1.1.2.2	1	0.982558139534884
chrX	20280001	20290000	A.1.1.1.2.2	1	0.982558139534884
chrX	20290001	20300000	A.1.1.1.2.2	1	0.982558139534884
chrX	20300001	20310000	A.1.1.1.2.2	1	0.982558139534884
chrX	20310001	20320000	A.1.1.1.2.2	1	0.982558139534884
chrX	20320001	20330000	A.1.1.1.2.2	1	0.982558139534884
chrX	20330001	20340000	A.1.1.1.2.2	1	0.982558139534884
chrX	20340001	20350000	A.1.1.1.2.2	1	0.982558139534884
chrX	20350001	20360000	A.1.1.1.2.2	1	0.982558139534884
chrX	20360001	20370000	A.1.1.1.2.2	1	0.982558139534884
chrX	20370001	20380000	A.1.1.1.2.2	1	0.982558139534884
chrX	20380001	20390000	A.1.1.1.2.2	1	0.982558139534884
chrX	20390001	20400000	A.1.1.1.2.2	1	0.982558139534884
chrX	20400001	20410000	A.1.1.1.2.2	1	0.982558139534884
chrX	20410001	20420000	A.1.1.1.2.2	1	0.982558139534884
chrX	20420001	20430000	A.1.1.1.2.2	1	0.982558139534884
chrX	20430001	20440000	A.1.1.1.2.2	1	0.982558139534884
chrX	20440001	20450000	A.1.1.1.2.2	1	0.982558139534884
chrX	20450001	20460000	A.1.1.1.2.2	1	0.982558139534884
chrX	20460001	20470000	A.1.1.1.2.2	1	0.982558139534884
chrX	20470001	20480000	A.1.1.1.2.2	1	0.982558139534884
chrX	20480001	20490000	A.1.1.1.2.2	1	0.982558139534884
chrX	20490001	20500000	A.1.1.1.2.2	1	0.982558139534884
chrX	20500001	20510000	A.1.1.1.2.2	1	0.982558139534884
chrX	20510001	20520000	A.1.1.1.2.2	1	0.982558139534884
chrX	20520001	20530000	A.1.1.1.2.2	1	0.982558139534884
chrX	20530001	20540000	A.1.1.1.2.2	1	0.982558139534884
chrX	20540001	20550000	A.1.1.1.2.2	1	0.982558139534884
chrX	20550001	20560000	B.1.2.1.2.1.1.2	0.375	0.319767441860465
chrX	20560001	20570000	B.1.2.1.2.1.1.2	0.375	0.319767441860465
chrX	20570001	20580000	B.1.2.1.2.1.1.2	0.375	0.319767441860465
chrX	20580001	20590000	B.1.2.1.2.1.1.2	0.375	0.319767441860465
chrX	20590001	20600000	B.1.2.1.2.1.1.2	0.375	0.319767441860465
chrX	20600001	20610000	B.1.2.1.2.1.1.2	0.375	0.319767441860465
chrX	20610001	20620000	B.1.2.1.2.1.1.2	0.375	0.319767441860465
chrX	20620001	20630000	B.1.2.1.2.1.1.2	0.375	0.319767441860465
chrX	20630001	20640000	B.1.2.1.2.1.1.2	0.375	0.319767441860465
chrX	20640001	20650000	B.1.2.1.2.1.1.2	0.375	0.319767441860465
chrX	20650001	20660000	B.1.2.1.2.1.1.2	0.375	0.319767441860465
chrX	20660001	20670000	B.1.2.1.2.1.1.2	0.375	0.319767441860465
chrX	20670001	20680000	B.1.2.1.2.1.1.2	0.375	0.319767441860465
chrX	20680001	20690000	B.1.2.1.2.1.1.2	0.375	0.319767441860465
chrX	20690001	20700000	B.1.2.1.2.1.1.2	0.375	0.319767441860465
chrX	20700001	20710000	B.2.1.1.1.2.2.1	0.25	0.197674418604651
chrX	20710001	20720000	B.2.1.1.1.2.2.1	0.25	0.197674418604651
chrX	20720001	20730000	B.2.1.1.1.2.2.1	0.25	0.197674418604651
chrX	20730001	20740000	B.2.1.1.1.2.2.1	0.25	0.197674418604651
chrX	20740001	20750000	B.2.1.1.1.2.2.1	0.25	0.197674418604651
chrX	20750001	20760000	B.2.1.1.1.2.2.1	0.25	0.197674418604651
chrX	20760001	20770000	B.2.1.1.1.2.2.1	0.25	0.197674418604651
chrX	20770001	20780000	B.2.1.1.1.2.2.1	0.25	0.197674418604651
chrX	20780001	20790000	B.2.1.1.1.2.2.1	0.25	0.197674418604651
chrX	20790001	20800000	B.2.1.1.1.2.2.1	0.25	0.197674418604651
chrX	20800001	20810000	B.2.1.1.1.2.2.1	0.25	0.197674418604651
chrX	20810001	20820000	B.2.1.1.1.2.2.1	0.25	0.197674418604651
chrX	20820001	20830000	B.2.1.1.1.2.2.1	0.25	0.197674418604651
chrX	20830001	20840000	B.2.1.1.1.2.2.1	0.25	0.197674418604651
chrX	20840001	20850000	B.2.1.1.1.2.2.1	0.25	0.197674418604651
chrX	20850001	20860000	B.2.1.1.1.2.2.1	0.25	0.197674418604651
chrX	20860001	20870000	B.2.1.1.1.2.2.1	0.25	0.197674418604651
chrX	20870001	20880000	B.2.1.1.1.2.2.1	0.25	0.197674418604651
chrX	20880001	20890000	B.2.1.1.1.2.2.1	0.25	0.197674418604651
chrX	20890001	20900000	B.2.1.1.1.2.2.1	0.25	0.197674418604651
chrX	20900001	20910000	B.2.1.2.2.1.2	0.25	0.0988372093023256
chrX	20910001	20920000	B.2.1.2.2.1.2	0.25	0.0988372093023256
chrX	20920001	20930000	B.2.1.2.2.1.2	0.25	0.0988372093023256
chrX	20930001	20940000	B.2.1.2.2.1.2	0.25	0.0988372093023256
chrX	20940001	20950000	B.2.1.2.2.1.2	0.25	0.0988372093023256
chrX	20950001	20960000	B.2.1.2.2.1.2	0.25	0.0988372093023256
chrX	20960001	20970000	B.2.1.2.2.1.2	0.25	0.0988372093023256
chrX	20970001	20980000	B.2.1.2.2.1.2	0.25	0.0988372093023256
chrX	20980001	20990000	B.2.1.2.2.1.2	0.25	0.0988372093023256
chrX	20990001	2.1e+07	B.2.1.2.2.1.2	0.25	0.0988372093023256
chrX	21000001	21010000	B.2.1.2.2.1.2	0.25	0.0988372093023256
chrX	21010001	21020000	B.2.1.2.2.1.2	0.25	0.0988372093023256
chrX	21020001	21030000	B.2.1.2.2.1.2	0.25	0.0988372093023256
chrX	21030001	21040000	B.2.1.2.2.1.2	0.25	0.0988372093023256
chrX	21040001	21050000	B.2.1.2.2.1.2	0.25	0.0988372093023256
chrX	21050001	21060000	B.2.1.2.2.1.2	0.25	0.0988372093023256
chrX	21060001	21070000	B.2.1.2.2.1.2	0.25	0.0988372093023256
chrX	21070001	21080000	B.2.1.2.2.1.2	0.25	0.0988372093023256
chrX	21080001	21090000	B.2.1.2.2.1.2	0.25	0.0988372093023256
chrX	21090001	21100000	B.2.1.2.2.1.2	0.25	0.0988372093023256
chrX	21100001	21110000	B.2.1.2.2.1.2	0.25	0.0988372093023256
chrX	21110001	21120000	B.2.1.2.2.1.2	0.25	0.0988372093023256
chrX	21120001	21130000	B.2.1.2.2.1.2	0.25	0.0988372093023256
chrX	21130001	21140000	B.2.1.2.2.1.2	0.25	0.0988372093023256
chrX	21140001	21150000	B.2.1.2.2.1.2	0.25	0.0988372093023256
chrX	21150001	21160000	B.2.1.2.2.1.2	0.25	0.0988372093023256
chrX	21160001	21170000	B.2.1.2.2.1.2	0.25	0.0988372093023256
chrX	21170001	21180000	B.2.1.2.2.1.2	0.25	0.0988372093023256
chrX	21180001	21190000	B.2.1.2.2.1.2	0.25	0.0988372093023256
chrX	21190001	21200000	B.2.1.2.2.1.2	0.25	0.0988372093023256
chrX	21200001	21210000	B.2.1.2.2.1.2	0.25	0.0988372093023256
chrX	21210001	21220000	B.2.1.2.2.1.2	0.25	0.0988372093023256
chrX	21220001	21230000	B.2.1.2.2.1.2	0.25	0.0988372093023256
chrX	21230001	21240000	B.2.1.2.2.1.2	0.25	0.0988372093023256
chrX	21240001	21250000	B.2.1.2.2.1.2	0.25	0.0988372093023256
chrX	21250001	21260000	B.2.1.2.2.1.2	0.25	0.0988372093023256
chrX	21260001	21270000	B.2.1.2.2.1.2	0.25	0.0988372093023256
chrX	21270001	21280000	B.2.1.2.2.1.2	0.25	0.0988372093023256
chrX	21280001	21290000	B.2.1.2.2.1.2	0.25	0.0988372093023256
chrX	21290001	21300000	B.2.1.2.2.1.2	0.25	0.0988372093023256
chrX	21300001	21310000	B.2.1.2.2.1.2	0.25	0.0988372093023256
chrX	21310001	21320000	B.2.1.2.2.1.2	0.25	0.0988372093023256
chrX	21320001	21330000	B.2.1.2.2.1.2	0.25	0.0988372093023256
chrX	21330001	21340000	B.2.1.2.2.1.2	0.25	0.0988372093023256
chrX	21340001	21350000	B.2.1.2.2.1.2	0.25	0.0988372093023256
chrX	21350001	21360000	B.2.1.2.2.1.2	0.25	0.0988372093023256
chrX	21360001	21370000	B.2.1.2.2.1.2	0.25	0.0988372093023256
chrX	21370001	21380000	B.2.1.2.2.1.2	0.25	0.0988372093023256
chrX	21380001	21390000	B.2.1.2.2.1.2	0.25	0.0988372093023256
chrX	21390001	21400000	B.2.1.2.2.1.2	0.25	0.0988372093023256
chrX	21400001	21410000	B.2.1.2.2.1.2	0.25	0.0988372093023256
chrX	21410001	21420000	B.2.1.2.2.1.2	0.25	0.0988372093023256
chrX	21420001	21430000	B.2.1.2.2.1.2	0.25	0.0988372093023256
chrX	21430001	21440000	B.2.1.2.2.1.2	0.25	0.0988372093023256
chrX	21440001	21450000	B.2.1.2.2.1.2	0.25	0.0988372093023256
chrX	21450001	21460000	B.1.2.1.2.1.2.1.2.2	0.375	0.302325581395349
chrX	21460001	21470000	B.1.2.1.2.1.2.1.2.2	0.375	0.302325581395349
chrX	21470001	21480000	B.1.2.1.2.1.2.1.2.2	0.375	0.302325581395349
chrX	21480001	21490000	B.1.2.1.2.1.2.1.2.2	0.375	0.302325581395349
chrX	21490001	21500000	B.1.2.1.2.1.2.1.2.2	0.375	0.302325581395349
chrX	21500001	21510000	B.1.2.1.2.1.2.1.2.2	0.375	0.302325581395349
chrX	21510001	21520000	B.1.2.1.2.1.2.1.2.2	0.375	0.302325581395349
chrX	21520001	21530000	B.1.2.1.2.1.2.1.2.2	0.375	0.302325581395349
chrX	21530001	21540000	B.1.2.1.2.1.2.1.2.2	0.375	0.302325581395349
chrX	21540001	21550000	B.1.2.1.2.1.2.1.2.2	0.375	0.302325581395349
chrX	21550001	21560000	B.1.2.1.2.1.2.1.2.2	0.375	0.302325581395349
chrX	21560001	21570000	B.1.2.1.2.1.2.1.2.2	0.375	0.302325581395349
chrX	21570001	21580000	B.1.2.1.2.1.2.1.2.2	0.375	0.302325581395349
chrX	21580001	21590000	B.1.2.1.2.1.2.1.2.2	0.375	0.302325581395349
chrX	21590001	21600000	B.1.2.1.2.1.2.1.2.2	0.375	0.302325581395349
chrX	21600001	21610000	B.1.2.1.2.1.2.1.2.2	0.375	0.302325581395349
chrX	21610001	21620000	B.1.2.1.2.1.2.1.2.2	0.375	0.302325581395349
chrX	21620001	21630000	B.1.2.1.2.1.2.1.2.2	0.375	0.302325581395349
chrX	21630001	21640000	B.1.2.1.2.1.2.1.2.2	0.375	0.302325581395349
chrX	21640001	21650000	B.1.2.1.2.1.2.1.2.2	0.375	0.302325581395349
chrX	21650001	21660000	B.1.2.1.2.1.2.1.2.2	0.375	0.302325581395349
chrX	21660001	21670000	B.1.2.1.2.1.2.1.2.2	0.375	0.302325581395349
chrX	21670001	21680000	B.1.2.1.2.1.2.1.2.2	0.375	0.302325581395349
chrX	21680001	21690000	B.1.2.1.2.1.2.1.2.2	0.375	0.302325581395349
chrX	21690001	21700000	B.1.2.1.2.1.2.1.2.2	0.375	0.302325581395349
chrX	21700001	21710000	B.1.2.1.2.1.2.1.2.2	0.375	0.302325581395349
chrX	21710001	21720000	B.1.2.1.2.1.2.1.2.2	0.375	0.302325581395349
chrX	21720001	21730000	B.1.2.1.2.1.2.1.2.2	0.375	0.302325581395349
chrX	21730001	21740000	B.1.2.1.2.1.2.1.2.2	0.375	0.302325581395349
chrX	21740001	21750000	B.1.2.1.2.1.2.1.2.2	0.375	0.302325581395349
chrX	21750001	21760000	B.1.2.1.2.1.2.1.2.2	0.375	0.302325581395349
chrX	21760001	21770000	B.1.2.1.2.1.2.1.2.2	0.375	0.302325581395349
chrX	21770001	21780000	B.1.2.1.2.1.2.1.2.2	0.375	0.302325581395349
chrX	21780001	21790000	B.1.2.1.2.1.2.1.2.2	0.375	0.302325581395349
chrX	21790001	21800000	B.1.2.1.2.1.2.1.2.2	0.375	0.302325581395349
chrX	21800001	21810000	B.1.2.1.2.1.2.1.2.2	0.375	0.302325581395349
chrX	21810001	21820000	B.1.2.1.2.1.2.1.2.2	0.375	0.302325581395349
chrX	21820001	21830000	B.1.2.1.2.1.2.1.2.2	0.375	0.302325581395349
chrX	21830001	21840000	B.1.2.1.2.1.2.1.2.2	0.375	0.302325581395349
chrX	21840001	21850000	B.1.2.1.2.1.2.1.2.2	0.375	0.302325581395349
chrX	21850001	21860000	A.2.1.1.1.2.2.2	0.75	0.767441860465116
chrX	21860001	21870000	A.2.1.1.1.2.2.2	0.75	0.767441860465116
chrX	21870001	21880000	A.2.1.1.1.2.2.2	0.75	0.767441860465116
chrX	21880001	21890000	A.2.1.1.1.2.2.2	0.75	0.767441860465116
chrX	21890001	21900000	A.2.1.1.1.2.2.2	0.75	0.767441860465116
chrX	21900001	21910000	A.2.1.1.1.2.2.2	0.75	0.767441860465116
chrX	21910001	21920000	A.2.1.1.1.2.2.2	0.75	0.767441860465116
chrX	21920001	21930000	A.2.1.1.1.2.2.2	0.75	0.767441860465116
chrX	21930001	21940000	A.2.1.1.1.2.2.2	0.75	0.767441860465116
chrX	21940001	21950000	A.2.1.1.1.2.2.2	0.75	0.767441860465116
chrX	21950001	21960000	A.2.1.1.1.2.2.2	0.75	0.767441860465116
chrX	21960001	21970000	A.2.1.1.1.2.2.2	0.75	0.767441860465116
chrX	21970001	21980000	A.2.1.1.1.2.2.2	0.75	0.767441860465116
chrX	21980001	21990000	A.2.1.1.1.2.2.2	0.75	0.767441860465116
chrX	21990001	2.2e+07	A.2.1.1.1.2.2.2	0.75	0.767441860465116
chrX	22000001	22010000	A.2.1.1.1.2.2.2	0.75	0.767441860465116
chrX	22010001	22020000	A.2.1.1.1.2.2.2	0.75	0.767441860465116
chrX	22020001	22030000	A.2.1.1.1.2.2.2	0.75	0.767441860465116
chrX	22030001	22040000	A.2.1.1.1.2.2.2	0.75	0.767441860465116
chrX	22040001	22050000	A.2.1.1.1.2.2.2	0.75	0.767441860465116
chrX	22050001	22060000	A.2.1.1.1.2.2.2	0.75	0.767441860465116
chrX	22060001	22070000	A.2.1.1.1.2.2.2	0.75	0.767441860465116
chrX	22070001	22080000	A.2.1.1.1.2.2.2	0.75	0.767441860465116
chrX	22080001	22090000	A.2.1.1.1.2.2.2	0.75	0.767441860465116
chrX	22090001	22100000	A.2.1.1.1.2.2.2	0.75	0.767441860465116
chrX	22100001	22110000	A.2.1.1.1.2.2.2	0.75	0.767441860465116
chrX	22110001	22120000	A.2.1.1.1.2.2.2	0.75	0.767441860465116
chrX	22120001	22130000	A.2.1.1.1.2.2.2	0.75	0.767441860465116
chrX	22130001	22140000	A.2.1.1.1.2.2.2	0.75	0.767441860465116
chrX	22140001	22150000	A.2.1.1.1.2.2.2	0.75	0.767441860465116
chrX	22150001	22160000	A.2.1.1.1.2.2.2	0.75	0.767441860465116
chrX	22160001	22170000	A.2.1.1.1.2.2.2	0.75	0.767441860465116
chrX	22170001	22180000	A.2.1.1.1.2.2.2	0.75	0.767441860465116
chrX	22180001	22190000	A.2.1.1.1.2.2.2	0.75	0.767441860465116
chrX	22190001	22200000	A.2.1.1.1.2.2.2	0.75	0.767441860465116
chrX	22200001	22210000	A.2.1.1.1.2.2.2	0.75	0.767441860465116
chrX	22210001	22220000	A.2.1.1.1.2.2.2	0.75	0.767441860465116
chrX	22220001	22230000	A.2.1.1.1.2.2.2	0.75	0.767441860465116
chrX	22230001	22240000	A.2.1.1.1.2.2.2	0.75	0.767441860465116
chrX	22240001	22250000	A.2.1.1.1.2.2.2	0.75	0.767441860465116
chrX	22250001	22260000	A.2.1.1.1.2.2.2	0.75	0.767441860465116
chrX	22260001	22270000	A.2.1.1.1.2.2.2	0.75	0.767441860465116
chrX	22270001	22280000	A.2.1.1.1.2.2.2	0.75	0.767441860465116
chrX	22280001	22290000	A.2.1.1.1.2.2.2	0.75	0.767441860465116
chrX	22290001	22300000	A.2.1.1.1.2.2.2	0.75	0.767441860465116
chrX	22300001	22310000	A.2.1.1.1.2.2.2	0.75	0.767441860465116
chrX	22310001	22320000	A.2.1.1.1.2.2.2	0.75	0.767441860465116
chrX	22320001	22330000	A.2.1.1.1.2.2.2	0.75	0.767441860465116
chrX	22330001	22340000	A.2.1.1.1.2.2.2	0.75	0.767441860465116
chrX	22340001	22350000	A.2.1.1.1.2.2.2	0.75	0.767441860465116
chrX	22350001	22360000	A.2.1.1.1.2.2.2	0.75	0.767441860465116
chrX	22360001	22370000	A.2.1.1.1.2.2.2	0.75	0.767441860465116
chrX	22370001	22380000	A.2.1.1.1.2.2.2	0.75	0.767441860465116
chrX	22380001	22390000	A.2.1.1.1.2.2.2	0.75	0.767441860465116
chrX	22390001	22400000	A.2.1.1.1.2.2.2	0.75	0.767441860465116
chrX	22400001	22410000	A.2.1.1.1.2.2.2	0.75	0.767441860465116
chrX	22410001	22420000	A.2.1.1.1.2.2.2	0.75	0.767441860465116
chrX	22420001	22430000	A.2.1.1.1.2.2.2	0.75	0.767441860465116
chrX	22430001	22440000	A.2.1.1.1.2.2.2	0.75	0.767441860465116
chrX	22440001	22450000	A.2.1.1.1.2.2.2	0.75	0.767441860465116
chrX	22450001	22460000	A.2.1.1.1.2.2.2	0.75	0.767441860465116
chrX	22460001	22470000	A.2.1.1.1.2.2.2	0.75	0.767441860465116
chrX	22470001	22480000	A.2.1.1.1.2.2.2	0.75	0.767441860465116
chrX	22480001	22490000	A.2.1.1.1.2.2.2	0.75	0.767441860465116
chrX	22490001	22500000	A.2.1.1.1.2.2.2	0.75	0.767441860465116
chrX	22500001	22510000	A.2.1.1.1.2.2.2	0.75	0.767441860465116
chrX	22510001	22520000	A.2.1.1.1.2.2.2	0.75	0.767441860465116
chrX	22520001	22530000	A.2.1.1.1.2.2.2	0.75	0.767441860465116
chrX	22530001	22540000	A.2.1.1.1.2.2.2	0.75	0.767441860465116
chrX	22540001	22550000	A.2.1.1.1.2.2.2	0.75	0.767441860465116
chrX	22550001	22560000	A.2.1.1.1.2.2.2	0.75	0.767441860465116
chrX	22560001	22570000	A.2.1.1.1.2.2.2	0.75	0.767441860465116
chrX	22570001	22580000	A.2.1.1.1.2.2.2	0.75	0.767441860465116
chrX	22580001	22590000	A.2.1.1.1.2.2.2	0.75	0.767441860465116
chrX	22590001	22600000	A.2.1.1.1.2.2.2	0.75	0.767441860465116
chrX	22600001	22610000	A.2.1.1.1.2.2.2	0.75	0.767441860465116
chrX	22610001	22620000	A.2.1.1.1.2.2.2	0.75	0.767441860465116
chrX	22620001	22630000	A.2.1.1.1.2.2.2	0.75	0.767441860465116
chrX	22630001	22640000	A.2.1.1.1.2.2.2	0.75	0.767441860465116
chrX	22640001	22650000	A.2.1.1.1.2.2.2	0.75	0.767441860465116
chrX	22650001	22660000	A.2.1.1.1.2.2.2	0.75	0.767441860465116
chrX	22660001	22670000	A.2.1.1.1.2.2.2	0.75	0.767441860465116
chrX	22670001	22680000	A.2.1.1.1.2.2.2	0.75	0.767441860465116
chrX	22680001	22690000	A.2.1.1.1.2.2.2	0.75	0.767441860465116
chrX	22690001	22700000	A.2.1.1.1.2.2.2	0.75	0.767441860465116
chrX	22700001	22710000	B.1.2.1.2.1.2.1.2.1	0.375	0.308139534883721
chrX	22710001	22720000	B.1.2.1.2.1.2.1.2.1	0.375	0.308139534883721
chrX	22720001	22730000	B.1.2.1.2.1.2.1.2.1	0.375	0.308139534883721
chrX	22730001	22740000	B.1.2.1.2.1.2.1.2.1	0.375	0.308139534883721
chrX	22740001	22750000	B.1.2.1.2.1.2.1.2.1	0.375	0.308139534883721
chrX	22750001	22760000	B.1.2.1.2.1.2.1.2.1	0.375	0.308139534883721
chrX	22760001	22770000	B.1.2.1.2.1.2.1.2.1	0.375	0.308139534883721
chrX	22770001	22780000	B.1.2.1.2.1.2.1.2.1	0.375	0.308139534883721
chrX	22780001	22790000	B.1.2.1.2.1.2.1.2.1	0.375	0.308139534883721
chrX	22790001	22800000	B.1.2.1.2.1.2.1.2.1	0.375	0.308139534883721
chrX	22800001	22810000	B.1.2.1.2.1.2.1.2.1	0.375	0.308139534883721
chrX	22810001	22820000	B.1.2.1.2.1.2.1.2.1	0.375	0.308139534883721
chrX	22820001	22830000	B.1.2.1.2.1.2.1.2.1	0.375	0.308139534883721
chrX	22830001	22840000	B.1.2.1.2.1.2.1.2.1	0.375	0.308139534883721
chrX	22840001	22850000	B.1.2.1.2.1.2.1.2.1	0.375	0.308139534883721
chrX	22850001	22860000	B.1.2.1.2.1.2.1.2.1	0.375	0.308139534883721
chrX	22860001	22870000	B.1.2.1.2.1.2.1.2.1	0.375	0.308139534883721
chrX	22870001	22880000	B.1.2.1.2.1.2.1.2.1	0.375	0.308139534883721
chrX	22880001	22890000	B.1.2.1.2.1.2.1.2.1	0.375	0.308139534883721
chrX	22890001	22900000	B.1.2.1.2.1.2.1.2.1	0.375	0.308139534883721
chrX	22900001	22910000	B.1.2.1.2.1.1.1	0.375	0.325581395348837
chrX	22910001	22920000	B.1.2.1.2.1.1.1	0.375	0.325581395348837
chrX	22920001	22930000	B.1.2.1.2.1.1.1	0.375	0.325581395348837
chrX	22930001	22940000	B.1.2.1.2.1.1.1	0.375	0.325581395348837
chrX	22940001	22950000	B.1.2.1.2.1.1.1	0.375	0.325581395348837
chrX	22950001	22960000	B.1.2.1.2.1.1.1	0.375	0.325581395348837
chrX	22960001	22970000	B.1.2.1.2.1.1.1	0.375	0.325581395348837
chrX	22970001	22980000	B.1.2.1.2.1.1.1	0.375	0.325581395348837
chrX	22980001	22990000	B.1.2.1.2.1.1.1	0.375	0.325581395348837
chrX	22990001	2.3e+07	B.1.2.1.2.1.1.1	0.375	0.325581395348837
chrX	23000001	23010000	B.1.2.1.2.1.1.1	0.375	0.325581395348837
chrX	23010001	23020000	B.1.2.1.2.1.1.1	0.375	0.325581395348837
chrX	23020001	23030000	B.1.2.1.2.1.1.1	0.375	0.325581395348837
chrX	23030001	23040000	B.1.2.1.2.1.1.1	0.375	0.325581395348837
chrX	23040001	23050000	B.1.2.1.2.1.1.1	0.375	0.325581395348837
chrX	23050001	23060000	B.1.2.1.2.1.1.1	0.375	0.325581395348837
chrX	23060001	23070000	B.1.2.1.2.1.1.1	0.375	0.325581395348837
chrX	23070001	23080000	B.1.2.1.2.1.1.1	0.375	0.325581395348837
chrX	23080001	23090000	B.1.2.1.2.1.1.1	0.375	0.325581395348837
chrX	23090001	23100000	B.1.2.1.2.1.1.1	0.375	0.325581395348837
chrX	23100001	23110000	B.1.2.1.2.1.1.1	0.375	0.325581395348837
chrX	23110001	23120000	B.1.2.1.2.1.1.1	0.375	0.325581395348837
chrX	23120001	23130000	B.1.2.1.2.1.1.1	0.375	0.325581395348837
chrX	23130001	23140000	B.1.2.1.2.1.1.1	0.375	0.325581395348837
chrX	23140001	23150000	B.1.2.1.2.1.1.1	0.375	0.325581395348837
chrX	23150001	23160000	B.1.2.1.2.1.1.1	0.375	0.325581395348837
chrX	23160001	23170000	B.1.2.1.2.1.1.1	0.375	0.325581395348837
chrX	23170001	23180000	B.1.2.1.2.1.1.1	0.375	0.325581395348837
chrX	23180001	23190000	B.1.2.1.2.1.1.1	0.375	0.325581395348837
chrX	23190001	23200000	B.1.2.1.2.1.1.1	0.375	0.325581395348837
chrX	23200001	23210000	B.1.2.1.2.1.1.1	0.375	0.325581395348837
chrX	23210001	23220000	B.1.2.1.2.1.1.1	0.375	0.325581395348837
chrX	23220001	23230000	B.1.2.1.2.1.1.1	0.375	0.325581395348837
chrX	23230001	23240000	B.1.2.1.2.1.1.1	0.375	0.325581395348837
chrX	23240001	23250000	B.1.2.1.2.1.1.1	0.375	0.325581395348837
chrX	23250001	23260000	A.2.2.1.2.2.1.2	0.625	0.63953488372093
chrX	23260001	23270000	A.2.2.1.2.2.1.2	0.625	0.63953488372093
chrX	23270001	23280000	A.2.2.1.2.2.1.2	0.625	0.63953488372093
chrX	23280001	23290000	A.2.2.1.2.2.1.2	0.625	0.63953488372093
chrX	23290001	23300000	A.2.2.1.2.2.1.2	0.625	0.63953488372093
chrX	23300001	23310000	A.2.2.1.2.2.1.2	0.625	0.63953488372093
chrX	23310001	23320000	A.2.2.1.2.2.1.2	0.625	0.63953488372093
chrX	23320001	23330000	A.2.2.1.2.2.1.2	0.625	0.63953488372093
chrX	23330001	23340000	A.2.2.1.2.2.1.2	0.625	0.63953488372093
chrX	23340001	23350000	A.2.2.1.2.2.1.2	0.625	0.63953488372093
chrX	23350001	23360000	A.2.2.1.2.2.1.2	0.625	0.63953488372093
chrX	23360001	23370000	A.2.2.1.2.2.1.2	0.625	0.63953488372093
chrX	23370001	23380000	A.2.2.1.2.2.1.2	0.625	0.63953488372093
chrX	23380001	23390000	A.2.2.1.2.2.1.2	0.625	0.63953488372093
chrX	23390001	23400000	A.2.2.1.2.2.1.2	0.625	0.63953488372093
chrX	23400001	23410000	A.2.2.1.2.2.1.2	0.625	0.63953488372093
chrX	23410001	23420000	A.2.2.1.2.2.1.2	0.625	0.63953488372093
chrX	23420001	23430000	A.2.2.1.2.2.1.2	0.625	0.63953488372093
chrX	23430001	23440000	A.2.2.1.2.2.1.2	0.625	0.63953488372093
chrX	23440001	23450000	A.2.2.1.2.2.1.2	0.625	0.63953488372093
chrX	23450001	23460000	A.2.2.2.2.2.2	0.625	0.569767441860465
chrX	23460001	23470000	A.2.2.2.2.2.2	0.625	0.569767441860465
chrX	23470001	23480000	A.2.2.2.2.2.2	0.625	0.569767441860465
chrX	23480001	23490000	A.2.2.2.2.2.2	0.625	0.569767441860465
chrX	23490001	23500000	A.2.2.2.2.2.2	0.625	0.569767441860465
chrX	23500001	23510000	A.2.2.2.2.2.2	0.625	0.569767441860465
chrX	23510001	23520000	A.2.2.2.2.2.2	0.625	0.569767441860465
chrX	23520001	23530000	A.2.2.2.2.2.2	0.625	0.569767441860465
chrX	23530001	23540000	A.2.2.2.2.2.2	0.625	0.569767441860465
chrX	23540001	23550000	A.2.2.2.2.2.2	0.625	0.569767441860465
chrX	23550001	23560000	A.2.2.2.2.2.2	0.625	0.569767441860465
chrX	23560001	23570000	A.2.2.2.2.2.2	0.625	0.569767441860465
chrX	23570001	23580000	A.2.2.2.2.2.2	0.625	0.569767441860465
chrX	23580001	23590000	A.2.2.2.2.2.2	0.625	0.569767441860465
chrX	23590001	23600000	A.2.2.2.2.2.2	0.625	0.569767441860465
chrX	23600001	23610000	A.2.2.2.2.2.2	0.625	0.569767441860465
chrX	23610001	23620000	A.2.2.2.2.2.2	0.625	0.569767441860465
chrX	23620001	23630000	A.2.2.2.2.2.2	0.625	0.569767441860465
chrX	23630001	23640000	A.2.2.2.2.2.2	0.625	0.569767441860465
chrX	23640001	23650000	A.2.2.2.2.2.2	0.625	0.569767441860465
chrX	23650001	23660000	A.2.2.2.2.2.2	0.625	0.569767441860465
chrX	23660001	23670000	A.2.2.2.2.2.2	0.625	0.569767441860465
chrX	23670001	23680000	A.2.2.2.2.2.2	0.625	0.569767441860465
chrX	23680001	23690000	A.2.2.2.2.2.2	0.625	0.569767441860465
chrX	23690001	23700000	A.2.2.2.2.2.2	0.625	0.569767441860465
chrX	23700001	23710000	A.1.1.1.1.1	1	1
chrX	23710001	23720000	A.1.1.1.1.1	1	1
chrX	23720001	23730000	A.1.1.1.1.1	1	1
chrX	23730001	23740000	A.1.1.1.1.1	1	1
chrX	23740001	23750000	A.1.1.1.1.1	1	1
chrX	23750001	23760000	A.1.1.1.1.1	1	1
chrX	23760001	23770000	A.1.1.1.1.1	1	1
chrX	23770001	23780000	A.1.1.1.1.1	1	1
chrX	23780001	23790000	A.1.1.1.1.1	1	1
chrX	23790001	23800000	A.1.1.1.1.1	1	1
chrX	23800001	23810000	A.1.1.1.1.1	1	1
chrX	23810001	23820000	A.1.1.1.1.1	1	1
chrX	23820001	23830000	A.1.1.1.1.1	1	1
chrX	23830001	23840000	A.1.1.1.1.1	1	1
chrX	23840001	23850000	A.1.1.1.1.1	1	1
chrX	23850001	23860000	A.1.1.1.1.1	1	1
chrX	23860001	23870000	A.1.1.1.1.1	1	1
chrX	23870001	23880000	A.1.1.1.1.1	1	1
chrX	23880001	23890000	A.1.1.1.1.1	1	1
chrX	23890001	23900000	A.1.1.1.1.1	1	1
chrX	23900001	23910000	A.1.1.1.1.1	1	1
chrX	23910001	23920000	A.1.1.1.1.1	1	1
chrX	23920001	23930000	A.1.1.1.1.1	1	1
chrX	23930001	23940000	A.1.1.1.1.1	1	1
chrX	23940001	23950000	A.1.1.1.1.1	1	1
chrX	23950001	23960000	A.1.1.1.1.1	1	1
chrX	23960001	23970000	A.1.1.1.1.1	1	1
chrX	23970001	23980000	A.1.1.1.1.1	1	1
chrX	23980001	23990000	A.1.1.1.1.1	1	1
chrX	23990001	2.4e+07	A.1.1.1.1.1	1	1
chrX	24000001	24010000	A.1.1.1.1.1	1	1
chrX	24010001	24020000	A.1.1.1.1.1	1	1
chrX	24020001	24030000	A.1.1.1.1.1	1	1
chrX	24030001	24040000	A.1.1.1.1.1	1	1
chrX	24040001	24050000	A.1.1.1.1.1	1	1
chrX	24050001	24060000	A.1.2.1.1.2.1.1	0.875	0.930232558139535
chrX	24060001	24070000	A.1.2.1.1.2.1.1	0.875	0.930232558139535
chrX	24070001	24080000	A.1.2.1.1.2.1.1	0.875	0.930232558139535
chrX	24080001	24090000	A.1.2.1.1.2.1.1	0.875	0.930232558139535
chrX	24090001	24100000	A.1.2.1.1.2.1.1	0.875	0.930232558139535
chrX	24100001	24110000	A.1.2.1.1.2.1.1	0.875	0.930232558139535
chrX	24110001	24120000	A.1.2.1.1.2.1.1	0.875	0.930232558139535
chrX	24120001	24130000	A.1.2.1.1.2.1.1	0.875	0.930232558139535
chrX	24130001	24140000	A.1.2.1.1.2.1.1	0.875	0.930232558139535
chrX	24140001	24150000	A.1.2.1.1.2.1.1	0.875	0.930232558139535
chrX	24150001	24160000	A.1.2.1.1.2.1.1	0.875	0.930232558139535
chrX	24160001	24170000	A.1.2.1.1.2.1.1	0.875	0.930232558139535
chrX	24170001	24180000	A.1.2.1.1.2.1.1	0.875	0.930232558139535
chrX	24180001	24190000	A.1.2.1.1.2.1.1	0.875	0.930232558139535
chrX	24190001	24200000	A.1.2.1.1.2.1.1	0.875	0.930232558139535
chrX	24200001	24210000	A.1.2.1.1.2.1.1	0.875	0.930232558139535
chrX	24210001	24220000	A.1.2.1.1.2.1.1	0.875	0.930232558139535
chrX	24220001	24230000	A.1.2.1.1.2.1.1	0.875	0.930232558139535
chrX	24230001	24240000	A.1.2.1.1.2.1.1	0.875	0.930232558139535
chrX	24240001	24250000	A.1.2.1.1.2.1.1	0.875	0.930232558139535
chrX	24250001	24260000	A.1.2.1.1.2.1.1	0.875	0.930232558139535
chrX	24260001	24270000	A.1.2.1.1.2.1.1	0.875	0.930232558139535
chrX	24270001	24280000	A.1.2.1.1.2.1.1	0.875	0.930232558139535
chrX	24280001	24290000	A.1.2.1.1.2.1.1	0.875	0.930232558139535
chrX	24290001	24300000	A.1.2.1.1.2.1.1	0.875	0.930232558139535
chrX	24300001	24310000	A.1.2.1.1.2.1.1	0.875	0.930232558139535
chrX	24310001	24320000	A.1.2.1.1.2.1.1	0.875	0.930232558139535
chrX	24320001	24330000	A.1.2.1.1.2.1.1	0.875	0.930232558139535
chrX	24330001	24340000	A.1.2.1.1.2.1.1	0.875	0.930232558139535
chrX	24340001	24350000	A.1.2.1.1.2.1.1	0.875	0.930232558139535
chrX	24350001	24360000	A.1.2.1.1.2.1.1	0.875	0.930232558139535
chrX	24360001	24370000	A.1.2.1.1.2.1.1	0.875	0.930232558139535
chrX	24370001	24380000	A.1.2.1.1.2.1.1	0.875	0.930232558139535
chrX	24380001	24390000	A.1.2.1.1.2.1.1	0.875	0.930232558139535
chrX	24390001	24400000	A.1.2.1.1.2.1.1	0.875	0.930232558139535
chrX	24400001	24410000	A.1.2.1.1.2.1.1	0.875	0.930232558139535
chrX	24410001	24420000	A.1.2.1.1.2.1.1	0.875	0.930232558139535
chrX	24420001	24430000	A.1.2.1.1.2.1.1	0.875	0.930232558139535
chrX	24430001	24440000	A.1.2.1.1.2.1.1	0.875	0.930232558139535
chrX	24440001	24450000	A.1.2.1.1.2.1.1	0.875	0.930232558139535
chrX	24450001	24460000	A.1.2.1.1.2.1.1	0.875	0.930232558139535
chrX	24460001	24470000	A.1.2.1.1.2.1.1	0.875	0.930232558139535
chrX	24470001	24480000	A.1.2.1.1.2.1.1	0.875	0.930232558139535
chrX	24480001	24490000	A.1.2.1.1.2.1.1	0.875	0.930232558139535
chrX	24490001	24500000	A.1.2.1.1.2.1.1	0.875	0.930232558139535
chrX	24500001	24510000	A.1.2.1.2.2.2.2	0.875	0.86046511627907
chrX	24510001	24520000	A.1.2.1.2.2.2.2	0.875	0.86046511627907
chrX	24520001	24530000	A.1.2.1.2.2.2.2	0.875	0.86046511627907
chrX	24530001	24540000	A.1.2.1.2.2.2.2	0.875	0.86046511627907
chrX	24540001	24550000	A.1.2.1.2.2.2.2	0.875	0.86046511627907
chrX	24550001	24560000	A.1.2.1.2.2.2.2	0.875	0.86046511627907
chrX	24560001	24570000	A.1.2.1.2.2.2.2	0.875	0.86046511627907
chrX	24570001	24580000	A.1.2.1.2.2.2.2	0.875	0.86046511627907
chrX	24580001	24590000	A.1.2.1.2.2.2.2	0.875	0.86046511627907
chrX	24590001	24600000	A.1.2.1.2.2.2.2	0.875	0.86046511627907
chrX	24600001	24610000	A.1.2.1.2.2.2.2	0.875	0.86046511627907
chrX	24610001	24620000	A.1.2.1.2.2.2.2	0.875	0.86046511627907
chrX	24620001	24630000	A.1.2.1.2.2.2.2	0.875	0.86046511627907
chrX	24630001	24640000	A.1.2.1.2.2.2.2	0.875	0.86046511627907
chrX	24640001	24650000	A.1.2.1.2.2.2.2	0.875	0.86046511627907
chrX	24650001	24660000	A.1.2.1.1.1.1.1.1	0.875	0.959302325581395
chrX	24660001	24670000	A.1.2.1.1.1.1.1.1	0.875	0.959302325581395
chrX	24670001	24680000	A.1.2.1.1.1.1.1.1	0.875	0.959302325581395
chrX	24680001	24690000	A.1.2.1.1.1.1.1.1	0.875	0.959302325581395
chrX	24690001	24700000	A.1.2.1.1.1.1.1.1	0.875	0.959302325581395
chrX	24700001	24710000	A.1.2.1.1.1.1.1.1	0.875	0.959302325581395
chrX	24710001	24720000	A.1.2.1.1.1.1.1.1	0.875	0.959302325581395
chrX	24720001	24730000	A.1.2.1.1.1.1.1.1	0.875	0.959302325581395
chrX	24730001	24740000	A.1.2.1.1.1.1.1.1	0.875	0.959302325581395
chrX	24740001	24750000	A.1.2.1.1.1.1.1.1	0.875	0.959302325581395
chrX	24750001	24760000	A.1.2.1.1.1.1.1.1	0.875	0.959302325581395
chrX	24760001	24770000	A.1.2.1.1.1.1.1.1	0.875	0.959302325581395
chrX	24770001	24780000	A.1.2.1.1.1.1.1.1	0.875	0.959302325581395
chrX	24780001	24790000	A.1.2.1.1.1.1.1.1	0.875	0.959302325581395
chrX	24790001	24800000	A.1.2.1.1.1.1.1.1	0.875	0.959302325581395
chrX	24800001	24810000	A.2.2.1.2.1.2	0.625	0.651162790697675
chrX	24810001	24820000	A.2.2.1.2.1.2	0.625	0.651162790697675
chrX	24820001	24830000	A.2.2.1.2.1.2	0.625	0.651162790697675
chrX	24830001	24840000	A.2.2.1.2.1.2	0.625	0.651162790697675
chrX	24840001	24850000	A.2.2.1.2.1.2	0.625	0.651162790697675
chrX	24850001	24860000	A.2.2.1.2.1.2	0.625	0.651162790697675
chrX	24860001	24870000	A.2.2.1.2.1.2	0.625	0.651162790697675
chrX	24870001	24880000	A.2.2.1.2.1.2	0.625	0.651162790697675
chrX	24880001	24890000	A.2.2.1.2.1.2	0.625	0.651162790697675
chrX	24890001	24900000	A.2.2.1.2.1.2	0.625	0.651162790697675
chrX	24900001	24910000	A.2.2.1.2.1.2	0.625	0.651162790697675
chrX	24910001	24920000	A.2.2.1.2.1.2	0.625	0.651162790697675
chrX	24920001	24930000	A.2.2.1.2.1.2	0.625	0.651162790697675
chrX	24930001	24940000	A.2.2.1.2.1.2	0.625	0.651162790697675
chrX	24940001	24950000	A.2.2.1.2.1.2	0.625	0.651162790697675
chrX	24950001	24960000	A.2.2.1.2.1.2	0.625	0.651162790697675
chrX	24960001	24970000	A.2.2.1.2.1.2	0.625	0.651162790697675
chrX	24970001	24980000	A.2.2.1.2.1.2	0.625	0.651162790697675
chrX	24980001	24990000	A.2.2.1.2.1.2	0.625	0.651162790697675
chrX	24990001	2.5e+07	A.2.2.1.2.1.2	0.625	0.651162790697675
chrX	25000001	25010000	A.2.2.1.2.1.2	0.625	0.651162790697675
chrX	25010001	25020000	A.2.2.1.2.1.2	0.625	0.651162790697675
chrX	25020001	25030000	A.2.2.1.2.1.2	0.625	0.651162790697675
chrX	25030001	25040000	A.2.2.1.2.1.2	0.625	0.651162790697675
chrX	25040001	25050000	A.2.2.1.2.1.2	0.625	0.651162790697675
chrX	25050001	25060000	B.1.2.1.1.2.2.1.2	0.375	0.343023255813954
chrX	25060001	25070000	B.1.2.1.1.2.2.1.2	0.375	0.343023255813954
chrX	25070001	25080000	B.1.2.1.1.2.2.1.2	0.375	0.343023255813954
chrX	25080001	25090000	B.1.2.1.1.2.2.1.2	0.375	0.343023255813954
chrX	25090001	25100000	B.1.2.1.1.2.2.1.2	0.375	0.343023255813954
chrX	25100001	25110000	B.1.2.1.1.2.2.1.2	0.375	0.343023255813954
chrX	25110001	25120000	B.1.2.1.1.2.2.1.2	0.375	0.343023255813954
chrX	25120001	25130000	B.1.2.1.1.2.2.1.2	0.375	0.343023255813954
chrX	25130001	25140000	B.1.2.1.1.2.2.1.2	0.375	0.343023255813954
chrX	25140001	25150000	B.1.2.1.1.2.2.1.2	0.375	0.343023255813954
chrX	25150001	25160000	B.1.2.1.1.2.2.1.2	0.375	0.343023255813954
chrX	25160001	25170000	B.1.2.1.1.2.2.1.2	0.375	0.343023255813954
chrX	25170001	25180000	B.1.2.1.1.2.2.1.2	0.375	0.343023255813954
chrX	25180001	25190000	B.1.2.1.1.2.2.1.2	0.375	0.343023255813954
chrX	25190001	25200000	B.1.2.1.1.2.2.1.2	0.375	0.343023255813954
chrX	25200001	25210000	B.1.2.1.1.2.2.1.2	0.375	0.343023255813954
chrX	25210001	25220000	B.1.2.1.1.2.2.1.2	0.375	0.343023255813954
chrX	25220001	25230000	B.1.2.1.1.2.2.1.2	0.375	0.343023255813954
chrX	25230001	25240000	B.1.2.1.1.2.2.1.2	0.375	0.343023255813954
chrX	25240001	25250000	B.1.2.1.1.2.2.1.2	0.375	0.343023255813954
chrX	25250001	25260000	B.1.2.1.1.2.2.1.2	0.375	0.343023255813954
chrX	25260001	25270000	B.1.2.1.1.2.2.1.2	0.375	0.343023255813954
chrX	25270001	25280000	B.1.2.1.1.2.2.1.2	0.375	0.343023255813954
chrX	25280001	25290000	B.1.2.1.1.2.2.1.2	0.375	0.343023255813954
chrX	25290001	25300000	B.1.2.1.1.2.2.1.2	0.375	0.343023255813954
chrX	25300001	25310000	B.1.2.1.1.2.2.1.2	0.375	0.343023255813954
chrX	25310001	25320000	B.1.2.1.1.2.2.1.2	0.375	0.343023255813954
chrX	25320001	25330000	B.1.2.1.1.2.2.1.2	0.375	0.343023255813954
chrX	25330001	25340000	B.1.2.1.1.2.2.1.2	0.375	0.343023255813954
chrX	25340001	25350000	B.1.2.1.1.2.2.1.2	0.375	0.343023255813954
chrX	25350001	25360000	B.1.2.1.1.2.2.1.2	0.375	0.343023255813954
chrX	25360001	25370000	B.1.2.1.1.2.2.1.2	0.375	0.343023255813954
chrX	25370001	25380000	B.1.2.1.1.2.2.1.2	0.375	0.343023255813954
chrX	25380001	25390000	B.1.2.1.1.2.2.1.2	0.375	0.343023255813954
chrX	25390001	25400000	B.1.2.1.1.2.2.1.2	0.375	0.343023255813954
chrX	25400001	25410000	B.2.1.2.2.2.1.1.2	0.25	0.0813953488372093
chrX	25410001	25420000	B.2.1.2.2.2.1.1.2	0.25	0.0813953488372093
chrX	25420001	25430000	B.2.1.2.2.2.1.1.2	0.25	0.0813953488372093
chrX	25430001	25440000	B.2.1.2.2.2.1.1.2	0.25	0.0813953488372093
chrX	25440001	25450000	B.2.1.2.2.2.1.1.2	0.25	0.0813953488372093
chrX	25450001	25460000	B.2.1.2.2.2.1.1.2	0.25	0.0813953488372093
chrX	25460001	25470000	B.2.1.2.2.2.1.1.2	0.25	0.0813953488372093
chrX	25470001	25480000	B.2.1.2.2.2.1.1.2	0.25	0.0813953488372093
chrX	25480001	25490000	B.2.1.2.2.2.1.1.2	0.25	0.0813953488372093
chrX	25490001	25500000	B.2.1.2.2.2.1.1.2	0.25	0.0813953488372093
chrX	25500001	25510000	B.2.1.2.2.2.1.1.2	0.25	0.0813953488372093
chrX	25510001	25520000	B.2.1.2.2.2.1.1.2	0.25	0.0813953488372093
chrX	25520001	25530000	B.2.1.2.2.2.1.1.2	0.25	0.0813953488372093
chrX	25530001	25540000	B.2.1.2.2.2.1.1.2	0.25	0.0813953488372093
chrX	25540001	25550000	B.2.1.2.2.2.1.1.2	0.25	0.0813953488372093
chrX	25550001	25560000	B.2.2.2.2.2.1	0.125	0.0116279069767442
chrX	25560001	25570000	B.2.2.2.2.2.1	0.125	0.0116279069767442
chrX	25570001	25580000	B.2.2.2.2.2.1	0.125	0.0116279069767442
chrX	25580001	25590000	B.2.2.2.2.2.1	0.125	0.0116279069767442
chrX	25590001	25600000	B.2.2.2.2.2.1	0.125	0.0116279069767442
chrX	25600001	25610000	B.2.2.2.2.2.1	0.125	0.0116279069767442
chrX	25610001	25620000	B.2.2.2.2.2.1	0.125	0.0116279069767442
chrX	25620001	25630000	B.2.2.2.2.2.1	0.125	0.0116279069767442
chrX	25630001	25640000	B.2.2.2.2.2.1	0.125	0.0116279069767442
chrX	25640001	25650000	B.2.2.2.2.2.1	0.125	0.0116279069767442
chrX	25650001	25660000	B.2.2.2.2.2.1	0.125	0.0116279069767442
chrX	25660001	25670000	B.2.2.2.2.2.1	0.125	0.0116279069767442
chrX	25670001	25680000	B.2.2.2.2.2.1	0.125	0.0116279069767442
chrX	25680001	25690000	B.2.2.2.2.2.1	0.125	0.0116279069767442
chrX	25690001	25700000	B.2.2.2.2.2.1	0.125	0.0116279069767442
chrX	25700001	25710000	B.2.2.2.2.2.1	0.125	0.0116279069767442
chrX	25710001	25720000	B.2.2.2.2.2.1	0.125	0.0116279069767442
chrX	25720001	25730000	B.2.2.2.2.2.1	0.125	0.0116279069767442
chrX	25730001	25740000	B.2.2.2.2.2.1	0.125	0.0116279069767442
chrX	25740001	25750000	B.2.2.2.2.2.1	0.125	0.0116279069767442
chrX	25750001	25760000	B.2.2.2.2.2.1	0.125	0.0116279069767442
chrX	25760001	25770000	B.2.2.2.2.2.1	0.125	0.0116279069767442
chrX	25770001	25780000	B.2.2.2.2.2.1	0.125	0.0116279069767442
chrX	25780001	25790000	B.2.2.2.2.2.1	0.125	0.0116279069767442
chrX	25790001	25800000	B.2.2.2.2.2.1	0.125	0.0116279069767442
chrX	25800001	25810000	B.2.2.2.2.2.1	0.125	0.0116279069767442
chrX	25810001	25820000	B.2.2.2.2.2.1	0.125	0.0116279069767442
chrX	25820001	25830000	B.2.2.2.2.2.1	0.125	0.0116279069767442
chrX	25830001	25840000	B.2.2.2.2.2.1	0.125	0.0116279069767442
chrX	25840001	25850000	B.2.2.2.2.2.1	0.125	0.0116279069767442
chrX	25850001	25860000	B.2.2.2.2.2.1	0.125	0.0116279069767442
chrX	25860001	25870000	B.2.2.2.2.2.1	0.125	0.0116279069767442
chrX	25870001	25880000	B.2.2.2.2.2.1	0.125	0.0116279069767442
chrX	25880001	25890000	B.2.2.2.2.2.1	0.125	0.0116279069767442
chrX	25890001	25900000	B.2.2.2.2.2.1	0.125	0.0116279069767442
chrX	25900001	25910000	B.2.2.2.2.2.1	0.125	0.0116279069767442
chrX	25910001	25920000	B.2.2.2.2.2.1	0.125	0.0116279069767442
chrX	25920001	25930000	B.2.2.2.2.2.1	0.125	0.0116279069767442
chrX	25930001	25940000	B.2.2.2.2.2.1	0.125	0.0116279069767442
chrX	25940001	25950000	B.2.2.2.2.2.1	0.125	0.0116279069767442
chrX	25950001	25960000	B.2.2.2.1.2	0.125	0.0232558139534884
chrX	25960001	25970000	B.2.2.2.1.2	0.125	0.0232558139534884
chrX	25970001	25980000	B.2.2.2.1.2	0.125	0.0232558139534884
chrX	25980001	25990000	B.2.2.2.1.2	0.125	0.0232558139534884
chrX	25990001	2.6e+07	B.2.2.2.1.2	0.125	0.0232558139534884
chrX	26000001	26010000	B.2.2.2.1.2	0.125	0.0232558139534884
chrX	26010001	26020000	B.2.2.2.1.2	0.125	0.0232558139534884
chrX	26020001	26030000	B.2.2.2.1.2	0.125	0.0232558139534884
chrX	26030001	26040000	B.2.2.2.1.2	0.125	0.0232558139534884
chrX	26040001	26050000	B.2.2.2.1.2	0.125	0.0232558139534884
chrX	26050001	26060000	B.2.2.2.1.2	0.125	0.0232558139534884
chrX	26060001	26070000	B.2.2.2.1.2	0.125	0.0232558139534884
chrX	26070001	26080000	B.2.2.2.1.2	0.125	0.0232558139534884
chrX	26080001	26090000	B.2.2.2.1.2	0.125	0.0232558139534884
chrX	26090001	26100000	B.2.2.2.1.2	0.125	0.0232558139534884
chrX	26100001	26110000	B.2.2.2.1.2	0.125	0.0232558139534884
chrX	26110001	26120000	B.2.2.2.1.2	0.125	0.0232558139534884
chrX	26120001	26130000	B.2.2.2.1.2	0.125	0.0232558139534884
chrX	26130001	26140000	B.2.2.2.1.2	0.125	0.0232558139534884
chrX	26140001	26150000	B.2.2.2.1.2	0.125	0.0232558139534884
chrX	26150001	26160000	B.2.2.2.1.2	0.125	0.0232558139534884
chrX	26160001	26170000	B.2.2.2.1.2	0.125	0.0232558139534884
chrX	26170001	26180000	B.2.2.2.1.2	0.125	0.0232558139534884
chrX	26180001	26190000	B.2.2.2.1.2	0.125	0.0232558139534884
chrX	26190001	26200000	B.2.2.2.1.2	0.125	0.0232558139534884
chrX	26200001	26210000	B.2.2.2.1.2	0.125	0.0232558139534884
chrX	26210001	26220000	B.2.2.2.1.2	0.125	0.0232558139534884
chrX	26220001	26230000	B.2.2.2.1.2	0.125	0.0232558139534884
chrX	26230001	26240000	B.2.2.2.1.2	0.125	0.0232558139534884
chrX	26240001	26250000	B.2.2.2.1.2	0.125	0.0232558139534884
chrX	26250001	26260000	B.2.2.2.1.2	0.125	0.0232558139534884
chrX	26260001	26270000	B.2.2.2.1.2	0.125	0.0232558139534884
chrX	26270001	26280000	B.2.2.2.1.2	0.125	0.0232558139534884
chrX	26280001	26290000	B.2.2.2.1.2	0.125	0.0232558139534884
chrX	26290001	26300000	B.2.2.2.1.2	0.125	0.0232558139534884
chrX	26300001	26310000	B.2.2.1.1.1	0.125	0.0581395348837209
chrX	26310001	26320000	B.2.2.1.1.1	0.125	0.0581395348837209
chrX	26320001	26330000	B.2.2.1.1.1	0.125	0.0581395348837209
chrX	26330001	26340000	B.2.2.1.1.1	0.125	0.0581395348837209
chrX	26340001	26350000	B.2.2.1.1.1	0.125	0.0581395348837209
chrX	26350001	26360000	B.2.2.1.1.1	0.125	0.0581395348837209
chrX	26360001	26370000	B.2.2.1.1.1	0.125	0.0581395348837209
chrX	26370001	26380000	B.2.2.1.1.1	0.125	0.0581395348837209
chrX	26380001	26390000	B.2.2.1.1.1	0.125	0.0581395348837209
chrX	26390001	26400000	B.2.2.1.1.1	0.125	0.0581395348837209
chrX	26400001	26410000	B.2.2.2.2.2.2	0.125	0.00581395348837209
chrX	26410001	26420000	B.2.2.2.2.2.2	0.125	0.00581395348837209
chrX	26420001	26430000	B.2.2.2.2.2.2	0.125	0.00581395348837209
chrX	26430001	26440000	B.2.2.2.2.2.2	0.125	0.00581395348837209
chrX	26440001	26450000	B.2.2.2.2.2.2	0.125	0.00581395348837209
chrX	26450001	26460000	B.2.2.2.2.2.2	0.125	0.00581395348837209
chrX	26460001	26470000	B.2.2.2.2.2.2	0.125	0.00581395348837209
chrX	26470001	26480000	B.2.2.2.2.2.2	0.125	0.00581395348837209
chrX	26480001	26490000	B.2.2.2.2.2.2	0.125	0.00581395348837209
chrX	26490001	26500000	B.2.2.2.2.2.2	0.125	0.00581395348837209
chrX	26500001	26510000	B.2.2.2.2.2.2	0.125	0.00581395348837209
chrX	26510001	26520000	B.2.2.2.2.2.2	0.125	0.00581395348837209
chrX	26520001	26530000	B.2.2.2.2.2.2	0.125	0.00581395348837209
chrX	26530001	26540000	B.2.2.2.2.2.2	0.125	0.00581395348837209
chrX	26540001	26550000	B.2.2.2.2.2.2	0.125	0.00581395348837209
chrX	26550001	26560000	B.2.2.2.2.2.2	0.125	0.00581395348837209
chrX	26560001	26570000	B.2.2.2.2.2.2	0.125	0.00581395348837209
chrX	26570001	26580000	B.2.2.2.2.2.2	0.125	0.00581395348837209
chrX	26580001	26590000	B.2.2.2.2.2.2	0.125	0.00581395348837209
chrX	26590001	26600000	B.2.2.2.2.2.2	0.125	0.00581395348837209
chrX	26600001	26610000	B.2.2.2.2.2.2	0.125	0.00581395348837209
chrX	26610001	26620000	B.2.2.2.2.2.2	0.125	0.00581395348837209
chrX	26620001	26630000	B.2.2.2.2.2.2	0.125	0.00581395348837209
chrX	26630001	26640000	B.2.2.2.2.2.2	0.125	0.00581395348837209
chrX	26640001	26650000	B.2.2.2.2.2.2	0.125	0.00581395348837209
chrX	26650001	26660000	B.2.2.2.2.2.2	0.125	0.00581395348837209
chrX	26660001	26670000	B.2.2.2.2.2.2	0.125	0.00581395348837209
chrX	26670001	26680000	B.2.2.2.2.2.2	0.125	0.00581395348837209
chrX	26680001	26690000	B.2.2.2.2.2.2	0.125	0.00581395348837209
chrX	26690001	26700000	B.2.2.2.2.2.2	0.125	0.00581395348837209
chrX	26700001	26710000	B.2.2.2.2.2.2	0.125	0.00581395348837209
chrX	26710001	26720000	B.2.2.2.2.2.2	0.125	0.00581395348837209
chrX	26720001	26730000	B.2.2.2.2.2.2	0.125	0.00581395348837209
chrX	26730001	26740000	B.2.2.2.2.2.2	0.125	0.00581395348837209
chrX	26740001	26750000	B.2.2.2.2.2.2	0.125	0.00581395348837209
chrX	26750001	26760000	B.2.2.2.2.2.2	0.125	0.00581395348837209
chrX	26760001	26770000	B.2.2.2.2.2.2	0.125	0.00581395348837209
chrX	26770001	26780000	B.2.2.2.2.2.2	0.125	0.00581395348837209
chrX	26780001	26790000	B.2.2.2.2.2.2	0.125	0.00581395348837209
chrX	26790001	26800000	B.2.2.2.2.2.2	0.125	0.00581395348837209
chrX	26800001	26810000	B.2.2.2.2.2.2	0.125	0.00581395348837209
chrX	26810001	26820000	B.2.2.2.2.2.2	0.125	0.00581395348837209
chrX	26820001	26830000	B.2.2.2.2.2.2	0.125	0.00581395348837209
chrX	26830001	26840000	B.2.2.2.2.2.2	0.125	0.00581395348837209
chrX	26840001	26850000	B.2.2.2.2.2.2	0.125	0.00581395348837209
chrX	26850001	26860000	B.2.1.2.2.1.1.1.1	0.25	0.122093023255814
chrX	26860001	26870000	B.2.1.2.2.1.1.1.1	0.25	0.122093023255814
chrX	26870001	26880000	B.2.1.2.2.1.1.1.1	0.25	0.122093023255814
chrX	26880001	26890000	B.2.1.2.2.1.1.1.1	0.25	0.122093023255814
chrX	26890001	26900000	B.2.1.2.2.1.1.1.1	0.25	0.122093023255814
chrX	26900001	26910000	B.2.1.2.2.1.1.1.1	0.25	0.122093023255814
chrX	26910001	26920000	B.2.1.2.2.1.1.1.1	0.25	0.122093023255814
chrX	26920001	26930000	B.2.1.2.2.1.1.1.1	0.25	0.122093023255814
chrX	26930001	26940000	B.2.1.2.2.1.1.1.1	0.25	0.122093023255814
chrX	26940001	26950000	B.2.1.2.2.1.1.1.1	0.25	0.122093023255814
chrX	26950001	26960000	B.2.1.2.2.1.1.1.1	0.25	0.122093023255814
chrX	26960001	26970000	B.2.1.2.2.1.1.1.1	0.25	0.122093023255814
chrX	26970001	26980000	B.2.1.2.2.1.1.1.1	0.25	0.122093023255814
chrX	26980001	26990000	B.2.1.2.2.1.1.1.1	0.25	0.122093023255814
chrX	26990001	2.7e+07	B.2.1.2.2.1.1.1.1	0.25	0.122093023255814
chrX	27000001	27010000	B.2.2.1.1.2	0.125	0.0523255813953488
chrX	27010001	27020000	B.2.2.1.1.2	0.125	0.0523255813953488
chrX	27020001	27030000	B.2.2.1.1.2	0.125	0.0523255813953488
chrX	27030001	27040000	B.2.2.1.1.2	0.125	0.0523255813953488
chrX	27040001	27050000	B.2.2.1.1.2	0.125	0.0523255813953488
chrX	27050001	27060000	B.2.2.1.1.2	0.125	0.0523255813953488
chrX	27060001	27070000	B.2.2.1.1.2	0.125	0.0523255813953488
chrX	27070001	27080000	B.2.2.1.1.2	0.125	0.0523255813953488
chrX	27080001	27090000	B.2.2.1.1.2	0.125	0.0523255813953488
chrX	27090001	27100000	B.2.2.1.1.2	0.125	0.0523255813953488
chrX	27100001	27110000	B.2.2.1.1.2	0.125	0.0523255813953488
chrX	27110001	27120000	B.2.2.1.1.2	0.125	0.0523255813953488
chrX	27120001	27130000	B.2.2.1.1.2	0.125	0.0523255813953488
chrX	27130001	27140000	B.2.2.1.1.2	0.125	0.0523255813953488
chrX	27140001	27150000	B.2.2.1.1.2	0.125	0.0523255813953488
chrX	27150001	27160000	B.2.2.1.1.2	0.125	0.0523255813953488
chrX	27160001	27170000	B.2.2.1.1.2	0.125	0.0523255813953488
chrX	27170001	27180000	B.2.2.1.1.2	0.125	0.0523255813953488
chrX	27180001	27190000	B.2.2.1.1.2	0.125	0.0523255813953488
chrX	27190001	27200000	B.2.2.1.1.2	0.125	0.0523255813953488
chrX	27200001	27210000	B.2.2.1.1.2	0.125	0.0523255813953488
chrX	27210001	27220000	B.2.2.1.1.2	0.125	0.0523255813953488
chrX	27220001	27230000	B.2.2.1.1.2	0.125	0.0523255813953488
chrX	27230001	27240000	B.2.2.1.1.2	0.125	0.0523255813953488
chrX	27240001	27250000	B.2.2.1.1.2	0.125	0.0523255813953488
chrX	27250001	27260000	B.2.2.1.1.2	0.125	0.0523255813953488
chrX	27260001	27270000	B.2.2.1.1.2	0.125	0.0523255813953488
chrX	27270001	27280000	B.2.2.1.1.2	0.125	0.0523255813953488
chrX	27280001	27290000	B.2.2.1.1.2	0.125	0.0523255813953488
chrX	27290001	27300000	B.2.2.1.1.2	0.125	0.0523255813953488
chrX	27300001	27310000	B.2.2.1.1.2	0.125	0.0523255813953488
chrX	27310001	27320000	B.2.2.1.1.2	0.125	0.0523255813953488
chrX	27320001	27330000	B.2.2.1.1.2	0.125	0.0523255813953488
chrX	27330001	27340000	B.2.2.1.1.2	0.125	0.0523255813953488
chrX	27340001	27350000	B.2.2.1.1.2	0.125	0.0523255813953488
chrX	27350001	27360000	B.2.2.1.1.2	0.125	0.0523255813953488
chrX	27360001	27370000	B.2.2.1.1.2	0.125	0.0523255813953488
chrX	27370001	27380000	B.2.2.1.1.2	0.125	0.0523255813953488
chrX	27380001	27390000	B.2.2.1.1.2	0.125	0.0523255813953488
chrX	27390001	27400000	B.2.2.1.1.2	0.125	0.0523255813953488
chrX	27400001	27410000	B.2.1.1.1.1.1.2.1.2	0.25	0.232558139534884
chrX	27410001	27420000	B.2.1.1.1.1.1.2.1.2	0.25	0.232558139534884
chrX	27420001	27430000	B.2.1.1.1.1.1.2.1.2	0.25	0.232558139534884
chrX	27430001	27440000	B.2.1.1.1.1.1.2.1.2	0.25	0.232558139534884
chrX	27440001	27450000	B.2.1.1.1.1.1.2.1.2	0.25	0.232558139534884
chrX	27450001	27460000	B.2.1.1.1.1.1.2.1.2	0.25	0.232558139534884
chrX	27460001	27470000	B.2.1.1.1.1.1.2.1.2	0.25	0.232558139534884
chrX	27470001	27480000	B.2.1.1.1.1.1.2.1.2	0.25	0.232558139534884
chrX	27480001	27490000	B.2.1.1.1.1.1.2.1.2	0.25	0.232558139534884
chrX	27490001	27500000	B.2.1.1.1.1.1.2.1.2	0.25	0.232558139534884
chrX	27500001	27510000	B.2.1.1.1.1.1.2.1.2	0.25	0.232558139534884
chrX	27510001	27520000	B.2.1.1.1.1.1.2.1.2	0.25	0.232558139534884
chrX	27520001	27530000	B.2.1.1.1.1.1.2.1.2	0.25	0.232558139534884
chrX	27530001	27540000	B.2.1.1.1.1.1.2.1.2	0.25	0.232558139534884
chrX	27540001	27550000	B.2.1.1.1.1.1.2.1.2	0.25	0.232558139534884
chrX	27550001	27560000	B.1.2.1.1.2.2.2.2	0.375	0.331395348837209
chrX	27560001	27570000	B.1.2.1.1.2.2.2.2	0.375	0.331395348837209
chrX	27570001	27580000	B.1.2.1.1.2.2.2.2	0.375	0.331395348837209
chrX	27580001	27590000	B.1.2.1.1.2.2.2.2	0.375	0.331395348837209
chrX	27590001	27600000	B.1.2.1.1.2.2.2.2	0.375	0.331395348837209
chrX	27600001	27610000	B.1.2.1.1.2.2.2.2	0.375	0.331395348837209
chrX	27610001	27620000	B.1.2.1.1.2.2.2.2	0.375	0.331395348837209
chrX	27620001	27630000	B.1.2.1.1.2.2.2.2	0.375	0.331395348837209
chrX	27630001	27640000	B.1.2.1.1.2.2.2.2	0.375	0.331395348837209
chrX	27640001	27650000	B.1.2.1.1.2.2.2.2	0.375	0.331395348837209
chrX	27650001	27660000	B.1.2.1.1.2.2.2.2	0.375	0.331395348837209
chrX	27660001	27670000	B.1.2.1.1.2.2.2.2	0.375	0.331395348837209
chrX	27670001	27680000	B.1.2.1.1.2.2.2.2	0.375	0.331395348837209
chrX	27680001	27690000	B.1.2.1.1.2.2.2.2	0.375	0.331395348837209
chrX	27690001	27700000	B.1.2.1.1.2.2.2.2	0.375	0.331395348837209
chrX	27700001	27710000	B.1.2.1.1.2.2.2.2	0.375	0.331395348837209
chrX	27710001	27720000	B.1.2.1.1.2.2.2.2	0.375	0.331395348837209
chrX	27720001	27730000	B.1.2.1.1.2.2.2.2	0.375	0.331395348837209
chrX	27730001	27740000	B.1.2.1.1.2.2.2.2	0.375	0.331395348837209
chrX	27740001	27750000	B.1.2.1.1.2.2.2.2	0.375	0.331395348837209
chrX	27750001	27760000	B.1.2.1.1.2.2.2.2	0.375	0.331395348837209
chrX	27760001	27770000	B.1.2.1.1.2.2.2.2	0.375	0.331395348837209
chrX	27770001	27780000	B.1.2.1.1.2.2.2.2	0.375	0.331395348837209
chrX	27780001	27790000	B.1.2.1.1.2.2.2.2	0.375	0.331395348837209
chrX	27790001	27800000	B.1.2.1.1.2.2.2.2	0.375	0.331395348837209
chrX	27800001	27810000	B.1.2.1.1.2.2.1.1	0.375	0.348837209302326
chrX	27810001	27820000	B.1.2.1.1.2.2.1.1	0.375	0.348837209302326
chrX	27820001	27830000	B.1.2.1.1.2.2.1.1	0.375	0.348837209302326
chrX	27830001	27840000	B.1.2.1.1.2.2.1.1	0.375	0.348837209302326
chrX	27840001	27850000	B.1.2.1.1.2.2.1.1	0.375	0.348837209302326
chrX	27850001	27860000	B.1.2.1.1.2.2.1.1	0.375	0.348837209302326
chrX	27860001	27870000	B.1.2.1.1.2.2.1.1	0.375	0.348837209302326
chrX	27870001	27880000	B.1.2.1.1.2.2.1.1	0.375	0.348837209302326
chrX	27880001	27890000	B.1.2.1.1.2.2.1.1	0.375	0.348837209302326
chrX	27890001	27900000	B.1.2.1.1.2.2.1.1	0.375	0.348837209302326
chrX	27900001	27910000	B.1.2.1.1.2.2.1.1	0.375	0.348837209302326
chrX	27910001	27920000	B.1.2.1.1.2.2.1.1	0.375	0.348837209302326
chrX	27920001	27930000	B.1.2.1.1.2.2.1.1	0.375	0.348837209302326
chrX	27930001	27940000	B.1.2.1.1.2.2.1.1	0.375	0.348837209302326
chrX	27940001	27950000	B.1.2.1.1.2.2.1.1	0.375	0.348837209302326
chrX	27950001	27960000	B.2.1.1.2.2.2.1	0.25	0.156976744186047
chrX	27960001	27970000	B.2.1.1.2.2.2.1	0.25	0.156976744186047
chrX	27970001	27980000	B.2.1.1.2.2.2.1	0.25	0.156976744186047
chrX	27980001	27990000	B.2.1.1.2.2.2.1	0.25	0.156976744186047
chrX	27990001	2.8e+07	B.2.1.1.2.2.2.1	0.25	0.156976744186047
chrX	28000001	28010000	B.2.1.1.2.2.2.1	0.25	0.156976744186047
chrX	28010001	28020000	B.2.1.1.2.2.2.1	0.25	0.156976744186047
chrX	28020001	28030000	B.2.1.1.2.2.2.1	0.25	0.156976744186047
chrX	28030001	28040000	B.2.1.1.2.2.2.1	0.25	0.156976744186047
chrX	28040001	28050000	B.2.1.1.2.2.2.1	0.25	0.156976744186047
chrX	28050001	28060000	B.2.1.1.2.2.2.1	0.25	0.156976744186047
chrX	28060001	28070000	B.2.1.1.2.2.2.1	0.25	0.156976744186047
chrX	28070001	28080000	B.2.1.1.2.2.2.1	0.25	0.156976744186047
chrX	28080001	28090000	B.2.1.1.2.2.2.1	0.25	0.156976744186047
chrX	28090001	28100000	B.2.1.1.2.2.2.1	0.25	0.156976744186047
chrX	28100001	28110000	B.2.1.1.2.2.2.1	0.25	0.156976744186047
chrX	28110001	28120000	B.2.1.1.2.2.2.1	0.25	0.156976744186047
chrX	28120001	28130000	B.2.1.1.2.2.2.1	0.25	0.156976744186047
chrX	28130001	28140000	B.2.1.1.2.2.2.1	0.25	0.156976744186047
chrX	28140001	28150000	B.2.1.1.2.2.2.1	0.25	0.156976744186047
chrX	28150001	28160000	B.2.1.1.2.2.2.1	0.25	0.156976744186047
chrX	28160001	28170000	B.2.1.1.2.2.2.1	0.25	0.156976744186047
chrX	28170001	28180000	B.2.1.1.2.2.2.1	0.25	0.156976744186047
chrX	28180001	28190000	B.2.1.1.2.2.2.1	0.25	0.156976744186047
chrX	28190001	28200000	B.2.1.1.2.2.2.1	0.25	0.156976744186047
chrX	28200001	28210000	B.2.1.1.2.2.2.1	0.25	0.156976744186047
chrX	28210001	28220000	B.2.1.1.2.2.2.1	0.25	0.156976744186047
chrX	28220001	28230000	B.2.1.1.2.2.2.1	0.25	0.156976744186047
chrX	28230001	28240000	B.2.1.1.2.2.2.1	0.25	0.156976744186047
chrX	28240001	28250000	B.2.1.1.2.2.2.1	0.25	0.156976744186047
chrX	28250001	28260000	B.2.1.1.1.1.1.2.2	0.25	0.226744186046512
chrX	28260001	28270000	B.2.1.1.1.1.1.2.2	0.25	0.226744186046512
chrX	28270001	28280000	B.2.1.1.1.1.1.2.2	0.25	0.226744186046512
chrX	28280001	28290000	B.2.1.1.1.1.1.2.2	0.25	0.226744186046512
chrX	28290001	28300000	B.2.1.1.1.1.1.2.2	0.25	0.226744186046512
chrX	28300001	28310000	B.2.1.1.1.1.1.2.2	0.25	0.226744186046512
chrX	28310001	28320000	B.2.1.1.1.1.1.2.2	0.25	0.226744186046512
chrX	28320001	28330000	B.2.1.1.1.1.1.2.2	0.25	0.226744186046512
chrX	28330001	28340000	B.2.1.1.1.1.1.2.2	0.25	0.226744186046512
chrX	28340001	28350000	B.2.1.1.1.1.1.2.2	0.25	0.226744186046512
chrX	28350001	28360000	B.2.1.1.1.1.1.2.2	0.25	0.226744186046512
chrX	28360001	28370000	B.2.1.1.1.1.1.2.2	0.25	0.226744186046512
chrX	28370001	28380000	B.2.1.1.1.1.1.2.2	0.25	0.226744186046512
chrX	28380001	28390000	B.2.1.1.1.1.1.2.2	0.25	0.226744186046512
chrX	28390001	28400000	B.2.1.1.1.1.1.2.2	0.25	0.226744186046512
chrX	28400001	28410000	B.2.1.1.1.1.1.2.2	0.25	0.226744186046512
chrX	28410001	28420000	B.2.1.1.1.1.1.2.2	0.25	0.226744186046512
chrX	28420001	28430000	B.2.1.1.1.1.1.2.2	0.25	0.226744186046512
chrX	28430001	28440000	B.2.1.1.1.1.1.2.2	0.25	0.226744186046512
chrX	28440001	28450000	B.2.1.1.1.1.1.2.2	0.25	0.226744186046512
chrX	28450001	28460000	B.2.1.1.1.1.1.2.2	0.25	0.226744186046512
chrX	28460001	28470000	B.2.1.1.1.1.1.2.2	0.25	0.226744186046512
chrX	28470001	28480000	B.2.1.1.1.1.1.2.2	0.25	0.226744186046512
chrX	28480001	28490000	B.2.1.1.1.1.1.2.2	0.25	0.226744186046512
chrX	28490001	28500000	B.2.1.1.1.1.1.2.2	0.25	0.226744186046512
chrX	28500001	28510000	B.1.2.1.1.1.1.1.1	0.375	0.395348837209302
chrX	28510001	28520000	B.1.2.1.1.1.1.1.1	0.375	0.395348837209302
chrX	28520001	28530000	B.1.2.1.1.1.1.1.1	0.375	0.395348837209302
chrX	28530001	28540000	B.1.2.1.1.1.1.1.1	0.375	0.395348837209302
chrX	28540001	28550000	B.1.2.1.1.1.1.1.1	0.375	0.395348837209302
chrX	28550001	28560000	B.1.2.1.1.1.1.1.1	0.375	0.395348837209302
chrX	28560001	28570000	B.1.2.1.1.1.1.1.1	0.375	0.395348837209302
chrX	28570001	28580000	B.1.2.1.1.1.1.1.1	0.375	0.395348837209302
chrX	28580001	28590000	B.1.2.1.1.1.1.1.1	0.375	0.395348837209302
chrX	28590001	28600000	B.1.2.1.1.1.1.1.1	0.375	0.395348837209302
chrX	28600001	28610000	B.1.2.1.1.1.1.1.1	0.375	0.395348837209302
chrX	28610001	28620000	B.1.2.1.1.1.1.1.1	0.375	0.395348837209302
chrX	28620001	28630000	B.1.2.1.1.1.1.1.1	0.375	0.395348837209302
chrX	28630001	28640000	B.1.2.1.1.1.1.1.1	0.375	0.395348837209302
chrX	28640001	28650000	B.1.2.1.1.1.1.1.1	0.375	0.395348837209302
chrX	28650001	28660000	B.2.1.1.2.1.2.1	0.25	0.174418604651163
chrX	28660001	28670000	B.2.1.1.2.1.2.1	0.25	0.174418604651163
chrX	28670001	28680000	B.2.1.1.2.1.2.1	0.25	0.174418604651163
chrX	28680001	28690000	B.2.1.1.2.1.2.1	0.25	0.174418604651163
chrX	28690001	28700000	B.2.1.1.2.1.2.1	0.25	0.174418604651163
chrX	28700001	28710000	B.2.1.1.2.1.2.1	0.25	0.174418604651163
chrX	28710001	28720000	B.2.1.1.2.1.2.1	0.25	0.174418604651163
chrX	28720001	28730000	B.2.1.1.2.1.2.1	0.25	0.174418604651163
chrX	28730001	28740000	B.2.1.1.2.1.2.1	0.25	0.174418604651163
chrX	28740001	28750000	B.2.1.1.2.1.2.1	0.25	0.174418604651163
chrX	28750001	28760000	B.2.1.1.2.1.2.1	0.25	0.174418604651163
chrX	28760001	28770000	B.2.1.1.2.1.2.1	0.25	0.174418604651163
chrX	28770001	28780000	B.2.1.1.2.1.2.1	0.25	0.174418604651163
chrX	28780001	28790000	B.2.1.1.2.1.2.1	0.25	0.174418604651163
chrX	28790001	28800000	B.2.1.1.2.1.2.1	0.25	0.174418604651163
chrX	28800001	28810000	B.2.1.1.2.1.2.1	0.25	0.174418604651163
chrX	28810001	28820000	B.2.1.1.2.1.2.1	0.25	0.174418604651163
chrX	28820001	28830000	B.2.1.1.2.1.2.1	0.25	0.174418604651163
chrX	28830001	28840000	B.2.1.1.2.1.2.1	0.25	0.174418604651163
chrX	28840001	28850000	B.2.1.1.2.1.2.1	0.25	0.174418604651163
chrX	28850001	28860000	B.2.1.1.2.1.2.1	0.25	0.174418604651163
chrX	28860001	28870000	B.2.1.1.2.1.2.1	0.25	0.174418604651163
chrX	28870001	28880000	B.2.1.1.2.1.2.1	0.25	0.174418604651163
chrX	28880001	28890000	B.2.1.1.2.1.2.1	0.25	0.174418604651163
chrX	28890001	28900000	B.2.1.1.2.1.2.1	0.25	0.174418604651163
chrX	28900001	28910000	B.2.1.1.1.1.1.1.1	0.25	0.25
chrX	28910001	28920000	B.2.1.1.1.1.1.1.1	0.25	0.25
chrX	28920001	28930000	B.2.1.1.1.1.1.1.1	0.25	0.25
chrX	28930001	28940000	B.2.1.1.1.1.1.1.1	0.25	0.25
chrX	28940001	28950000	B.2.1.1.1.1.1.1.1	0.25	0.25
chrX	28950001	28960000	B.2.1.1.1.1.1.1.1	0.25	0.25
chrX	28960001	28970000	B.2.1.1.1.1.1.1.1	0.25	0.25
chrX	28970001	28980000	B.2.1.1.1.1.1.1.1	0.25	0.25
chrX	28980001	28990000	B.2.1.1.1.1.1.1.1	0.25	0.25
chrX	28990001	2.9e+07	B.2.1.1.1.1.1.1.1	0.25	0.25
chrX	29000001	29010000	B.2.1.1.1.1.1.1.2	0.25	0.244186046511628
chrX	29010001	29020000	B.2.1.1.1.1.1.1.2	0.25	0.244186046511628
chrX	29020001	29030000	B.2.1.1.1.1.1.1.2	0.25	0.244186046511628
chrX	29030001	29040000	B.2.1.1.1.1.1.1.2	0.25	0.244186046511628
chrX	29040001	29050000	B.2.1.1.1.1.1.1.2	0.25	0.244186046511628
chrX	29050001	29060000	B.2.1.1.1.1.1.1.2	0.25	0.244186046511628
chrX	29060001	29070000	B.2.1.1.1.1.1.1.2	0.25	0.244186046511628
chrX	29070001	29080000	B.2.1.1.1.1.1.1.2	0.25	0.244186046511628
chrX	29080001	29090000	B.2.1.1.1.1.1.1.2	0.25	0.244186046511628
chrX	29090001	29100000	B.2.1.1.1.1.1.1.2	0.25	0.244186046511628
chrX	29100001	29110000	B.2.1.1.1.1.1.1.2	0.25	0.244186046511628
chrX	29110001	29120000	B.2.1.1.1.1.1.1.2	0.25	0.244186046511628
chrX	29120001	29130000	B.2.1.1.1.1.1.1.2	0.25	0.244186046511628
chrX	29130001	29140000	B.2.1.1.1.1.1.1.2	0.25	0.244186046511628
chrX	29140001	29150000	B.2.1.1.1.1.1.1.2	0.25	0.244186046511628
chrX	29150001	29160000	B.1.1.1.2.2.2.2	0.5	0.494186046511628
chrX	29160001	29170000	B.1.1.1.2.2.2.2	0.5	0.494186046511628
chrX	29170001	29180000	B.1.1.1.2.2.2.2	0.5	0.494186046511628
chrX	29180001	29190000	B.1.1.1.2.2.2.2	0.5	0.494186046511628
chrX	29190001	29200000	B.1.1.1.2.2.2.2	0.5	0.494186046511628
chrX	29200001	29210000	B.1.1.1.2.2.2.2	0.5	0.494186046511628
chrX	29210001	29220000	B.1.1.1.2.2.2.2	0.5	0.494186046511628
chrX	29220001	29230000	B.1.1.1.2.2.2.2	0.5	0.494186046511628
chrX	29230001	29240000	B.1.1.1.2.2.2.2	0.5	0.494186046511628
chrX	29240001	29250000	B.1.1.1.2.2.2.2	0.5	0.494186046511628
chrX	29250001	29260000	B.1.1.2.2.2.2.1	0.5	0.406976744186047
chrX	29260001	29270000	B.1.1.2.2.2.2.1	0.5	0.406976744186047
chrX	29270001	29280000	B.1.1.2.2.2.2.1	0.5	0.406976744186047
chrX	29280001	29290000	B.1.1.2.2.2.2.1	0.5	0.406976744186047
chrX	29290001	29300000	B.1.1.2.2.2.2.1	0.5	0.406976744186047
chrX	29300001	29310000	B.1.1.2.2.2.2.1	0.5	0.406976744186047
chrX	29310001	29320000	B.1.1.2.2.2.2.1	0.5	0.406976744186047
chrX	29320001	29330000	B.1.1.2.2.2.2.1	0.5	0.406976744186047
chrX	29330001	29340000	B.1.1.2.2.2.2.1	0.5	0.406976744186047
chrX	29340001	29350000	B.1.1.2.2.2.2.1	0.5	0.406976744186047
chrX	29350001	29360000	B.1.1.2.2.2.2.1	0.5	0.406976744186047
chrX	29360001	29370000	B.1.1.2.2.2.2.1	0.5	0.406976744186047
chrX	29370001	29380000	B.1.1.2.2.2.2.1	0.5	0.406976744186047
chrX	29380001	29390000	B.1.1.2.2.2.2.1	0.5	0.406976744186047
chrX	29390001	29400000	B.1.1.2.2.2.2.1	0.5	0.406976744186047
chrX	29400001	29410000	B.1.1.2.2.2.2.1	0.5	0.406976744186047
chrX	29410001	29420000	B.1.1.2.2.2.2.1	0.5	0.406976744186047
chrX	29420001	29430000	B.1.1.2.2.2.2.1	0.5	0.406976744186047
chrX	29430001	29440000	B.1.1.2.2.2.2.1	0.5	0.406976744186047
chrX	29440001	29450000	B.1.1.2.2.2.2.1	0.5	0.406976744186047
chrX	29450001	29460000	B.1.1.2.2.2.2.1	0.5	0.406976744186047
chrX	29460001	29470000	B.1.1.2.2.2.2.1	0.5	0.406976744186047
chrX	29470001	29480000	B.1.1.2.2.2.2.1	0.5	0.406976744186047
chrX	29480001	29490000	B.1.1.2.2.2.2.1	0.5	0.406976744186047
chrX	29490001	29500000	B.1.1.2.2.2.2.1	0.5	0.406976744186047
chrX	29500001	29510000	B.1.1.1.2.1.2.1.1	0.5	0.529069767441861
chrX	29510001	29520000	B.1.1.1.2.1.2.1.1	0.5	0.529069767441861
chrX	29520001	29530000	B.1.1.1.2.1.2.1.1	0.5	0.529069767441861
chrX	29530001	29540000	B.1.1.1.2.1.2.1.1	0.5	0.529069767441861
chrX	29540001	29550000	B.1.1.1.2.1.2.1.1	0.5	0.529069767441861
chrX	29550001	29560000	B.1.1.1.2.1.2.1.1	0.5	0.529069767441861
chrX	29560001	29570000	B.1.1.1.2.1.2.1.1	0.5	0.529069767441861
chrX	29570001	29580000	B.1.1.1.2.1.2.1.1	0.5	0.529069767441861
chrX	29580001	29590000	B.1.1.1.2.1.2.1.1	0.5	0.529069767441861
chrX	29590001	29600000	B.1.1.1.2.1.2.1.1	0.5	0.529069767441861
chrX	29600001	29610000	B.1.1.1.2.1.2.1.1	0.5	0.529069767441861
chrX	29610001	29620000	B.1.1.1.2.1.2.1.1	0.5	0.529069767441861
chrX	29620001	29630000	B.1.1.1.2.1.2.1.1	0.5	0.529069767441861
chrX	29630001	29640000	B.1.1.1.2.1.2.1.1	0.5	0.529069767441861
chrX	29640001	29650000	B.1.1.1.2.1.2.1.1	0.5	0.529069767441861
chrX	29650001	29660000	B.1.2.1.1.2.1.2	0.375	0.354651162790698
chrX	29660001	29670000	B.1.2.1.1.2.1.2	0.375	0.354651162790698
chrX	29670001	29680000	B.1.2.1.1.2.1.2	0.375	0.354651162790698
chrX	29680001	29690000	B.1.2.1.1.2.1.2	0.375	0.354651162790698
chrX	29690001	29700000	B.1.2.1.1.2.1.2	0.375	0.354651162790698
chrX	29700001	29710000	B.1.2.1.1.2.1.2	0.375	0.354651162790698
chrX	29710001	29720000	B.1.2.1.1.2.1.2	0.375	0.354651162790698
chrX	29720001	29730000	B.1.2.1.1.2.1.2	0.375	0.354651162790698
chrX	29730001	29740000	B.1.2.1.1.2.1.2	0.375	0.354651162790698
chrX	29740001	29750000	B.1.2.1.1.2.1.2	0.375	0.354651162790698
chrX	29750001	29760000	B.1.2.1.1.2.1.2	0.375	0.354651162790698
chrX	29760001	29770000	B.1.2.1.1.2.1.2	0.375	0.354651162790698
chrX	29770001	29780000	B.1.2.1.1.2.1.2	0.375	0.354651162790698
chrX	29780001	29790000	B.1.2.1.1.2.1.2	0.375	0.354651162790698
chrX	29790001	29800000	B.1.2.1.1.2.1.2	0.375	0.354651162790698
chrX	29800001	29810000	B.1.2.1.1.2.1.2	0.375	0.354651162790698
chrX	29810001	29820000	B.1.2.1.1.2.1.2	0.375	0.354651162790698
chrX	29820001	29830000	B.1.2.1.1.2.1.2	0.375	0.354651162790698
chrX	29830001	29840000	B.1.2.1.1.2.1.2	0.375	0.354651162790698
chrX	29840001	29850000	B.1.2.1.1.2.1.2	0.375	0.354651162790698
chrX	29850001	29860000	B.1.2.1.1.2.1.2	0.375	0.354651162790698
chrX	29860001	29870000	B.1.2.1.1.2.1.2	0.375	0.354651162790698
chrX	29870001	29880000	B.1.2.1.1.2.1.2	0.375	0.354651162790698
chrX	29880001	29890000	B.1.2.1.1.2.1.2	0.375	0.354651162790698
chrX	29890001	29900000	B.1.2.1.1.2.1.2	0.375	0.354651162790698
chrX	29900001	29910000	B.1.2.1.1.2.1.2	0.375	0.354651162790698
chrX	29910001	29920000	B.1.2.1.1.2.1.2	0.375	0.354651162790698
chrX	29920001	29930000	B.1.2.1.1.2.1.2	0.375	0.354651162790698
chrX	29930001	29940000	B.1.2.1.1.2.1.2	0.375	0.354651162790698
chrX	29940001	29950000	B.1.2.1.1.2.1.2	0.375	0.354651162790698
chrX	29950001	29960000	B.1.2.1.1.2.1.2	0.375	0.354651162790698
chrX	29960001	29970000	B.1.2.1.1.2.1.2	0.375	0.354651162790698
chrX	29970001	29980000	B.1.2.1.1.2.1.2	0.375	0.354651162790698
chrX	29980001	29990000	B.1.2.1.1.2.1.2	0.375	0.354651162790698
chrX	29990001	3e+07	B.1.2.1.1.2.1.2	0.375	0.354651162790698
chrX	30000001	30010000	B.2.1.1.2.2.2.2	0.25	0.151162790697674
chrX	30010001	30020000	B.2.1.1.2.2.2.2	0.25	0.151162790697674
chrX	30020001	30030000	B.2.1.1.2.2.2.2	0.25	0.151162790697674
chrX	30030001	30040000	B.2.1.1.2.2.2.2	0.25	0.151162790697674
chrX	30040001	30050000	B.2.1.1.2.2.2.2	0.25	0.151162790697674
chrX	30050001	30060000	B.2.1.1.2.2.2.2	0.25	0.151162790697674
chrX	30060001	30070000	B.2.1.1.2.2.2.2	0.25	0.151162790697674
chrX	30070001	30080000	B.2.1.1.2.2.2.2	0.25	0.151162790697674
chrX	30080001	30090000	B.2.1.1.2.2.2.2	0.25	0.151162790697674
chrX	30090001	30100000	B.2.1.1.2.2.2.2	0.25	0.151162790697674
chrX	30100001	30110000	B.2.1.1.2.2.2.2	0.25	0.151162790697674
chrX	30110001	30120000	B.2.1.1.2.2.2.2	0.25	0.151162790697674
chrX	30120001	30130000	B.2.1.1.2.2.2.2	0.25	0.151162790697674
chrX	30130001	30140000	B.2.1.1.2.2.2.2	0.25	0.151162790697674
chrX	30140001	30150000	B.2.1.1.2.2.2.2	0.25	0.151162790697674
chrX	30150001	30160000	B.2.1.1.2.2.2.2	0.25	0.151162790697674
chrX	30160001	30170000	B.2.1.1.2.2.2.2	0.25	0.151162790697674
chrX	30170001	30180000	B.2.1.1.2.2.2.2	0.25	0.151162790697674
chrX	30180001	30190000	B.2.1.1.2.2.2.2	0.25	0.151162790697674
chrX	30190001	30200000	B.2.1.1.2.2.2.2	0.25	0.151162790697674
chrX	30200001	30210000	B.2.1.2.2.1.1.2.2	0.25	0.104651162790698
chrX	30210001	30220000	B.2.1.2.2.1.1.2.2	0.25	0.104651162790698
chrX	30220001	30230000	B.2.1.2.2.1.1.2.2	0.25	0.104651162790698
chrX	30230001	30240000	B.2.1.2.2.1.1.2.2	0.25	0.104651162790698
chrX	30240001	30250000	B.2.1.2.2.1.1.2.2	0.25	0.104651162790698
chrX	30250001	30260000	B.2.1.2.2.1.1.2.2	0.25	0.104651162790698
chrX	30260001	30270000	B.2.1.2.2.1.1.2.2	0.25	0.104651162790698
chrX	30270001	30280000	B.2.1.2.2.1.1.2.2	0.25	0.104651162790698
chrX	30280001	30290000	B.2.1.2.2.1.1.2.2	0.25	0.104651162790698
chrX	30290001	30300000	B.2.1.2.2.1.1.2.2	0.25	0.104651162790698
chrX	30300001	30310000	B.2.1.2.2.1.1.2.2	0.25	0.104651162790698
chrX	30310001	30320000	B.2.1.2.2.1.1.2.2	0.25	0.104651162790698
chrX	30320001	30330000	B.2.1.2.2.1.1.2.2	0.25	0.104651162790698
chrX	30330001	30340000	B.2.1.2.2.1.1.2.2	0.25	0.104651162790698
chrX	30340001	30350000	B.2.1.2.2.1.1.2.2	0.25	0.104651162790698
chrX	30350001	30360000	B.2.1.2.2.1.1.2.2	0.25	0.104651162790698
chrX	30360001	30370000	B.2.1.2.2.1.1.2.2	0.25	0.104651162790698
chrX	30370001	30380000	B.2.1.2.2.1.1.2.2	0.25	0.104651162790698
chrX	30380001	30390000	B.2.1.2.2.1.1.2.2	0.25	0.104651162790698
chrX	30390001	30400000	B.2.1.2.2.1.1.2.2	0.25	0.104651162790698
chrX	30400001	30410000	B.2.1.2.2.1.1.2.1	0.25	0.11046511627907
chrX	30410001	30420000	B.2.1.2.2.1.1.2.1	0.25	0.11046511627907
chrX	30420001	30430000	B.2.1.2.2.1.1.2.1	0.25	0.11046511627907
chrX	30430001	30440000	B.2.1.2.2.1.1.2.1	0.25	0.11046511627907
chrX	30440001	30450000	B.2.1.2.2.1.1.2.1	0.25	0.11046511627907
chrX	30450001	30460000	B.2.1.2.2.1.1.2.1	0.25	0.11046511627907
chrX	30460001	30470000	B.2.1.2.2.1.1.2.1	0.25	0.11046511627907
chrX	30470001	30480000	B.2.1.2.2.1.1.2.1	0.25	0.11046511627907
chrX	30480001	30490000	B.2.1.2.2.1.1.2.1	0.25	0.11046511627907
chrX	30490001	30500000	B.2.1.2.2.1.1.2.1	0.25	0.11046511627907
chrX	30500001	30510000	B.2.1.2.2.1.1.2.1	0.25	0.11046511627907
chrX	30510001	30520000	B.2.1.2.2.1.1.2.1	0.25	0.11046511627907
chrX	30520001	30530000	B.2.1.2.2.1.1.2.1	0.25	0.11046511627907
chrX	30530001	30540000	B.2.1.2.2.1.1.2.1	0.25	0.11046511627907
chrX	30540001	30550000	B.2.1.2.2.1.1.2.1	0.25	0.11046511627907
chrX	30550001	30560000	B.2.1.2.2.1.1.2.1	0.25	0.11046511627907
chrX	30560001	30570000	B.2.1.2.2.1.1.2.1	0.25	0.11046511627907
chrX	30570001	30580000	B.2.1.2.2.1.1.2.1	0.25	0.11046511627907
chrX	30580001	30590000	B.2.1.2.2.1.1.2.1	0.25	0.11046511627907
chrX	30590001	30600000	B.2.1.2.2.1.1.2.1	0.25	0.11046511627907
chrX	30600001	30610000	B.1.1.2.2.1.2.2.1	0.5	0.447674418604651
chrX	30610001	30620000	B.1.1.2.2.1.2.2.1	0.5	0.447674418604651
chrX	30620001	30630000	B.1.1.2.2.1.2.2.1	0.5	0.447674418604651
chrX	30630001	30640000	B.1.1.2.2.1.2.2.1	0.5	0.447674418604651
chrX	30640001	30650000	B.1.1.2.2.1.2.2.1	0.5	0.447674418604651
chrX	30650001	30660000	B.1.1.2.2.1.2.2.1	0.5	0.447674418604651
chrX	30660001	30670000	B.1.1.2.2.1.2.2.1	0.5	0.447674418604651
chrX	30670001	30680000	B.1.1.2.2.1.2.2.1	0.5	0.447674418604651
chrX	30680001	30690000	B.1.1.2.2.1.2.2.1	0.5	0.447674418604651
chrX	30690001	30700000	B.1.1.2.2.1.2.2.1	0.5	0.447674418604651
chrX	30700001	30710000	B.1.1.2.2.1.2.2.1	0.5	0.447674418604651
chrX	30710001	30720000	B.1.1.2.2.1.2.2.1	0.5	0.447674418604651
chrX	30720001	30730000	B.1.1.2.2.1.2.2.1	0.5	0.447674418604651
chrX	30730001	30740000	B.1.1.2.2.1.2.2.1	0.5	0.447674418604651
chrX	30740001	30750000	B.1.1.2.2.1.2.2.1	0.5	0.447674418604651
chrX	30750001	30760000	B.1.1.2.2.1.2.2.2	0.5	0.441860465116279
chrX	30760001	30770000	B.1.1.2.2.1.2.2.2	0.5	0.441860465116279
chrX	30770001	30780000	B.1.1.2.2.1.2.2.2	0.5	0.441860465116279
chrX	30780001	30790000	B.1.1.2.2.1.2.2.2	0.5	0.441860465116279
chrX	30790001	30800000	B.1.1.2.2.1.2.2.2	0.5	0.441860465116279
chrX	30800001	30810000	B.1.1.2.2.1.2.2.2	0.5	0.441860465116279
chrX	30810001	30820000	B.1.1.2.2.1.2.2.2	0.5	0.441860465116279
chrX	30820001	30830000	B.1.1.2.2.1.2.2.2	0.5	0.441860465116279
chrX	30830001	30840000	B.1.1.2.2.1.2.2.2	0.5	0.441860465116279
chrX	30840001	30850000	B.1.1.2.2.1.2.2.2	0.5	0.441860465116279
chrX	30850001	30860000	B.1.2.1.1.2.1.1	0.375	0.36046511627907
chrX	30860001	30870000	B.1.2.1.1.2.1.1	0.375	0.36046511627907
chrX	30870001	30880000	B.1.2.1.1.2.1.1	0.375	0.36046511627907
chrX	30880001	30890000	B.1.2.1.1.2.1.1	0.375	0.36046511627907
chrX	30890001	30900000	B.1.2.1.1.2.1.1	0.375	0.36046511627907
chrX	30900001	30910000	B.1.2.1.1.2.1.1	0.375	0.36046511627907
chrX	30910001	30920000	B.1.2.1.1.2.1.1	0.375	0.36046511627907
chrX	30920001	30930000	B.1.2.1.1.2.1.1	0.375	0.36046511627907
chrX	30930001	30940000	B.1.2.1.1.2.1.1	0.375	0.36046511627907
chrX	30940001	30950000	B.1.2.1.1.2.1.1	0.375	0.36046511627907
chrX	30950001	30960000	B.1.2.1.1.2.1.1	0.375	0.36046511627907
chrX	30960001	30970000	B.1.2.1.1.2.1.1	0.375	0.36046511627907
chrX	30970001	30980000	B.1.2.1.1.2.1.1	0.375	0.36046511627907
chrX	30980001	30990000	B.1.2.1.1.2.1.1	0.375	0.36046511627907
chrX	30990001	3.1e+07	B.1.2.1.1.2.1.1	0.375	0.36046511627907
chrX	31000001	31010000	B.1.2.1.1.2.1.1	0.375	0.36046511627907
chrX	31010001	31020000	B.1.2.1.1.2.1.1	0.375	0.36046511627907
chrX	31020001	31030000	B.1.2.1.1.2.1.1	0.375	0.36046511627907
chrX	31030001	31040000	B.1.2.1.1.2.1.1	0.375	0.36046511627907
chrX	31040001	31050000	B.1.2.1.1.2.1.1	0.375	0.36046511627907
chrX	31050001	31060000	B.1.2.1.1.2.1.1	0.375	0.36046511627907
chrX	31060001	31070000	B.1.2.1.1.2.1.1	0.375	0.36046511627907
chrX	31070001	31080000	B.1.2.1.1.2.1.1	0.375	0.36046511627907
chrX	31080001	31090000	B.1.2.1.1.2.1.1	0.375	0.36046511627907
chrX	31090001	31100000	B.1.2.1.1.2.1.1	0.375	0.36046511627907
chrX	31100001	31110000	B.1.2.1.1.2.1.1	0.375	0.36046511627907
chrX	31110001	31120000	B.1.2.1.1.2.1.1	0.375	0.36046511627907
chrX	31120001	31130000	B.1.2.1.1.2.1.1	0.375	0.36046511627907
chrX	31130001	31140000	B.1.2.1.1.2.1.1	0.375	0.36046511627907
chrX	31140001	31150000	B.1.2.1.1.2.1.1	0.375	0.36046511627907
chrX	31150001	31160000	B.1.2.1.1.2.1.1	0.375	0.36046511627907
chrX	31160001	31170000	B.1.2.1.1.2.1.1	0.375	0.36046511627907
chrX	31170001	31180000	B.1.2.1.1.2.1.1	0.375	0.36046511627907
chrX	31180001	31190000	B.1.2.1.1.2.1.1	0.375	0.36046511627907
chrX	31190001	31200000	B.1.2.1.1.2.1.1	0.375	0.36046511627907
chrX	31200001	31210000	B.1.2.1.1.2.1.1	0.375	0.36046511627907
chrX	31210001	31220000	B.1.2.1.1.2.1.1	0.375	0.36046511627907
chrX	31220001	31230000	B.1.2.1.1.2.1.1	0.375	0.36046511627907
chrX	31230001	31240000	B.1.2.1.1.2.1.1	0.375	0.36046511627907
chrX	31240001	31250000	B.1.2.1.1.2.1.1	0.375	0.36046511627907
chrX	31250001	31260000	B.1.2.1.1.2.1.1	0.375	0.36046511627907
chrX	31260001	31270000	B.1.2.1.1.2.1.1	0.375	0.36046511627907
chrX	31270001	31280000	B.1.2.1.1.2.1.1	0.375	0.36046511627907
chrX	31280001	31290000	B.1.2.1.1.2.1.1	0.375	0.36046511627907
chrX	31290001	31300000	B.1.2.1.1.2.1.1	0.375	0.36046511627907
chrX	31300001	31310000	B.1.2.1.1.2.1.1	0.375	0.36046511627907
chrX	31310001	31320000	B.1.2.1.1.2.1.1	0.375	0.36046511627907
chrX	31320001	31330000	B.1.2.1.1.2.1.1	0.375	0.36046511627907
chrX	31330001	31340000	B.1.2.1.1.2.1.1	0.375	0.36046511627907
chrX	31340001	31350000	B.1.2.1.1.2.1.1	0.375	0.36046511627907
chrX	31350001	31360000	B.1.2.1.1.2.1.1	0.375	0.36046511627907
chrX	31360001	31370000	B.1.2.1.1.2.1.1	0.375	0.36046511627907
chrX	31370001	31380000	B.1.2.1.1.2.1.1	0.375	0.36046511627907
chrX	31380001	31390000	B.1.2.1.1.2.1.1	0.375	0.36046511627907
chrX	31390001	31400000	B.1.2.1.1.2.1.1	0.375	0.36046511627907
chrX	31400001	31410000	B.1.1.2.2.2.1.2.1	0.5	0.418604651162791
chrX	31410001	31420000	B.1.1.2.2.2.1.2.1	0.5	0.418604651162791
chrX	31420001	31430000	B.1.1.2.2.2.1.2.1	0.5	0.418604651162791
chrX	31430001	31440000	B.1.1.2.2.2.1.2.1	0.5	0.418604651162791
chrX	31440001	31450000	B.1.1.2.2.2.1.2.1	0.5	0.418604651162791
chrX	31450001	31460000	B.1.1.2.2.2.1.2.1	0.5	0.418604651162791
chrX	31460001	31470000	B.1.1.2.2.2.1.2.1	0.5	0.418604651162791
chrX	31470001	31480000	B.1.1.2.2.2.1.2.1	0.5	0.418604651162791
chrX	31480001	31490000	B.1.1.2.2.2.1.2.1	0.5	0.418604651162791
chrX	31490001	31500000	B.1.1.2.2.2.1.2.1	0.5	0.418604651162791
chrX	31500001	31510000	B.2.1.2.2.1.1.1.2	0.25	0.116279069767442
chrX	31510001	31520000	B.2.1.2.2.1.1.1.2	0.25	0.116279069767442
chrX	31520001	31530000	B.2.1.2.2.1.1.1.2	0.25	0.116279069767442
chrX	31530001	31540000	B.2.1.2.2.1.1.1.2	0.25	0.116279069767442
chrX	31540001	31550000	B.2.1.2.2.1.1.1.2	0.25	0.116279069767442
chrX	31550001	31560000	B.2.1.2.2.1.1.1.2	0.25	0.116279069767442
chrX	31560001	31570000	B.2.1.2.2.1.1.1.2	0.25	0.116279069767442
chrX	31570001	31580000	B.2.1.2.2.1.1.1.2	0.25	0.116279069767442
chrX	31580001	31590000	B.2.1.2.2.1.1.1.2	0.25	0.116279069767442
chrX	31590001	31600000	B.2.1.2.2.1.1.1.2	0.25	0.116279069767442
chrX	31600001	31610000	B.2.1.2.2.1.1.1.2	0.25	0.116279069767442
chrX	31610001	31620000	B.2.1.2.2.1.1.1.2	0.25	0.116279069767442
chrX	31620001	31630000	B.2.1.2.2.1.1.1.2	0.25	0.116279069767442
chrX	31630001	31640000	B.2.1.2.2.1.1.1.2	0.25	0.116279069767442
chrX	31640001	31650000	B.2.1.2.2.1.1.1.2	0.25	0.116279069767442
chrX	31650001	31660000	B.2.1.2.2.1.1.1.2	0.25	0.116279069767442
chrX	31660001	31670000	B.2.1.2.2.1.1.1.2	0.25	0.116279069767442
chrX	31670001	31680000	B.2.1.2.2.1.1.1.2	0.25	0.116279069767442
chrX	31680001	31690000	B.2.1.2.2.1.1.1.2	0.25	0.116279069767442
chrX	31690001	31700000	B.2.1.2.2.1.1.1.2	0.25	0.116279069767442
chrX	31700001	31710000	B.2.2.2.1.1	0.125	0.0290697674418605
chrX	31710001	31720000	B.2.2.2.1.1	0.125	0.0290697674418605
chrX	31720001	31730000	B.2.2.2.1.1	0.125	0.0290697674418605
chrX	31730001	31740000	B.2.2.2.1.1	0.125	0.0290697674418605
chrX	31740001	31750000	B.2.2.2.1.1	0.125	0.0290697674418605
chrX	31750001	31760000	B.2.2.2.1.1	0.125	0.0290697674418605
chrX	31760001	31770000	B.2.2.2.1.1	0.125	0.0290697674418605
chrX	31770001	31780000	B.2.2.2.1.1	0.125	0.0290697674418605
chrX	31780001	31790000	B.2.2.2.1.1	0.125	0.0290697674418605
chrX	31790001	31800000	B.2.2.2.1.1	0.125	0.0290697674418605
chrX	31800001	31810000	B.2.2.2.1.1	0.125	0.0290697674418605
chrX	31810001	31820000	B.2.2.2.1.1	0.125	0.0290697674418605
chrX	31820001	31830000	B.2.2.2.1.1	0.125	0.0290697674418605
chrX	31830001	31840000	B.2.2.2.1.1	0.125	0.0290697674418605
chrX	31840001	31850000	B.2.2.2.1.1	0.125	0.0290697674418605
chrX	31850001	31860000	B.2.2.2.1.1	0.125	0.0290697674418605
chrX	31860001	31870000	B.2.2.2.1.1	0.125	0.0290697674418605
chrX	31870001	31880000	B.2.2.2.1.1	0.125	0.0290697674418605
chrX	31880001	31890000	B.2.2.2.1.1	0.125	0.0290697674418605
chrX	31890001	31900000	B.2.2.2.1.1	0.125	0.0290697674418605
chrX	31900001	31910000	B.2.2.2.1.1	0.125	0.0290697674418605
chrX	31910001	31920000	B.2.2.2.1.1	0.125	0.0290697674418605
chrX	31920001	31930000	B.2.2.2.1.1	0.125	0.0290697674418605
chrX	31930001	31940000	B.2.2.2.1.1	0.125	0.0290697674418605
chrX	31940001	31950000	B.2.2.2.1.1	0.125	0.0290697674418605
chrX	31950001	31960000	B.2.1.2.2.2.1.1.1.1	0.25	0.0930232558139535
chrX	31960001	31970000	B.2.1.2.2.2.1.1.1.1	0.25	0.0930232558139535
chrX	31970001	31980000	B.2.1.2.2.2.1.1.1.1	0.25	0.0930232558139535
chrX	31980001	31990000	B.2.1.2.2.2.1.1.1.1	0.25	0.0930232558139535
chrX	31990001	3.2e+07	B.2.1.2.2.2.1.1.1.1	0.25	0.0930232558139535
chrX	32000001	32010000	B.2.1.2.2.2.1.1.1.1	0.25	0.0930232558139535
chrX	32010001	32020000	B.2.1.2.2.2.1.1.1.1	0.25	0.0930232558139535
chrX	32020001	32030000	B.2.1.2.2.2.1.1.1.1	0.25	0.0930232558139535
chrX	32030001	32040000	B.2.1.2.2.2.1.1.1.1	0.25	0.0930232558139535
chrX	32040001	32050000	B.2.1.2.2.2.1.1.1.1	0.25	0.0930232558139535
chrX	32050001	32060000	B.2.1.2.2.2.1.1.1.1	0.25	0.0930232558139535
chrX	32060001	32070000	B.2.1.2.2.2.1.1.1.1	0.25	0.0930232558139535
chrX	32070001	32080000	B.2.1.2.2.2.1.1.1.1	0.25	0.0930232558139535
chrX	32080001	32090000	B.2.1.2.2.2.1.1.1.1	0.25	0.0930232558139535
chrX	32090001	32100000	B.2.1.2.2.2.1.1.1.1	0.25	0.0930232558139535
chrX	32100001	32110000	B.2.2.1.2.2	0.125	0.0348837209302326
chrX	32110001	32120000	B.2.2.1.2.2	0.125	0.0348837209302326
chrX	32120001	32130000	B.2.2.1.2.2	0.125	0.0348837209302326
chrX	32130001	32140000	B.2.2.1.2.2	0.125	0.0348837209302326
chrX	32140001	32150000	B.2.2.1.2.2	0.125	0.0348837209302326
chrX	32150001	32160000	B.2.2.1.2.2	0.125	0.0348837209302326
chrX	32160001	32170000	B.2.2.1.2.2	0.125	0.0348837209302326
chrX	32170001	32180000	B.2.2.1.2.2	0.125	0.0348837209302326
chrX	32180001	32190000	B.2.2.1.2.2	0.125	0.0348837209302326
chrX	32190001	32200000	B.2.2.1.2.2	0.125	0.0348837209302326
chrX	32200001	32210000	B.2.2.1.2.2	0.125	0.0348837209302326
chrX	32210001	32220000	B.2.2.1.2.2	0.125	0.0348837209302326
chrX	32220001	32230000	B.2.2.1.2.2	0.125	0.0348837209302326
chrX	32230001	32240000	B.2.2.1.2.2	0.125	0.0348837209302326
chrX	32240001	32250000	B.2.2.1.2.2	0.125	0.0348837209302326
chrX	32250001	32260000	B.2.2.1.2.2	0.125	0.0348837209302326
chrX	32260001	32270000	B.2.2.1.2.2	0.125	0.0348837209302326
chrX	32270001	32280000	B.2.2.1.2.2	0.125	0.0348837209302326
chrX	32280001	32290000	B.2.2.1.2.2	0.125	0.0348837209302326
chrX	32290001	32300000	B.2.2.1.2.2	0.125	0.0348837209302326
chrX	32300001	32310000	B.2.2.1.2.2	0.125	0.0348837209302326
chrX	32310001	32320000	B.2.2.1.2.2	0.125	0.0348837209302326
chrX	32320001	32330000	B.2.2.1.2.2	0.125	0.0348837209302326
chrX	32330001	32340000	B.2.2.1.2.2	0.125	0.0348837209302326
chrX	32340001	32350000	B.2.2.1.2.2	0.125	0.0348837209302326
chrX	32350001	32360000	B.2.2.1.2.2	0.125	0.0348837209302326
chrX	32360001	32370000	B.2.2.1.2.2	0.125	0.0348837209302326
chrX	32370001	32380000	B.2.2.1.2.2	0.125	0.0348837209302326
chrX	32380001	32390000	B.2.2.1.2.2	0.125	0.0348837209302326
chrX	32390001	32400000	B.2.2.1.2.2	0.125	0.0348837209302326
chrX	32400001	32410000	B.2.2.1.2.2	0.125	0.0348837209302326
chrX	32410001	32420000	B.2.2.1.2.2	0.125	0.0348837209302326
chrX	32420001	32430000	B.2.2.1.2.2	0.125	0.0348837209302326
chrX	32430001	32440000	B.2.2.1.2.2	0.125	0.0348837209302326
chrX	32440001	32450000	B.2.2.1.2.2	0.125	0.0348837209302326
chrX	32450001	32460000	B.2.1.1.1.2.1	0.25	0.203488372093023
chrX	32460001	32470000	B.2.1.1.1.2.1	0.25	0.203488372093023
chrX	32470001	32480000	B.2.1.1.1.2.1	0.25	0.203488372093023
chrX	32480001	32490000	B.2.1.1.1.2.1	0.25	0.203488372093023
chrX	32490001	32500000	B.2.1.1.1.2.1	0.25	0.203488372093023
chrX	32500001	32510000	B.2.1.1.1.2.1	0.25	0.203488372093023
chrX	32510001	32520000	B.2.1.1.1.2.1	0.25	0.203488372093023
chrX	32520001	32530000	B.2.1.1.1.2.1	0.25	0.203488372093023
chrX	32530001	32540000	B.2.1.1.1.2.1	0.25	0.203488372093023
chrX	32540001	32550000	B.2.1.1.1.2.1	0.25	0.203488372093023
chrX	32550001	32560000	B.2.1.1.1.2.1	0.25	0.203488372093023
chrX	32560001	32570000	B.2.1.1.1.2.1	0.25	0.203488372093023
chrX	32570001	32580000	B.2.1.1.1.2.1	0.25	0.203488372093023
chrX	32580001	32590000	B.2.1.1.1.2.1	0.25	0.203488372093023
chrX	32590001	32600000	B.2.1.1.1.2.1	0.25	0.203488372093023
chrX	32600001	32610000	B.2.1.1.1.2.1	0.25	0.203488372093023
chrX	32610001	32620000	B.2.1.1.1.2.1	0.25	0.203488372093023
chrX	32620001	32630000	B.2.1.1.1.2.1	0.25	0.203488372093023
chrX	32630001	32640000	B.2.1.1.1.2.1	0.25	0.203488372093023
chrX	32640001	32650000	B.2.1.1.1.2.1	0.25	0.203488372093023
chrX	32650001	32660000	B.2.1.1.1.2.1	0.25	0.203488372093023
chrX	32660001	32670000	B.2.1.1.1.2.1	0.25	0.203488372093023
chrX	32670001	32680000	B.2.1.1.1.2.1	0.25	0.203488372093023
chrX	32680001	32690000	B.2.1.1.1.2.1	0.25	0.203488372093023
chrX	32690001	32700000	B.2.1.1.1.2.1	0.25	0.203488372093023
chrX	32700001	32710000	B.2.1.1.1.2.1	0.25	0.203488372093023
chrX	32710001	32720000	B.2.1.1.1.2.1	0.25	0.203488372093023
chrX	32720001	32730000	B.2.1.1.1.2.1	0.25	0.203488372093023
chrX	32730001	32740000	B.2.1.1.1.2.1	0.25	0.203488372093023
chrX	32740001	32750000	B.2.1.1.1.2.1	0.25	0.203488372093023
chrX	32750001	32760000	B.2.1.1.1.2.1	0.25	0.203488372093023
chrX	32760001	32770000	B.2.1.1.1.2.1	0.25	0.203488372093023
chrX	32770001	32780000	B.2.1.1.1.2.1	0.25	0.203488372093023
chrX	32780001	32790000	B.2.1.1.1.2.1	0.25	0.203488372093023
chrX	32790001	32800000	B.2.1.1.1.2.1	0.25	0.203488372093023
chrX	32800001	32810000	B.1.1.1.2.1.2.2.1	0.5	0.517441860465116
chrX	32810001	32820000	B.1.1.1.2.1.2.2.1	0.5	0.517441860465116
chrX	32820001	32830000	B.1.1.1.2.1.2.2.1	0.5	0.517441860465116
chrX	32830001	32840000	B.1.1.1.2.1.2.2.1	0.5	0.517441860465116
chrX	32840001	32850000	B.1.1.1.2.1.2.2.1	0.5	0.517441860465116
chrX	32850001	32860000	B.1.1.1.2.1.2.2.1	0.5	0.517441860465116
chrX	32860001	32870000	B.1.1.1.2.1.2.2.1	0.5	0.517441860465116
chrX	32870001	32880000	B.1.1.1.2.1.2.2.1	0.5	0.517441860465116
chrX	32880001	32890000	B.1.1.1.2.1.2.2.1	0.5	0.517441860465116
chrX	32890001	32900000	B.1.1.1.2.1.2.2.1	0.5	0.517441860465116
chrX	32900001	32910000	B.1.1.1.2.1.2.2.1	0.5	0.517441860465116
chrX	32910001	32920000	B.1.1.1.2.1.2.2.1	0.5	0.517441860465116
chrX	32920001	32930000	B.1.1.1.2.1.2.2.1	0.5	0.517441860465116
chrX	32930001	32940000	B.1.1.1.2.1.2.2.1	0.5	0.517441860465116
chrX	32940001	32950000	B.1.1.1.2.1.2.2.1	0.5	0.517441860465116
chrX	32950001	32960000	B.1.1.1.2.1.2.2.1	0.5	0.517441860465116
chrX	32960001	32970000	B.1.1.1.2.1.2.2.1	0.5	0.517441860465116
chrX	32970001	32980000	B.1.1.1.2.1.2.2.1	0.5	0.517441860465116
chrX	32980001	32990000	B.1.1.1.2.1.2.2.1	0.5	0.517441860465116
chrX	32990001	3.3e+07	B.1.1.1.2.1.2.2.1	0.5	0.517441860465116
chrX	33000001	33010000	B.1.1.1.2.1.2.2.1	0.5	0.517441860465116
chrX	33010001	33020000	B.1.1.1.2.1.2.2.1	0.5	0.517441860465116
chrX	33020001	33030000	B.1.1.1.2.1.2.2.1	0.5	0.517441860465116
chrX	33030001	33040000	B.1.1.1.2.1.2.2.1	0.5	0.517441860465116
chrX	33040001	33050000	B.1.1.1.2.1.2.2.1	0.5	0.517441860465116
chrX	33050001	33060000	B.1.1.1.2.1.2.2.2	0.5	0.511627906976744
chrX	33060001	33070000	B.1.1.1.2.1.2.2.2	0.5	0.511627906976744
chrX	33070001	33080000	B.1.1.1.2.1.2.2.2	0.5	0.511627906976744
chrX	33080001	33090000	B.1.1.1.2.1.2.2.2	0.5	0.511627906976744
chrX	33090001	33100000	B.1.1.1.2.1.2.2.2	0.5	0.511627906976744
chrX	33100001	33110000	B.1.1.1.2.1.2.2.2	0.5	0.511627906976744
chrX	33110001	33120000	B.1.1.1.2.1.2.2.2	0.5	0.511627906976744
chrX	33120001	33130000	B.1.1.1.2.1.2.2.2	0.5	0.511627906976744
chrX	33130001	33140000	B.1.1.1.2.1.2.2.2	0.5	0.511627906976744
chrX	33140001	33150000	B.1.1.1.2.1.2.2.2	0.5	0.511627906976744
chrX	33150001	33160000	B.1.1.1.2.1.2.2.2	0.5	0.511627906976744
chrX	33160001	33170000	B.1.1.1.2.1.2.2.2	0.5	0.511627906976744
chrX	33170001	33180000	B.1.1.1.2.1.2.2.2	0.5	0.511627906976744
chrX	33180001	33190000	B.1.1.1.2.1.2.2.2	0.5	0.511627906976744
chrX	33190001	33200000	B.1.1.1.2.1.2.2.2	0.5	0.511627906976744
chrX	33200001	33210000	B.2.1.1.2.1.2.2	0.25	0.168604651162791
chrX	33210001	33220000	B.2.1.1.2.1.2.2	0.25	0.168604651162791
chrX	33220001	33230000	B.2.1.1.2.1.2.2	0.25	0.168604651162791
chrX	33230001	33240000	B.2.1.1.2.1.2.2	0.25	0.168604651162791
chrX	33240001	33250000	B.2.1.1.2.1.2.2	0.25	0.168604651162791
chrX	33250001	33260000	B.2.1.1.2.1.2.2	0.25	0.168604651162791
chrX	33260001	33270000	B.2.1.1.2.1.2.2	0.25	0.168604651162791
chrX	33270001	33280000	B.2.1.1.2.1.2.2	0.25	0.168604651162791
chrX	33280001	33290000	B.2.1.1.2.1.2.2	0.25	0.168604651162791
chrX	33290001	33300000	B.2.1.1.2.1.2.2	0.25	0.168604651162791
chrX	33300001	33310000	B.2.1.1.2.1.2.2	0.25	0.168604651162791
chrX	33310001	33320000	B.2.1.1.2.1.2.2	0.25	0.168604651162791
chrX	33320001	33330000	B.2.1.1.2.1.2.2	0.25	0.168604651162791
chrX	33330001	33340000	B.2.1.1.2.1.2.2	0.25	0.168604651162791
chrX	33340001	33350000	B.2.1.1.2.1.2.2	0.25	0.168604651162791
chrX	33350001	33360000	B.2.1.1.2.1.2.2	0.25	0.168604651162791
chrX	33360001	33370000	B.2.1.1.2.1.2.2	0.25	0.168604651162791
chrX	33370001	33380000	B.2.1.1.2.1.2.2	0.25	0.168604651162791
chrX	33380001	33390000	B.2.1.1.2.1.2.2	0.25	0.168604651162791
chrX	33390001	33400000	B.2.1.1.2.1.2.2	0.25	0.168604651162791
chrX	33400001	33410000	B.2.1.1.2.1.2.2	0.25	0.168604651162791
chrX	33410001	33420000	B.2.1.1.2.1.2.2	0.25	0.168604651162791
chrX	33420001	33430000	B.2.1.1.2.1.2.2	0.25	0.168604651162791
chrX	33430001	33440000	B.2.1.1.2.1.2.2	0.25	0.168604651162791
chrX	33440001	33450000	B.2.1.1.2.1.2.2	0.25	0.168604651162791
chrX	33450001	33460000	B.1.2.2.1	0.375	0.284883720930233
chrX	33460001	33470000	B.1.2.2.1	0.375	0.284883720930233
chrX	33470001	33480000	B.1.2.2.1	0.375	0.284883720930233
chrX	33480001	33490000	B.1.2.2.1	0.375	0.284883720930233
chrX	33490001	33500000	B.1.2.2.1	0.375	0.284883720930233
chrX	33500001	33510000	B.1.2.2.1	0.375	0.284883720930233
chrX	33510001	33520000	B.1.2.2.1	0.375	0.284883720930233
chrX	33520001	33530000	B.1.2.2.1	0.375	0.284883720930233
chrX	33530001	33540000	B.1.2.2.1	0.375	0.284883720930233
chrX	33540001	33550000	B.1.2.2.1	0.375	0.284883720930233
chrX	33550001	33560000	B.1.2.2.1	0.375	0.284883720930233
chrX	33560001	33570000	B.1.2.2.1	0.375	0.284883720930233
chrX	33570001	33580000	B.1.2.2.1	0.375	0.284883720930233
chrX	33580001	33590000	B.1.2.2.1	0.375	0.284883720930233
chrX	33590001	33600000	B.1.2.2.1	0.375	0.284883720930233
chrX	33600001	33610000	B.1.2.2.1	0.375	0.284883720930233
chrX	33610001	33620000	B.1.2.2.1	0.375	0.284883720930233
chrX	33620001	33630000	B.1.2.2.1	0.375	0.284883720930233
chrX	33630001	33640000	B.1.2.2.1	0.375	0.284883720930233
chrX	33640001	33650000	B.1.2.2.1	0.375	0.284883720930233
chrX	33650001	33660000	B.1.2.1.2.1.2.2	0.375	0.296511627906977
chrX	33660001	33670000	B.1.2.1.2.1.2.2	0.375	0.296511627906977
chrX	33670001	33680000	B.1.2.1.2.1.2.2	0.375	0.296511627906977
chrX	33680001	33690000	B.1.2.1.2.1.2.2	0.375	0.296511627906977
chrX	33690001	33700000	B.1.2.1.2.1.2.2	0.375	0.296511627906977
chrX	33700001	33710000	B.1.2.1.2.1.2.2	0.375	0.296511627906977
chrX	33710001	33720000	B.1.2.1.2.1.2.2	0.375	0.296511627906977
chrX	33720001	33730000	B.1.2.1.2.1.2.2	0.375	0.296511627906977
chrX	33730001	33740000	B.1.2.1.2.1.2.2	0.375	0.296511627906977
chrX	33740001	33750000	B.1.2.1.2.1.2.2	0.375	0.296511627906977
chrX	33750001	33760000	B.1.2.1.2.1.2.2	0.375	0.296511627906977
chrX	33760001	33770000	B.1.2.1.2.1.2.2	0.375	0.296511627906977
chrX	33770001	33780000	B.1.2.1.2.1.2.2	0.375	0.296511627906977
chrX	33780001	33790000	B.1.2.1.2.1.2.2	0.375	0.296511627906977
chrX	33790001	33800000	B.1.2.1.2.1.2.2	0.375	0.296511627906977
chrX	33800001	33810000	B.2.2.1.2.1.1	0.125	0.0465116279069768
chrX	33810001	33820000	B.2.2.1.2.1.1	0.125	0.0465116279069768
chrX	33820001	33830000	B.2.2.1.2.1.1	0.125	0.0465116279069768
chrX	33830001	33840000	B.2.2.1.2.1.1	0.125	0.0465116279069768
chrX	33840001	33850000	B.2.2.1.2.1.1	0.125	0.0465116279069768
chrX	33850001	33860000	B.2.2.1.2.1.1	0.125	0.0465116279069768
chrX	33860001	33870000	B.2.2.1.2.1.1	0.125	0.0465116279069768
chrX	33870001	33880000	B.2.2.1.2.1.1	0.125	0.0465116279069768
chrX	33880001	33890000	B.2.2.1.2.1.1	0.125	0.0465116279069768
chrX	33890001	33900000	B.2.2.1.2.1.1	0.125	0.0465116279069768
chrX	33900001	33910000	B.2.2.1.2.1.1	0.125	0.0465116279069768
chrX	33910001	33920000	B.2.2.1.2.1.1	0.125	0.0465116279069768
chrX	33920001	33930000	B.2.2.1.2.1.1	0.125	0.0465116279069768
chrX	33930001	33940000	B.2.2.1.2.1.1	0.125	0.0465116279069768
chrX	33940001	33950000	B.2.2.1.2.1.1	0.125	0.0465116279069768
chrX	33950001	33960000	B.2.2.1.2.1.1	0.125	0.0465116279069768
chrX	33960001	33970000	B.2.2.1.2.1.1	0.125	0.0465116279069768
chrX	33970001	33980000	B.2.2.1.2.1.1	0.125	0.0465116279069768
chrX	33980001	33990000	B.2.2.1.2.1.1	0.125	0.0465116279069768
chrX	33990001	3.4e+07	B.2.2.1.2.1.1	0.125	0.0465116279069768
chrX	34000001	34010000	B.2.2.1.2.1.1	0.125	0.0465116279069768
chrX	34010001	34020000	B.2.2.1.2.1.1	0.125	0.0465116279069768
chrX	34020001	34030000	B.2.2.1.2.1.1	0.125	0.0465116279069768
chrX	34030001	34040000	B.2.2.1.2.1.1	0.125	0.0465116279069768
chrX	34040001	34050000	B.2.2.1.2.1.1	0.125	0.0465116279069768
chrX	34050001	34060000	B.2.2.1.2.1.1	0.125	0.0465116279069768
chrX	34060001	34070000	B.2.2.1.2.1.1	0.125	0.0465116279069768
chrX	34070001	34080000	B.2.2.1.2.1.1	0.125	0.0465116279069768
chrX	34080001	34090000	B.2.2.1.2.1.1	0.125	0.0465116279069768
chrX	34090001	34100000	B.2.2.1.2.1.1	0.125	0.0465116279069768
chrX	34100001	34110000	B.2.2.1.2.1.1	0.125	0.0465116279069768
chrX	34110001	34120000	B.2.2.1.2.1.1	0.125	0.0465116279069768
chrX	34120001	34130000	B.2.2.1.2.1.1	0.125	0.0465116279069768
chrX	34130001	34140000	B.2.2.1.2.1.1	0.125	0.0465116279069768
chrX	34140001	34150000	B.2.2.1.2.1.1	0.125	0.0465116279069768
chrX	34150001	34160000	B.2.2.1.2.1.1	0.125	0.0465116279069768
chrX	34160001	34170000	B.2.2.1.2.1.1	0.125	0.0465116279069768
chrX	34170001	34180000	B.2.2.1.2.1.1	0.125	0.0465116279069768
chrX	34180001	34190000	B.2.2.1.2.1.1	0.125	0.0465116279069768
chrX	34190001	34200000	B.2.2.1.2.1.1	0.125	0.0465116279069768
chrX	34200001	34210000	B.2.1.1.2.2.1	0.25	0.162790697674419
chrX	34210001	34220000	B.2.1.1.2.2.1	0.25	0.162790697674419
chrX	34220001	34230000	B.2.1.1.2.2.1	0.25	0.162790697674419
chrX	34230001	34240000	B.2.1.1.2.2.1	0.25	0.162790697674419
chrX	34240001	34250000	B.2.1.1.2.2.1	0.25	0.162790697674419
chrX	34250001	34260000	B.2.1.1.2.2.1	0.25	0.162790697674419
chrX	34260001	34270000	B.2.1.1.2.2.1	0.25	0.162790697674419
chrX	34270001	34280000	B.2.1.1.2.2.1	0.25	0.162790697674419
chrX	34280001	34290000	B.2.1.1.2.2.1	0.25	0.162790697674419
chrX	34290001	34300000	B.2.1.1.2.2.1	0.25	0.162790697674419
chrX	34300001	34310000	B.2.1.1.2.2.1	0.25	0.162790697674419
chrX	34310001	34320000	B.2.1.1.2.2.1	0.25	0.162790697674419
chrX	34320001	34330000	B.2.1.1.2.2.1	0.25	0.162790697674419
chrX	34330001	34340000	B.2.1.1.2.2.1	0.25	0.162790697674419
chrX	34340001	34350000	B.2.1.1.2.2.1	0.25	0.162790697674419
chrX	34350001	34360000	B.2.1.1.2.2.1	0.25	0.162790697674419
chrX	34360001	34370000	B.2.1.1.2.2.1	0.25	0.162790697674419
chrX	34370001	34380000	B.2.1.1.2.2.1	0.25	0.162790697674419
chrX	34380001	34390000	B.2.1.1.2.2.1	0.25	0.162790697674419
chrX	34390001	34400000	B.2.1.1.2.2.1	0.25	0.162790697674419
chrX	34400001	34410000	B.2.1.1.2.2.1	0.25	0.162790697674419
chrX	34410001	34420000	B.2.1.1.2.2.1	0.25	0.162790697674419
chrX	34420001	34430000	B.2.1.1.2.2.1	0.25	0.162790697674419
chrX	34430001	34440000	B.2.1.1.2.2.1	0.25	0.162790697674419
chrX	34440001	34450000	B.2.1.1.2.2.1	0.25	0.162790697674419
chrX	34450001	34460000	B.2.1.1.2.2.1	0.25	0.162790697674419
chrX	34460001	34470000	B.2.1.1.2.2.1	0.25	0.162790697674419
chrX	34470001	34480000	B.2.1.1.2.2.1	0.25	0.162790697674419
chrX	34480001	34490000	B.2.1.1.2.2.1	0.25	0.162790697674419
chrX	34490001	34500000	B.2.1.1.2.2.1	0.25	0.162790697674419
chrX	34500001	34510000	B.2.1.1.2.2.1	0.25	0.162790697674419
chrX	34510001	34520000	B.2.1.1.2.2.1	0.25	0.162790697674419
chrX	34520001	34530000	B.2.1.1.2.2.1	0.25	0.162790697674419
chrX	34530001	34540000	B.2.1.1.2.2.1	0.25	0.162790697674419
chrX	34540001	34550000	B.2.1.1.2.2.1	0.25	0.162790697674419
chrX	34550001	34560000	B.2.1.1.2.2.1	0.25	0.162790697674419
chrX	34560001	34570000	B.2.1.1.2.2.1	0.25	0.162790697674419
chrX	34570001	34580000	B.2.1.1.2.2.1	0.25	0.162790697674419
chrX	34580001	34590000	B.2.1.1.2.2.1	0.25	0.162790697674419
chrX	34590001	34600000	B.2.1.1.2.2.1	0.25	0.162790697674419
chrX	34600001	34610000	B.2.1.1.2.2.1	0.25	0.162790697674419
chrX	34610001	34620000	B.2.1.1.2.2.1	0.25	0.162790697674419
chrX	34620001	34630000	B.2.1.1.2.2.1	0.25	0.162790697674419
chrX	34630001	34640000	B.2.1.1.2.2.1	0.25	0.162790697674419
chrX	34640001	34650000	B.2.1.1.2.2.1	0.25	0.162790697674419
chrX	34650001	34660000	B.2.1.1.2.1.1	0.25	0.180232558139535
chrX	34660001	34670000	B.2.1.1.2.1.1	0.25	0.180232558139535
chrX	34670001	34680000	B.2.1.1.2.1.1	0.25	0.180232558139535
chrX	34680001	34690000	B.2.1.1.2.1.1	0.25	0.180232558139535
chrX	34690001	34700000	B.2.1.1.2.1.1	0.25	0.180232558139535
chrX	34700001	34710000	B.2.1.1.2.1.1	0.25	0.180232558139535
chrX	34710001	34720000	B.2.1.1.2.1.1	0.25	0.180232558139535
chrX	34720001	34730000	B.2.1.1.2.1.1	0.25	0.180232558139535
chrX	34730001	34740000	B.2.1.1.2.1.1	0.25	0.180232558139535
chrX	34740001	34750000	B.2.1.1.2.1.1	0.25	0.180232558139535
chrX	34750001	34760000	B.2.2.1.2.1.2	0.125	0.0406976744186047
chrX	34760001	34770000	B.2.2.1.2.1.2	0.125	0.0406976744186047
chrX	34770001	34780000	B.2.2.1.2.1.2	0.125	0.0406976744186047
chrX	34780001	34790000	B.2.2.1.2.1.2	0.125	0.0406976744186047
chrX	34790001	34800000	B.2.2.1.2.1.2	0.125	0.0406976744186047
chrX	34800001	34810000	B.2.2.1.2.1.2	0.125	0.0406976744186047
chrX	34810001	34820000	B.2.2.1.2.1.2	0.125	0.0406976744186047
chrX	34820001	34830000	B.2.2.1.2.1.2	0.125	0.0406976744186047
chrX	34830001	34840000	B.2.2.1.2.1.2	0.125	0.0406976744186047
chrX	34840001	34850000	B.2.2.1.2.1.2	0.125	0.0406976744186047
chrX	34850001	34860000	B.2.2.1.2.1.2	0.125	0.0406976744186047
chrX	34860001	34870000	B.2.2.1.2.1.2	0.125	0.0406976744186047
chrX	34870001	34880000	B.2.2.1.2.1.2	0.125	0.0406976744186047
chrX	34880001	34890000	B.2.2.1.2.1.2	0.125	0.0406976744186047
chrX	34890001	34900000	B.2.2.1.2.1.2	0.125	0.0406976744186047
chrX	34900001	34910000	B.2.2.1.2.1.2	0.125	0.0406976744186047
chrX	34910001	34920000	B.2.2.1.2.1.2	0.125	0.0406976744186047
chrX	34920001	34930000	B.2.2.1.2.1.2	0.125	0.0406976744186047
chrX	34930001	34940000	B.2.2.1.2.1.2	0.125	0.0406976744186047
chrX	34940001	34950000	B.2.2.1.2.1.2	0.125	0.0406976744186047
chrX	34950001	34960000	B.2.2.1.2.1.2	0.125	0.0406976744186047
chrX	34960001	34970000	B.2.2.1.2.1.2	0.125	0.0406976744186047
chrX	34970001	34980000	B.2.2.1.2.1.2	0.125	0.0406976744186047
chrX	34980001	34990000	B.2.2.1.2.1.2	0.125	0.0406976744186047
chrX	34990001	3.5e+07	B.2.2.1.2.1.2	0.125	0.0406976744186047
chrX	35000001	35010000	B.2.2.1.2.1.2	0.125	0.0406976744186047
chrX	35010001	35020000	B.2.2.1.2.1.2	0.125	0.0406976744186047
chrX	35020001	35030000	B.2.2.1.2.1.2	0.125	0.0406976744186047
chrX	35030001	35040000	B.2.2.1.2.1.2	0.125	0.0406976744186047
chrX	35040001	35050000	B.2.2.1.2.1.2	0.125	0.0406976744186047
chrX	35050001	35060000	B.2.2.1.2.1.2	0.125	0.0406976744186047
chrX	35060001	35070000	B.2.2.1.2.1.2	0.125	0.0406976744186047
chrX	35070001	35080000	B.2.2.1.2.1.2	0.125	0.0406976744186047
chrX	35080001	35090000	B.2.2.1.2.1.2	0.125	0.0406976744186047
chrX	35090001	35100000	B.2.2.1.2.1.2	0.125	0.0406976744186047
chrX	35100001	35110000	B.2.2.1.2.1.2	0.125	0.0406976744186047
chrX	35110001	35120000	B.2.2.1.2.1.2	0.125	0.0406976744186047
chrX	35120001	35130000	B.2.2.1.2.1.2	0.125	0.0406976744186047
chrX	35130001	35140000	B.2.2.1.2.1.2	0.125	0.0406976744186047
chrX	35140001	35150000	B.2.2.1.2.1.2	0.125	0.0406976744186047
chrX	35150001	35160000	B.2.2.1.2.1.2	0.125	0.0406976744186047
chrX	35160001	35170000	B.2.2.1.2.1.2	0.125	0.0406976744186047
chrX	35170001	35180000	B.2.2.1.2.1.2	0.125	0.0406976744186047
chrX	35180001	35190000	B.2.2.1.2.1.2	0.125	0.0406976744186047
chrX	35190001	35200000	B.2.2.1.2.1.2	0.125	0.0406976744186047
chrX	35200001	35210000	B.2.2.1.2.1.2	0.125	0.0406976744186047
chrX	35210001	35220000	B.2.2.1.2.1.2	0.125	0.0406976744186047
chrX	35220001	35230000	B.2.2.1.2.1.2	0.125	0.0406976744186047
chrX	35230001	35240000	B.2.2.1.2.1.2	0.125	0.0406976744186047
chrX	35240001	35250000	B.2.2.1.2.1.2	0.125	0.0406976744186047
chrX	35250001	35260000	B.2.2.1.2.1.2	0.125	0.0406976744186047
chrX	35260001	35270000	B.2.2.1.2.1.2	0.125	0.0406976744186047
chrX	35270001	35280000	B.2.2.1.2.1.2	0.125	0.0406976744186047
chrX	35280001	35290000	B.2.2.1.2.1.2	0.125	0.0406976744186047
chrX	35290001	35300000	B.2.2.1.2.1.2	0.125	0.0406976744186047
chrX	35300001	35310000	B.2.2.1.2.1.2	0.125	0.0406976744186047
chrX	35310001	35320000	B.2.2.1.2.1.2	0.125	0.0406976744186047
chrX	35320001	35330000	B.2.2.1.2.1.2	0.125	0.0406976744186047
chrX	35330001	35340000	B.2.2.1.2.1.2	0.125	0.0406976744186047
chrX	35340001	35350000	B.2.2.1.2.1.2	0.125	0.0406976744186047
chrX	35350001	35360000	B.2.2.1.2.1.2	0.125	0.0406976744186047
chrX	35360001	35370000	B.2.2.1.2.1.2	0.125	0.0406976744186047
chrX	35370001	35380000	B.2.2.1.2.1.2	0.125	0.0406976744186047
chrX	35380001	35390000	B.2.2.1.2.1.2	0.125	0.0406976744186047
chrX	35390001	35400000	B.2.2.1.2.1.2	0.125	0.0406976744186047
chrX	35400001	35410000	B.2.2.1.2.1.2	0.125	0.0406976744186047
chrX	35410001	35420000	B.2.2.1.2.1.2	0.125	0.0406976744186047
chrX	35420001	35430000	B.2.2.1.2.1.2	0.125	0.0406976744186047
chrX	35430001	35440000	B.2.2.1.2.1.2	0.125	0.0406976744186047
chrX	35440001	35450000	B.2.2.1.2.1.2	0.125	0.0406976744186047
chrX	35450001	35460000	B.2.2.1.2.1.2	0.125	0.0406976744186047
chrX	35460001	35470000	B.2.2.1.2.1.2	0.125	0.0406976744186047
chrX	35470001	35480000	B.2.2.1.2.1.2	0.125	0.0406976744186047
chrX	35480001	35490000	B.2.2.1.2.1.2	0.125	0.0406976744186047
chrX	35490001	35500000	B.2.2.1.2.1.2	0.125	0.0406976744186047
chrX	35500001	35510000	B.2.1.2.2.2.2.1	0.25	0.0697674418604651
chrX	35510001	35520000	B.2.1.2.2.2.2.1	0.25	0.0697674418604651
chrX	35520001	35530000	B.2.1.2.2.2.2.1	0.25	0.0697674418604651
chrX	35530001	35540000	B.2.1.2.2.2.2.1	0.25	0.0697674418604651
chrX	35540001	35550000	B.2.1.2.2.2.2.1	0.25	0.0697674418604651
chrX	35550001	35560000	B.2.1.2.2.2.2.1	0.25	0.0697674418604651
chrX	35560001	35570000	B.2.1.2.2.2.2.1	0.25	0.0697674418604651
chrX	35570001	35580000	B.2.1.2.2.2.2.1	0.25	0.0697674418604651
chrX	35580001	35590000	B.2.1.2.2.2.2.1	0.25	0.0697674418604651
chrX	35590001	35600000	B.2.1.2.2.2.2.1	0.25	0.0697674418604651
chrX	35600001	35610000	B.2.1.2.2.2.2.1	0.25	0.0697674418604651
chrX	35610001	35620000	B.2.1.2.2.2.2.1	0.25	0.0697674418604651
chrX	35620001	35630000	B.2.1.2.2.2.2.1	0.25	0.0697674418604651
chrX	35630001	35640000	B.2.1.2.2.2.2.1	0.25	0.0697674418604651
chrX	35640001	35650000	B.2.1.2.2.2.2.1	0.25	0.0697674418604651
chrX	35650001	35660000	B.2.1.2.2.2.2.2	0.25	0.063953488372093
chrX	35660001	35670000	B.2.1.2.2.2.2.2	0.25	0.063953488372093
chrX	35670001	35680000	B.2.1.2.2.2.2.2	0.25	0.063953488372093
chrX	35680001	35690000	B.2.1.2.2.2.2.2	0.25	0.063953488372093
chrX	35690001	35700000	B.2.1.2.2.2.2.2	0.25	0.063953488372093
chrX	35700001	35710000	B.2.1.2.2.2.2.2	0.25	0.063953488372093
chrX	35710001	35720000	B.2.1.2.2.2.2.2	0.25	0.063953488372093
chrX	35720001	35730000	B.2.1.2.2.2.2.2	0.25	0.063953488372093
chrX	35730001	35740000	B.2.1.2.2.2.2.2	0.25	0.063953488372093
chrX	35740001	35750000	B.2.1.2.2.2.2.2	0.25	0.063953488372093
chrX	35750001	35760000	B.2.1.2.2.2.2.2	0.25	0.063953488372093
chrX	35760001	35770000	B.2.1.2.2.2.2.2	0.25	0.063953488372093
chrX	35770001	35780000	B.2.1.2.2.2.2.2	0.25	0.063953488372093
chrX	35780001	35790000	B.2.1.2.2.2.2.2	0.25	0.063953488372093
chrX	35790001	35800000	B.2.1.2.2.2.2.2	0.25	0.063953488372093
chrX	35800001	35810000	B.2.1.2.2.2.2.2	0.25	0.063953488372093
chrX	35810001	35820000	B.2.1.2.2.2.2.2	0.25	0.063953488372093
chrX	35820001	35830000	B.2.1.2.2.2.2.2	0.25	0.063953488372093
chrX	35830001	35840000	B.2.1.2.2.2.2.2	0.25	0.063953488372093
chrX	35840001	35850000	B.2.1.2.2.2.2.2	0.25	0.063953488372093
chrX	35850001	35860000	B.2.1.2.2.2.2.2	0.25	0.063953488372093
chrX	35860001	35870000	B.2.1.2.2.2.2.2	0.25	0.063953488372093
chrX	35870001	35880000	B.2.1.2.2.2.2.2	0.25	0.063953488372093
chrX	35880001	35890000	B.2.1.2.2.2.2.2	0.25	0.063953488372093
chrX	35890001	35900000	B.2.1.2.2.2.2.2	0.25	0.063953488372093
chrX	35900001	35910000	B.2.1.2.2.2.2.2	0.25	0.063953488372093
chrX	35910001	35920000	B.2.1.2.2.2.2.2	0.25	0.063953488372093
chrX	35920001	35930000	B.2.1.2.2.2.2.2	0.25	0.063953488372093
chrX	35930001	35940000	B.2.1.2.2.2.2.2	0.25	0.063953488372093
chrX	35940001	35950000	B.2.1.2.2.2.2.2	0.25	0.063953488372093
chrX	35950001	35960000	B.2.1.2.2.2.2.2	0.25	0.063953488372093
chrX	35960001	35970000	B.2.1.2.2.2.2.2	0.25	0.063953488372093
chrX	35970001	35980000	B.2.1.2.2.2.2.2	0.25	0.063953488372093
chrX	35980001	35990000	B.2.1.2.2.2.2.2	0.25	0.063953488372093
chrX	35990001	3.6e+07	B.2.1.2.2.2.2.2	0.25	0.063953488372093
chrX	36000001	36010000	B.2.1.2.2.2.2.2	0.25	0.063953488372093
chrX	36010001	36020000	B.2.1.2.2.2.2.2	0.25	0.063953488372093
chrX	36020001	36030000	B.2.1.2.2.2.2.2	0.25	0.063953488372093
chrX	36030001	36040000	B.2.1.2.2.2.2.2	0.25	0.063953488372093
chrX	36040001	36050000	B.2.1.2.2.2.2.2	0.25	0.063953488372093
chrX	36050001	36060000	B.2.1.2.2.2.2.2	0.25	0.063953488372093
chrX	36060001	36070000	B.2.1.2.2.2.2.2	0.25	0.063953488372093
chrX	36070001	36080000	B.2.1.2.2.2.2.2	0.25	0.063953488372093
chrX	36080001	36090000	B.2.1.2.2.2.2.2	0.25	0.063953488372093
chrX	36090001	36100000	B.2.1.2.2.2.2.2	0.25	0.063953488372093
chrX	36100001	36110000	B.2.1.2.2.2.2.2	0.25	0.063953488372093
chrX	36110001	36120000	B.2.1.2.2.2.2.2	0.25	0.063953488372093
chrX	36120001	36130000	B.2.1.2.2.2.2.2	0.25	0.063953488372093
chrX	36130001	36140000	B.2.1.2.2.2.2.2	0.25	0.063953488372093
chrX	36140001	36150000	B.2.1.2.2.2.2.2	0.25	0.063953488372093
chrX	36150001	36160000	B.2.2.2.2.1	0.125	0.0174418604651163
chrX	36160001	36170000	B.2.2.2.2.1	0.125	0.0174418604651163
chrX	36170001	36180000	B.2.2.2.2.1	0.125	0.0174418604651163
chrX	36180001	36190000	B.2.2.2.2.1	0.125	0.0174418604651163
chrX	36190001	36200000	B.2.2.2.2.1	0.125	0.0174418604651163
chrX	36200001	36210000	B.2.2.2.2.1	0.125	0.0174418604651163
chrX	36210001	36220000	B.2.2.2.2.1	0.125	0.0174418604651163
chrX	36220001	36230000	B.2.2.2.2.1	0.125	0.0174418604651163
chrX	36230001	36240000	B.2.2.2.2.1	0.125	0.0174418604651163
chrX	36240001	36250000	B.2.2.2.2.1	0.125	0.0174418604651163
chrX	36250001	36260000	B.2.2.2.2.1	0.125	0.0174418604651163
chrX	36260001	36270000	B.2.2.2.2.1	0.125	0.0174418604651163
chrX	36270001	36280000	B.2.2.2.2.1	0.125	0.0174418604651163
chrX	36280001	36290000	B.2.2.2.2.1	0.125	0.0174418604651163
chrX	36290001	36300000	B.2.2.2.2.1	0.125	0.0174418604651163
chrX	36300001	36310000	B.2.2.2.2.1	0.125	0.0174418604651163
chrX	36310001	36320000	B.2.2.2.2.1	0.125	0.0174418604651163
chrX	36320001	36330000	B.2.2.2.2.1	0.125	0.0174418604651163
chrX	36330001	36340000	B.2.2.2.2.1	0.125	0.0174418604651163
chrX	36340001	36350000	B.2.2.2.2.1	0.125	0.0174418604651163
chrX	36350001	36360000	B.2.2.2.2.1	0.125	0.0174418604651163
chrX	36360001	36370000	B.2.2.2.2.1	0.125	0.0174418604651163
chrX	36370001	36380000	B.2.2.2.2.1	0.125	0.0174418604651163
chrX	36380001	36390000	B.2.2.2.2.1	0.125	0.0174418604651163
chrX	36390001	36400000	B.2.2.2.2.1	0.125	0.0174418604651163
chrX	36400001	36410000	B.2.2.2.2.1	0.125	0.0174418604651163
chrX	36410001	36420000	B.2.2.2.2.1	0.125	0.0174418604651163
chrX	36420001	36430000	B.2.2.2.2.1	0.125	0.0174418604651163
chrX	36430001	36440000	B.2.2.2.2.1	0.125	0.0174418604651163
chrX	36440001	36450000	B.2.2.2.2.1	0.125	0.0174418604651163
chrX	36450001	36460000	B.2.2.2.2.1	0.125	0.0174418604651163
chrX	36460001	36470000	B.2.2.2.2.1	0.125	0.0174418604651163
chrX	36470001	36480000	B.2.2.2.2.1	0.125	0.0174418604651163
chrX	36480001	36490000	B.2.2.2.2.1	0.125	0.0174418604651163
chrX	36490001	36500000	B.2.2.2.2.1	0.125	0.0174418604651163
chrX	36500001	36510000	B.2.2.2.2.1	0.125	0.0174418604651163
chrX	36510001	36520000	B.2.2.2.2.1	0.125	0.0174418604651163
chrX	36520001	36530000	B.2.2.2.2.1	0.125	0.0174418604651163
chrX	36530001	36540000	B.2.2.2.2.1	0.125	0.0174418604651163
chrX	36540001	36550000	B.2.2.2.2.1	0.125	0.0174418604651163
chrX	36550001	36560000	B.2.1.2.2.2.1.1.1.2	0.25	0.0872093023255814
chrX	36560001	36570000	B.2.1.2.2.2.1.1.1.2	0.25	0.0872093023255814
chrX	36570001	36580000	B.2.1.2.2.2.1.1.1.2	0.25	0.0872093023255814
chrX	36580001	36590000	B.2.1.2.2.2.1.1.1.2	0.25	0.0872093023255814
chrX	36590001	36600000	B.2.1.2.2.2.1.1.1.2	0.25	0.0872093023255814
chrX	36600001	36610000	B.2.1.2.2.2.1.1.1.2	0.25	0.0872093023255814
chrX	36610001	36620000	B.2.1.2.2.2.1.1.1.2	0.25	0.0872093023255814
chrX	36620001	36630000	B.2.1.2.2.2.1.1.1.2	0.25	0.0872093023255814
chrX	36630001	36640000	B.2.1.2.2.2.1.1.1.2	0.25	0.0872093023255814
chrX	36640001	36650000	B.2.1.2.2.2.1.1.1.2	0.25	0.0872093023255814
chrX	36650001	36660000	B.2.1.2.2.2.1.1.1.2	0.25	0.0872093023255814
chrX	36660001	36670000	B.2.1.2.2.2.1.1.1.2	0.25	0.0872093023255814
chrX	36670001	36680000	B.2.1.2.2.2.1.1.1.2	0.25	0.0872093023255814
chrX	36680001	36690000	B.2.1.2.2.2.1.1.1.2	0.25	0.0872093023255814
chrX	36690001	36700000	B.2.1.2.2.2.1.1.1.2	0.25	0.0872093023255814
chrX	36700001	36710000	B.2.1.2.2.2.1.1.1.2	0.25	0.0872093023255814
chrX	36710001	36720000	B.2.1.2.2.2.1.1.1.2	0.25	0.0872093023255814
chrX	36720001	36730000	B.2.1.2.2.2.1.1.1.2	0.25	0.0872093023255814
chrX	36730001	36740000	B.2.1.2.2.2.1.1.1.2	0.25	0.0872093023255814
chrX	36740001	36750000	B.2.1.2.2.2.1.1.1.2	0.25	0.0872093023255814
chrX	36750001	36760000	B.2.1.2.2.2.1.2	0.25	0.0755813953488372
chrX	36760001	36770000	B.2.1.2.2.2.1.2	0.25	0.0755813953488372
chrX	36770001	36780000	B.2.1.2.2.2.1.2	0.25	0.0755813953488372
chrX	36780001	36790000	B.2.1.2.2.2.1.2	0.25	0.0755813953488372
chrX	36790001	36800000	B.2.1.2.2.2.1.2	0.25	0.0755813953488372
chrX	36800001	36810000	B.2.1.2.2.2.1.2	0.25	0.0755813953488372
chrX	36810001	36820000	B.2.1.2.2.2.1.2	0.25	0.0755813953488372
chrX	36820001	36830000	B.2.1.2.2.2.1.2	0.25	0.0755813953488372
chrX	36830001	36840000	B.2.1.2.2.2.1.2	0.25	0.0755813953488372
chrX	36840001	36850000	B.2.1.2.2.2.1.2	0.25	0.0755813953488372
chrX	36850001	36860000	B.2.1.2.2.2.1.2	0.25	0.0755813953488372
chrX	36860001	36870000	B.2.1.2.2.2.1.2	0.25	0.0755813953488372
chrX	36870001	36880000	B.2.1.2.2.2.1.2	0.25	0.0755813953488372
chrX	36880001	36890000	B.2.1.2.2.2.1.2	0.25	0.0755813953488372
chrX	36890001	36900000	B.2.1.2.2.2.1.2	0.25	0.0755813953488372
chrX	36900001	36910000	B.2.1.2.2.2.1.2	0.25	0.0755813953488372
chrX	36910001	36920000	B.2.1.2.2.2.1.2	0.25	0.0755813953488372
chrX	36920001	36930000	B.2.1.2.2.2.1.2	0.25	0.0755813953488372
chrX	36930001	36940000	B.2.1.2.2.2.1.2	0.25	0.0755813953488372
chrX	36940001	36950000	B.2.1.2.2.2.1.2	0.25	0.0755813953488372
chrX	36950001	36960000	B.2.1.2.2.2.1.2	0.25	0.0755813953488372
chrX	36960001	36970000	B.2.1.2.2.2.1.2	0.25	0.0755813953488372
chrX	36970001	36980000	B.2.1.2.2.2.1.2	0.25	0.0755813953488372
chrX	36980001	36990000	B.2.1.2.2.2.1.2	0.25	0.0755813953488372
chrX	36990001	3.7e+07	B.2.1.2.2.2.1.2	0.25	0.0755813953488372
chrX	37000001	37010000	B.2.1.2.2.2.1.2	0.25	0.0755813953488372
chrX	37010001	37020000	B.2.1.2.2.2.1.2	0.25	0.0755813953488372
chrX	37020001	37030000	B.2.1.2.2.2.1.2	0.25	0.0755813953488372
chrX	37030001	37040000	B.2.1.2.2.2.1.2	0.25	0.0755813953488372
chrX	37040001	37050000	B.2.1.2.2.2.1.2	0.25	0.0755813953488372
chrX	37050001	37060000	B.2.1.2.2.2.1.2	0.25	0.0755813953488372
chrX	37060001	37070000	B.2.1.2.2.2.1.2	0.25	0.0755813953488372
chrX	37070001	37080000	B.2.1.2.2.2.1.2	0.25	0.0755813953488372
chrX	37080001	37090000	B.2.1.2.2.2.1.2	0.25	0.0755813953488372
chrX	37090001	37100000	B.2.1.2.2.2.1.2	0.25	0.0755813953488372
chrX	37150001	37160000	B.2.1.2.2.2.1.2	0.25	0.0755813953488372
chrX	37160001	37170000	B.2.1.2.2.2.1.2	0.25	0.0755813953488372
chrX	37170001	37180000	B.2.1.2.2.2.1.2	0.25	0.0755813953488372
chrX	37180001	37190000	B.2.1.2.2.2.1.2	0.25	0.0755813953488372
chrX	37190001	37200000	B.2.1.2.2.2.1.2	0.25	0.0755813953488372
chrX	37200001	37210000	A.2.2.1.1.1.1	0.625	0.686046511627907
chrX	37210001	37220000	A.2.2.1.1.1.1	0.625	0.686046511627907
chrX	37220001	37230000	A.2.2.1.1.1.1	0.625	0.686046511627907
chrX	37230001	37240000	A.2.2.1.1.1.1	0.625	0.686046511627907
chrX	37240001	37250000	A.2.2.1.1.1.1	0.625	0.686046511627907
chrX	37250001	37260000	A.2.2.1.1.1.1	0.625	0.686046511627907
chrX	37260001	37270000	A.2.2.1.1.1.1	0.625	0.686046511627907
chrX	37270001	37280000	A.2.2.1.1.1.1	0.625	0.686046511627907
chrX	37280001	37290000	A.2.2.1.1.1.1	0.625	0.686046511627907
chrX	37290001	37300000	A.2.2.1.1.1.1	0.625	0.686046511627907
chrX	37300001	37310000	A.2.2.1.1.1.1	0.625	0.686046511627907
chrX	37310001	37320000	A.2.2.1.1.1.1	0.625	0.686046511627907
chrX	37320001	37330000	A.2.2.1.1.1.1	0.625	0.686046511627907
chrX	37330001	37340000	A.2.2.1.1.1.1	0.625	0.686046511627907
chrX	37340001	37350000	A.2.2.1.1.1.1	0.625	0.686046511627907
chrX	37350001	37360000	A.2.2.1.1.1.1	0.625	0.686046511627907
chrX	37360001	37370000	A.2.2.1.1.1.1	0.625	0.686046511627907
chrX	37370001	37380000	A.2.2.1.1.1.1	0.625	0.686046511627907
chrX	37380001	37390000	A.2.2.1.1.1.1	0.625	0.686046511627907
chrX	37390001	37400000	A.2.2.1.1.1.1	0.625	0.686046511627907
chrX	37400001	37410000	B.1.1.2.2.2.1.2.2	0.5	0.412790697674419
chrX	37410001	37420000	B.1.1.2.2.2.1.2.2	0.5	0.412790697674419
chrX	37420001	37430000	B.1.1.2.2.2.1.2.2	0.5	0.412790697674419
chrX	37430001	37440000	B.1.1.2.2.2.1.2.2	0.5	0.412790697674419
chrX	37440001	37450000	B.1.1.2.2.2.1.2.2	0.5	0.412790697674419
chrX	37450001	37460000	B.1.1.2.2.2.1.2.2	0.5	0.412790697674419
chrX	37460001	37470000	B.1.1.2.2.2.1.2.2	0.5	0.412790697674419
chrX	37470001	37480000	B.1.1.2.2.2.1.2.2	0.5	0.412790697674419
chrX	37480001	37490000	B.1.1.2.2.2.1.2.2	0.5	0.412790697674419
chrX	37490001	37500000	B.1.1.2.2.2.1.2.2	0.5	0.412790697674419
chrX	37500001	37510000	B.1.1.2.2.2.1.2.2	0.5	0.412790697674419
chrX	37510001	37520000	B.1.1.2.2.2.1.2.2	0.5	0.412790697674419
chrX	37520001	37530000	B.1.1.2.2.2.1.2.2	0.5	0.412790697674419
chrX	37530001	37540000	B.1.1.2.2.2.1.2.2	0.5	0.412790697674419
chrX	37540001	37550000	B.1.1.2.2.2.1.2.2	0.5	0.412790697674419
chrX	37550001	37560000	B.1.1.2.2.1.2.1	0.5	0.453488372093023
chrX	37560001	37570000	B.1.1.2.2.1.2.1	0.5	0.453488372093023
chrX	37570001	37580000	B.1.1.2.2.1.2.1	0.5	0.453488372093023
chrX	37580001	37590000	B.1.1.2.2.1.2.1	0.5	0.453488372093023
chrX	37590001	37600000	B.1.1.2.2.1.2.1	0.5	0.453488372093023
chrX	37600001	37610000	B.1.1.2.2.1.2.1	0.5	0.453488372093023
chrX	37610001	37620000	B.1.1.2.2.1.2.1	0.5	0.453488372093023
chrX	37620001	37630000	B.1.1.2.2.1.2.1	0.5	0.453488372093023
chrX	37630001	37640000	B.1.1.2.2.1.2.1	0.5	0.453488372093023
chrX	37640001	37650000	B.1.1.2.2.1.2.1	0.5	0.453488372093023
chrX	37650001	37660000	B.1.1.2.2.1.2.1	0.5	0.453488372093023
chrX	37660001	37670000	B.1.1.2.2.1.2.1	0.5	0.453488372093023
chrX	37670001	37680000	B.1.1.2.2.1.2.1	0.5	0.453488372093023
chrX	37680001	37690000	B.1.1.2.2.1.2.1	0.5	0.453488372093023
chrX	37690001	37700000	B.1.1.2.2.1.2.1	0.5	0.453488372093023
chrX	37700001	37710000	B.1.1.2.2.1.2.1	0.5	0.453488372093023
chrX	37710001	37720000	B.1.1.2.2.1.2.1	0.5	0.453488372093023
chrX	37720001	37730000	B.1.1.2.2.1.2.1	0.5	0.453488372093023
chrX	37730001	37740000	B.1.1.2.2.1.2.1	0.5	0.453488372093023
chrX	37740001	37750000	B.1.1.2.2.1.2.1	0.5	0.453488372093023
chrX	37750001	37760000	B.1.1.2.2.1.2.1	0.5	0.453488372093023
chrX	37760001	37770000	B.1.1.2.2.1.2.1	0.5	0.453488372093023
chrX	37770001	37780000	B.1.1.2.2.1.2.1	0.5	0.453488372093023
chrX	37780001	37790000	B.1.1.2.2.1.2.1	0.5	0.453488372093023
chrX	37790001	37800000	B.1.1.2.2.1.2.1	0.5	0.453488372093023
chrX	37800001	37810000	A.2.2.1.1.2.2.1	0.625	0.668604651162791
chrX	37810001	37820000	A.2.2.1.1.2.2.1	0.625	0.668604651162791
chrX	37820001	37830000	A.2.2.1.1.2.2.1	0.625	0.668604651162791
chrX	37830001	37840000	A.2.2.1.1.2.2.1	0.625	0.668604651162791
chrX	37840001	37850000	A.2.2.1.1.2.2.1	0.625	0.668604651162791
chrX	37850001	37860000	A.2.2.1.1.2.2.1	0.625	0.668604651162791
chrX	37860001	37870000	A.2.2.1.1.2.2.1	0.625	0.668604651162791
chrX	37870001	37880000	A.2.2.1.1.2.2.1	0.625	0.668604651162791
chrX	37880001	37890000	A.2.2.1.1.2.2.1	0.625	0.668604651162791
chrX	37890001	37900000	A.2.2.1.1.2.2.1	0.625	0.668604651162791
chrX	37900001	37910000	A.2.2.1.1.2.2.1	0.625	0.668604651162791
chrX	37910001	37920000	A.2.2.1.1.2.2.1	0.625	0.668604651162791
chrX	37920001	37930000	A.2.2.1.1.2.2.1	0.625	0.668604651162791
chrX	37930001	37940000	A.2.2.1.1.2.2.1	0.625	0.668604651162791
chrX	37940001	37950000	A.2.2.1.1.2.2.1	0.625	0.668604651162791
chrX	37950001	37960000	A.2.2.1.1.2.2.1	0.625	0.668604651162791
chrX	37960001	37970000	A.2.2.1.1.2.2.1	0.625	0.668604651162791
chrX	37970001	37980000	A.2.2.1.1.2.2.1	0.625	0.668604651162791
chrX	37980001	37990000	A.2.2.1.1.2.2.1	0.625	0.668604651162791
chrX	37990001	3.8e+07	A.2.2.1.1.2.2.1	0.625	0.668604651162791
chrX	38000001	38010000	A.2.2.1.1.2.2.1	0.625	0.668604651162791
chrX	38010001	38020000	A.2.2.1.1.2.2.1	0.625	0.668604651162791
chrX	38020001	38030000	A.2.2.1.1.2.2.1	0.625	0.668604651162791
chrX	38030001	38040000	A.2.2.1.1.2.2.1	0.625	0.668604651162791
chrX	38040001	38050000	A.2.2.1.1.2.2.1	0.625	0.668604651162791
chrX	38050001	38060000	A.2.2.1.1.2.2.1	0.625	0.668604651162791
chrX	38060001	38070000	A.2.2.1.1.2.2.1	0.625	0.668604651162791
chrX	38070001	38080000	A.2.2.1.1.2.2.1	0.625	0.668604651162791
chrX	38080001	38090000	A.2.2.1.1.2.2.1	0.625	0.668604651162791
chrX	38090001	38100000	A.2.2.1.1.2.2.1	0.625	0.668604651162791
chrX	38100001	38110000	A.2.2.1.1.2.2.1	0.625	0.668604651162791
chrX	38110001	38120000	A.2.2.1.1.2.2.1	0.625	0.668604651162791
chrX	38120001	38130000	A.2.2.1.1.2.2.1	0.625	0.668604651162791
chrX	38130001	38140000	A.2.2.1.1.2.2.1	0.625	0.668604651162791
chrX	38140001	38150000	A.2.2.1.1.2.2.1	0.625	0.668604651162791
chrX	38150001	38160000	A.2.2.1.1.2.2.1	0.625	0.668604651162791
chrX	38160001	38170000	A.2.2.1.1.2.2.1	0.625	0.668604651162791
chrX	38170001	38180000	A.2.2.1.1.2.2.1	0.625	0.668604651162791
chrX	38180001	38190000	A.2.2.1.1.2.2.1	0.625	0.668604651162791
chrX	38190001	38200000	A.2.2.1.1.2.2.1	0.625	0.668604651162791
chrX	38200001	38210000	B.1.1.2.2.2.1.1.2.1	0.5	0.430232558139535
chrX	38210001	38220000	B.1.1.2.2.2.1.1.2.1	0.5	0.430232558139535
chrX	38220001	38230000	B.1.1.2.2.2.1.1.2.1	0.5	0.430232558139535
chrX	38230001	38240000	B.1.1.2.2.2.1.1.2.1	0.5	0.430232558139535
chrX	38240001	38250000	B.1.1.2.2.2.1.1.2.1	0.5	0.430232558139535
chrX	38250001	38260000	B.1.1.2.2.2.1.1.2.1	0.5	0.430232558139535
chrX	38260001	38270000	B.1.1.2.2.2.1.1.2.1	0.5	0.430232558139535
chrX	38270001	38280000	B.1.1.2.2.2.1.1.2.1	0.5	0.430232558139535
chrX	38280001	38290000	B.1.1.2.2.2.1.1.2.1	0.5	0.430232558139535
chrX	38290001	38300000	B.1.1.2.2.2.1.1.2.1	0.5	0.430232558139535
chrX	38300001	38310000	B.1.1.2.2.2.1.1.2.1	0.5	0.430232558139535
chrX	38310001	38320000	B.1.1.2.2.2.1.1.2.1	0.5	0.430232558139535
chrX	38320001	38330000	B.1.1.2.2.2.1.1.2.1	0.5	0.430232558139535
chrX	38330001	38340000	B.1.1.2.2.2.1.1.2.1	0.5	0.430232558139535
chrX	38340001	38350000	B.1.1.2.2.2.1.1.2.1	0.5	0.430232558139535
chrX	38350001	38360000	B.1.1.2.2.2.1.1.2.1	0.5	0.430232558139535
chrX	38360001	38370000	B.1.1.2.2.2.1.1.2.1	0.5	0.430232558139535
chrX	38370001	38380000	B.1.1.2.2.2.1.1.2.1	0.5	0.430232558139535
chrX	38380001	38390000	B.1.1.2.2.2.1.1.2.1	0.5	0.430232558139535
chrX	38390001	38400000	B.1.1.2.2.2.1.1.2.1	0.5	0.430232558139535
chrX	38400001	38410000	B.1.1.2.2.2.1.1.1	0.5	0.436046511627907
chrX	38410001	38420000	B.1.1.2.2.2.1.1.1	0.5	0.436046511627907
chrX	38420001	38430000	B.1.1.2.2.2.1.1.1	0.5	0.436046511627907
chrX	38430001	38440000	B.1.1.2.2.2.1.1.1	0.5	0.436046511627907
chrX	38440001	38450000	B.1.1.2.2.2.1.1.1	0.5	0.436046511627907
chrX	38450001	38460000	B.1.1.2.2.2.1.1.1	0.5	0.436046511627907
chrX	38460001	38470000	B.1.1.2.2.2.1.1.1	0.5	0.436046511627907
chrX	38470001	38480000	B.1.1.2.2.2.1.1.1	0.5	0.436046511627907
chrX	38480001	38490000	B.1.1.2.2.2.1.1.1	0.5	0.436046511627907
chrX	38490001	38500000	B.1.1.2.2.2.1.1.1	0.5	0.436046511627907
chrX	38500001	38510000	B.1.1.2.2.2.1.1.1	0.5	0.436046511627907
chrX	38510001	38520000	B.1.1.2.2.2.1.1.1	0.5	0.436046511627907
chrX	38520001	38530000	B.1.1.2.2.2.1.1.1	0.5	0.436046511627907
chrX	38530001	38540000	B.1.1.2.2.2.1.1.1	0.5	0.436046511627907
chrX	38540001	38550000	B.1.1.2.2.2.1.1.1	0.5	0.436046511627907
chrX	38550001	38560000	B.1.1.2.2.2.1.1.1	0.5	0.436046511627907
chrX	38560001	38570000	B.1.1.2.2.2.1.1.1	0.5	0.436046511627907
chrX	38570001	38580000	B.1.1.2.2.2.1.1.1	0.5	0.436046511627907
chrX	38580001	38590000	B.1.1.2.2.2.1.1.1	0.5	0.436046511627907
chrX	38590001	38600000	B.1.1.2.2.2.1.1.1	0.5	0.436046511627907
chrX	38600001	38610000	B.1.1.2.2.2.1.1.1	0.5	0.436046511627907
chrX	38610001	38620000	B.1.1.2.2.2.1.1.1	0.5	0.436046511627907
chrX	38620001	38630000	B.1.1.2.2.2.1.1.1	0.5	0.436046511627907
chrX	38630001	38640000	B.1.1.2.2.2.1.1.1	0.5	0.436046511627907
chrX	38640001	38650000	B.1.1.2.2.2.1.1.1	0.5	0.436046511627907
chrX	38650001	38660000	B.1.1.2.2.2.1.1.1	0.5	0.436046511627907
chrX	38660001	38670000	B.1.1.2.2.2.1.1.1	0.5	0.436046511627907
chrX	38670001	38680000	B.1.1.2.2.2.1.1.1	0.5	0.436046511627907
chrX	38680001	38690000	B.1.1.2.2.2.1.1.1	0.5	0.436046511627907
chrX	38690001	38700000	B.1.1.2.2.2.1.1.1	0.5	0.436046511627907
chrX	38700001	38710000	B.1.1.2.2.2.1.1.1	0.5	0.436046511627907
chrX	38710001	38720000	B.1.1.2.2.2.1.1.1	0.5	0.436046511627907
chrX	38720001	38730000	B.1.1.2.2.2.1.1.1	0.5	0.436046511627907
chrX	38730001	38740000	B.1.1.2.2.2.1.1.1	0.5	0.436046511627907
chrX	38740001	38750000	B.1.1.2.2.2.1.1.1	0.5	0.436046511627907
chrX	38750001	38760000	B.1.1.2.2.2.2.2	0.5	0.401162790697674
chrX	38760001	38770000	B.1.1.2.2.2.2.2	0.5	0.401162790697674
chrX	38770001	38780000	B.1.1.2.2.2.2.2	0.5	0.401162790697674
chrX	38780001	38790000	B.1.1.2.2.2.2.2	0.5	0.401162790697674
chrX	38790001	38800000	B.1.1.2.2.2.2.2	0.5	0.401162790697674
chrX	38800001	38810000	B.1.1.2.2.2.2.2	0.5	0.401162790697674
chrX	38810001	38820000	B.1.1.2.2.2.2.2	0.5	0.401162790697674
chrX	38820001	38830000	B.1.1.2.2.2.2.2	0.5	0.401162790697674
chrX	38830001	38840000	B.1.1.2.2.2.2.2	0.5	0.401162790697674
chrX	38840001	38850000	B.1.1.2.2.2.2.2	0.5	0.401162790697674
chrX	38850001	38860000	B.1.1.2.2.2.2.2	0.5	0.401162790697674
chrX	38860001	38870000	B.1.1.2.2.2.2.2	0.5	0.401162790697674
chrX	38870001	38880000	B.1.1.2.2.2.2.2	0.5	0.401162790697674
chrX	38880001	38890000	B.1.1.2.2.2.2.2	0.5	0.401162790697674
chrX	38890001	38900000	B.1.1.2.2.2.2.2	0.5	0.401162790697674
chrX	38900001	38910000	A.2.1.1.2.2.1	0.75	0.75
chrX	38910001	38920000	A.2.1.1.2.2.1	0.75	0.75
chrX	38920001	38930000	A.2.1.1.2.2.1	0.75	0.75
chrX	38930001	38940000	A.2.1.1.2.2.1	0.75	0.75
chrX	38940001	38950000	A.2.1.1.2.2.1	0.75	0.75
chrX	38950001	38960000	A.2.1.1.2.2.1	0.75	0.75
chrX	38960001	38970000	A.2.1.1.2.2.1	0.75	0.75
chrX	38970001	38980000	A.2.1.1.2.2.1	0.75	0.75
chrX	38980001	38990000	A.2.1.1.2.2.1	0.75	0.75
chrX	38990001	3.9e+07	A.2.1.1.2.2.1	0.75	0.75
chrX	39000001	39010000	A.2.1.1.2.2.1	0.75	0.75
chrX	39010001	39020000	A.2.1.1.2.2.1	0.75	0.75
chrX	39020001	39030000	A.2.1.1.2.2.1	0.75	0.75
chrX	39030001	39040000	A.2.1.1.2.2.1	0.75	0.75
chrX	39040001	39050000	A.2.1.1.2.2.1	0.75	0.75
chrX	39050001	39060000	A.2.1.1.2.2.1	0.75	0.75
chrX	39060001	39070000	A.2.1.1.2.2.1	0.75	0.75
chrX	39070001	39080000	A.2.1.1.2.2.1	0.75	0.75
chrX	39080001	39090000	A.2.1.1.2.2.1	0.75	0.75
chrX	39090001	39100000	A.2.1.1.2.2.1	0.75	0.75
chrX	39100001	39110000	A.2.1.1.2.2.1	0.75	0.75
chrX	39110001	39120000	A.2.1.1.2.2.1	0.75	0.75
chrX	39120001	39130000	A.2.1.1.2.2.1	0.75	0.75
chrX	39130001	39140000	A.2.1.1.2.2.1	0.75	0.75
chrX	39140001	39150000	A.2.1.1.2.2.1	0.75	0.75
chrX	39150001	39160000	A.2.1.1.2.2.1	0.75	0.75
chrX	39160001	39170000	A.2.1.1.2.2.1	0.75	0.75
chrX	39170001	39180000	A.2.1.1.2.2.1	0.75	0.75
chrX	39180001	39190000	A.2.1.1.2.2.1	0.75	0.75
chrX	39190001	39200000	A.2.1.1.2.2.1	0.75	0.75
chrX	39200001	39210000	A.2.2.2.2.2.1.2.1	0.625	0.581395348837209
chrX	39210001	39220000	A.2.2.2.2.2.1.2.1	0.625	0.581395348837209
chrX	39220001	39230000	A.2.2.2.2.2.1.2.1	0.625	0.581395348837209
chrX	39230001	39240000	A.2.2.2.2.2.1.2.1	0.625	0.581395348837209
chrX	39240001	39250000	A.2.2.2.2.2.1.2.1	0.625	0.581395348837209
chrX	39250001	39260000	A.2.2.2.2.2.1.2.1	0.625	0.581395348837209
chrX	39260001	39270000	A.2.2.2.2.2.1.2.1	0.625	0.581395348837209
chrX	39270001	39280000	A.2.2.2.2.2.1.2.1	0.625	0.581395348837209
chrX	39280001	39290000	A.2.2.2.2.2.1.2.1	0.625	0.581395348837209
chrX	39290001	39300000	A.2.2.2.2.2.1.2.1	0.625	0.581395348837209
chrX	39300001	39310000	A.2.2.2.2.2.1.2.1	0.625	0.581395348837209
chrX	39310001	39320000	A.2.2.2.2.2.1.2.1	0.625	0.581395348837209
chrX	39320001	39330000	A.2.2.2.2.2.1.2.1	0.625	0.581395348837209
chrX	39330001	39340000	A.2.2.2.2.2.1.2.1	0.625	0.581395348837209
chrX	39340001	39350000	A.2.2.2.2.2.1.2.1	0.625	0.581395348837209
chrX	39350001	39360000	A.2.2.2.2.2.1.1	0.625	0.587209302325582
chrX	39360001	39370000	A.2.2.2.2.2.1.1	0.625	0.587209302325582
chrX	39370001	39380000	A.2.2.2.2.2.1.1	0.625	0.587209302325582
chrX	39380001	39390000	A.2.2.2.2.2.1.1	0.625	0.587209302325582
chrX	39390001	39400000	A.2.2.2.2.2.1.1	0.625	0.587209302325582
chrX	39400001	39410000	A.2.2.2.2.2.1.1	0.625	0.587209302325582
chrX	39410001	39420000	A.2.2.2.2.2.1.1	0.625	0.587209302325582
chrX	39420001	39430000	A.2.2.2.2.2.1.1	0.625	0.587209302325582
chrX	39430001	39440000	A.2.2.2.2.2.1.1	0.625	0.587209302325582
chrX	39440001	39450000	A.2.2.2.2.2.1.1	0.625	0.587209302325582
chrX	39450001	39460000	A.2.2.2.2.2.1.1	0.625	0.587209302325582
chrX	39460001	39470000	A.2.2.2.2.2.1.1	0.625	0.587209302325582
chrX	39470001	39480000	A.2.2.2.2.2.1.1	0.625	0.587209302325582
chrX	39480001	39490000	A.2.2.2.2.2.1.1	0.625	0.587209302325582
chrX	39490001	39500000	A.2.2.2.2.2.1.1	0.625	0.587209302325582
chrX	39500001	39510000	A.1.2.1.2.2.1.2	0.875	0.877906976744186
chrX	39510001	39520000	A.1.2.1.2.2.1.2	0.875	0.877906976744186
chrX	39520001	39530000	A.1.2.1.2.2.1.2	0.875	0.877906976744186
chrX	39530001	39540000	A.1.2.1.2.2.1.2	0.875	0.877906976744186
chrX	39540001	39550000	A.1.2.1.2.2.1.2	0.875	0.877906976744186
chrX	39550001	39560000	A.1.2.1.2.2.1.2	0.875	0.877906976744186
chrX	39560001	39570000	A.1.2.1.2.2.1.2	0.875	0.877906976744186
chrX	39570001	39580000	A.1.2.1.2.2.1.2	0.875	0.877906976744186
chrX	39580001	39590000	A.1.2.1.2.2.1.2	0.875	0.877906976744186
chrX	39590001	39600000	A.1.2.1.2.2.1.2	0.875	0.877906976744186
chrX	39600001	39610000	A.1.2.1.2.2.1.2	0.875	0.877906976744186
chrX	39610001	39620000	A.1.2.1.2.2.1.2	0.875	0.877906976744186
chrX	39620001	39630000	A.1.2.1.2.2.1.2	0.875	0.877906976744186
chrX	39630001	39640000	A.1.2.1.2.2.1.2	0.875	0.877906976744186
chrX	39640001	39650000	A.1.2.1.2.2.1.2	0.875	0.877906976744186
chrX	39650001	39660000	A.1.2.1.2.2.1.2	0.875	0.877906976744186
chrX	39660001	39670000	A.1.2.1.2.2.1.2	0.875	0.877906976744186
chrX	39670001	39680000	A.1.2.1.2.2.1.2	0.875	0.877906976744186
chrX	39680001	39690000	A.1.2.1.2.2.1.2	0.875	0.877906976744186
chrX	39690001	39700000	A.1.2.1.2.2.1.2	0.875	0.877906976744186
chrX	39700001	39710000	A.1.2.1.2.2.1.2	0.875	0.877906976744186
chrX	39710001	39720000	A.1.2.1.2.2.1.2	0.875	0.877906976744186
chrX	39720001	39730000	A.1.2.1.2.2.1.2	0.875	0.877906976744186
chrX	39730001	39740000	A.1.2.1.2.2.1.2	0.875	0.877906976744186
chrX	39740001	39750000	A.1.2.1.2.2.1.2	0.875	0.877906976744186
chrX	39750001	39760000	A.1.2.1.1.1.1.2.2	0.875	0.941860465116279
chrX	39760001	39770000	A.1.2.1.1.1.1.2.2	0.875	0.941860465116279
chrX	39770001	39780000	A.1.2.1.1.1.1.2.2	0.875	0.941860465116279
chrX	39780001	39790000	A.1.2.1.1.1.1.2.2	0.875	0.941860465116279
chrX	39790001	39800000	A.1.2.1.1.1.1.2.2	0.875	0.941860465116279
chrX	39800001	39810000	A.1.2.1.1.1.1.2.2	0.875	0.941860465116279
chrX	39810001	39820000	A.1.2.1.1.1.1.2.2	0.875	0.941860465116279
chrX	39820001	39830000	A.1.2.1.1.1.1.2.2	0.875	0.941860465116279
chrX	39830001	39840000	A.1.2.1.1.1.1.2.2	0.875	0.941860465116279
chrX	39840001	39850000	A.1.2.1.1.1.1.2.2	0.875	0.941860465116279
chrX	39850001	39860000	A.1.2.1.1.1.1.2.2	0.875	0.941860465116279
chrX	39860001	39870000	A.1.2.1.1.1.1.2.2	0.875	0.941860465116279
chrX	39870001	39880000	A.1.2.1.1.1.1.2.2	0.875	0.941860465116279
chrX	39880001	39890000	A.1.2.1.1.1.1.2.2	0.875	0.941860465116279
chrX	39890001	39900000	A.1.2.1.1.1.1.2.2	0.875	0.941860465116279
chrX	39900001	39910000	A.1.2.1.1.1.1.2.2	0.875	0.941860465116279
chrX	39910001	39920000	A.1.2.1.1.1.1.2.2	0.875	0.941860465116279
chrX	39920001	39930000	A.1.2.1.1.1.1.2.2	0.875	0.941860465116279
chrX	39930001	39940000	A.1.2.1.1.1.1.2.2	0.875	0.941860465116279
chrX	39940001	39950000	A.1.2.1.1.1.1.2.2	0.875	0.941860465116279
chrX	39950001	39960000	A.1.2.1.2.1.2.1.2	0.875	0.895348837209302
chrX	39960001	39970000	A.1.2.1.2.1.2.1.2	0.875	0.895348837209302
chrX	39970001	39980000	A.1.2.1.2.1.2.1.2	0.875	0.895348837209302
chrX	39980001	39990000	A.1.2.1.2.1.2.1.2	0.875	0.895348837209302
chrX	39990001	4e+07	A.1.2.1.2.1.2.1.2	0.875	0.895348837209302
chrX	40000001	40010000	A.1.2.1.2.1.2.1.2	0.875	0.895348837209302
chrX	40010001	40020000	A.1.2.1.2.1.2.1.2	0.875	0.895348837209302
chrX	40020001	40030000	A.1.2.1.2.1.2.1.2	0.875	0.895348837209302
chrX	40030001	40040000	A.1.2.1.2.1.2.1.2	0.875	0.895348837209302
chrX	40040001	40050000	A.1.2.1.2.1.2.1.2	0.875	0.895348837209302
chrX	40050001	40060000	A.1.2.1.2.1.2.1.2	0.875	0.895348837209302
chrX	40060001	40070000	A.1.2.1.2.1.2.1.2	0.875	0.895348837209302
chrX	40070001	40080000	A.1.2.1.2.1.2.1.2	0.875	0.895348837209302
chrX	40080001	40090000	A.1.2.1.2.1.2.1.2	0.875	0.895348837209302
chrX	40090001	40100000	A.1.2.1.2.1.2.1.2	0.875	0.895348837209302
chrX	40100001	40110000	A.2.1.1.2.1.2	0.75	0.755813953488372
chrX	40110001	40120000	A.2.1.1.2.1.2	0.75	0.755813953488372
chrX	40120001	40130000	A.2.1.1.2.1.2	0.75	0.755813953488372
chrX	40130001	40140000	A.2.1.1.2.1.2	0.75	0.755813953488372
chrX	40140001	40150000	A.2.1.1.2.1.2	0.75	0.755813953488372
chrX	40150001	40160000	A.2.1.1.2.1.2	0.75	0.755813953488372
chrX	40160001	40170000	A.2.1.1.2.1.2	0.75	0.755813953488372
chrX	40170001	40180000	A.2.1.1.2.1.2	0.75	0.755813953488372
chrX	40180001	40190000	A.2.1.1.2.1.2	0.75	0.755813953488372
chrX	40190001	40200000	A.2.1.1.2.1.2	0.75	0.755813953488372
chrX	40200001	40210000	A.2.1.1.2.1.2	0.75	0.755813953488372
chrX	40210001	40220000	A.2.1.1.2.1.2	0.75	0.755813953488372
chrX	40220001	40230000	A.2.1.1.2.1.2	0.75	0.755813953488372
chrX	40230001	40240000	A.2.1.1.2.1.2	0.75	0.755813953488372
chrX	40240001	40250000	A.2.1.1.2.1.2	0.75	0.755813953488372
chrX	40250001	40260000	A.2.1.1.2.1.2	0.75	0.755813953488372
chrX	40260001	40270000	A.2.1.1.2.1.2	0.75	0.755813953488372
chrX	40270001	40280000	A.2.1.1.2.1.2	0.75	0.755813953488372
chrX	40280001	40290000	A.2.1.1.2.1.2	0.75	0.755813953488372
chrX	40290001	40300000	A.2.1.1.2.1.2	0.75	0.755813953488372
chrX	40300001	40310000	A.2.1.1.2.1.2	0.75	0.755813953488372
chrX	40310001	40320000	A.2.1.1.2.1.2	0.75	0.755813953488372
chrX	40320001	40330000	A.2.1.1.2.1.2	0.75	0.755813953488372
chrX	40330001	40340000	A.2.1.1.2.1.2	0.75	0.755813953488372
chrX	40340001	40350000	A.2.1.1.2.1.2	0.75	0.755813953488372
chrX	40350001	40360000	A.2.1.1.2.1.2	0.75	0.755813953488372
chrX	40360001	40370000	A.2.1.1.2.1.2	0.75	0.755813953488372
chrX	40370001	40380000	A.2.1.1.2.1.2	0.75	0.755813953488372
chrX	40380001	40390000	A.2.1.1.2.1.2	0.75	0.755813953488372
chrX	40390001	40400000	A.2.1.1.2.1.2	0.75	0.755813953488372
chrX	40400001	40410000	A.2.1.1.2.1.2	0.75	0.755813953488372
chrX	40410001	40420000	A.2.1.1.2.1.2	0.75	0.755813953488372
chrX	40420001	40430000	A.2.1.1.2.1.2	0.75	0.755813953488372
chrX	40430001	40440000	A.2.1.1.2.1.2	0.75	0.755813953488372
chrX	40440001	40450000	A.2.1.1.2.1.2	0.75	0.755813953488372
chrX	40450001	40460000	A.1.1.2.1.1	1	0.976744186046512
chrX	40460001	40470000	A.1.1.2.1.1	1	0.976744186046512
chrX	40470001	40480000	A.1.1.2.1.1	1	0.976744186046512
chrX	40480001	40490000	A.1.1.2.1.1	1	0.976744186046512
chrX	40490001	40500000	A.1.1.2.1.1	1	0.976744186046512
chrX	40500001	40510000	A.1.1.2.1.1	1	0.976744186046512
chrX	40510001	40520000	A.1.1.2.1.1	1	0.976744186046512
chrX	40520001	40530000	A.1.1.2.1.1	1	0.976744186046512
chrX	40530001	40540000	A.1.1.2.1.1	1	0.976744186046512
chrX	40540001	40550000	A.1.1.2.1.1	1	0.976744186046512
chrX	40550001	40560000	A.1.1.2.1.1	1	0.976744186046512
chrX	40560001	40570000	A.1.1.2.1.1	1	0.976744186046512
chrX	40570001	40580000	A.1.1.2.1.1	1	0.976744186046512
chrX	40580001	40590000	A.1.1.2.1.1	1	0.976744186046512
chrX	40590001	40600000	A.1.1.2.1.1	1	0.976744186046512
chrX	40600001	40610000	A.1.1.2.1.1	1	0.976744186046512
chrX	40610001	40620000	A.1.1.2.1.1	1	0.976744186046512
chrX	40620001	40630000	A.1.1.2.1.1	1	0.976744186046512
chrX	40630001	40640000	A.1.1.2.1.1	1	0.976744186046512
chrX	40640001	40650000	A.1.1.2.1.1	1	0.976744186046512
chrX	40650001	40660000	A.1.1.2.1.1	1	0.976744186046512
chrX	40660001	40670000	A.1.1.2.1.1	1	0.976744186046512
chrX	40670001	40680000	A.1.1.2.1.1	1	0.976744186046512
chrX	40680001	40690000	A.1.1.2.1.1	1	0.976744186046512
chrX	40690001	40700000	A.1.1.2.1.1	1	0.976744186046512
chrX	40700001	40710000	A.1.2.1.1.1.2	0.875	0.936046511627907
chrX	40710001	40720000	A.1.2.1.1.1.2	0.875	0.936046511627907
chrX	40720001	40730000	A.1.2.1.1.1.2	0.875	0.936046511627907
chrX	40730001	40740000	A.1.2.1.1.1.2	0.875	0.936046511627907
chrX	40740001	40750000	A.1.2.1.1.1.2	0.875	0.936046511627907
chrX	40750001	40760000	A.1.2.1.1.1.2	0.875	0.936046511627907
chrX	40760001	40770000	A.1.2.1.1.1.2	0.875	0.936046511627907
chrX	40770001	40780000	A.1.2.1.1.1.2	0.875	0.936046511627907
chrX	40780001	40790000	A.1.2.1.1.1.2	0.875	0.936046511627907
chrX	40790001	40800000	A.1.2.1.1.1.2	0.875	0.936046511627907
chrX	40800001	40810000	A.1.2.1.1.1.2	0.875	0.936046511627907
chrX	40810001	40820000	A.1.2.1.1.1.2	0.875	0.936046511627907
chrX	40820001	40830000	A.1.2.1.1.1.2	0.875	0.936046511627907
chrX	40830001	40840000	A.1.2.1.1.1.2	0.875	0.936046511627907
chrX	40840001	40850000	A.1.2.1.1.1.2	0.875	0.936046511627907
chrX	40850001	40860000	A.1.2.1.1.1.2	0.875	0.936046511627907
chrX	40860001	40870000	A.1.2.1.1.1.2	0.875	0.936046511627907
chrX	40870001	40880000	A.1.2.1.1.1.2	0.875	0.936046511627907
chrX	40880001	40890000	A.1.2.1.1.1.2	0.875	0.936046511627907
chrX	40890001	40900000	A.1.2.1.1.1.2	0.875	0.936046511627907
chrX	40900001	40910000	A.1.2.1.1.1.2	0.875	0.936046511627907
chrX	40910001	40920000	A.1.2.1.1.1.2	0.875	0.936046511627907
chrX	40920001	40930000	A.1.2.1.1.1.2	0.875	0.936046511627907
chrX	40930001	40940000	A.1.2.1.1.1.2	0.875	0.936046511627907
chrX	40940001	40950000	A.1.2.1.1.1.2	0.875	0.936046511627907
chrX	40950001	40960000	A.1.2.1.2.2.2.1.1	0.875	0.872093023255814
chrX	40960001	40970000	A.1.2.1.2.2.2.1.1	0.875	0.872093023255814
chrX	40970001	40980000	A.1.2.1.2.2.2.1.1	0.875	0.872093023255814
chrX	40980001	40990000	A.1.2.1.2.2.2.1.1	0.875	0.872093023255814
chrX	40990001	4.1e+07	A.1.2.1.2.2.2.1.1	0.875	0.872093023255814
chrX	41000001	41010000	A.1.2.1.2.2.2.1.1	0.875	0.872093023255814
chrX	41010001	41020000	A.1.2.1.2.2.2.1.1	0.875	0.872093023255814
chrX	41020001	41030000	A.1.2.1.2.2.2.1.1	0.875	0.872093023255814
chrX	41030001	41040000	A.1.2.1.2.2.2.1.1	0.875	0.872093023255814
chrX	41040001	41050000	A.1.2.1.2.2.2.1.1	0.875	0.872093023255814
chrX	41050001	41060000	A.1.2.1.2.2.2.1.1	0.875	0.872093023255814
chrX	41060001	41070000	A.1.2.1.2.2.2.1.1	0.875	0.872093023255814
chrX	41070001	41080000	A.1.2.1.2.2.2.1.1	0.875	0.872093023255814
chrX	41080001	41090000	A.1.2.1.2.2.2.1.1	0.875	0.872093023255814
chrX	41090001	41100000	A.1.2.1.2.2.2.1.1	0.875	0.872093023255814
chrX	41100001	41110000	A.1.2.1.2.2.2.1.1	0.875	0.872093023255814
chrX	41110001	41120000	A.1.2.1.2.2.2.1.1	0.875	0.872093023255814
chrX	41120001	41130000	A.1.2.1.2.2.2.1.1	0.875	0.872093023255814
chrX	41130001	41140000	A.1.2.1.2.2.2.1.1	0.875	0.872093023255814
chrX	41140001	41150000	A.1.2.1.2.2.2.1.1	0.875	0.872093023255814
chrX	41150001	41160000	A.1.2.1.2.2.2.1.1	0.875	0.872093023255814
chrX	41160001	41170000	A.1.2.1.2.2.2.1.1	0.875	0.872093023255814
chrX	41170001	41180000	A.1.2.1.2.2.2.1.1	0.875	0.872093023255814
chrX	41180001	41190000	A.1.2.1.2.2.2.1.1	0.875	0.872093023255814
chrX	41190001	41200000	A.1.2.1.2.2.2.1.1	0.875	0.872093023255814
chrX	41200001	41210000	A.1.2.1.2.2.2.1.1	0.875	0.872093023255814
chrX	41210001	41220000	A.1.2.1.2.2.2.1.1	0.875	0.872093023255814
chrX	41220001	41230000	A.1.2.1.2.2.2.1.1	0.875	0.872093023255814
chrX	41230001	41240000	A.1.2.1.2.2.2.1.1	0.875	0.872093023255814
chrX	41240001	41250000	A.1.2.1.2.2.2.1.1	0.875	0.872093023255814
chrX	41250001	41260000	A.1.2.1.2.2.2.1.1	0.875	0.872093023255814
chrX	41260001	41270000	A.1.2.1.2.2.2.1.1	0.875	0.872093023255814
chrX	41270001	41280000	A.1.2.1.2.2.2.1.1	0.875	0.872093023255814
chrX	41280001	41290000	A.1.2.1.2.2.2.1.1	0.875	0.872093023255814
chrX	41290001	41300000	A.1.2.1.2.2.2.1.1	0.875	0.872093023255814
chrX	41300001	41310000	A.1.2.1.2.2.2.1.1	0.875	0.872093023255814
chrX	41310001	41320000	A.1.2.1.2.2.2.1.1	0.875	0.872093023255814
chrX	41320001	41330000	A.1.2.1.2.2.2.1.1	0.875	0.872093023255814
chrX	41330001	41340000	A.1.2.1.2.2.2.1.1	0.875	0.872093023255814
chrX	41340001	41350000	A.1.2.1.2.2.2.1.1	0.875	0.872093023255814
chrX	41350001	41360000	A.1.2.1.2.2.2.1.1	0.875	0.872093023255814
chrX	41360001	41370000	A.1.2.1.2.2.2.1.1	0.875	0.872093023255814
chrX	41370001	41380000	A.1.2.1.2.2.2.1.1	0.875	0.872093023255814
chrX	41380001	41390000	A.1.2.1.2.2.2.1.1	0.875	0.872093023255814
chrX	41390001	41400000	A.1.2.1.2.2.2.1.1	0.875	0.872093023255814
chrX	41400001	41410000	A.1.2.1.2.2.2.1.1	0.875	0.872093023255814
chrX	41410001	41420000	A.1.2.1.2.2.2.1.1	0.875	0.872093023255814
chrX	41420001	41430000	A.1.2.1.2.2.2.1.1	0.875	0.872093023255814
chrX	41430001	41440000	A.1.2.1.2.2.2.1.1	0.875	0.872093023255814
chrX	41440001	41450000	A.1.2.1.2.2.2.1.1	0.875	0.872093023255814
chrX	41450001	41460000	A.1.2.1.2.2.2.1.1	0.875	0.872093023255814
chrX	41460001	41470000	A.1.2.1.2.2.2.1.1	0.875	0.872093023255814
chrX	41470001	41480000	A.1.2.1.2.2.2.1.1	0.875	0.872093023255814
chrX	41480001	41490000	A.1.2.1.2.2.2.1.1	0.875	0.872093023255814
chrX	41490001	41500000	A.1.2.1.2.2.2.1.1	0.875	0.872093023255814
chrX	41500001	41510000	A.1.2.1.2.2.2.1.1	0.875	0.872093023255814
chrX	41510001	41520000	A.1.2.1.2.2.2.1.1	0.875	0.872093023255814
chrX	41520001	41530000	A.1.2.1.2.2.2.1.1	0.875	0.872093023255814
chrX	41530001	41540000	A.1.2.1.2.2.2.1.1	0.875	0.872093023255814
chrX	41540001	41550000	A.1.2.1.2.2.2.1.1	0.875	0.872093023255814
chrX	41550001	41560000	A.1.2.1.2.2.2.1.1	0.875	0.872093023255814
chrX	41560001	41570000	A.1.2.1.2.2.2.1.1	0.875	0.872093023255814
chrX	41570001	41580000	A.1.2.1.2.2.2.1.1	0.875	0.872093023255814
chrX	41580001	41590000	A.1.2.1.2.2.2.1.1	0.875	0.872093023255814
chrX	41590001	41600000	A.1.2.1.2.2.2.1.1	0.875	0.872093023255814
chrX	41600001	41610000	A.1.2.1.2.2.2.1.1	0.875	0.872093023255814
chrX	41610001	41620000	A.1.2.1.2.2.2.1.1	0.875	0.872093023255814
chrX	41620001	41630000	A.1.2.1.2.2.2.1.1	0.875	0.872093023255814
chrX	41630001	41640000	A.1.2.1.2.2.2.1.1	0.875	0.872093023255814
chrX	41640001	41650000	A.1.2.1.2.2.2.1.1	0.875	0.872093023255814
chrX	41650001	41660000	A.1.2.1.2.2.2.1.1	0.875	0.872093023255814
chrX	41660001	41670000	A.1.2.1.2.2.2.1.1	0.875	0.872093023255814
chrX	41670001	41680000	A.1.2.1.2.2.2.1.1	0.875	0.872093023255814
chrX	41680001	41690000	A.1.2.1.2.2.2.1.1	0.875	0.872093023255814
chrX	41690001	41700000	A.1.2.1.2.2.2.1.1	0.875	0.872093023255814
chrX	41700001	41710000	A.1.2.1.2.2.2.1.1	0.875	0.872093023255814
chrX	41710001	41720000	A.1.2.1.2.2.2.1.1	0.875	0.872093023255814
chrX	41720001	41730000	A.1.2.1.2.2.2.1.1	0.875	0.872093023255814
chrX	41730001	41740000	A.1.2.1.2.2.2.1.1	0.875	0.872093023255814
chrX	41740001	41750000	A.1.2.1.2.2.2.1.1	0.875	0.872093023255814
chrX	41750001	41760000	A.1.2.1.2.2.2.1.1	0.875	0.872093023255814
chrX	41760001	41770000	A.1.2.1.2.2.2.1.1	0.875	0.872093023255814
chrX	41770001	41780000	A.1.2.1.2.2.2.1.1	0.875	0.872093023255814
chrX	41780001	41790000	A.1.2.1.2.2.2.1.1	0.875	0.872093023255814
chrX	41790001	41800000	A.1.2.1.2.2.2.1.1	0.875	0.872093023255814
chrX	41800001	41810000	A.1.2.1.2.2.2.1.1	0.875	0.872093023255814
chrX	41810001	41820000	A.1.2.1.2.2.2.1.1	0.875	0.872093023255814
chrX	41820001	41830000	A.1.2.1.2.2.2.1.1	0.875	0.872093023255814
chrX	41830001	41840000	A.1.2.1.2.2.2.1.1	0.875	0.872093023255814
chrX	41840001	41850000	A.1.2.1.2.2.2.1.1	0.875	0.872093023255814
chrX	41850001	41860000	A.1.2.1.2.2.2.1.1	0.875	0.872093023255814
chrX	41860001	41870000	A.1.2.1.2.2.2.1.1	0.875	0.872093023255814
chrX	41870001	41880000	A.1.2.1.2.2.2.1.1	0.875	0.872093023255814
chrX	41880001	41890000	A.1.2.1.2.2.2.1.1	0.875	0.872093023255814
chrX	41890001	41900000	A.1.2.1.2.2.2.1.1	0.875	0.872093023255814
chrX	41900001	41910000	B.1.1.2.2.2.1.1.2.2	0.5	0.424418604651163
chrX	41910001	41920000	B.1.1.2.2.2.1.1.2.2	0.5	0.424418604651163
chrX	41920001	41930000	B.1.1.2.2.2.1.1.2.2	0.5	0.424418604651163
chrX	41930001	41940000	B.1.1.2.2.2.1.1.2.2	0.5	0.424418604651163
chrX	41940001	41950000	B.1.1.2.2.2.1.1.2.2	0.5	0.424418604651163
chrX	41950001	41960000	B.1.1.2.2.2.1.1.2.2	0.5	0.424418604651163
chrX	41960001	41970000	B.1.1.2.2.2.1.1.2.2	0.5	0.424418604651163
chrX	41970001	41980000	B.1.1.2.2.2.1.1.2.2	0.5	0.424418604651163
chrX	41980001	41990000	B.1.1.2.2.2.1.1.2.2	0.5	0.424418604651163
chrX	41990001	4.2e+07	B.1.1.2.2.2.1.1.2.2	0.5	0.424418604651163
chrX	42000001	42010000	B.1.1.2.2.2.1.1.2.2	0.5	0.424418604651163
chrX	42010001	42020000	B.1.1.2.2.2.1.1.2.2	0.5	0.424418604651163
chrX	42020001	42030000	B.1.1.2.2.2.1.1.2.2	0.5	0.424418604651163
chrX	42030001	42040000	B.1.1.2.2.2.1.1.2.2	0.5	0.424418604651163
chrX	42040001	42050000	B.1.1.2.2.2.1.1.2.2	0.5	0.424418604651163
chrX	42050001	42060000	B.1.1.2.2.2.1.1.2.2	0.5	0.424418604651163
chrX	42060001	42070000	B.1.1.2.2.2.1.1.2.2	0.5	0.424418604651163
chrX	42070001	42080000	B.1.1.2.2.2.1.1.2.2	0.5	0.424418604651163
chrX	42080001	42090000	B.1.1.2.2.2.1.1.2.2	0.5	0.424418604651163
chrX	42090001	42100000	B.1.1.2.2.2.1.1.2.2	0.5	0.424418604651163
chrX	42100001	42110000	B.1.1.1.2.1.2.1.2	0.5	0.523255813953488
chrX	42110001	42120000	B.1.1.1.2.1.2.1.2	0.5	0.523255813953488
chrX	42120001	42130000	B.1.1.1.2.1.2.1.2	0.5	0.523255813953488
chrX	42130001	42140000	B.1.1.1.2.1.2.1.2	0.5	0.523255813953488
chrX	42140001	42150000	B.1.1.1.2.1.2.1.2	0.5	0.523255813953488
chrX	42150001	42160000	B.1.1.1.2.1.2.1.2	0.5	0.523255813953488
chrX	42160001	42170000	B.1.1.1.2.1.2.1.2	0.5	0.523255813953488
chrX	42170001	42180000	B.1.1.1.2.1.2.1.2	0.5	0.523255813953488
chrX	42180001	42190000	B.1.1.1.2.1.2.1.2	0.5	0.523255813953488
chrX	42190001	42200000	B.1.1.1.2.1.2.1.2	0.5	0.523255813953488
chrX	42200001	42210000	B.1.1.1.2.1.2.1.2	0.5	0.523255813953488
chrX	42210001	42220000	B.1.1.1.2.1.2.1.2	0.5	0.523255813953488
chrX	42220001	42230000	B.1.1.1.2.1.2.1.2	0.5	0.523255813953488
chrX	42230001	42240000	B.1.1.1.2.1.2.1.2	0.5	0.523255813953488
chrX	42240001	42250000	B.1.1.1.2.1.2.1.2	0.5	0.523255813953488
chrX	42250001	42260000	B.1.1.1.2.1.2.1.2	0.5	0.523255813953488
chrX	42260001	42270000	B.1.1.1.2.1.2.1.2	0.5	0.523255813953488
chrX	42270001	42280000	B.1.1.1.2.1.2.1.2	0.5	0.523255813953488
chrX	42280001	42290000	B.1.1.1.2.1.2.1.2	0.5	0.523255813953488
chrX	42290001	42300000	B.1.1.1.2.1.2.1.2	0.5	0.523255813953488
chrX	42300001	42310000	B.1.1.1.2.1.2.1.2	0.5	0.523255813953488
chrX	42310001	42320000	B.1.1.1.2.1.2.1.2	0.5	0.523255813953488
chrX	42320001	42330000	B.1.1.1.2.1.2.1.2	0.5	0.523255813953488
chrX	42330001	42340000	B.1.1.1.2.1.2.1.2	0.5	0.523255813953488
chrX	42340001	42350000	B.1.1.1.2.1.2.1.2	0.5	0.523255813953488
chrX	42350001	42360000	A.2.2.1.2.2.1.1	0.625	0.645348837209302
chrX	42360001	42370000	A.2.2.1.2.2.1.1	0.625	0.645348837209302
chrX	42370001	42380000	A.2.2.1.2.2.1.1	0.625	0.645348837209302
chrX	42380001	42390000	A.2.2.1.2.2.1.1	0.625	0.645348837209302
chrX	42390001	42400000	A.2.2.1.2.2.1.1	0.625	0.645348837209302
chrX	42400001	42410000	A.2.2.1.2.2.1.1	0.625	0.645348837209302
chrX	42410001	42420000	A.2.2.1.2.2.1.1	0.625	0.645348837209302
chrX	42420001	42430000	A.2.2.1.2.2.1.1	0.625	0.645348837209302
chrX	42430001	42440000	A.2.2.1.2.2.1.1	0.625	0.645348837209302
chrX	42440001	42450000	A.2.2.1.2.2.1.1	0.625	0.645348837209302
chrX	42450001	42460000	A.2.2.1.2.2.1.1	0.625	0.645348837209302
chrX	42460001	42470000	A.2.2.1.2.2.1.1	0.625	0.645348837209302
chrX	42470001	42480000	A.2.2.1.2.2.1.1	0.625	0.645348837209302
chrX	42480001	42490000	A.2.2.1.2.2.1.1	0.625	0.645348837209302
chrX	42490001	42500000	A.2.2.1.2.2.1.1	0.625	0.645348837209302
chrX	42500001	42510000	A.2.2.1.2.2.1.1	0.625	0.645348837209302
chrX	42510001	42520000	A.2.2.1.2.2.1.1	0.625	0.645348837209302
chrX	42520001	42530000	A.2.2.1.2.2.1.1	0.625	0.645348837209302
chrX	42530001	42540000	A.2.2.1.2.2.1.1	0.625	0.645348837209302
chrX	42540001	42550000	A.2.2.1.2.2.1.1	0.625	0.645348837209302
chrX	42550001	42560000	A.2.2.1.2.2.1.1	0.625	0.645348837209302
chrX	42560001	42570000	A.2.2.1.2.2.1.1	0.625	0.645348837209302
chrX	42570001	42580000	A.2.2.1.2.2.1.1	0.625	0.645348837209302
chrX	42580001	42590000	A.2.2.1.2.2.1.1	0.625	0.645348837209302
chrX	42590001	42600000	A.2.2.1.2.2.1.1	0.625	0.645348837209302
chrX	42600001	42610000	A.2.2.1.2.2.1.1	0.625	0.645348837209302
chrX	42610001	42620000	A.2.2.1.2.2.1.1	0.625	0.645348837209302
chrX	42620001	42630000	A.2.2.1.2.2.1.1	0.625	0.645348837209302
chrX	42630001	42640000	A.2.2.1.2.2.1.1	0.625	0.645348837209302
chrX	42640001	42650000	A.2.2.1.2.2.1.1	0.625	0.645348837209302
chrX	42650001	42660000	A.2.2.1.2.2.1.1	0.625	0.645348837209302
chrX	42660001	42670000	A.2.2.1.2.2.1.1	0.625	0.645348837209302
chrX	42670001	42680000	A.2.2.1.2.2.1.1	0.625	0.645348837209302
chrX	42680001	42690000	A.2.2.1.2.2.1.1	0.625	0.645348837209302
chrX	42690001	42700000	A.2.2.1.2.2.1.1	0.625	0.645348837209302
chrX	42700001	42710000	A.2.2.1.2.2.1.1	0.625	0.645348837209302
chrX	42710001	42720000	A.2.2.1.2.2.1.1	0.625	0.645348837209302
chrX	42720001	42730000	A.2.2.1.2.2.1.1	0.625	0.645348837209302
chrX	42730001	42740000	A.2.2.1.2.2.1.1	0.625	0.645348837209302
chrX	42740001	42750000	A.2.2.1.2.2.1.1	0.625	0.645348837209302
chrX	42750001	42760000	B.1.2.1.1.1.2.1	0.375	0.377906976744186
chrX	42760001	42770000	B.1.2.1.1.1.2.1	0.375	0.377906976744186
chrX	42770001	42780000	B.1.2.1.1.1.2.1	0.375	0.377906976744186
chrX	42780001	42790000	B.1.2.1.1.1.2.1	0.375	0.377906976744186
chrX	42790001	42800000	B.1.2.1.1.1.2.1	0.375	0.377906976744186
chrX	42800001	42810000	B.1.2.1.1.1.2.1	0.375	0.377906976744186
chrX	42810001	42820000	B.1.2.1.1.1.2.1	0.375	0.377906976744186
chrX	42820001	42830000	B.1.2.1.1.1.2.1	0.375	0.377906976744186
chrX	42830001	42840000	B.1.2.1.1.1.2.1	0.375	0.377906976744186
chrX	42840001	42850000	B.1.2.1.1.1.2.1	0.375	0.377906976744186
chrX	42850001	42860000	B.1.2.1.1.1.2.1	0.375	0.377906976744186
chrX	42860001	42870000	B.1.2.1.1.1.2.1	0.375	0.377906976744186
chrX	42870001	42880000	B.1.2.1.1.1.2.1	0.375	0.377906976744186
chrX	42880001	42890000	B.1.2.1.1.1.2.1	0.375	0.377906976744186
chrX	42890001	42900000	B.1.2.1.1.1.2.1	0.375	0.377906976744186
chrX	42900001	42910000	B.1.2.1.1.1.2.1	0.375	0.377906976744186
chrX	42910001	42920000	B.1.2.1.1.1.2.1	0.375	0.377906976744186
chrX	42920001	42930000	B.1.2.1.1.1.2.1	0.375	0.377906976744186
chrX	42930001	42940000	B.1.2.1.1.1.2.1	0.375	0.377906976744186
chrX	42940001	42950000	B.1.2.1.1.1.2.1	0.375	0.377906976744186
chrX	42950001	42960000	B.1.2.1.1.1.2.1	0.375	0.377906976744186
chrX	42960001	42970000	B.1.2.1.1.1.2.1	0.375	0.377906976744186
chrX	42970001	42980000	B.1.2.1.1.1.2.1	0.375	0.377906976744186
chrX	42980001	42990000	B.1.2.1.1.1.2.1	0.375	0.377906976744186
chrX	42990001	4.3e+07	B.1.2.1.1.1.2.1	0.375	0.377906976744186
chrX	43000001	43010000	B.1.2.1.1.1.2.1	0.375	0.377906976744186
chrX	43010001	43020000	B.1.2.1.1.1.2.1	0.375	0.377906976744186
chrX	43020001	43030000	B.1.2.1.1.1.2.1	0.375	0.377906976744186
chrX	43030001	43040000	B.1.2.1.1.1.2.1	0.375	0.377906976744186
chrX	43040001	43050000	B.1.2.1.1.1.2.1	0.375	0.377906976744186
chrX	43050001	43060000	B.1.2.1.1.1.2.1	0.375	0.377906976744186
chrX	43060001	43070000	B.1.2.1.1.1.2.1	0.375	0.377906976744186
chrX	43070001	43080000	B.1.2.1.1.1.2.1	0.375	0.377906976744186
chrX	43080001	43090000	B.1.2.1.1.1.2.1	0.375	0.377906976744186
chrX	43090001	43100000	B.1.2.1.1.1.2.1	0.375	0.377906976744186
chrX	43100001	43110000	B.1.2.1.1.1.2.1	0.375	0.377906976744186
chrX	43110001	43120000	B.1.2.1.1.1.2.1	0.375	0.377906976744186
chrX	43120001	43130000	B.1.2.1.1.1.2.1	0.375	0.377906976744186
chrX	43130001	43140000	B.1.2.1.1.1.2.1	0.375	0.377906976744186
chrX	43140001	43150000	B.1.2.1.1.1.2.1	0.375	0.377906976744186
chrX	43150001	43160000	B.1.2.1.1.1.2.2.2	0.375	0.366279069767442
chrX	43160001	43170000	B.1.2.1.1.1.2.2.2	0.375	0.366279069767442
chrX	43170001	43180000	B.1.2.1.1.1.2.2.2	0.375	0.366279069767442
chrX	43180001	43190000	B.1.2.1.1.1.2.2.2	0.375	0.366279069767442
chrX	43190001	43200000	B.1.2.1.1.1.2.2.2	0.375	0.366279069767442
chrX	43200001	43210000	B.1.2.1.1.1.2.2.2	0.375	0.366279069767442
chrX	43210001	43220000	B.1.2.1.1.1.2.2.2	0.375	0.366279069767442
chrX	43220001	43230000	B.1.2.1.1.1.2.2.2	0.375	0.366279069767442
chrX	43230001	43240000	B.1.2.1.1.1.2.2.2	0.375	0.366279069767442
chrX	43240001	43250000	B.1.2.1.1.1.2.2.2	0.375	0.366279069767442
chrX	43250001	43260000	B.1.2.1.1.1.2.2.2	0.375	0.366279069767442
chrX	43260001	43270000	B.1.2.1.1.1.2.2.2	0.375	0.366279069767442
chrX	43270001	43280000	B.1.2.1.1.1.2.2.2	0.375	0.366279069767442
chrX	43280001	43290000	B.1.2.1.1.1.2.2.2	0.375	0.366279069767442
chrX	43290001	43300000	B.1.2.1.1.1.2.2.2	0.375	0.366279069767442
chrX	43300001	43310000	B.1.2.1.1.1.2.2.2	0.375	0.366279069767442
chrX	43310001	43320000	B.1.2.1.1.1.2.2.2	0.375	0.366279069767442
chrX	43320001	43330000	B.1.2.1.1.1.2.2.2	0.375	0.366279069767442
chrX	43330001	43340000	B.1.2.1.1.1.2.2.2	0.375	0.366279069767442
chrX	43340001	43350000	B.1.2.1.1.1.2.2.2	0.375	0.366279069767442
chrX	43350001	43360000	B.1.2.1.1.1.2.2.2	0.375	0.366279069767442
chrX	43360001	43370000	B.1.2.1.1.1.2.2.2	0.375	0.366279069767442
chrX	43370001	43380000	B.1.2.1.1.1.2.2.2	0.375	0.366279069767442
chrX	43380001	43390000	B.1.2.1.1.1.2.2.2	0.375	0.366279069767442
chrX	43390001	43400000	B.1.2.1.1.1.2.2.2	0.375	0.366279069767442
chrX	43400001	43410000	B.1.2.1.1.1.2.2.2	0.375	0.366279069767442
chrX	43410001	43420000	B.1.2.1.1.1.2.2.2	0.375	0.366279069767442
chrX	43420001	43430000	B.1.2.1.1.1.2.2.2	0.375	0.366279069767442
chrX	43430001	43440000	B.1.2.1.1.1.2.2.2	0.375	0.366279069767442
chrX	43440001	43450000	B.1.2.1.1.1.2.2.2	0.375	0.366279069767442
chrX	43450001	43460000	B.1.1.1.1.1	0.5	0.563953488372093
chrX	43460001	43470000	B.1.1.1.1.1	0.5	0.563953488372093
chrX	43470001	43480000	B.1.1.1.1.1	0.5	0.563953488372093
chrX	43480001	43490000	B.1.1.1.1.1	0.5	0.563953488372093
chrX	43490001	43500000	B.1.1.1.1.1	0.5	0.563953488372093
chrX	43500001	43510000	B.1.1.1.1.1	0.5	0.563953488372093
chrX	43510001	43520000	B.1.1.1.1.1	0.5	0.563953488372093
chrX	43520001	43530000	B.1.1.1.1.1	0.5	0.563953488372093
chrX	43530001	43540000	B.1.1.1.1.1	0.5	0.563953488372093
chrX	43540001	43550000	B.1.1.1.1.1	0.5	0.563953488372093
chrX	43550001	43560000	B.1.1.1.1.1	0.5	0.563953488372093
chrX	43560001	43570000	B.1.1.1.1.1	0.5	0.563953488372093
chrX	43570001	43580000	B.1.1.1.1.1	0.5	0.563953488372093
chrX	43580001	43590000	B.1.1.1.1.1	0.5	0.563953488372093
chrX	43590001	43600000	B.1.1.1.1.1	0.5	0.563953488372093
chrX	43600001	43610000	B.1.1.1.1.1	0.5	0.563953488372093
chrX	43610001	43620000	B.1.1.1.1.1	0.5	0.563953488372093
chrX	43620001	43630000	B.1.1.1.1.1	0.5	0.563953488372093
chrX	43630001	43640000	B.1.1.1.1.1	0.5	0.563953488372093
chrX	43640001	43650000	B.1.1.1.1.1	0.5	0.563953488372093
chrX	43650001	43660000	A.1.2.2.1.2.2.1	0.875	0.843023255813954
chrX	43660001	43670000	A.1.2.2.1.2.2.1	0.875	0.843023255813954
chrX	43670001	43680000	A.1.2.2.1.2.2.1	0.875	0.843023255813954
chrX	43680001	43690000	A.1.2.2.1.2.2.1	0.875	0.843023255813954
chrX	43690001	43700000	A.1.2.2.1.2.2.1	0.875	0.843023255813954
chrX	43700001	43710000	A.1.2.2.1.2.2.1	0.875	0.843023255813954
chrX	43710001	43720000	A.1.2.2.1.2.2.1	0.875	0.843023255813954
chrX	43720001	43730000	A.1.2.2.1.2.2.1	0.875	0.843023255813954
chrX	43730001	43740000	A.1.2.2.1.2.2.1	0.875	0.843023255813954
chrX	43740001	43750000	A.1.2.2.1.2.2.1	0.875	0.843023255813954
chrX	43750001	43760000	A.1.2.2.1.2.2.1	0.875	0.843023255813954
chrX	43760001	43770000	A.1.2.2.1.2.2.1	0.875	0.843023255813954
chrX	43770001	43780000	A.1.2.2.1.2.2.1	0.875	0.843023255813954
chrX	43780001	43790000	A.1.2.2.1.2.2.1	0.875	0.843023255813954
chrX	43790001	43800000	A.1.2.2.1.2.2.1	0.875	0.843023255813954
chrX	43800001	43810000	A.1.2.2.1.2.2.1	0.875	0.843023255813954
chrX	43810001	43820000	A.1.2.2.1.2.2.1	0.875	0.843023255813954
chrX	43820001	43830000	A.1.2.2.1.2.2.1	0.875	0.843023255813954
chrX	43830001	43840000	A.1.2.2.1.2.2.1	0.875	0.843023255813954
chrX	43840001	43850000	A.1.2.2.1.2.2.1	0.875	0.843023255813954
chrX	43850001	43860000	A.1.2.2.1.2.2.1	0.875	0.843023255813954
chrX	43860001	43870000	A.1.2.2.1.2.2.1	0.875	0.843023255813954
chrX	43870001	43880000	A.1.2.2.1.2.2.1	0.875	0.843023255813954
chrX	43880001	43890000	A.1.2.2.1.2.2.1	0.875	0.843023255813954
chrX	43890001	43900000	A.1.2.2.1.2.2.1	0.875	0.843023255813954
chrX	43900001	43910000	A.1.2.2.1.2.2.1	0.875	0.843023255813954
chrX	43910001	43920000	A.1.2.2.1.2.2.1	0.875	0.843023255813954
chrX	43920001	43930000	A.1.2.2.1.2.2.1	0.875	0.843023255813954
chrX	43930001	43940000	A.1.2.2.1.2.2.1	0.875	0.843023255813954
chrX	43940001	43950000	A.1.2.2.1.2.2.1	0.875	0.843023255813954
chrX	43950001	43960000	A.1.2.2.1.2.2.1	0.875	0.843023255813954
chrX	43960001	43970000	A.1.2.2.1.2.2.1	0.875	0.843023255813954
chrX	43970001	43980000	A.1.2.2.1.2.2.1	0.875	0.843023255813954
chrX	43980001	43990000	A.1.2.2.1.2.2.1	0.875	0.843023255813954
chrX	43990001	4.4e+07	A.1.2.2.1.2.2.1	0.875	0.843023255813954
chrX	44000001	44010000	A.1.2.2.1.2.2.1	0.875	0.843023255813954
chrX	44010001	44020000	A.1.2.2.1.2.2.1	0.875	0.843023255813954
chrX	44020001	44030000	A.1.2.2.1.2.2.1	0.875	0.843023255813954
chrX	44030001	44040000	A.1.2.2.1.2.2.1	0.875	0.843023255813954
chrX	44040001	44050000	A.1.2.2.1.2.2.1	0.875	0.843023255813954
chrX	44050001	44060000	A.1.2.2.1.2.2.1	0.875	0.843023255813954
chrX	44060001	44070000	A.1.2.2.1.2.2.1	0.875	0.843023255813954
chrX	44070001	44080000	A.1.2.2.1.2.2.1	0.875	0.843023255813954
chrX	44080001	44090000	A.1.2.2.1.2.2.1	0.875	0.843023255813954
chrX	44090001	44100000	A.1.2.2.1.2.2.1	0.875	0.843023255813954
chrX	44100001	44110000	A.2.2.1.2.2.2	0.625	0.633720930232558
chrX	44110001	44120000	A.2.2.1.2.2.2	0.625	0.633720930232558
chrX	44120001	44130000	A.2.2.1.2.2.2	0.625	0.633720930232558
chrX	44130001	44140000	A.2.2.1.2.2.2	0.625	0.633720930232558
chrX	44140001	44150000	A.2.2.1.2.2.2	0.625	0.633720930232558
chrX	44150001	44160000	A.2.2.1.2.2.2	0.625	0.633720930232558
chrX	44160001	44170000	A.2.2.1.2.2.2	0.625	0.633720930232558
chrX	44170001	44180000	A.2.2.1.2.2.2	0.625	0.633720930232558
chrX	44180001	44190000	A.2.2.1.2.2.2	0.625	0.633720930232558
chrX	44190001	44200000	A.2.2.1.2.2.2	0.625	0.633720930232558
chrX	44200001	44210000	A.2.1.2.1.1.1	0.75	0.738372093023256
chrX	44210001	44220000	A.2.1.2.1.1.1	0.75	0.738372093023256
chrX	44220001	44230000	A.2.1.2.1.1.1	0.75	0.738372093023256
chrX	44230001	44240000	A.2.1.2.1.1.1	0.75	0.738372093023256
chrX	44240001	44250000	A.2.1.2.1.1.1	0.75	0.738372093023256
chrX	44250001	44260000	A.2.1.2.1.1.1	0.75	0.738372093023256
chrX	44260001	44270000	A.2.1.2.1.1.1	0.75	0.738372093023256
chrX	44270001	44280000	A.2.1.2.1.1.1	0.75	0.738372093023256
chrX	44280001	44290000	A.2.1.2.1.1.1	0.75	0.738372093023256
chrX	44290001	44300000	A.2.1.2.1.1.1	0.75	0.738372093023256
chrX	44300001	44310000	A.2.1.2.1.1.1	0.75	0.738372093023256
chrX	44310001	44320000	A.2.1.2.1.1.1	0.75	0.738372093023256
chrX	44320001	44330000	A.2.1.2.1.1.1	0.75	0.738372093023256
chrX	44330001	44340000	A.2.1.2.1.1.1	0.75	0.738372093023256
chrX	44340001	44350000	A.2.1.2.1.1.1	0.75	0.738372093023256
chrX	44350001	44360000	A.2.1.2.1.1.1	0.75	0.738372093023256
chrX	44360001	44370000	A.2.1.2.1.1.1	0.75	0.738372093023256
chrX	44370001	44380000	A.2.1.2.1.1.1	0.75	0.738372093023256
chrX	44380001	44390000	A.2.1.2.1.1.1	0.75	0.738372093023256
chrX	44390001	44400000	A.2.1.2.1.1.1	0.75	0.738372093023256
chrX	44400001	44410000	A.2.1.2.1.1.1	0.75	0.738372093023256
chrX	44410001	44420000	A.2.1.2.1.1.1	0.75	0.738372093023256
chrX	44420001	44430000	A.2.1.2.1.1.1	0.75	0.738372093023256
chrX	44430001	44440000	A.2.1.2.1.1.1	0.75	0.738372093023256
chrX	44440001	44450000	A.2.1.2.1.1.1	0.75	0.738372093023256
chrX	44450001	44460000	A.2.1.2.1.1.2	0.75	0.732558139534884
chrX	44460001	44470000	A.2.1.2.1.1.2	0.75	0.732558139534884
chrX	44470001	44480000	A.2.1.2.1.1.2	0.75	0.732558139534884
chrX	44480001	44490000	A.2.1.2.1.1.2	0.75	0.732558139534884
chrX	44490001	44500000	A.2.1.2.1.1.2	0.75	0.732558139534884
chrX	44500001	44510000	A.2.1.2.1.1.2	0.75	0.732558139534884
chrX	44510001	44520000	A.2.1.2.1.1.2	0.75	0.732558139534884
chrX	44520001	44530000	A.2.1.2.1.1.2	0.75	0.732558139534884
chrX	44530001	44540000	A.2.1.2.1.1.2	0.75	0.732558139534884
chrX	44540001	44550000	A.2.1.2.1.1.2	0.75	0.732558139534884
chrX	44550001	44560000	A.2.1.2.1.1.2	0.75	0.732558139534884
chrX	44560001	44570000	A.2.1.2.1.1.2	0.75	0.732558139534884
chrX	44570001	44580000	A.2.1.2.1.1.2	0.75	0.732558139534884
chrX	44580001	44590000	A.2.1.2.1.1.2	0.75	0.732558139534884
chrX	44590001	44600000	A.2.1.2.1.1.2	0.75	0.732558139534884
chrX	44600001	44610000	A.2.1.2.1.1.2	0.75	0.732558139534884
chrX	44610001	44620000	A.2.1.2.1.1.2	0.75	0.732558139534884
chrX	44620001	44630000	A.2.1.2.1.1.2	0.75	0.732558139534884
chrX	44630001	44640000	A.2.1.2.1.1.2	0.75	0.732558139534884
chrX	44640001	44650000	A.2.1.2.1.1.2	0.75	0.732558139534884
chrX	44650001	44660000	A.2.2.2.1.2.1	0.625	0.616279069767442
chrX	44660001	44670000	A.2.2.2.1.2.1	0.625	0.616279069767442
chrX	44670001	44680000	A.2.2.2.1.2.1	0.625	0.616279069767442
chrX	44680001	44690000	A.2.2.2.1.2.1	0.625	0.616279069767442
chrX	44690001	44700000	A.2.2.2.1.2.1	0.625	0.616279069767442
chrX	44700001	44710000	A.2.2.2.1.2.1	0.625	0.616279069767442
chrX	44710001	44720000	A.2.2.2.1.2.1	0.625	0.616279069767442
chrX	44720001	44730000	A.2.2.2.1.2.1	0.625	0.616279069767442
chrX	44730001	44740000	A.2.2.2.1.2.1	0.625	0.616279069767442
chrX	44740001	44750000	A.2.2.2.1.2.1	0.625	0.616279069767442
chrX	44750001	44760000	A.2.2.2.1.2.1	0.625	0.616279069767442
chrX	44760001	44770000	A.2.2.2.1.2.1	0.625	0.616279069767442
chrX	44770001	44780000	A.2.2.2.1.2.1	0.625	0.616279069767442
chrX	44780001	44790000	A.2.2.2.1.2.1	0.625	0.616279069767442
chrX	44790001	44800000	A.2.2.2.1.2.1	0.625	0.616279069767442
chrX	44800001	44810000	A.2.2.2.1.2.1	0.625	0.616279069767442
chrX	44810001	44820000	A.2.2.2.1.2.1	0.625	0.616279069767442
chrX	44820001	44830000	A.2.2.2.1.2.1	0.625	0.616279069767442
chrX	44830001	44840000	A.2.2.2.1.2.1	0.625	0.616279069767442
chrX	44840001	44850000	A.2.2.2.1.2.1	0.625	0.616279069767442
chrX	44850001	44860000	A.1.1.1.1.2	1	0.994186046511628
chrX	44860001	44870000	A.1.1.1.1.2	1	0.994186046511628
chrX	44870001	44880000	A.1.1.1.1.2	1	0.994186046511628
chrX	44880001	44890000	A.1.1.1.1.2	1	0.994186046511628
chrX	44890001	44900000	A.1.1.1.1.2	1	0.994186046511628
chrX	44900001	44910000	A.1.1.1.1.2	1	0.994186046511628
chrX	44910001	44920000	A.1.1.1.1.2	1	0.994186046511628
chrX	44920001	44930000	A.1.1.1.1.2	1	0.994186046511628
chrX	44930001	44940000	A.1.1.1.1.2	1	0.994186046511628
chrX	44940001	44950000	A.1.1.1.1.2	1	0.994186046511628
chrX	44950001	44960000	A.1.1.1.1.2	1	0.994186046511628
chrX	44960001	44970000	A.1.1.1.1.2	1	0.994186046511628
chrX	44970001	44980000	A.1.1.1.1.2	1	0.994186046511628
chrX	44980001	44990000	A.1.1.1.1.2	1	0.994186046511628
chrX	44990001	4.5e+07	A.1.1.1.1.2	1	0.994186046511628
chrX	45000001	45010000	A.1.1.1.1.2	1	0.994186046511628
chrX	45010001	45020000	A.1.1.1.1.2	1	0.994186046511628
chrX	45020001	45030000	A.1.1.1.1.2	1	0.994186046511628
chrX	45030001	45040000	A.1.1.1.1.2	1	0.994186046511628
chrX	45040001	45050000	A.1.1.1.1.2	1	0.994186046511628
chrX	45050001	45060000	A.1.1.1.1.2	1	0.994186046511628
chrX	45060001	45070000	A.1.1.1.1.2	1	0.994186046511628
chrX	45070001	45080000	A.1.1.1.1.2	1	0.994186046511628
chrX	45080001	45090000	A.1.1.1.1.2	1	0.994186046511628
chrX	45090001	45100000	A.1.1.1.1.2	1	0.994186046511628
chrX	45100001	45110000	A.1.1.1.1.2	1	0.994186046511628
chrX	45110001	45120000	A.1.1.1.1.2	1	0.994186046511628
chrX	45120001	45130000	A.1.1.1.1.2	1	0.994186046511628
chrX	45130001	45140000	A.1.1.1.1.2	1	0.994186046511628
chrX	45140001	45150000	A.1.1.1.1.2	1	0.994186046511628
chrX	45150001	45160000	A.1.1.1.1.2	1	0.994186046511628
chrX	45160001	45170000	A.1.1.1.1.2	1	0.994186046511628
chrX	45170001	45180000	A.1.1.1.1.2	1	0.994186046511628
chrX	45180001	45190000	A.1.1.1.1.2	1	0.994186046511628
chrX	45190001	45200000	A.1.1.1.1.2	1	0.994186046511628
chrX	45200001	45210000	A.1.1.1.1.2	1	0.994186046511628
chrX	45210001	45220000	A.1.1.1.1.2	1	0.994186046511628
chrX	45220001	45230000	A.1.1.1.1.2	1	0.994186046511628
chrX	45230001	45240000	A.1.1.1.1.2	1	0.994186046511628
chrX	45240001	45250000	A.1.1.1.1.2	1	0.994186046511628
chrX	45250001	45260000	A.1.1.1.1.2	1	0.994186046511628
chrX	45260001	45270000	A.1.1.1.1.2	1	0.994186046511628
chrX	45270001	45280000	A.1.1.1.1.2	1	0.994186046511628
chrX	45280001	45290000	A.1.1.1.1.2	1	0.994186046511628
chrX	45290001	45300000	A.1.1.1.1.2	1	0.994186046511628
chrX	45300001	45310000	A.1.1.1.1.2	1	0.994186046511628
chrX	45310001	45320000	A.1.1.1.1.2	1	0.994186046511628
chrX	45320001	45330000	A.1.1.1.1.2	1	0.994186046511628
chrX	45330001	45340000	A.1.1.1.1.2	1	0.994186046511628
chrX	45340001	45350000	A.1.1.1.1.2	1	0.994186046511628
chrX	45350001	45360000	A.1.1.1.1.2	1	0.994186046511628
chrX	45360001	45370000	A.1.1.1.1.2	1	0.994186046511628
chrX	45370001	45380000	A.1.1.1.1.2	1	0.994186046511628
chrX	45380001	45390000	A.1.1.1.1.2	1	0.994186046511628
chrX	45390001	45400000	A.1.1.1.1.2	1	0.994186046511628
chrX	45400001	45410000	A.1.2.2.1.1	0.875	0.854651162790698
chrX	45410001	45420000	A.1.2.2.1.1	0.875	0.854651162790698
chrX	45420001	45430000	A.1.2.2.1.1	0.875	0.854651162790698
chrX	45430001	45440000	A.1.2.2.1.1	0.875	0.854651162790698
chrX	45440001	45450000	A.1.2.2.1.1	0.875	0.854651162790698
chrX	45450001	45460000	A.1.2.2.1.1	0.875	0.854651162790698
chrX	45460001	45470000	A.1.2.2.1.1	0.875	0.854651162790698
chrX	45470001	45480000	A.1.2.2.1.1	0.875	0.854651162790698
chrX	45480001	45490000	A.1.2.2.1.1	0.875	0.854651162790698
chrX	45490001	45500000	A.1.2.2.1.1	0.875	0.854651162790698
chrX	45500001	45510000	A.1.2.2.1.1	0.875	0.854651162790698
chrX	45510001	45520000	A.1.2.2.1.1	0.875	0.854651162790698
chrX	45520001	45530000	A.1.2.2.1.1	0.875	0.854651162790698
chrX	45530001	45540000	A.1.2.2.1.1	0.875	0.854651162790698
chrX	45540001	45550000	A.1.2.2.1.1	0.875	0.854651162790698
chrX	45550001	45560000	A.1.2.2.1.1	0.875	0.854651162790698
chrX	45560001	45570000	A.1.2.2.1.1	0.875	0.854651162790698
chrX	45570001	45580000	A.1.2.2.1.1	0.875	0.854651162790698
chrX	45580001	45590000	A.1.2.2.1.1	0.875	0.854651162790698
chrX	45590001	45600000	A.1.2.2.1.1	0.875	0.854651162790698
chrX	45600001	45610000	A.1.2.2.1.1	0.875	0.854651162790698
chrX	45610001	45620000	A.1.2.2.1.1	0.875	0.854651162790698
chrX	45620001	45630000	A.1.2.2.1.1	0.875	0.854651162790698
chrX	45630001	45640000	A.1.2.2.1.1	0.875	0.854651162790698
chrX	45640001	45650000	A.1.2.2.1.1	0.875	0.854651162790698
chrX	45650001	45660000	A.1.2.2.1.2.2.2	0.875	0.837209302325582
chrX	45660001	45670000	A.1.2.2.1.2.2.2	0.875	0.837209302325582
chrX	45670001	45680000	A.1.2.2.1.2.2.2	0.875	0.837209302325582
chrX	45680001	45690000	A.1.2.2.1.2.2.2	0.875	0.837209302325582
chrX	45690001	45700000	A.1.2.2.1.2.2.2	0.875	0.837209302325582
chrX	45700001	45710000	A.1.2.2.1.2.2.2	0.875	0.837209302325582
chrX	45710001	45720000	A.1.2.2.1.2.2.2	0.875	0.837209302325582
chrX	45720001	45730000	A.1.2.2.1.2.2.2	0.875	0.837209302325582
chrX	45730001	45740000	A.1.2.2.1.2.2.2	0.875	0.837209302325582
chrX	45740001	45750000	A.1.2.2.1.2.2.2	0.875	0.837209302325582
chrX	45750001	45760000	A.1.2.2.1.2.2.2	0.875	0.837209302325582
chrX	45760001	45770000	A.1.2.2.1.2.2.2	0.875	0.837209302325582
chrX	45770001	45780000	A.1.2.2.1.2.2.2	0.875	0.837209302325582
chrX	45780001	45790000	A.1.2.2.1.2.2.2	0.875	0.837209302325582
chrX	45790001	45800000	A.1.2.2.1.2.2.2	0.875	0.837209302325582
chrX	45800001	45810000	A.1.2.1.2.1.2.1.1	0.875	0.901162790697675
chrX	45810001	45820000	A.1.2.1.2.1.2.1.1	0.875	0.901162790697675
chrX	45820001	45830000	A.1.2.1.2.1.2.1.1	0.875	0.901162790697675
chrX	45830001	45840000	A.1.2.1.2.1.2.1.1	0.875	0.901162790697675
chrX	45840001	45850000	A.1.2.1.2.1.2.1.1	0.875	0.901162790697675
chrX	45850001	45860000	A.1.2.1.2.1.2.1.1	0.875	0.901162790697675
chrX	45860001	45870000	A.1.2.1.2.1.2.1.1	0.875	0.901162790697675
chrX	45870001	45880000	A.1.2.1.2.1.2.1.1	0.875	0.901162790697675
chrX	45880001	45890000	A.1.2.1.2.1.2.1.1	0.875	0.901162790697675
chrX	45890001	45900000	A.1.2.1.2.1.2.1.1	0.875	0.901162790697675
chrX	45900001	45910000	A.1.2.1.2.1.2.1.1	0.875	0.901162790697675
chrX	45910001	45920000	A.1.2.1.2.1.2.1.1	0.875	0.901162790697675
chrX	45920001	45930000	A.1.2.1.2.1.2.1.1	0.875	0.901162790697675
chrX	45930001	45940000	A.1.2.1.2.1.2.1.1	0.875	0.901162790697675
chrX	45940001	45950000	A.1.2.1.2.1.2.1.1	0.875	0.901162790697675
chrX	45950001	45960000	A.1.2.1.2.1.2.1.1	0.875	0.901162790697675
chrX	45960001	45970000	A.1.2.1.2.1.2.1.1	0.875	0.901162790697675
chrX	45970001	45980000	A.1.2.1.2.1.2.1.1	0.875	0.901162790697675
chrX	45980001	45990000	A.1.2.1.2.1.2.1.1	0.875	0.901162790697675
chrX	45990001	4.6e+07	A.1.2.1.2.1.2.1.1	0.875	0.901162790697675
chrX	46000001	46010000	A.1.2.1.2.1.2.1.1	0.875	0.901162790697675
chrX	46010001	46020000	A.1.2.1.2.1.2.1.1	0.875	0.901162790697675
chrX	46020001	46030000	A.1.2.1.2.1.2.1.1	0.875	0.901162790697675
chrX	46030001	46040000	A.1.2.1.2.1.2.1.1	0.875	0.901162790697675
chrX	46040001	46050000	A.1.2.1.2.1.2.1.1	0.875	0.901162790697675
chrX	46050001	46060000	A.1.2.1.2.1.2.1.1	0.875	0.901162790697675
chrX	46060001	46070000	A.1.2.1.2.1.2.1.1	0.875	0.901162790697675
chrX	46070001	46080000	A.1.2.1.2.1.2.1.1	0.875	0.901162790697675
chrX	46080001	46090000	A.1.2.1.2.1.2.1.1	0.875	0.901162790697675
chrX	46090001	46100000	A.1.2.1.2.1.2.1.1	0.875	0.901162790697675
chrX	46100001	46110000	A.1.2.1.2.1.2.1.1	0.875	0.901162790697675
chrX	46110001	46120000	A.1.2.1.2.1.2.1.1	0.875	0.901162790697675
chrX	46120001	46130000	A.1.2.1.2.1.2.1.1	0.875	0.901162790697675
chrX	46130001	46140000	A.1.2.1.2.1.2.1.1	0.875	0.901162790697675
chrX	46140001	46150000	A.1.2.1.2.1.2.1.1	0.875	0.901162790697675
chrX	46150001	46160000	A.1.2.1.2.1.2.1.1	0.875	0.901162790697675
chrX	46160001	46170000	A.1.2.1.2.1.2.1.1	0.875	0.901162790697675
chrX	46170001	46180000	A.1.2.1.2.1.2.1.1	0.875	0.901162790697675
chrX	46180001	46190000	A.1.2.1.2.1.2.1.1	0.875	0.901162790697675
chrX	46190001	46200000	A.1.2.1.2.1.2.1.1	0.875	0.901162790697675
chrX	46200001	46210000	A.1.2.1.2.1.2.1.1	0.875	0.901162790697675
chrX	46210001	46220000	A.1.2.1.2.1.2.1.1	0.875	0.901162790697675
chrX	46220001	46230000	A.1.2.1.2.1.2.1.1	0.875	0.901162790697675
chrX	46230001	46240000	A.1.2.1.2.1.2.1.1	0.875	0.901162790697675
chrX	46240001	46250000	A.1.2.1.2.1.2.1.1	0.875	0.901162790697675
chrX	46250001	46260000	A.1.2.1.2.2.1.1	0.875	0.883720930232558
chrX	46260001	46270000	A.1.2.1.2.2.1.1	0.875	0.883720930232558
chrX	46270001	46280000	A.1.2.1.2.2.1.1	0.875	0.883720930232558
chrX	46280001	46290000	A.1.2.1.2.2.1.1	0.875	0.883720930232558
chrX	46290001	46300000	A.1.2.1.2.2.1.1	0.875	0.883720930232558
chrX	46300001	46310000	A.1.2.1.2.2.1.1	0.875	0.883720930232558
chrX	46310001	46320000	A.1.2.1.2.2.1.1	0.875	0.883720930232558
chrX	46320001	46330000	A.1.2.1.2.2.1.1	0.875	0.883720930232558
chrX	46330001	46340000	A.1.2.1.2.2.1.1	0.875	0.883720930232558
chrX	46340001	46350000	A.1.2.1.2.2.1.1	0.875	0.883720930232558
chrX	46350001	46360000	A.1.2.1.2.2.1.1	0.875	0.883720930232558
chrX	46360001	46370000	A.1.2.1.2.2.1.1	0.875	0.883720930232558
chrX	46370001	46380000	A.1.2.1.2.2.1.1	0.875	0.883720930232558
chrX	46380001	46390000	A.1.2.1.2.2.1.1	0.875	0.883720930232558
chrX	46390001	46400000	A.1.2.1.2.2.1.1	0.875	0.883720930232558
chrX	46400001	46410000	A.1.2.1.2.2.1.1	0.875	0.883720930232558
chrX	46410001	46420000	A.1.2.1.2.2.1.1	0.875	0.883720930232558
chrX	46420001	46430000	A.1.2.1.2.2.1.1	0.875	0.883720930232558
chrX	46430001	46440000	A.1.2.1.2.2.1.1	0.875	0.883720930232558
chrX	46440001	46450000	A.1.2.1.2.2.1.1	0.875	0.883720930232558
chrX	46450001	46460000	A.1.2.1.1.1.1.1.2	0.875	0.953488372093023
chrX	46460001	46470000	A.1.2.1.1.1.1.1.2	0.875	0.953488372093023
chrX	46470001	46480000	A.1.2.1.1.1.1.1.2	0.875	0.953488372093023
chrX	46480001	46490000	A.1.2.1.1.1.1.1.2	0.875	0.953488372093023
chrX	46490001	46500000	A.1.2.1.1.1.1.1.2	0.875	0.953488372093023
chrX	46500001	46510000	A.1.2.1.1.1.1.1.2	0.875	0.953488372093023
chrX	46510001	46520000	A.1.2.1.1.1.1.1.2	0.875	0.953488372093023
chrX	46520001	46530000	A.1.2.1.1.1.1.1.2	0.875	0.953488372093023
chrX	46530001	46540000	A.1.2.1.1.1.1.1.2	0.875	0.953488372093023
chrX	46540001	46550000	A.1.2.1.1.1.1.1.2	0.875	0.953488372093023
chrX	46550001	46560000	A.1.2.1.1.1.1.1.2	0.875	0.953488372093023
chrX	46560001	46570000	A.1.2.1.1.1.1.1.2	0.875	0.953488372093023
chrX	46570001	46580000	A.1.2.1.1.1.1.1.2	0.875	0.953488372093023
chrX	46580001	46590000	A.1.2.1.1.1.1.1.2	0.875	0.953488372093023
chrX	46590001	46600000	A.1.2.1.1.1.1.1.2	0.875	0.953488372093023
chrX	46600001	46610000	A.1.2.1.1.1.1.1.2	0.875	0.953488372093023
chrX	46610001	46620000	A.1.2.1.1.1.1.1.2	0.875	0.953488372093023
chrX	46620001	46630000	A.1.2.1.1.1.1.1.2	0.875	0.953488372093023
chrX	46630001	46640000	A.1.2.1.1.1.1.1.2	0.875	0.953488372093023
chrX	46640001	46650000	A.1.2.1.1.1.1.1.2	0.875	0.953488372093023
chrX	46650001	46660000	A.1.2.1.1.1.1.1.2	0.875	0.953488372093023
chrX	46660001	46670000	A.1.2.1.1.1.1.1.2	0.875	0.953488372093023
chrX	46670001	46680000	A.1.2.1.1.1.1.1.2	0.875	0.953488372093023
chrX	46680001	46690000	A.1.2.1.1.1.1.1.2	0.875	0.953488372093023
chrX	46690001	46700000	A.1.2.1.1.1.1.1.2	0.875	0.953488372093023
chrX	46700001	46710000	A.1.1.2.1.2	1	0.970930232558139
chrX	46710001	46720000	A.1.1.2.1.2	1	0.970930232558139
chrX	46720001	46730000	A.1.1.2.1.2	1	0.970930232558139
chrX	46730001	46740000	A.1.1.2.1.2	1	0.970930232558139
chrX	46740001	46750000	A.1.1.2.1.2	1	0.970930232558139
chrX	46750001	46760000	A.1.1.2.1.2	1	0.970930232558139
chrX	46760001	46770000	A.1.1.2.1.2	1	0.970930232558139
chrX	46770001	46780000	A.1.1.2.1.2	1	0.970930232558139
chrX	46780001	46790000	A.1.1.2.1.2	1	0.970930232558139
chrX	46790001	46800000	A.1.1.2.1.2	1	0.970930232558139
chrX	46800001	46810000	A.1.1.2.1.2	1	0.970930232558139
chrX	46810001	46820000	A.1.1.2.1.2	1	0.970930232558139
chrX	46820001	46830000	A.1.1.2.1.2	1	0.970930232558139
chrX	46830001	46840000	A.1.1.2.1.2	1	0.970930232558139
chrX	46840001	46850000	A.1.1.2.1.2	1	0.970930232558139
chrX	46850001	46860000	A.1.1.2.1.2	1	0.970930232558139
chrX	46860001	46870000	A.1.1.2.1.2	1	0.970930232558139
chrX	46870001	46880000	A.1.1.2.1.2	1	0.970930232558139
chrX	46880001	46890000	A.1.1.2.1.2	1	0.970930232558139
chrX	46890001	46900000	A.1.1.2.1.2	1	0.970930232558139
chrX	46900001	46910000	A.1.1.2.1.2	1	0.970930232558139
chrX	46910001	46920000	A.1.1.2.1.2	1	0.970930232558139
chrX	46920001	46930000	A.1.1.2.1.2	1	0.970930232558139
chrX	46930001	46940000	A.1.1.2.1.2	1	0.970930232558139
chrX	46940001	46950000	A.1.1.2.1.2	1	0.970930232558139
chrX	46950001	46960000	A.1.1.2.1.2	1	0.970930232558139
chrX	46960001	46970000	A.1.1.2.1.2	1	0.970930232558139
chrX	46970001	46980000	A.1.1.2.1.2	1	0.970930232558139
chrX	46980001	46990000	A.1.1.2.1.2	1	0.970930232558139
chrX	46990001	4.7e+07	A.1.1.2.1.2	1	0.970930232558139
chrX	47000001	47010000	A.1.1.2.1.2	1	0.970930232558139
chrX	47010001	47020000	A.1.1.2.1.2	1	0.970930232558139
chrX	47020001	47030000	A.1.1.2.1.2	1	0.970930232558139
chrX	47030001	47040000	A.1.1.2.1.2	1	0.970930232558139
chrX	47040001	47050000	A.1.1.2.1.2	1	0.970930232558139
chrX	47050001	47060000	A.1.1.2.1.2	1	0.970930232558139
chrX	47060001	47070000	A.1.1.2.1.2	1	0.970930232558139
chrX	47070001	47080000	A.1.1.2.1.2	1	0.970930232558139
chrX	47080001	47090000	A.1.1.2.1.2	1	0.970930232558139
chrX	47090001	47100000	A.1.1.2.1.2	1	0.970930232558139
chrX	47100001	47110000	A.1.2.2.1.2.1	0.875	0.848837209302326
chrX	47110001	47120000	A.1.2.2.1.2.1	0.875	0.848837209302326
chrX	47120001	47130000	A.1.2.2.1.2.1	0.875	0.848837209302326
chrX	47130001	47140000	A.1.2.2.1.2.1	0.875	0.848837209302326
chrX	47140001	47150000	A.1.2.2.1.2.1	0.875	0.848837209302326
chrX	47150001	47160000	A.1.2.2.1.2.1	0.875	0.848837209302326
chrX	47160001	47170000	A.1.2.2.1.2.1	0.875	0.848837209302326
chrX	47170001	47180000	A.1.2.2.1.2.1	0.875	0.848837209302326
chrX	47180001	47190000	A.1.2.2.1.2.1	0.875	0.848837209302326
chrX	47190001	47200000	A.1.2.2.1.2.1	0.875	0.848837209302326
chrX	47200001	47210000	A.1.2.2.1.2.1	0.875	0.848837209302326
chrX	47210001	47220000	A.1.2.2.1.2.1	0.875	0.848837209302326
chrX	47220001	47230000	A.1.2.2.1.2.1	0.875	0.848837209302326
chrX	47230001	47240000	A.1.2.2.1.2.1	0.875	0.848837209302326
chrX	47240001	47250000	A.1.2.2.1.2.1	0.875	0.848837209302326
chrX	47250001	47260000	A.1.2.2.1.2.1	0.875	0.848837209302326
chrX	47260001	47270000	A.1.2.2.1.2.1	0.875	0.848837209302326
chrX	47270001	47280000	A.1.2.2.1.2.1	0.875	0.848837209302326
chrX	47280001	47290000	A.1.2.2.1.2.1	0.875	0.848837209302326
chrX	47290001	47300000	A.1.2.2.1.2.1	0.875	0.848837209302326
chrX	47300001	47310000	A.1.2.2.1.2.1	0.875	0.848837209302326
chrX	47310001	47320000	A.1.2.2.1.2.1	0.875	0.848837209302326
chrX	47320001	47330000	A.1.2.2.1.2.1	0.875	0.848837209302326
chrX	47330001	47340000	A.1.2.2.1.2.1	0.875	0.848837209302326
chrX	47340001	47350000	A.1.2.2.1.2.1	0.875	0.848837209302326
chrX	47350001	47360000	A.1.2.2.1.2.1	0.875	0.848837209302326
chrX	47360001	47370000	A.1.2.2.1.2.1	0.875	0.848837209302326
chrX	47370001	47380000	A.1.2.2.1.2.1	0.875	0.848837209302326
chrX	47380001	47390000	A.1.2.2.1.2.1	0.875	0.848837209302326
chrX	47390001	47400000	A.1.2.2.1.2.1	0.875	0.848837209302326
chrX	47400001	47410000	A.1.2.1.2.2.2.1.2	0.875	0.866279069767442
chrX	47410001	47420000	A.1.2.1.2.2.2.1.2	0.875	0.866279069767442
chrX	47420001	47430000	A.1.2.1.2.2.2.1.2	0.875	0.866279069767442
chrX	47430001	47440000	A.1.2.1.2.2.2.1.2	0.875	0.866279069767442
chrX	47440001	47450000	A.1.2.1.2.2.2.1.2	0.875	0.866279069767442
chrX	47450001	47460000	A.1.2.1.2.2.2.1.2	0.875	0.866279069767442
chrX	47460001	47470000	A.1.2.1.2.2.2.1.2	0.875	0.866279069767442
chrX	47470001	47480000	A.1.2.1.2.2.2.1.2	0.875	0.866279069767442
chrX	47480001	47490000	A.1.2.1.2.2.2.1.2	0.875	0.866279069767442
chrX	47490001	47500000	A.1.2.1.2.2.2.1.2	0.875	0.866279069767442
chrX	47500001	47510000	A.1.2.1.2.2.2.1.2	0.875	0.866279069767442
chrX	47510001	47520000	A.1.2.1.2.2.2.1.2	0.875	0.866279069767442
chrX	47520001	47530000	A.1.2.1.2.2.2.1.2	0.875	0.866279069767442
chrX	47530001	47540000	A.1.2.1.2.2.2.1.2	0.875	0.866279069767442
chrX	47540001	47550000	A.1.2.1.2.2.2.1.2	0.875	0.866279069767442
chrX	47550001	47560000	A.1.2.1.2.2.2.1.2	0.875	0.866279069767442
chrX	47560001	47570000	A.1.2.1.2.2.2.1.2	0.875	0.866279069767442
chrX	47570001	47580000	A.1.2.1.2.2.2.1.2	0.875	0.866279069767442
chrX	47580001	47590000	A.1.2.1.2.2.2.1.2	0.875	0.866279069767442
chrX	47590001	47600000	A.1.2.1.2.2.2.1.2	0.875	0.866279069767442
chrX	47600001	47610000	A.1.2.1.2.2.2.1.2	0.875	0.866279069767442
chrX	47610001	47620000	A.1.2.1.2.2.2.1.2	0.875	0.866279069767442
chrX	47620001	47630000	A.1.2.1.2.2.2.1.2	0.875	0.866279069767442
chrX	47630001	47640000	A.1.2.1.2.2.2.1.2	0.875	0.866279069767442
chrX	47640001	47650000	A.1.2.1.2.2.2.1.2	0.875	0.866279069767442
chrX	47650001	47660000	A.1.2.1.2.2.2.1.2	0.875	0.866279069767442
chrX	47660001	47670000	A.1.2.1.2.2.2.1.2	0.875	0.866279069767442
chrX	47670001	47680000	A.1.2.1.2.2.2.1.2	0.875	0.866279069767442
chrX	47680001	47690000	A.1.2.1.2.2.2.1.2	0.875	0.866279069767442
chrX	47690001	47700000	A.1.2.1.2.2.2.1.2	0.875	0.866279069767442
chrX	47700001	47710000	A.1.2.1.2.2.2.1.2	0.875	0.866279069767442
chrX	47710001	47720000	A.1.2.1.2.2.2.1.2	0.875	0.866279069767442
chrX	47720001	47730000	A.1.2.1.2.2.2.1.2	0.875	0.866279069767442
chrX	47730001	47740000	A.1.2.1.2.2.2.1.2	0.875	0.866279069767442
chrX	47740001	47750000	A.1.2.1.2.2.2.1.2	0.875	0.866279069767442
chrX	47750001	47760000	A.1.2.1.2.2.2.1.2	0.875	0.866279069767442
chrX	47760001	47770000	A.1.2.1.2.2.2.1.2	0.875	0.866279069767442
chrX	47770001	47780000	A.1.2.1.2.2.2.1.2	0.875	0.866279069767442
chrX	47780001	47790000	A.1.2.1.2.2.2.1.2	0.875	0.866279069767442
chrX	47790001	47800000	A.1.2.1.2.2.2.1.2	0.875	0.866279069767442
chrX	47800001	47810000	A.1.2.1.2.2.2.1.2	0.875	0.866279069767442
chrX	47810001	47820000	A.1.2.1.2.2.2.1.2	0.875	0.866279069767442
chrX	47820001	47830000	A.1.2.1.2.2.2.1.2	0.875	0.866279069767442
chrX	47830001	47840000	A.1.2.1.2.2.2.1.2	0.875	0.866279069767442
chrX	47840001	47850000	A.1.2.1.2.2.2.1.2	0.875	0.866279069767442
chrX	47850001	47860000	A.1.2.1.2.2.2.1.2	0.875	0.866279069767442
chrX	47860001	47870000	A.1.2.1.2.2.2.1.2	0.875	0.866279069767442
chrX	47870001	47880000	A.1.2.1.2.2.2.1.2	0.875	0.866279069767442
chrX	47880001	47890000	A.1.2.1.2.2.2.1.2	0.875	0.866279069767442
chrX	47890001	47900000	A.1.2.1.2.2.2.1.2	0.875	0.866279069767442
chrX	47900001	47910000	A.2.1.2.2.1.2	0.75	0.703488372093023
chrX	47910001	47920000	A.2.1.2.2.1.2	0.75	0.703488372093023
chrX	47920001	47930000	A.2.1.2.2.1.2	0.75	0.703488372093023
chrX	47930001	47940000	A.2.1.2.2.1.2	0.75	0.703488372093023
chrX	47940001	47950000	A.2.1.2.2.1.2	0.75	0.703488372093023
chrX	47950001	47960000	A.2.1.2.2.1.2	0.75	0.703488372093023
chrX	47960001	47970000	A.2.1.2.2.1.2	0.75	0.703488372093023
chrX	47970001	47980000	A.2.1.2.2.1.2	0.75	0.703488372093023
chrX	47980001	47990000	A.2.1.2.2.1.2	0.75	0.703488372093023
chrX	47990001	4.8e+07	A.2.1.2.2.1.2	0.75	0.703488372093023
chrX	48000001	48010000	A.2.1.2.2.1.2	0.75	0.703488372093023
chrX	48010001	48020000	A.2.1.2.2.1.2	0.75	0.703488372093023
chrX	48020001	48030000	A.2.1.2.2.1.2	0.75	0.703488372093023
chrX	48030001	48040000	A.2.1.2.2.1.2	0.75	0.703488372093023
chrX	48040001	48050000	A.2.1.2.2.1.2	0.75	0.703488372093023
chrX	48050001	48060000	A.2.1.2.2.1.2	0.75	0.703488372093023
chrX	48060001	48070000	A.2.1.2.2.1.2	0.75	0.703488372093023
chrX	48070001	48080000	A.2.1.2.2.1.2	0.75	0.703488372093023
chrX	48080001	48090000	A.2.1.2.2.1.2	0.75	0.703488372093023
chrX	48090001	48100000	A.2.1.2.2.1.2	0.75	0.703488372093023
chrX	48100001	48110000	A.2.2.1.1.1.2	0.625	0.680232558139535
chrX	48110001	48120000	A.2.2.1.1.1.2	0.625	0.680232558139535
chrX	48120001	48130000	A.2.2.1.1.1.2	0.625	0.680232558139535
chrX	48130001	48140000	A.2.2.1.1.1.2	0.625	0.680232558139535
chrX	48140001	48150000	A.2.2.1.1.1.2	0.625	0.680232558139535
chrX	48150001	48160000	A.2.2.1.1.1.2	0.625	0.680232558139535
chrX	48160001	48170000	A.2.2.1.1.1.2	0.625	0.680232558139535
chrX	48170001	48180000	A.2.2.1.1.1.2	0.625	0.680232558139535
chrX	48180001	48190000	A.2.2.1.1.1.2	0.625	0.680232558139535
chrX	48190001	48200000	A.2.2.1.1.1.2	0.625	0.680232558139535
chrX	48200001	48210000	A.2.2.1.1.1.2	0.625	0.680232558139535
chrX	48210001	48220000	A.2.2.1.1.1.2	0.625	0.680232558139535
chrX	48220001	48230000	A.2.2.1.1.1.2	0.625	0.680232558139535
chrX	48230001	48240000	A.2.2.1.1.1.2	0.625	0.680232558139535
chrX	48240001	48250000	A.2.2.1.1.1.2	0.625	0.680232558139535
chrX	48250001	48260000	A.1.2.1.1.2.2	0.875	0.918604651162791
chrX	48260001	48270000	A.1.2.1.1.2.2	0.875	0.918604651162791
chrX	48270001	48280000	A.1.2.1.1.2.2	0.875	0.918604651162791
chrX	48280001	48290000	A.1.2.1.1.2.2	0.875	0.918604651162791
chrX	48290001	48300000	A.1.2.1.1.2.2	0.875	0.918604651162791
chrX	48300001	48310000	A.1.2.1.1.2.2	0.875	0.918604651162791
chrX	48310001	48320000	A.1.2.1.1.2.2	0.875	0.918604651162791
chrX	48320001	48330000	A.1.2.1.1.2.2	0.875	0.918604651162791
chrX	48330001	48340000	A.1.2.1.1.2.2	0.875	0.918604651162791
chrX	48340001	48350000	A.1.2.1.1.2.2	0.875	0.918604651162791
chrX	48350001	48360000	A.1.2.1.1.2.2	0.875	0.918604651162791
chrX	48360001	48370000	A.1.2.1.1.2.2	0.875	0.918604651162791
chrX	48370001	48380000	A.1.2.1.1.2.2	0.875	0.918604651162791
chrX	48380001	48390000	A.1.2.1.1.2.2	0.875	0.918604651162791
chrX	48390001	48400000	A.1.2.1.1.2.2	0.875	0.918604651162791
chrX	48400001	48410000	A.1.2.1.1.2.2	0.875	0.918604651162791
chrX	48410001	48420000	A.1.2.1.1.2.2	0.875	0.918604651162791
chrX	48420001	48430000	A.1.2.1.1.2.2	0.875	0.918604651162791
chrX	48430001	48440000	A.1.2.1.1.2.2	0.875	0.918604651162791
chrX	48440001	48450000	A.1.2.1.1.2.2	0.875	0.918604651162791
chrX	48450001	48460000	A.1.2.1.1.2.2	0.875	0.918604651162791
chrX	48460001	48470000	A.1.2.1.1.2.2	0.875	0.918604651162791
chrX	48470001	48480000	A.1.2.1.1.2.2	0.875	0.918604651162791
chrX	48480001	48490000	A.1.2.1.1.2.2	0.875	0.918604651162791
chrX	48490001	48500000	A.1.2.1.1.2.2	0.875	0.918604651162791
chrX	48500001	48510000	A.1.2.1.1.2.2	0.875	0.918604651162791
chrX	48510001	48520000	A.1.2.1.1.2.2	0.875	0.918604651162791
chrX	48520001	48530000	A.1.2.1.1.2.2	0.875	0.918604651162791
chrX	48530001	48540000	A.1.2.1.1.2.2	0.875	0.918604651162791
chrX	48540001	48550000	A.1.2.1.1.2.2	0.875	0.918604651162791
chrX	48550001	48560000	A.1.2.1.1.2.2	0.875	0.918604651162791
chrX	48560001	48570000	A.1.2.1.1.2.2	0.875	0.918604651162791
chrX	48570001	48580000	A.1.2.1.1.2.2	0.875	0.918604651162791
chrX	48580001	48590000	A.1.2.1.1.2.2	0.875	0.918604651162791
chrX	48590001	48600000	A.1.2.1.1.2.2	0.875	0.918604651162791
chrX	48600001	48610000	A.1.2.1.1.2.2	0.875	0.918604651162791
chrX	48610001	48620000	A.1.2.1.1.2.2	0.875	0.918604651162791
chrX	48620001	48630000	A.1.2.1.1.2.2	0.875	0.918604651162791
chrX	48630001	48640000	A.1.2.1.1.2.2	0.875	0.918604651162791
chrX	48640001	48650000	A.1.2.1.1.2.2	0.875	0.918604651162791
chrX	48650001	48660000	A.1.2.1.1.2.2	0.875	0.918604651162791
chrX	48660001	48670000	A.1.2.1.1.2.2	0.875	0.918604651162791
chrX	48670001	48680000	A.1.2.1.1.2.2	0.875	0.918604651162791
chrX	48680001	48690000	A.1.2.1.1.2.2	0.875	0.918604651162791
chrX	48690001	48700000	A.1.2.1.1.2.2	0.875	0.918604651162791
chrX	48700001	48710000	A.1.2.1.1.2.2	0.875	0.918604651162791
chrX	48710001	48720000	A.1.2.1.1.2.2	0.875	0.918604651162791
chrX	48720001	48730000	A.1.2.1.1.2.2	0.875	0.918604651162791
chrX	48730001	48740000	A.1.2.1.1.2.2	0.875	0.918604651162791
chrX	48740001	48750000	A.1.2.1.1.2.2	0.875	0.918604651162791
chrX	48750001	48760000	A.1.2.1.1.2.2	0.875	0.918604651162791
chrX	48760001	48770000	A.1.2.1.1.2.2	0.875	0.918604651162791
chrX	48770001	48780000	A.1.2.1.1.2.2	0.875	0.918604651162791
chrX	48780001	48790000	A.1.2.1.1.2.2	0.875	0.918604651162791
chrX	48790001	48800000	A.1.2.1.1.2.2	0.875	0.918604651162791
chrX	48800001	48810000	A.1.2.2.2.1.1.1.2	0.875	0.825581395348837
chrX	48810001	48820000	A.1.2.2.2.1.1.1.2	0.875	0.825581395348837
chrX	48820001	48830000	A.1.2.2.2.1.1.1.2	0.875	0.825581395348837
chrX	48830001	48840000	A.1.2.2.2.1.1.1.2	0.875	0.825581395348837
chrX	48840001	48850000	A.1.2.2.2.1.1.1.2	0.875	0.825581395348837
chrX	48850001	48860000	A.1.2.2.2.1.1.1.2	0.875	0.825581395348837
chrX	48860001	48870000	A.1.2.2.2.1.1.1.2	0.875	0.825581395348837
chrX	48870001	48880000	A.1.2.2.2.1.1.1.2	0.875	0.825581395348837
chrX	48880001	48890000	A.1.2.2.2.1.1.1.2	0.875	0.825581395348837
chrX	48890001	48900000	A.1.2.2.2.1.1.1.2	0.875	0.825581395348837
chrX	48900001	48910000	A.1.2.2.2.1.1.1.2	0.875	0.825581395348837
chrX	48910001	48920000	A.1.2.2.2.1.1.1.2	0.875	0.825581395348837
chrX	48920001	48930000	A.1.2.2.2.1.1.1.2	0.875	0.825581395348837
chrX	48930001	48940000	A.1.2.2.2.1.1.1.2	0.875	0.825581395348837
chrX	48940001	48950000	A.1.2.2.2.1.1.1.2	0.875	0.825581395348837
chrX	48950001	48960000	A.1.2.2.2.1.1.1.2	0.875	0.825581395348837
chrX	48960001	48970000	A.1.2.2.2.1.1.1.2	0.875	0.825581395348837
chrX	48970001	48980000	A.1.2.2.2.1.1.1.2	0.875	0.825581395348837
chrX	48980001	48990000	A.1.2.2.2.1.1.1.2	0.875	0.825581395348837
chrX	48990001	4.9e+07	A.1.2.2.2.1.1.1.2	0.875	0.825581395348837
chrX	49000001	49010000	A.1.2.2.2.1.1.1.2	0.875	0.825581395348837
chrX	49010001	49020000	A.1.2.2.2.1.1.1.2	0.875	0.825581395348837
chrX	49020001	49030000	A.1.2.2.2.1.1.1.2	0.875	0.825581395348837
chrX	49030001	49040000	A.1.2.2.2.1.1.1.2	0.875	0.825581395348837
chrX	49040001	49050000	A.1.2.2.2.1.1.1.2	0.875	0.825581395348837
chrX	49050001	49060000	A.2.2.1.1.2.1	0.625	0.674418604651163
chrX	49060001	49070000	A.2.2.1.1.2.1	0.625	0.674418604651163
chrX	49070001	49080000	A.2.2.1.1.2.1	0.625	0.674418604651163
chrX	49080001	49090000	A.2.2.1.1.2.1	0.625	0.674418604651163
chrX	49090001	49100000	A.2.2.1.1.2.1	0.625	0.674418604651163
chrX	49100001	49110000	A.2.2.1.1.2.1	0.625	0.674418604651163
chrX	49110001	49120000	A.2.2.1.1.2.1	0.625	0.674418604651163
chrX	49120001	49130000	A.2.2.1.1.2.1	0.625	0.674418604651163
chrX	49130001	49140000	A.2.2.1.1.2.1	0.625	0.674418604651163
chrX	49140001	49150000	A.2.2.1.1.2.1	0.625	0.674418604651163
chrX	49150001	49160000	A.2.2.1.1.2.1	0.625	0.674418604651163
chrX	49160001	49170000	A.2.2.1.1.2.1	0.625	0.674418604651163
chrX	49170001	49180000	A.2.2.1.1.2.1	0.625	0.674418604651163
chrX	49180001	49190000	A.2.2.1.1.2.1	0.625	0.674418604651163
chrX	49190001	49200000	A.2.2.1.1.2.1	0.625	0.674418604651163
chrX	49200001	49210000	A.2.2.1.1.2.1	0.625	0.674418604651163
chrX	49210001	49220000	A.2.2.1.1.2.1	0.625	0.674418604651163
chrX	49220001	49230000	A.2.2.1.1.2.1	0.625	0.674418604651163
chrX	49230001	49240000	A.2.2.1.1.2.1	0.625	0.674418604651163
chrX	49240001	49250000	A.2.2.1.1.2.1	0.625	0.674418604651163
chrX	49350001	49360000	A.2.2.1.1.2.2.2	0.625	0.662790697674419
chrX	49360001	49370000	A.2.2.1.1.2.2.2	0.625	0.662790697674419
chrX	49370001	49380000	A.2.2.1.1.2.2.2	0.625	0.662790697674419
chrX	49380001	49390000	A.2.2.1.1.2.2.2	0.625	0.662790697674419
chrX	49390001	49400000	A.2.2.1.1.2.2.2	0.625	0.662790697674419
chrX	49400001	49410000	A.2.2.1.1.2.2.2	0.625	0.662790697674419
chrX	49410001	49420000	A.2.2.1.1.2.2.2	0.625	0.662790697674419
chrX	49420001	49430000	A.2.2.1.1.2.2.2	0.625	0.662790697674419
chrX	49430001	49440000	A.2.2.1.1.2.2.2	0.625	0.662790697674419
chrX	49440001	49450000	A.2.2.1.1.2.2.2	0.625	0.662790697674419
chrX	49450001	49460000	A.2.2.1.1.2.2.2	0.625	0.662790697674419
chrX	49460001	49470000	A.2.2.1.1.2.2.2	0.625	0.662790697674419
chrX	49470001	49480000	A.2.2.1.1.2.2.2	0.625	0.662790697674419
chrX	49480001	49490000	A.2.2.1.1.2.2.2	0.625	0.662790697674419
chrX	49490001	49500000	A.2.2.1.1.2.2.2	0.625	0.662790697674419
chrX	49500001	49510000	A.2.2.1.1.2.2.2	0.625	0.662790697674419
chrX	49510001	49520000	A.2.2.1.1.2.2.2	0.625	0.662790697674419
chrX	49520001	49530000	A.2.2.1.1.2.2.2	0.625	0.662790697674419
chrX	49530001	49540000	A.2.2.1.1.2.2.2	0.625	0.662790697674419
chrX	49540001	49550000	A.2.2.1.1.2.2.2	0.625	0.662790697674419
chrX	49550001	49560000	A.2.2.1.1.2.2.2	0.625	0.662790697674419
chrX	49560001	49570000	A.2.2.1.1.2.2.2	0.625	0.662790697674419
chrX	49570001	49580000	A.2.2.1.1.2.2.2	0.625	0.662790697674419
chrX	49580001	49590000	A.2.2.1.1.2.2.2	0.625	0.662790697674419
chrX	49590001	49600000	A.2.2.1.1.2.2.2	0.625	0.662790697674419
chrX	49600001	49610000	A.2.2.1.1.2.2.2	0.625	0.662790697674419
chrX	49610001	49620000	A.2.2.1.1.2.2.2	0.625	0.662790697674419
chrX	49620001	49630000	A.2.2.1.1.2.2.2	0.625	0.662790697674419
chrX	49630001	49640000	A.2.2.1.1.2.2.2	0.625	0.662790697674419
chrX	49640001	49650000	A.2.2.1.1.2.2.2	0.625	0.662790697674419
chrX	49650001	49660000	A.2.2.1.1.2.2.2	0.625	0.662790697674419
chrX	49660001	49670000	A.2.2.1.1.2.2.2	0.625	0.662790697674419
chrX	49670001	49680000	A.2.2.1.1.2.2.2	0.625	0.662790697674419
chrX	49680001	49690000	A.2.2.1.1.2.2.2	0.625	0.662790697674419
chrX	49690001	49700000	A.2.2.1.1.2.2.2	0.625	0.662790697674419
chrX	49700001	49710000	A.2.2.1.1.2.2.2	0.625	0.662790697674419
chrX	49710001	49720000	A.2.2.1.1.2.2.2	0.625	0.662790697674419
chrX	49720001	49730000	A.2.2.1.1.2.2.2	0.625	0.662790697674419
chrX	49730001	49740000	A.2.2.1.1.2.2.2	0.625	0.662790697674419
chrX	49740001	49750000	A.2.2.1.1.2.2.2	0.625	0.662790697674419
chrX	49750001	49760000	A.2.2.1.1.2.2.2	0.625	0.662790697674419
chrX	49760001	49770000	A.2.2.1.1.2.2.2	0.625	0.662790697674419
chrX	49770001	49780000	A.2.2.1.1.2.2.2	0.625	0.662790697674419
chrX	49780001	49790000	A.2.2.1.1.2.2.2	0.625	0.662790697674419
chrX	49790001	49800000	A.2.2.1.1.2.2.2	0.625	0.662790697674419
chrX	49800001	49810000	A.2.2.1.1.2.2.2	0.625	0.662790697674419
chrX	49810001	49820000	A.2.2.1.1.2.2.2	0.625	0.662790697674419
chrX	49820001	49830000	A.2.2.1.1.2.2.2	0.625	0.662790697674419
chrX	49830001	49840000	A.2.2.1.1.2.2.2	0.625	0.662790697674419
chrX	49840001	49850000	A.2.2.1.1.2.2.2	0.625	0.662790697674419
chrX	49850001	49860000	A.2.2.1.1.2.2.2	0.625	0.662790697674419
chrX	49860001	49870000	A.2.2.1.1.2.2.2	0.625	0.662790697674419
chrX	49870001	49880000	A.2.2.1.1.2.2.2	0.625	0.662790697674419
chrX	49880001	49890000	A.2.2.1.1.2.2.2	0.625	0.662790697674419
chrX	49890001	49900000	A.2.2.1.1.2.2.2	0.625	0.662790697674419
chrX	49900001	49910000	A.2.2.1.1.2.2.2	0.625	0.662790697674419
chrX	49910001	49920000	A.2.2.1.1.2.2.2	0.625	0.662790697674419
chrX	49920001	49930000	A.2.2.1.1.2.2.2	0.625	0.662790697674419
chrX	49930001	49940000	A.2.2.1.1.2.2.2	0.625	0.662790697674419
chrX	49940001	49950000	A.2.2.1.1.2.2.2	0.625	0.662790697674419
chrX	49950001	49960000	A.2.2.1.1.2.2.2	0.625	0.662790697674419
chrX	49960001	49970000	A.2.2.1.1.2.2.2	0.625	0.662790697674419
chrX	49970001	49980000	A.2.2.1.1.2.2.2	0.625	0.662790697674419
chrX	49980001	49990000	A.2.2.1.1.2.2.2	0.625	0.662790697674419
chrX	49990001	5e+07	A.2.2.1.1.2.2.2	0.625	0.662790697674419
chrX	50000001	50010000	A.2.2.1.1.2.2.2	0.625	0.662790697674419
chrX	50010001	50020000	A.2.2.1.1.2.2.2	0.625	0.662790697674419
chrX	50020001	50030000	A.2.2.1.1.2.2.2	0.625	0.662790697674419
chrX	50030001	50040000	A.2.2.1.1.2.2.2	0.625	0.662790697674419
chrX	50040001	50050000	A.2.2.1.1.2.2.2	0.625	0.662790697674419
chrX	50050001	50060000	A.2.2.1.1.2.2.2	0.625	0.662790697674419
chrX	50060001	50070000	A.2.2.1.1.2.2.2	0.625	0.662790697674419
chrX	50070001	50080000	A.2.2.1.1.2.2.2	0.625	0.662790697674419
chrX	50080001	50090000	A.2.2.1.1.2.2.2	0.625	0.662790697674419
chrX	50090001	50100000	A.2.2.1.1.2.2.2	0.625	0.662790697674419
chrX	50100001	50110000	A.2.2.1.1.2.2.2	0.625	0.662790697674419
chrX	50110001	50120000	A.2.2.1.1.2.2.2	0.625	0.662790697674419
chrX	50120001	50130000	A.2.2.1.1.2.2.2	0.625	0.662790697674419
chrX	50130001	50140000	A.2.2.1.1.2.2.2	0.625	0.662790697674419
chrX	50140001	50150000	A.2.2.1.1.2.2.2	0.625	0.662790697674419
chrX	50150001	50160000	B.1.1.1.2.1.1.1.2	0.5	0.540697674418605
chrX	50160001	50170000	B.1.1.1.2.1.1.1.2	0.5	0.540697674418605
chrX	50170001	50180000	B.1.1.1.2.1.1.1.2	0.5	0.540697674418605
chrX	50180001	50190000	B.1.1.1.2.1.1.1.2	0.5	0.540697674418605
chrX	50190001	50200000	B.1.1.1.2.1.1.1.2	0.5	0.540697674418605
chrX	50200001	50210000	B.1.1.1.2.1.1.1.2	0.5	0.540697674418605
chrX	50210001	50220000	B.1.1.1.2.1.1.1.2	0.5	0.540697674418605
chrX	50220001	50230000	B.1.1.1.2.1.1.1.2	0.5	0.540697674418605
chrX	50230001	50240000	B.1.1.1.2.1.1.1.2	0.5	0.540697674418605
chrX	50240001	50250000	B.1.1.1.2.1.1.1.2	0.5	0.540697674418605
chrX	50250001	50260000	B.1.1.1.2.1.1.1.2	0.5	0.540697674418605
chrX	50260001	50270000	B.1.1.1.2.1.1.1.2	0.5	0.540697674418605
chrX	50270001	50280000	B.1.1.1.2.1.1.1.2	0.5	0.540697674418605
chrX	50280001	50290000	B.1.1.1.2.1.1.1.2	0.5	0.540697674418605
chrX	50290001	50300000	B.1.1.1.2.1.1.1.2	0.5	0.540697674418605
chrX	50300001	50310000	B.1.1.2.2.1.1	0.5	0.459302325581395
chrX	50310001	50320000	B.1.1.2.2.1.1	0.5	0.459302325581395
chrX	50320001	50330000	B.1.1.2.2.1.1	0.5	0.459302325581395
chrX	50330001	50340000	B.1.1.2.2.1.1	0.5	0.459302325581395
chrX	50340001	50350000	B.1.1.2.2.1.1	0.5	0.459302325581395
chrX	50350001	50360000	B.1.1.2.2.1.1	0.5	0.459302325581395
chrX	50360001	50370000	B.1.1.2.2.1.1	0.5	0.459302325581395
chrX	50370001	50380000	B.1.1.2.2.1.1	0.5	0.459302325581395
chrX	50380001	50390000	B.1.1.2.2.1.1	0.5	0.459302325581395
chrX	50390001	50400000	B.1.1.2.2.1.1	0.5	0.459302325581395
chrX	50400001	50410000	B.1.1.2.2.1.1	0.5	0.459302325581395
chrX	50410001	50420000	B.1.1.2.2.1.1	0.5	0.459302325581395
chrX	50420001	50430000	B.1.1.2.2.1.1	0.5	0.459302325581395
chrX	50430001	50440000	B.1.1.2.2.1.1	0.5	0.459302325581395
chrX	50440001	50450000	B.1.1.2.2.1.1	0.5	0.459302325581395
chrX	50450001	50460000	B.1.1.2.2.1.1	0.5	0.459302325581395
chrX	50460001	50470000	B.1.1.2.2.1.1	0.5	0.459302325581395
chrX	50470001	50480000	B.1.1.2.2.1.1	0.5	0.459302325581395
chrX	50480001	50490000	B.1.1.2.2.1.1	0.5	0.459302325581395
chrX	50490001	50500000	B.1.1.2.2.1.1	0.5	0.459302325581395
chrX	50500001	50510000	B.1.1.2.2.1.1	0.5	0.459302325581395
chrX	50510001	50520000	B.1.1.2.2.1.1	0.5	0.459302325581395
chrX	50520001	50530000	B.1.1.2.2.1.1	0.5	0.459302325581395
chrX	50530001	50540000	B.1.1.2.2.1.1	0.5	0.459302325581395
chrX	50540001	50550000	B.1.1.2.2.1.1	0.5	0.459302325581395
chrX	50550001	50560000	B.1.1.2.2.1.1	0.5	0.459302325581395
chrX	50560001	50570000	B.1.1.2.2.1.1	0.5	0.459302325581395
chrX	50570001	50580000	B.1.1.2.2.1.1	0.5	0.459302325581395
chrX	50580001	50590000	B.1.1.2.2.1.1	0.5	0.459302325581395
chrX	50590001	50600000	B.1.1.2.2.1.1	0.5	0.459302325581395
chrX	50600001	50610000	B.1.1.2.2.1.1	0.5	0.459302325581395
chrX	50610001	50620000	B.1.1.2.2.1.1	0.5	0.459302325581395
chrX	50620001	50630000	B.1.1.2.2.1.1	0.5	0.459302325581395
chrX	50630001	50640000	B.1.1.2.2.1.1	0.5	0.459302325581395
chrX	50640001	50650000	B.1.1.2.2.1.1	0.5	0.459302325581395
chrX	50650001	50660000	B.1.1.2.2.1.1	0.5	0.459302325581395
chrX	50660001	50670000	B.1.1.2.2.1.1	0.5	0.459302325581395
chrX	50670001	50680000	B.1.1.2.2.1.1	0.5	0.459302325581395
chrX	50680001	50690000	B.1.1.2.2.1.1	0.5	0.459302325581395
chrX	50690001	50700000	B.1.1.2.2.1.1	0.5	0.459302325581395
chrX	50700001	50710000	B.1.1.1.2.1.1.1.1	0.5	0.546511627906977
chrX	50710001	50720000	B.1.1.1.2.1.1.1.1	0.5	0.546511627906977
chrX	50720001	50730000	B.1.1.1.2.1.1.1.1	0.5	0.546511627906977
chrX	50730001	50740000	B.1.1.1.2.1.1.1.1	0.5	0.546511627906977
chrX	50740001	50750000	B.1.1.1.2.1.1.1.1	0.5	0.546511627906977
chrX	50750001	50760000	B.1.1.1.2.1.1.1.1	0.5	0.546511627906977
chrX	50760001	50770000	B.1.1.1.2.1.1.1.1	0.5	0.546511627906977
chrX	50770001	50780000	B.1.1.1.2.1.1.1.1	0.5	0.546511627906977
chrX	50780001	50790000	B.1.1.1.2.1.1.1.1	0.5	0.546511627906977
chrX	50790001	50800000	B.1.1.1.2.1.1.1.1	0.5	0.546511627906977
chrX	50800001	50810000	B.1.1.1.2.1.1.1.1	0.5	0.546511627906977
chrX	50810001	50820000	B.1.1.1.2.1.1.1.1	0.5	0.546511627906977
chrX	50820001	50830000	B.1.1.1.2.1.1.1.1	0.5	0.546511627906977
chrX	50830001	50840000	B.1.1.1.2.1.1.1.1	0.5	0.546511627906977
chrX	50840001	50850000	B.1.1.1.2.1.1.1.1	0.5	0.546511627906977
chrX	50850001	50860000	B.1.1.1.2.1.1.1.1	0.5	0.546511627906977
chrX	50860001	50870000	B.1.1.1.2.1.1.1.1	0.5	0.546511627906977
chrX	50870001	50880000	B.1.1.1.2.1.1.1.1	0.5	0.546511627906977
chrX	50880001	50890000	B.1.1.1.2.1.1.1.1	0.5	0.546511627906977
chrX	50890001	50900000	B.1.1.1.2.1.1.1.1	0.5	0.546511627906977
chrX	50900001	50910000	B.2.1.1.1.1.1.2.1.1	0.25	0.238372093023256
chrX	50910001	50920000	B.2.1.1.1.1.1.2.1.1	0.25	0.238372093023256
chrX	50920001	50930000	B.2.1.1.1.1.1.2.1.1	0.25	0.238372093023256
chrX	50930001	50940000	B.2.1.1.1.1.1.2.1.1	0.25	0.238372093023256
chrX	50940001	50950000	B.2.1.1.1.1.1.2.1.1	0.25	0.238372093023256
chrX	50950001	50960000	B.2.1.1.1.1.1.2.1.1	0.25	0.238372093023256
chrX	50960001	50970000	B.2.1.1.1.1.1.2.1.1	0.25	0.238372093023256
chrX	50970001	50980000	B.2.1.1.1.1.1.2.1.1	0.25	0.238372093023256
chrX	50980001	50990000	B.2.1.1.1.1.1.2.1.1	0.25	0.238372093023256
chrX	50990001	5.1e+07	B.2.1.1.1.1.1.2.1.1	0.25	0.238372093023256
chrX	51000001	51010000	B.2.1.1.1.1.1.2.1.1	0.25	0.238372093023256
chrX	51010001	51020000	B.2.1.1.1.1.1.2.1.1	0.25	0.238372093023256
chrX	51020001	51030000	B.2.1.1.1.1.1.2.1.1	0.25	0.238372093023256
chrX	51030001	51040000	B.2.1.1.1.1.1.2.1.1	0.25	0.238372093023256
chrX	51040001	51050000	B.2.1.1.1.1.1.2.1.1	0.25	0.238372093023256
chrX	51050001	51060000	B.1.2.1.1.2.2.2.1	0.375	0.337209302325581
chrX	51060001	51070000	B.1.2.1.1.2.2.2.1	0.375	0.337209302325581
chrX	51070001	51080000	B.1.2.1.1.2.2.2.1	0.375	0.337209302325581
chrX	51080001	51090000	B.1.2.1.1.2.2.2.1	0.375	0.337209302325581
chrX	51090001	51100000	B.1.2.1.1.2.2.2.1	0.375	0.337209302325581
chrX	51100001	51110000	B.1.2.1.1.2.2.2.1	0.375	0.337209302325581
chrX	51110001	51120000	B.1.2.1.1.2.2.2.1	0.375	0.337209302325581
chrX	51120001	51130000	B.1.2.1.1.2.2.2.1	0.375	0.337209302325581
chrX	51130001	51140000	B.1.2.1.1.2.2.2.1	0.375	0.337209302325581
chrX	51140001	51150000	B.1.2.1.1.2.2.2.1	0.375	0.337209302325581
chrX	51150001	51160000	B.1.1.1.2.2.2.1	0.5	0.5
chrX	51160001	51170000	B.1.1.1.2.2.2.1	0.5	0.5
chrX	51170001	51180000	B.1.1.1.2.2.2.1	0.5	0.5
chrX	51180001	51190000	B.1.1.1.2.2.2.1	0.5	0.5
chrX	51190001	51200000	B.1.1.1.2.2.2.1	0.5	0.5
chrX	51200001	51210000	B.1.1.1.2.2.2.1	0.5	0.5
chrX	51210001	51220000	B.1.1.1.2.2.2.1	0.5	0.5
chrX	51220001	51230000	B.1.1.1.2.2.2.1	0.5	0.5
chrX	51230001	51240000	B.1.1.1.2.2.2.1	0.5	0.5
chrX	51240001	51250000	B.1.1.1.2.2.2.1	0.5	0.5
chrX	51250001	51260000	B.1.1.1.2.2.2.1	0.5	0.5
chrX	51260001	51270000	B.1.1.1.2.2.2.1	0.5	0.5
chrX	51270001	51280000	B.1.1.1.2.2.2.1	0.5	0.5
chrX	51280001	51290000	B.1.1.1.2.2.2.1	0.5	0.5
chrX	51290001	51300000	B.1.1.1.2.2.2.1	0.5	0.5
chrX	51300001	51310000	B.1.1.1.2.2.2.1	0.5	0.5
chrX	51310001	51320000	B.1.1.1.2.2.2.1	0.5	0.5
chrX	51320001	51330000	B.1.1.1.2.2.2.1	0.5	0.5
chrX	51330001	51340000	B.1.1.1.2.2.2.1	0.5	0.5
chrX	51340001	51350000	B.1.1.1.2.2.2.1	0.5	0.5
chrX	51350001	51360000	B.1.1.1.2.2.2.1	0.5	0.5
chrX	51360001	51370000	B.1.1.1.2.2.2.1	0.5	0.5
chrX	51370001	51380000	B.1.1.1.2.2.2.1	0.5	0.5
chrX	51380001	51390000	B.1.1.1.2.2.2.1	0.5	0.5
chrX	51390001	51400000	B.1.1.1.2.2.2.1	0.5	0.5
chrX	51400001	51410000	B.1.1.1.2.2.2.1	0.5	0.5
chrX	51410001	51420000	B.1.1.1.2.2.2.1	0.5	0.5
chrX	51420001	51430000	B.1.1.1.2.2.2.1	0.5	0.5
chrX	51430001	51440000	B.1.1.1.2.2.2.1	0.5	0.5
chrX	51440001	51450000	B.1.1.1.2.2.2.1	0.5	0.5
chrX	51450001	51460000	B.1.1.1.2.2.2.1	0.5	0.5
chrX	51460001	51470000	B.1.1.1.2.2.2.1	0.5	0.5
chrX	51470001	51480000	B.1.1.1.2.2.2.1	0.5	0.5
chrX	51480001	51490000	B.1.1.1.2.2.2.1	0.5	0.5
chrX	51490001	51500000	B.1.1.1.2.2.2.1	0.5	0.5
chrX	51500001	51510000	B.1.1.1.2.2.2.1	0.5	0.5
chrX	51510001	51520000	B.1.1.1.2.2.2.1	0.5	0.5
chrX	51520001	51530000	B.1.1.1.2.2.2.1	0.5	0.5
chrX	51530001	51540000	B.1.1.1.2.2.2.1	0.5	0.5
chrX	51540001	51550000	B.1.1.1.2.2.2.1	0.5	0.5
chrX	51550001	51560000	B.1.1.1.2.2.2.1	0.5	0.5
chrX	51560001	51570000	B.1.1.1.2.2.2.1	0.5	0.5
chrX	51570001	51580000	B.1.1.1.2.2.2.1	0.5	0.5
chrX	51580001	51590000	B.1.1.1.2.2.2.1	0.5	0.5
chrX	51590001	51600000	B.1.1.1.2.2.2.1	0.5	0.5
chrX	51600001	51610000	B.1.1.1.2.2.2.1	0.5	0.5
chrX	51610001	51620000	B.1.1.1.2.2.2.1	0.5	0.5
chrX	51620001	51630000	B.1.1.1.2.2.2.1	0.5	0.5
chrX	51630001	51640000	B.1.1.1.2.2.2.1	0.5	0.5
chrX	51640001	51650000	B.1.1.1.2.2.2.1	0.5	0.5
chrX	51650001	51660000	B.1.1.1.2.2.2.1	0.5	0.5
chrX	51660001	51670000	B.1.1.1.2.2.2.1	0.5	0.5
chrX	51670001	51680000	B.1.1.1.2.2.2.1	0.5	0.5
chrX	51680001	51690000	B.1.1.1.2.2.2.1	0.5	0.5
chrX	51690001	51700000	B.1.1.1.2.2.2.1	0.5	0.5
chrX	51950001	51960000	B.1.1.1.2.2.2.1	0.5	0.5
chrX	51960001	51970000	B.1.1.1.2.2.2.1	0.5	0.5
chrX	51970001	51980000	B.1.1.1.2.2.2.1	0.5	0.5
chrX	51980001	51990000	B.1.1.1.2.2.2.1	0.5	0.5
chrX	51990001	5.2e+07	B.1.1.1.2.2.2.1	0.5	0.5
chrX	52000001	52010000	B.1.1.2.1.2.1	0.5	0.476744186046512
chrX	52010001	52020000	B.1.1.2.1.2.1	0.5	0.476744186046512
chrX	52020001	52030000	B.1.1.2.1.2.1	0.5	0.476744186046512
chrX	52030001	52040000	B.1.1.2.1.2.1	0.5	0.476744186046512
chrX	52040001	52050000	B.1.1.2.1.2.1	0.5	0.476744186046512
chrX	52050001	52060000	B.1.1.2.1.2.1	0.5	0.476744186046512
chrX	52060001	52070000	B.1.1.2.1.2.1	0.5	0.476744186046512
chrX	52070001	52080000	B.1.1.2.1.2.1	0.5	0.476744186046512
chrX	52080001	52090000	B.1.1.2.1.2.1	0.5	0.476744186046512
chrX	52090001	52100000	B.1.1.2.1.2.1	0.5	0.476744186046512
chrX	52100001	52110000	B.1.1.2.1.2.1	0.5	0.476744186046512
chrX	52110001	52120000	B.1.1.2.1.2.1	0.5	0.476744186046512
chrX	52120001	52130000	B.1.1.2.1.2.1	0.5	0.476744186046512
chrX	52130001	52140000	B.1.1.2.1.2.1	0.5	0.476744186046512
chrX	52140001	52150000	B.1.1.2.1.2.1	0.5	0.476744186046512
chrX	52550001	52560000	B.1.1.2.1.2.1	0.5	0.476744186046512
chrX	52560001	52570000	B.1.1.2.1.2.1	0.5	0.476744186046512
chrX	52570001	52580000	B.1.1.2.1.2.1	0.5	0.476744186046512
chrX	52580001	52590000	B.1.1.2.1.2.1	0.5	0.476744186046512
chrX	52590001	52600000	B.1.1.2.1.2.1	0.5	0.476744186046512
chrX	52600001	52610000	B.1.1.2.1.2.1	0.5	0.476744186046512
chrX	52610001	52620000	B.1.1.2.1.2.1	0.5	0.476744186046512
chrX	52620001	52630000	B.1.1.2.1.2.1	0.5	0.476744186046512
chrX	52630001	52640000	B.1.1.2.1.2.1	0.5	0.476744186046512
chrX	52640001	52650000	B.1.1.2.1.2.1	0.5	0.476744186046512
chrX	52650001	52660000	B.1.1.2.1.2.1	0.5	0.476744186046512
chrX	52660001	52670000	B.1.1.2.1.2.1	0.5	0.476744186046512
chrX	52670001	52680000	B.1.1.2.1.2.1	0.5	0.476744186046512
chrX	52680001	52690000	B.1.1.2.1.2.1	0.5	0.476744186046512
chrX	52690001	52700000	B.1.1.2.1.2.1	0.5	0.476744186046512
chrX	52700001	52710000	B.1.1.2.1.2.1	0.5	0.476744186046512
chrX	52710001	52720000	B.1.1.2.1.2.1	0.5	0.476744186046512
chrX	52720001	52730000	B.1.1.2.1.2.1	0.5	0.476744186046512
chrX	52730001	52740000	B.1.1.2.1.2.1	0.5	0.476744186046512
chrX	52740001	52750000	B.1.1.2.1.2.1	0.5	0.476744186046512
chrX	52800001	52810000	A.2.1.1.2.2.2	0.75	0.744186046511628
chrX	52810001	52820000	A.2.1.1.2.2.2	0.75	0.744186046511628
chrX	52820001	52830000	A.2.1.1.2.2.2	0.75	0.744186046511628
chrX	52830001	52840000	A.2.1.1.2.2.2	0.75	0.744186046511628
chrX	52840001	52850000	A.2.1.1.2.2.2	0.75	0.744186046511628
chrX	52850001	52860000	A.2.1.1.2.2.2	0.75	0.744186046511628
chrX	52860001	52870000	A.2.1.1.2.2.2	0.75	0.744186046511628
chrX	52870001	52880000	A.2.1.1.2.2.2	0.75	0.744186046511628
chrX	52880001	52890000	A.2.1.1.2.2.2	0.75	0.744186046511628
chrX	52890001	52900000	A.2.1.1.2.2.2	0.75	0.744186046511628
chrX	52900001	52910000	A.2.1.1.2.2.2	0.75	0.744186046511628
chrX	52910001	52920000	A.2.1.1.2.2.2	0.75	0.744186046511628
chrX	52920001	52930000	A.2.1.1.2.2.2	0.75	0.744186046511628
chrX	52930001	52940000	A.2.1.1.2.2.2	0.75	0.744186046511628
chrX	52940001	52950000	A.2.1.1.2.2.2	0.75	0.744186046511628
chrX	52950001	52960000	A.2.1.1.2.2.2	0.75	0.744186046511628
chrX	52960001	52970000	A.2.1.1.2.2.2	0.75	0.744186046511628
chrX	52970001	52980000	A.2.1.1.2.2.2	0.75	0.744186046511628
chrX	52980001	52990000	A.2.1.1.2.2.2	0.75	0.744186046511628
chrX	52990001	5.3e+07	A.2.1.1.2.2.2	0.75	0.744186046511628
chrX	53000001	53010000	A.2.1.1.2.2.2	0.75	0.744186046511628
chrX	53010001	53020000	A.2.1.1.2.2.2	0.75	0.744186046511628
chrX	53020001	53030000	A.2.1.1.2.2.2	0.75	0.744186046511628
chrX	53030001	53040000	A.2.1.1.2.2.2	0.75	0.744186046511628
chrX	53040001	53050000	A.2.1.1.2.2.2	0.75	0.744186046511628
chrX	53050001	53060000	A.1.1.2.2	1	0.965116279069768
chrX	53060001	53070000	A.1.1.2.2	1	0.965116279069768
chrX	53070001	53080000	A.1.1.2.2	1	0.965116279069768
chrX	53080001	53090000	A.1.1.2.2	1	0.965116279069768
chrX	53090001	53100000	A.1.1.2.2	1	0.965116279069768
chrX	53100001	53110000	A.1.1.2.2	1	0.965116279069768
chrX	53110001	53120000	A.1.1.2.2	1	0.965116279069768
chrX	53120001	53130000	A.1.1.2.2	1	0.965116279069768
chrX	53130001	53140000	A.1.1.2.2	1	0.965116279069768
chrX	53140001	53150000	A.1.1.2.2	1	0.965116279069768
chrX	53150001	53160000	A.1.1.2.2	1	0.965116279069768
chrX	53160001	53170000	A.1.1.2.2	1	0.965116279069768
chrX	53170001	53180000	A.1.1.2.2	1	0.965116279069768
chrX	53180001	53190000	A.1.1.2.2	1	0.965116279069768
chrX	53190001	53200000	A.1.1.2.2	1	0.965116279069768
chrX	53200001	53210000	A.1.1.2.2	1	0.965116279069768
chrX	53210001	53220000	A.1.1.2.2	1	0.965116279069768
chrX	53220001	53230000	A.1.1.2.2	1	0.965116279069768
chrX	53230001	53240000	A.1.1.2.2	1	0.965116279069768
chrX	53240001	53250000	A.1.1.2.2	1	0.965116279069768
chrX	53250001	53260000	A.1.1.2.2	1	0.965116279069768
chrX	53260001	53270000	A.1.1.2.2	1	0.965116279069768
chrX	53270001	53280000	A.1.1.2.2	1	0.965116279069768
chrX	53280001	53290000	A.1.1.2.2	1	0.965116279069768
chrX	53290001	53300000	A.1.1.2.2	1	0.965116279069768
chrX	53300001	53310000	A.1.1.2.2	1	0.965116279069768
chrX	53310001	53320000	A.1.1.2.2	1	0.965116279069768
chrX	53320001	53330000	A.1.1.2.2	1	0.965116279069768
chrX	53330001	53340000	A.1.1.2.2	1	0.965116279069768
chrX	53340001	53350000	A.1.1.2.2	1	0.965116279069768
chrX	53350001	53360000	A.1.1.2.2	1	0.965116279069768
chrX	53360001	53370000	A.1.1.2.2	1	0.965116279069768
chrX	53370001	53380000	A.1.1.2.2	1	0.965116279069768
chrX	53380001	53390000	A.1.1.2.2	1	0.965116279069768
chrX	53390001	53400000	A.1.1.2.2	1	0.965116279069768
chrX	53400001	53410000	A.1.1.2.2	1	0.965116279069768
chrX	53410001	53420000	A.1.1.2.2	1	0.965116279069768
chrX	53420001	53430000	A.1.1.2.2	1	0.965116279069768
chrX	53430001	53440000	A.1.1.2.2	1	0.965116279069768
chrX	53440001	53450000	A.1.1.2.2	1	0.965116279069768
chrX	53450001	53460000	A.1.1.2.2	1	0.965116279069768
chrX	53460001	53470000	A.1.1.2.2	1	0.965116279069768
chrX	53470001	53480000	A.1.1.2.2	1	0.965116279069768
chrX	53480001	53490000	A.1.1.2.2	1	0.965116279069768
chrX	53490001	53500000	A.1.1.2.2	1	0.965116279069768
chrX	53500001	53510000	A.1.2.2.2.2.1	0.875	0.802325581395349
chrX	53510001	53520000	A.1.2.2.2.2.1	0.875	0.802325581395349
chrX	53520001	53530000	A.1.2.2.2.2.1	0.875	0.802325581395349
chrX	53530001	53540000	A.1.2.2.2.2.1	0.875	0.802325581395349
chrX	53540001	53550000	A.1.2.2.2.2.1	0.875	0.802325581395349
chrX	53550001	53560000	A.1.2.2.2.2.1	0.875	0.802325581395349
chrX	53560001	53570000	A.1.2.2.2.2.1	0.875	0.802325581395349
chrX	53570001	53580000	A.1.2.2.2.2.1	0.875	0.802325581395349
chrX	53580001	53590000	A.1.2.2.2.2.1	0.875	0.802325581395349
chrX	53590001	53600000	A.1.2.2.2.2.1	0.875	0.802325581395349
chrX	53600001	53610000	A.1.2.2.2.2.1	0.875	0.802325581395349
chrX	53610001	53620000	A.1.2.2.2.2.1	0.875	0.802325581395349
chrX	53620001	53630000	A.1.2.2.2.2.1	0.875	0.802325581395349
chrX	53630001	53640000	A.1.2.2.2.2.1	0.875	0.802325581395349
chrX	53640001	53650000	A.1.2.2.2.2.1	0.875	0.802325581395349
chrX	53650001	53660000	A.1.2.2.2.2.1	0.875	0.802325581395349
chrX	53660001	53670000	A.1.2.2.2.2.1	0.875	0.802325581395349
chrX	53670001	53680000	A.1.2.2.2.2.1	0.875	0.802325581395349
chrX	53680001	53690000	A.1.2.2.2.2.1	0.875	0.802325581395349
chrX	53690001	53700000	A.1.2.2.2.2.1	0.875	0.802325581395349
chrX	53700001	53710000	A.2.1.1.2.1.1	0.75	0.761627906976744
chrX	53710001	53720000	A.2.1.1.2.1.1	0.75	0.761627906976744
chrX	53720001	53730000	A.2.1.1.2.1.1	0.75	0.761627906976744
chrX	53730001	53740000	A.2.1.1.2.1.1	0.75	0.761627906976744
chrX	53740001	53750000	A.2.1.1.2.1.1	0.75	0.761627906976744
chrX	53750001	53760000	A.2.1.1.2.1.1	0.75	0.761627906976744
chrX	53760001	53770000	A.2.1.1.2.1.1	0.75	0.761627906976744
chrX	53770001	53780000	A.2.1.1.2.1.1	0.75	0.761627906976744
chrX	53780001	53790000	A.2.1.1.2.1.1	0.75	0.761627906976744
chrX	53790001	53800000	A.2.1.1.2.1.1	0.75	0.761627906976744
chrX	53800001	53810000	A.2.1.1.2.1.1	0.75	0.761627906976744
chrX	53810001	53820000	A.2.1.1.2.1.1	0.75	0.761627906976744
chrX	53820001	53830000	A.2.1.1.2.1.1	0.75	0.761627906976744
chrX	53830001	53840000	A.2.1.1.2.1.1	0.75	0.761627906976744
chrX	53840001	53850000	A.2.1.1.2.1.1	0.75	0.761627906976744
chrX	53850001	53860000	A.1.2.1.1.2.1.2	0.875	0.924418604651163
chrX	53860001	53870000	A.1.2.1.1.2.1.2	0.875	0.924418604651163
chrX	53870001	53880000	A.1.2.1.1.2.1.2	0.875	0.924418604651163
chrX	53880001	53890000	A.1.2.1.1.2.1.2	0.875	0.924418604651163
chrX	53890001	53900000	A.1.2.1.1.2.1.2	0.875	0.924418604651163
chrX	53900001	53910000	A.1.2.1.1.2.1.2	0.875	0.924418604651163
chrX	53910001	53920000	A.1.2.1.1.2.1.2	0.875	0.924418604651163
chrX	53920001	53930000	A.1.2.1.1.2.1.2	0.875	0.924418604651163
chrX	53930001	53940000	A.1.2.1.1.2.1.2	0.875	0.924418604651163
chrX	53940001	53950000	A.1.2.1.1.2.1.2	0.875	0.924418604651163
chrX	53950001	53960000	A.1.2.1.1.2.1.2	0.875	0.924418604651163
chrX	53960001	53970000	A.1.2.1.1.2.1.2	0.875	0.924418604651163
chrX	53970001	53980000	A.1.2.1.1.2.1.2	0.875	0.924418604651163
chrX	53980001	53990000	A.1.2.1.1.2.1.2	0.875	0.924418604651163
chrX	53990001	5.4e+07	A.1.2.1.1.2.1.2	0.875	0.924418604651163
chrX	54000001	54010000	A.1.2.1.1.2.1.2	0.875	0.924418604651163
chrX	54010001	54020000	A.1.2.1.1.2.1.2	0.875	0.924418604651163
chrX	54020001	54030000	A.1.2.1.1.2.1.2	0.875	0.924418604651163
chrX	54030001	54040000	A.1.2.1.1.2.1.2	0.875	0.924418604651163
chrX	54040001	54050000	A.1.2.1.1.2.1.2	0.875	0.924418604651163
chrX	54050001	54060000	A.1.2.1.1.2.1.2	0.875	0.924418604651163
chrX	54060001	54070000	A.1.2.1.1.2.1.2	0.875	0.924418604651163
chrX	54070001	54080000	A.1.2.1.1.2.1.2	0.875	0.924418604651163
chrX	54080001	54090000	A.1.2.1.1.2.1.2	0.875	0.924418604651163
chrX	54090001	54100000	A.1.2.1.1.2.1.2	0.875	0.924418604651163
chrX	54100001	54110000	A.1.2.1.1.2.1.2	0.875	0.924418604651163
chrX	54110001	54120000	A.1.2.1.1.2.1.2	0.875	0.924418604651163
chrX	54120001	54130000	A.1.2.1.1.2.1.2	0.875	0.924418604651163
chrX	54130001	54140000	A.1.2.1.1.2.1.2	0.875	0.924418604651163
chrX	54140001	54150000	A.1.2.1.1.2.1.2	0.875	0.924418604651163
chrX	54150001	54160000	A.1.2.1.1.2.1.2	0.875	0.924418604651163
chrX	54160001	54170000	A.1.2.1.1.2.1.2	0.875	0.924418604651163
chrX	54170001	54180000	A.1.2.1.1.2.1.2	0.875	0.924418604651163
chrX	54180001	54190000	A.1.2.1.1.2.1.2	0.875	0.924418604651163
chrX	54190001	54200000	A.1.2.1.1.2.1.2	0.875	0.924418604651163
chrX	54200001	54210000	A.1.2.1.1.2.1.2	0.875	0.924418604651163
chrX	54210001	54220000	A.1.2.1.1.2.1.2	0.875	0.924418604651163
chrX	54220001	54230000	A.1.2.1.1.2.1.2	0.875	0.924418604651163
chrX	54230001	54240000	A.1.2.1.1.2.1.2	0.875	0.924418604651163
chrX	54240001	54250000	A.1.2.1.1.2.1.2	0.875	0.924418604651163
chrX	54250001	54260000	A.1.2.2.2.2.2	0.875	0.796511627906977
chrX	54260001	54270000	A.1.2.2.2.2.2	0.875	0.796511627906977
chrX	54270001	54280000	A.1.2.2.2.2.2	0.875	0.796511627906977
chrX	54280001	54290000	A.1.2.2.2.2.2	0.875	0.796511627906977
chrX	54290001	54300000	A.1.2.2.2.2.2	0.875	0.796511627906977
chrX	54300001	54310000	A.1.2.2.2.2.2	0.875	0.796511627906977
chrX	54310001	54320000	A.1.2.2.2.2.2	0.875	0.796511627906977
chrX	54320001	54330000	A.1.2.2.2.2.2	0.875	0.796511627906977
chrX	54330001	54340000	A.1.2.2.2.2.2	0.875	0.796511627906977
chrX	54340001	54350000	A.1.2.2.2.2.2	0.875	0.796511627906977
chrX	54350001	54360000	A.1.2.2.2.2.2	0.875	0.796511627906977
chrX	54360001	54370000	A.1.2.2.2.2.2	0.875	0.796511627906977
chrX	54370001	54380000	A.1.2.2.2.2.2	0.875	0.796511627906977
chrX	54380001	54390000	A.1.2.2.2.2.2	0.875	0.796511627906977
chrX	54390001	54400000	A.1.2.2.2.2.2	0.875	0.796511627906977
chrX	54400001	54410000	A.1.2.2.2.1.2.2	0.875	0.808139534883721
chrX	54410001	54420000	A.1.2.2.2.1.2.2	0.875	0.808139534883721
chrX	54420001	54430000	A.1.2.2.2.1.2.2	0.875	0.808139534883721
chrX	54430001	54440000	A.1.2.2.2.1.2.2	0.875	0.808139534883721
chrX	54440001	54450000	A.1.2.2.2.1.2.2	0.875	0.808139534883721
chrX	54450001	54460000	A.1.2.2.2.1.2.2	0.875	0.808139534883721
chrX	54460001	54470000	A.1.2.2.2.1.2.2	0.875	0.808139534883721
chrX	54470001	54480000	A.1.2.2.2.1.2.2	0.875	0.808139534883721
chrX	54480001	54490000	A.1.2.2.2.1.2.2	0.875	0.808139534883721
chrX	54490001	54500000	A.1.2.2.2.1.2.2	0.875	0.808139534883721
chrX	54500001	54510000	A.1.2.2.2.1.2.2	0.875	0.808139534883721
chrX	54510001	54520000	A.1.2.2.2.1.2.2	0.875	0.808139534883721
chrX	54520001	54530000	A.1.2.2.2.1.2.2	0.875	0.808139534883721
chrX	54530001	54540000	A.1.2.2.2.1.2.2	0.875	0.808139534883721
chrX	54540001	54550000	A.1.2.2.2.1.2.2	0.875	0.808139534883721
chrX	54550001	54560000	A.1.2.2.2.1.2.2	0.875	0.808139534883721
chrX	54560001	54570000	A.1.2.2.2.1.2.2	0.875	0.808139534883721
chrX	54570001	54580000	A.1.2.2.2.1.2.2	0.875	0.808139534883721
chrX	54580001	54590000	A.1.2.2.2.1.2.2	0.875	0.808139534883721
chrX	54590001	54600000	A.1.2.2.2.1.2.2	0.875	0.808139534883721
chrX	54600001	54610000	A.1.2.2.2.1.2.2	0.875	0.808139534883721
chrX	54610001	54620000	A.1.2.2.2.1.2.2	0.875	0.808139534883721
chrX	54620001	54630000	A.1.2.2.2.1.2.2	0.875	0.808139534883721
chrX	54630001	54640000	A.1.2.2.2.1.2.2	0.875	0.808139534883721
chrX	54640001	54650000	A.1.2.2.2.1.2.2	0.875	0.808139534883721
chrX	54650001	54660000	A.1.2.2.2.1.2.2	0.875	0.808139534883721
chrX	54660001	54670000	A.1.2.2.2.1.2.2	0.875	0.808139534883721
chrX	54670001	54680000	A.1.2.2.2.1.2.2	0.875	0.808139534883721
chrX	54680001	54690000	A.1.2.2.2.1.2.2	0.875	0.808139534883721
chrX	54690001	54700000	A.1.2.2.2.1.2.2	0.875	0.808139534883721
chrX	54700001	54710000	A.1.2.2.2.1.2.2	0.875	0.808139534883721
chrX	54710001	54720000	A.1.2.2.2.1.2.2	0.875	0.808139534883721
chrX	54720001	54730000	A.1.2.2.2.1.2.2	0.875	0.808139534883721
chrX	54730001	54740000	A.1.2.2.2.1.2.2	0.875	0.808139534883721
chrX	54740001	54750000	A.1.2.2.2.1.2.2	0.875	0.808139534883721
chrX	54750001	54760000	A.1.2.2.2.1.2.2	0.875	0.808139534883721
chrX	54760001	54770000	A.1.2.2.2.1.2.2	0.875	0.808139534883721
chrX	54770001	54780000	A.1.2.2.2.1.2.2	0.875	0.808139534883721
chrX	54780001	54790000	A.1.2.2.2.1.2.2	0.875	0.808139534883721
chrX	54790001	54800000	A.1.2.2.2.1.2.2	0.875	0.808139534883721
chrX	54800001	54810000	A.1.2.2.2.1.2.2	0.875	0.808139534883721
chrX	54810001	54820000	A.1.2.2.2.1.2.2	0.875	0.808139534883721
chrX	54820001	54830000	A.1.2.2.2.1.2.2	0.875	0.808139534883721
chrX	54830001	54840000	A.1.2.2.2.1.2.2	0.875	0.808139534883721
chrX	54840001	54850000	A.1.2.2.2.1.2.2	0.875	0.808139534883721
chrX	54850001	54860000	A.1.2.2.2.1.2.2	0.875	0.808139534883721
chrX	54860001	54870000	A.1.2.2.2.1.2.2	0.875	0.808139534883721
chrX	54870001	54880000	A.1.2.2.2.1.2.2	0.875	0.808139534883721
chrX	54880001	54890000	A.1.2.2.2.1.2.2	0.875	0.808139534883721
chrX	54890001	54900000	A.1.2.2.2.1.2.2	0.875	0.808139534883721
chrX	54900001	54910000	A.1.2.2.2.1.2.2	0.875	0.808139534883721
chrX	54910001	54920000	A.1.2.2.2.1.2.2	0.875	0.808139534883721
chrX	54920001	54930000	A.1.2.2.2.1.2.2	0.875	0.808139534883721
chrX	54930001	54940000	A.1.2.2.2.1.2.2	0.875	0.808139534883721
chrX	54940001	54950000	A.1.2.2.2.1.2.2	0.875	0.808139534883721
chrX	54950001	54960000	A.1.2.2.2.1.2.2	0.875	0.808139534883721
chrX	54960001	54970000	A.1.2.2.2.1.2.2	0.875	0.808139534883721
chrX	54970001	54980000	A.1.2.2.2.1.2.2	0.875	0.808139534883721
chrX	54980001	54990000	A.1.2.2.2.1.2.2	0.875	0.808139534883721
chrX	54990001	5.5e+07	A.1.2.2.2.1.2.2	0.875	0.808139534883721
chrX	55000001	55010000	A.1.2.2.2.1.2.2	0.875	0.808139534883721
chrX	55010001	55020000	A.1.2.2.2.1.2.2	0.875	0.808139534883721
chrX	55020001	55030000	A.1.2.2.2.1.2.2	0.875	0.808139534883721
chrX	55030001	55040000	A.1.2.2.2.1.2.2	0.875	0.808139534883721
chrX	55040001	55050000	A.1.2.2.2.1.2.2	0.875	0.808139534883721
chrX	55050001	55060000	A.1.2.2.2.1.2.2	0.875	0.808139534883721
chrX	55060001	55070000	A.1.2.2.2.1.2.2	0.875	0.808139534883721
chrX	55070001	55080000	A.1.2.2.2.1.2.2	0.875	0.808139534883721
chrX	55080001	55090000	A.1.2.2.2.1.2.2	0.875	0.808139534883721
chrX	55090001	55100000	A.1.2.2.2.1.2.2	0.875	0.808139534883721
chrX	55100001	55110000	A.1.2.2.2.1.2.2	0.875	0.808139534883721
chrX	55110001	55120000	A.1.2.2.2.1.2.2	0.875	0.808139534883721
chrX	55120001	55130000	A.1.2.2.2.1.2.2	0.875	0.808139534883721
chrX	55130001	55140000	A.1.2.2.2.1.2.2	0.875	0.808139534883721
chrX	55140001	55150000	A.1.2.2.2.1.2.2	0.875	0.808139534883721
chrX	55150001	55160000	A.1.2.2.2.1.2.2	0.875	0.808139534883721
chrX	55160001	55170000	A.1.2.2.2.1.2.2	0.875	0.808139534883721
chrX	55170001	55180000	A.1.2.2.2.1.2.2	0.875	0.808139534883721
chrX	55180001	55190000	A.1.2.2.2.1.2.2	0.875	0.808139534883721
chrX	55190001	55200000	A.1.2.2.2.1.2.2	0.875	0.808139534883721
chrX	55200001	55210000	B.1.1.2.1.2.2.2	0.5	0.465116279069768
chrX	55210001	55220000	B.1.1.2.1.2.2.2	0.5	0.465116279069768
chrX	55220001	55230000	B.1.1.2.1.2.2.2	0.5	0.465116279069768
chrX	55230001	55240000	B.1.1.2.1.2.2.2	0.5	0.465116279069768
chrX	55240001	55250000	B.1.1.2.1.2.2.2	0.5	0.465116279069768
chrX	55250001	55260000	B.1.1.2.1.2.2.2	0.5	0.465116279069768
chrX	55260001	55270000	B.1.1.2.1.2.2.2	0.5	0.465116279069768
chrX	55270001	55280000	B.1.1.2.1.2.2.2	0.5	0.465116279069768
chrX	55280001	55290000	B.1.1.2.1.2.2.2	0.5	0.465116279069768
chrX	55290001	55300000	B.1.1.2.1.2.2.2	0.5	0.465116279069768
chrX	55300001	55310000	B.1.1.2.1.2.2.2	0.5	0.465116279069768
chrX	55310001	55320000	B.1.1.2.1.2.2.2	0.5	0.465116279069768
chrX	55320001	55330000	B.1.1.2.1.2.2.2	0.5	0.465116279069768
chrX	55330001	55340000	B.1.1.2.1.2.2.2	0.5	0.465116279069768
chrX	55340001	55350000	B.1.1.2.1.2.2.2	0.5	0.465116279069768
chrX	55350001	55360000	B.1.1.2.1.2.2.2	0.5	0.465116279069768
chrX	55360001	55370000	B.1.1.2.1.2.2.2	0.5	0.465116279069768
chrX	55370001	55380000	B.1.1.2.1.2.2.2	0.5	0.465116279069768
chrX	55380001	55390000	B.1.1.2.1.2.2.2	0.5	0.465116279069768
chrX	55390001	55400000	B.1.1.2.1.2.2.2	0.5	0.465116279069768
chrX	55400001	55410000	B.1.1.2.1.2.2.2	0.5	0.465116279069768
chrX	55410001	55420000	B.1.1.2.1.2.2.2	0.5	0.465116279069768
chrX	55420001	55430000	B.1.1.2.1.2.2.2	0.5	0.465116279069768
chrX	55430001	55440000	B.1.1.2.1.2.2.2	0.5	0.465116279069768
chrX	55440001	55450000	B.1.1.2.1.2.2.2	0.5	0.465116279069768
chrX	55450001	55460000	B.1.1.2.1.2.2.2	0.5	0.465116279069768
chrX	55460001	55470000	B.1.1.2.1.2.2.2	0.5	0.465116279069768
chrX	55470001	55480000	B.1.1.2.1.2.2.2	0.5	0.465116279069768
chrX	55480001	55490000	B.1.1.2.1.2.2.2	0.5	0.465116279069768
chrX	55490001	55500000	B.1.1.2.1.2.2.2	0.5	0.465116279069768
chrX	55500001	55510000	B.1.1.2.1.2.2.1	0.5	0.47093023255814
chrX	55510001	55520000	B.1.1.2.1.2.2.1	0.5	0.47093023255814
chrX	55520001	55530000	B.1.1.2.1.2.2.1	0.5	0.47093023255814
chrX	55530001	55540000	B.1.1.2.1.2.2.1	0.5	0.47093023255814
chrX	55540001	55550000	B.1.1.2.1.2.2.1	0.5	0.47093023255814
chrX	55550001	55560000	B.1.1.2.1.2.2.1	0.5	0.47093023255814
chrX	55560001	55570000	B.1.1.2.1.2.2.1	0.5	0.47093023255814
chrX	55570001	55580000	B.1.1.2.1.2.2.1	0.5	0.47093023255814
chrX	55580001	55590000	B.1.1.2.1.2.2.1	0.5	0.47093023255814
chrX	55590001	55600000	B.1.1.2.1.2.2.1	0.5	0.47093023255814
chrX	55600001	55610000	B.1.1.2.1.2.2.1	0.5	0.47093023255814
chrX	55610001	55620000	B.1.1.2.1.2.2.1	0.5	0.47093023255814
chrX	55620001	55630000	B.1.1.2.1.2.2.1	0.5	0.47093023255814
chrX	55630001	55640000	B.1.1.2.1.2.2.1	0.5	0.47093023255814
chrX	55640001	55650000	B.1.1.2.1.2.2.1	0.5	0.47093023255814
