chrom	start	end	q	cn	valid	fit_supported	excluded
X	0	50000	1.0		False	False	False
X	50000	100000	1.0	0.0126650799982079	False	False	True
X	100000	150000	1.0	0.0126650799982079	False	False	True
X	150000	200000	1.0	0.0126650799982079	False	False	True
X	200000	250000	1.0	0.0126650799982079	False	False	True
X	250000	300000	1.0	0.0126650799982079	False	False	True
X	300000	350000	1.0	0.0126650799982079	False	False	True
X	350000	400000	1.0	0.0126650799982079	False	False	True
X	400000	450000	1.0	0.0126650799982079	False	False	True
X	450000	500000	1.0	0.0126650799982079	False	False	True
X	500000	550000	1.0	0.0126650799982079	False	False	True
X	550000	600000	1.0	0.0126650799982079	False	False	True
X	600000	650000	1.0	0.0126650799982079	False	False	True
X	650000	700000	1.0	0.0126650799982079	False	False	True
X	700000	750000	1.0	0.0126650799982079	False	False	True
X	750000	800000	1.0	0.0126650799982079	False	False	True
X	800000	850000	1.0	0.0126650799982079	False	False	True
X	850000	900000	1.0	0.0126650799982079	False	False	True
X	900000	950000	1.0	0.0126650799982079	False	False	True
X	950000	1000000	1.0	0.0126650799982079	False	False	True
X	1000000	1050000	1.0	0.0126650799982079	False	False	True
X	1050000	1100000	1.0	0.0126650799982079	False	False	True
X	1100000	1150000	1.0	0.0126650799982079	False	False	True
X	1150000	1200000	1.0	0.0126650799982079	False	False	True
X	1200000	1250000	1.0	0.0126650799982079	False	False	True
X	1250000	1300000	1.0	0.0126650799982079	False	False	True
X	1300000	1350000	1.0	0.0126650799982079	False	False	True
X	1350000	1400000	1.0	0.0126650799982079	False	False	True
X	1400000	1450000	1.0	0.0126650799982079	False	False	True
X	1450000	1500000	1.0	0.0126650799982079	False	False	True
X	1500000	1550000	1.0	0.0126650799982079	False	False	True
X	1550000	1600000	1.0	0.0126650799982079	False	False	True
X	1600000	1650000	1.0	0.0126650799982079	False	False	True
X	1650000	1700000	1.0	0.0126650799982079	False	False	True
X	1700000	1750000	1.0	0.0126650799982079	False	False	True
X	1750000	1800000	1.0	0.0126650799982079	False	False	True
X	1800000	1850000	1.0	0.0126650799982079	False	False	True
X	1850000	1900000	1.0	0.0126650799982079	False	False	True
X	1900000	1950000	1.0	0.0126650799982079	False	False	True
X	1950000	2000000	1.0	0.0126650799982079	False	False	True
X	2000000	2050000	1.0	0.0126650799982079	False	False	True
X	2050000	2100000	1.0	0.0126650799982079	False	False	True
X	2100000	2150000	1.0	0.0126650799982079	False	False	True
X	2150000	2200000	1.0	0.0126650799982079	False	False	True
X	2200000	2250000	1.0	0.0126650799982079	False	False	True
X	2250000	2300000	1.0	0.0126650799982079	False	False	True
X	2300000	2350000	1.0	0.0126650799982079	False	False	True
X	2350000	2400000	1.0	0.0126650799982079	False	False	True
X	2400000	2450000	1.0	0.0126650799982079	False	False	True
X	2450000	2500000	1.0	0.0126650799982079	False	False	True
X	2500000	2550000	1.0	0.0126650799982079	False	False	True
X	2550000	2600000	1.0	0.0126650799982079	False	False	True
X	2600000	2650000	1.0	0.0126650799982079	False	False	True
X	2650000	2700000	1.0	0.0126650799982079	False	False	True
X	2700000	2750000	1.0	2.189497799732615	True	False	True
X	2750000	2800000	1.0	2.189497799732615	True	False	True
X	2800000	2850000	1.0	2.189497799732615	True	False	True
X	2850000	2900000	1.0	2.189497799732615	True	False	True
X	2900000	2950000	1.0	2.189497799732615	True	False	True
X	2950000	3000000	1.0	2.189497799732615	True	False	True
X	3000000	3050000	1.0	2.189497799732615	True	False	True
X	3050000	3100000	1.0	2.189497799732615	True	False	True
X	3100000	3150000	1.0	2.189497799732615	True	False	True
X	3150000	3200000	1.0	2.189497799732615	True	False	True
X	3200000	3250000	1.0	2.189497799732615	True	False	True
X	3250000	3300000	1.0	2.189497799732615	True	False	True
X	3300000	3350000	1.0	2.189497799732615	True	False	True
X	3350000	3400000	1.0	2.189497799732615	True	False	True
X	3400000	3450000	1.0	2.189497799732615	True	False	True
X	3450000	3500000	1.0	2.189497799732615	True	False	True
X	3500000	3550000	1.0	2.189497799732615	True	False	True
X	3550000	3600000	1.0	2.189497799732615	True	False	True
X	3600000	3650000	1.0	2.189497799732615	True	False	True
X	3650000	3700000	0.6616345601887272	0.8263357557536755	True	True	False
X	3700000	3750000	0.7794833381349965	0.8263357557536755	True	True	False
X	3750000	3800000	0.5	0.8263357557536755	True	True	False
X	3800000	3850000	0.5	0.8263357557536755	True	True	False
X	3850000	3900000	1.8420013786587588	0.8263357557536755	True	True	False
X	3900000	3950000	1.4335648730967714	0.8263357557536755	True	True	False
X	3950000	4000000	1.99809235097067	0.8263357557536755	True	True	False
X	4000000	4050000	1.4205639832256645	0.8263357557536755	True	True	False
X	4050000	4100000	1.6325840593610357	0.8263357557536755	True	True	False
X	4100000	4150000	1.6855009611724918	0.8263357557536755	True	True	False
X	4150000	4200000	1.5022287056088843	0.8263357557536755	True	True	False
X	4200000	4250000	1.4650218611945012	0.8263357557536755	True	True	False
X	4250000	4300000	1.3343242325836495	0.8263357557536755	True	True	False
X	4300000	4350000	1.2643559703949043	0.8263357557536755	True	True	False
X	4350000	4400000	1.0267510203268053	0.8263357557536755	True	True	False
X	4400000	4450000	1.429844033062627	0.8263357557536755	True	True	False
X	4450000	4500000	1.3375404875214707	0.8263357557536755	True	True	False
X	4500000	4550000	1.2368924350798454	0.8263357557536755	True	True	False
X	4550000	4600000	0.9352998454565795	0.8263357557536755	True	True	False
X	4600000	4650000	0.8154787728781108	0.8263357557536755	True	True	False
X	4650000	4700000	0.8236268136621232	0.8263357557536755	True	True	False
X	4700000	4750000	0.8640967673807238	0.8263357557536755	True	True	False
X	4750000	4800000	0.8758840152286175	0.8263357557536755	True	True	False
X	4800000	4850000	0.8109176870460638	0.8263357557536755	True	True	False
X	4850000	4900000	1.0412106941941375	0.8263357557536755	True	True	False
X	4900000	4950000	0.9278442189799795	0.8263357557536755	True	True	False
X	4950000	5000000	1.1486274170531159	0.8263357557536755	True	True	False
X	5000000	5050000	1.3836613528559694	0.8263357557536755	True	True	False
X	5050000	5100000	1.4548729878109226	0.8263357557536755	True	True	False
X	5100000	5150000	1.2191836702623486	0.8263357557536755	True	True	False
X	5150000	5200000	1.0720574270237957	0.8263357557536755	True	True	False
X	5200000	5250000	1.1436058483992733	0.8263357557536755	True	True	False
X	5250000	5300000	0.9700834947808232	0.8263357557536755	True	True	False
X	5300000	5350000	1.0806169486311783	0.8263357557536755	True	True	False
X	5350000	5400000	0.8523614919701437	0.8263357557536755	True	True	False
X	5400000	5450000	0.9529365841620974	0.8263357557536755	True	True	False
X	5450000	5500000	0.9628990365920481	0.8263357557536755	True	True	False
X	5500000	5550000	1.0289496563827265	0.8263357557536755	True	True	False
X	5550000	5600000	1.0136472552962115	0.8263357557536755	True	True	False
X	5600000	5650000	0.9174225245101739	0.8263357557536755	True	True	False
X	5650000	5700000	1.011718060164277	0.8263357557536755	True	True	False
X	5700000	5750000	0.876180364342866	0.8263357557536755	True	True	False
X	5750000	5800000	1.000075340650557	0.8263357557536755	True	True	False
X	5800000	5850000	1.0791368423296022	0.8263357557536755	True	True	False
X	5850000	5900000	1.1740089666093487	0.8263357557536755	True	True	False
X	5900000	5950000	1.1620329364201516	0.8263357557536755	True	True	False
X	5950000	6000000	1.093041198724033	0.8263357557536755	True	True	False
X	6000000	6050000	0.9454967446507379	0.8263357557536755	True	True	False
X	6050000	6100000	0.8653665757066167	0.8263357557536755	True	True	False
X	6100000	6150000	1.0548886220762306	0.8263357557536755	True	True	False
X	6150000	6200000	0.9760573591698556	0.8263357557536755	True	True	False
X	6200000	6250000	1.0506045030685225	0.8263357557536755	True	True	False
X	6250000	6300000	1.2403078663701115	0.8263357557536755	True	True	False
X	6300000	6350000	1.0553420581740058	0.8263357557536755	True	True	False
X	6350000	6400000	1.0337126605550668	0.8263357557536755	True	True	False
X	6400000	6450000	1.05902077466119	0.8263357557536755	True	True	False
X	6450000	6500000	1.021651215607189	0.8263357557536755	True	True	False
X	6500000	6550000	0.9209536225419636	0.8263357557536755	True	True	False
X	6550000	6600000	0.887792947891962	0.8263357557536755	True	True	False
X	6600000	6650000	0.9306181377812908	0.8263357557536755	True	True	False
X	6650000	6700000	0.9672774997381268	0.8263357557536755	True	True	False
X	6700000	6750000	1.127701089867912	0.8263357557536755	True	True	False
X	6750000	6800000	1.0971215431319599	0.8263357557536755	True	True	False
X	6800000	6850000	1.043661893696383	0.8263357557536755	True	True	False
X	6850000	6900000	1.0923997123497449	0.8263357557536755	True	True	False
X	6900000	6950000	1.1914095119663255	0.8263357557536755	True	True	False
X	6950000	7000000	1.007622264843573	0.8263357557536755	True	True	False
X	7000000	7050000	1.1022214744780117	0.8263357557536755	True	True	False
X	7050000	7100000	1.1897486890957167	0.8263357557536755	True	True	False
X	7100000	7150000	1.2795982356043072	0.8263357557536755	True	True	False
X	7150000	7200000	1.0	0.016274984729903	False	False	True
X	7200000	7250000	1.0	0.016274984729903	False	False	True
X	7250000	7300000	1.0	0.016274984729903	False	False	True
X	7300000	7350000	1.0	0.016274984729903	False	False	True
X	7350000	7400000	1.0	0.016274984729903	False	False	True
X	7400000	7450000	1.0	0.016274984729903	False	False	True
X	7450000	7500000	1.0	0.016274984729903	False	False	True
X	7500000	7550000	1.0	0.016274984729903	False	False	True
X	7550000	7600000	1.0	0.016274984729903	False	False	True
X	7600000	7650000	1.0	0.9944012396427836	True	False	True
X	7650000	7700000	1.0	0.9944012396427836	True	False	True
X	7700000	7750000	1.0	0.9944012396427836	True	False	True
X	7750000	7800000	1.0	0.9944012396427836	True	False	True
X	7800000	7850000	1.0	0.9944012396427836	True	False	True
X	7850000	7900000	1.0	0.9944012396427836	True	False	True
X	7900000	7950000	1.0	0.9944012396427836	True	False	True
X	7950000	8000000	1.0	0.9944012396427836	True	False	True
X	8000000	8050000	1.0	0.9944012396427836	True	False	True
X	8050000	8100000	1.0	0.9944012396427836	True	False	True
X	8100000	8150000	1.0	0.9944012396427836	True	False	True
X	8150000	8200000	1.0	0.9944012396427836	True	False	True
X	8200000	8250000	1.0	0.9944012396427836	True	False	True
X	8250000	8300000	1.0	0.9944012396427836	True	False	True
X	8300000	8350000	1.0	0.9944012396427836	True	False	True
X	8350000	8400000	1.0	0.9944012396427836	True	False	True
X	8400000	8450000	1.0	0.9944012396427836	True	False	True
X	8450000	8500000	1.0	0.9944012396427836	True	False	True
X	8500000	8550000	1.0	0.9944012396427836	True	False	True
X	8550000	8600000	1.0	0.9944012396427836	True	False	True
X	8600000	8650000	1.0	0.9944012396427836	True	False	True
X	8650000	8700000	1.0	0.9944012396427836	True	False	True
X	8700000	8750000	1.0	0.9944012396427836	True	False	True
X	8750000	8800000	1.0	0.9944012396427836	True	False	True
X	8800000	8850000	1.0	0.9944012396427836	True	False	True
X	8850000	8900000	1.0	0.9944012396427836	True	False	True
X	8900000	8950000	1.0	0.9944012396427836	True	False	True
X	8950000	9000000	1.0	0.9944012396427836	True	False	True
X	9000000	9050000	1.0	0.9944012396427836	True	False	True
X	9050000	9100000	1.0	0.9944012396427836	True	False	True
X	9100000	9150000	1.0	0.9944012396427836	True	False	True
X	9150000	9200000	1.0	0.9944012396427836	True	False	True
X	9200000	9250000	1.0	0.9944012396427836	True	False	True
X	9250000	9300000	1.0	0.9944012396427836	True	False	True
X	9300000	9350000	1.0	0.9944012396427836	True	False	True
X	9350000	9400000	1.0	0.9944012396427836	True	False	True
X	9400000	9450000	1.0	0.9944012396427836	True	False	True
X	9450000	9500000	1.0	0.9944012396427836	True	False	True
X	9500000	9550000	1.0	0.9944012396427836	True	False	True
X	9550000	9600000	1.0	0.9944012396427836	True	False	True
X	9600000	9650000	1.0	0.9944012396427836	True	False	True
X	9650000	9700000	1.0	0.9944012396427836	True	False	True
X	9700000	9750000	1.0	0.9944012396427836	True	False	True
X	9750000	9800000	1.0	0.9944012396427836	True	False	True
X	9800000	9850000	1.0	0.9944012396427836	True	False	True
X	9850000	9900000	1.0	0.9944012396427836	True	False	True
X	9900000	9950000	1.0	0.9944012396427836	True	False	True
X	9950000	10000000	1.0	0.9944012396427836	True	False	True
X	10000000	10050000	1.0	0.9944012396427836	True	False	True
X	10050000	10100000	1.0	0.9944012396427836	True	False	True
X	10100000	10150000	1.0	0.9944012396427836	True	False	True
X	10150000	10200000	1.0	0.9944012396427836	True	False	True
X	10200000	10250000	1.0	0.9944012396427836	True	False	True
X	10250000	10300000	1.0	0.9944012396427836	True	False	True
X	10300000	10350000	1.0	0.9944012396427836	True	False	True
X	10350000	10400000	1.0	0.9944012396427836	True	False	True
X	10400000	10450000	1.0	0.9944012396427836	True	False	True
X	10450000	10500000	1.0	0.9944012396427836	True	False	True
X	10500000	10550000	1.0	0.9944012396427836	True	False	True
X	10550000	10600000	1.0	0.9944012396427836	True	False	True
X	10600000	10650000	1.0	0.9944012396427836	True	False	True
X	10650000	10700000	1.0	0.9944012396427836	True	False	True
X	10700000	10750000	1.0	0.9944012396427836	True	False	True
X	10750000	10800000	1.0	0.9944012396427836	True	False	True
X	10800000	10850000	1.0	0.9944012396427836	True	False	True
X	10850000	10900000	1.0	0.9944012396427836	True	False	True
X	10900000	10950000	1.0	1.9022409516478505	True	False	False
X	10950000	11000000	1.0	1.9022409516478505	True	False	False
X	11000000	11050000	1.0	1.9022409516478505	True	False	False
X	11050000	11100000	1.0	1.9022409516478505	True	False	False
X	11100000	11150000	1.0	1.9022409516478505	True	False	False
X	11150000	11200000	1.0	1.9022409516478505	True	False	False
X	11200000	11250000	1.0	1.9022409516478505	True	False	False
X	11250000	11300000	1.0	1.9022409516478505	True	False	True
X	11300000	11350000	1.0	0.0049949986380968	False	False	True
X	11350000	11400000	1.0	0.0049949986380968	False	False	True
X	11400000	11450000	1.0	0.0049949986380968	False	False	True
X	11450000	11500000	1.0	0.0049949986380968	False	False	True
X	11500000	11550000	1.0	0.0049949986380968	False	False	True
X	11550000	11600000	1.0	0.0049949986380968	False	False	True
X	11600000	11650000	1.0	0.0049949986380968	False	False	True
X	11650000	11700000	1.0	1.6965453559448729	True	False	True
X	11700000	11750000	1.0	1.6965453559448729	True	False	True
X	11750000	11800000	1.0	1.6965453559448729	True	False	True
X	11800000	11850000	1.0	1.6965453559448729	True	False	True
X	11850000	11900000	1.0	1.6965453559448729	True	False	True
X	11900000	11950000	1.0	1.6965453559448729	True	False	True
X	11950000	12000000	1.0	1.6965453559448729	True	False	True
X	12000000	12050000	1.0	1.6965453559448729	True	False	True
X	12050000	12100000	1.0	1.6965453559448729	True	False	True
X	12100000	12150000	1.0	1.6965453559448729	True	False	True
X	12150000	12200000	1.0	1.6965453559448729	True	False	True
X	12200000	12250000	1.0	1.6965453559448729	True	False	True
X	12250000	12300000	1.0	1.6965453559448729	True	False	True
X	12300000	12350000	1.0	1.6965453559448729	True	False	True
X	12350000	12400000	1.0	1.6965453559448729	True	False	True
X	12400000	12450000	1.0	1.6965453559448729	True	False	True
X	12450000	12500000	1.0	1.6965453559448729	True	False	True
X	12500000	12550000	1.0	1.6965453559448729	True	False	True
X	12550000	12600000	1.0	1.6965453559448729	True	False	True
X	12600000	12650000	1.0	1.6965453559448729	True	False	True
X	12650000	12700000	1.0	1.6965453559448729	True	False	True
X	12700000	12750000	1.0	1.6965453559448729	True	False	True
X	12750000	12800000	1.0	2.2565206795870805	True	False	True
X	12800000	12850000	1.0	2.2565206795870805	True	False	True
X	12850000	12900000	1.0	2.2565206795870805	True	False	True
X	12900000	12950000	1.0	2.2565206795870805	True	False	True
X	12950000	13000000	1.0	2.2565206795870805	True	False	True
X	13000000	13050000	1.0	2.2565206795870805	True	False	True
X	13050000	13100000	1.0	2.2565206795870805	True	False	True
X	13100000	13150000	1.0	2.2565206795870805	True	False	True
X	13150000	13200000	1.0	2.2565206795870805	True	False	True
X	13200000	13250000	1.0	2.2565206795870805	True	False	True
X	13250000	13300000	1.0	2.2565206795870805	True	False	True
X	13300000	13350000	1.0	2.2565206795870805	True	False	True
X	13350000	13400000	1.0	2.2565206795870805	True	False	True
X	13400000	13450000	1.0	2.2565206795870805	True	False	True
X	13450000	13500000	1.0	2.2565206795870805	True	False	True
X	13500000	13550000	1.0	2.2565206795870805	True	False	True
X	13550000	13600000	1.0	2.2565206795870805	True	False	True
X	13600000	13650000	1.0	2.2565206795870805	True	False	True
X	13650000	13700000	1.0	2.2565206795870805	True	False	True
X	13700000	13750000	1.0	2.2565206795870805	True	False	True
X	13750000	13800000	1.0	2.2565206795870805	True	False	True
X	13800000	13850000	1.0	2.2565206795870805	True	False	True
X	13850000	13900000	1.0	2.2565206795870805	True	False	True
X	13900000	13950000	1.0	2.2565206795870805	True	False	True
X	13950000	14000000	1.0	2.2565206795870805	True	False	True
X	14000000	14050000	1.0	2.2565206795870805	True	False	True
X	14050000	14100000	1.0	2.2565206795870805	True	False	True
X	14100000	14150000	1.0	2.2565206795870805	True	False	True
X	14150000	14200000	1.0	2.2565206795870805	True	False	True
X	14200000	14250000	1.0	2.2565206795870805	True	False	True
X	14250000	14300000	1.0	2.2565206795870805	True	False	True
X	14300000	14350000	1.0	2.2565206795870805	True	False	True
X	14350000	14400000	1.0	2.2565206795870805	True	False	True
X	14400000	14450000	1.0	2.2565206795870805	True	False	True
X	14450000	14500000	1.0	2.2565206795870805	True	False	True
X	14500000	14550000	1.0	2.2565206795870805	True	False	True
X	14550000	14600000	1.0	2.2565206795870805	True	False	True
X	14600000	14650000	1.0	2.2565206795870805	True	False	True
X	14650000	14700000	1.0	2.2565206795870805	True	False	True
X	14700000	14750000	1.0	2.2565206795870805	True	False	True
X	14750000	14800000	1.0	2.2565206795870805	True	False	True
X	14800000	14850000	1.0	2.2565206795870805	True	False	True
X	14850000	14900000	1.0	2.2565206795870805	True	False	True
X	14900000	14950000	1.0	2.2565206795870805	True	False	True
X	14950000	15000000	1.0	2.2565206795870805	True	False	True
X	15000000	15050000	1.0	2.2565206795870805	True	False	True
X	15050000	15100000	1.0	2.2565206795870805	True	False	True
X	15100000	15150000	1.0	2.2565206795870805	True	False	True
X	15150000	15200000	1.0	2.2565206795870805	True	False	True
X	15200000	15250000	1.0	2.2565206795870805	True	False	True
X	15250000	15300000	1.0	2.2565206795870805	True	False	True
X	15300000	15350000	1.0	2.2565206795870805	True	False	True
X	15350000	15400000	1.0	2.2565206795870805	True	False	True
X	15400000	15450000	1.0	2.2565206795870805	True	False	True
X	15450000	15500000	1.0	2.2565206795870805	True	False	True
X	15500000	15550000	1.0	2.2565206795870805	True	False	True
X	15550000	15600000	1.0	2.2565206795870805	True	False	True
X	15600000	15650000	1.0	2.2565206795870805	True	False	True
X	15650000	15700000	1.0	2.2565206795870805	True	False	True
X	15700000	15750000	1.0	2.2565206795870805	True	False	True
X	15750000	15800000	1.0	2.2565206795870805	True	False	True
X	15800000	15850000	1.0	2.2565206795870805	True	False	True
X	15850000	15900000	1.0	2.2565206795870805	True	False	True
X	15900000	15950000	1.0	2.2565206795870805	True	False	True
X	15950000	16000000	1.0	2.2565206795870805	True	False	True
X	16000000	16050000	1.0	2.2565206795870805	True	False	True
X	16050000	16100000	1.0	2.2565206795870805	True	False	True
X	16100000	16150000	1.0	2.2565206795870805	True	False	True
X	16150000	16200000	1.0	2.2565206795870805	True	False	True
X	16200000	16250000	1.0	2.2565206795870805	True	False	True
X	16250000	16300000	1.0	2.2565206795870805	True	False	True
X	16300000	16350000	1.0	2.2565206795870805	True	False	True
X	16350000	16400000	1.0	2.2565206795870805	True	False	True
X	16400000	16450000	1.0	2.2565206795870805	True	False	True
X	16450000	16500000	1.0	2.2565206795870805	True	False	True
X	16500000	16550000	1.0	2.2565206795870805	True	False	True
X	16550000	16600000	1.0	2.2565206795870805	True	False	True
X	16600000	16650000	1.0	2.2565206795870805	True	False	True
X	16650000	16700000	1.0	2.2565206795870805	True	False	True
X	16700000	16750000	1.0	2.2565206795870805	True	False	True
X	16750000	16800000	1.0	2.2565206795870805	True	False	True
X	16800000	16850000	1.0	2.2565206795870805	True	False	True
X	16850000	16900000	1.0	2.2565206795870805	True	False	True
X	16900000	16950000	1.0	2.2565206795870805	True	False	True
X	16950000	17000000	1.0	2.2565206795870805	True	False	True
X	17000000	17050000	1.0	2.2565206795870805	True	False	True
X	17050000	17100000	1.0	2.2565206795870805	True	False	True
X	17100000	17150000	1.0	2.2565206795870805	True	False	True
X	17150000	17200000	1.0	2.2565206795870805	True	False	True
X	17200000	17250000	1.0	2.2565206795870805	True	False	True
X	17250000	17300000	1.0	2.2565206795870805	True	False	True
X	17300000	17350000	1.0	2.2565206795870805	True	False	True
X	17350000	17400000	1.0	2.2565206795870805	True	False	True
X	17400000	17450000	1.0	2.2565206795870805	True	False	True
X	17450000	17500000	1.0	2.2565206795870805	True	False	True
X	17500000	17550000	1.0	2.2565206795870805	True	False	True
X	17550000	17600000	1.0	2.2565206795870805	True	False	True
X	17600000	17650000	1.0	2.2565206795870805	True	False	True
X	17650000	17700000	1.0	2.2565206795870805	True	False	True
X	17700000	17750000	1.0	2.2565206795870805	True	False	True
X	17750000	17800000	1.0	2.2565206795870805	True	False	True
X	17800000	17850000	1.0	2.2565206795870805	True	False	True
X	17850000	17900000	1.0	2.2565206795870805	True	False	True
X	17900000	17950000	1.0	2.2565206795870805	True	False	True
X	17950000	18000000	1.0	2.2565206795870805	True	False	True
X	18000000	18050000	1.0	2.2565206795870805	True	False	True
X	18050000	18100000	1.0	2.2565206795870805	True	False	True
X	18100000	18150000	1.0	2.2565206795870805	True	False	True
X	18150000	18200000	1.0	2.2565206795870805	True	False	True
X	18200000	18250000	1.0	2.2565206795870805	True	False	True
X	18250000	18300000	1.0	2.2565206795870805	True	False	True
X	18300000	18350000	1.0	2.2565206795870805	True	False	True
X	18350000	18400000	1.0	2.2565206795870805	True	False	True
X	18400000	18450000	1.0	2.2565206795870805	True	False	True
X	18450000	18500000	1.0	2.2565206795870805	True	False	True
X	18500000	18550000	1.0	2.2565206795870805	True	False	True
X	18550000	18600000	1.0	2.2565206795870805	True	False	True
X	18600000	18650000	1.0	2.2565206795870805	True	False	True
X	18650000	18700000	1.0	2.2565206795870805	True	False	True
X	18700000	18750000	1.0	2.2565206795870805	True	False	True
X	18750000	18800000	1.0	2.2565206795870805	True	False	True
X	18800000	18850000	1.0	2.2565206795870805	True	False	True
X	18850000	18900000	1.0	2.2565206795870805	True	False	True
X	18900000	18950000	1.0	2.2565206795870805	True	False	True
X	18950000	19000000	1.0	2.2565206795870805	True	False	True
X	19000000	19050000	1.0	2.2565206795870805	True	False	True
X	19050000	19100000	1.0	2.2565206795870805	True	False	True
X	19100000	19150000	1.0	2.2565206795870805	True	False	True
X	19150000	19200000	1.0	2.2565206795870805	True	False	True
X	19200000	19250000	1.0	2.2565206795870805	True	False	True
X	19250000	19300000	1.0	2.2565206795870805	True	False	True
X	19300000	19350000	1.0	2.2565206795870805	True	False	True
X	19350000	19400000	1.0	2.2565206795870805	True	False	True
X	19400000	19450000	1.0	2.2565206795870805	True	False	True
X	19450000	19500000	1.0	2.2565206795870805	True	False	True
X	19500000	19550000	1.0	2.2565206795870805	True	False	True
X	19550000	19600000	1.0	2.2565206795870805	True	False	True
X	19600000	19650000	1.0	2.2565206795870805	True	False	True
X	19650000	19700000	1.0	2.2565206795870805	True	False	True
X	19700000	19750000	1.0	2.2565206795870805	True	False	True
X	19750000	19800000	1.0	2.2565206795870805	True	False	True
X	19800000	19850000	1.0	2.2565206795870805	True	False	True
X	19850000	19900000	1.0	2.2565206795870805	True	False	True
X	19900000	19950000	1.0	2.2565206795870805	True	False	True
X	19950000	20000000	1.0	2.2565206795870805	True	False	True
X	20000000	20050000	1.0	2.2565206795870805	True	False	True
X	20050000	20100000	1.0	2.2565206795870805	True	False	True
X	20100000	20150000	1.0	2.2565206795870805	True	False	True
X	20150000	20200000	1.0	2.2565206795870805	True	False	True
X	20200000	20250000	1.0	2.2565206795870805	True	False	True
X	20250000	20300000	1.0	2.2565206795870805	True	False	True
X	20300000	20350000	1.0	2.2565206795870805	True	False	True
X	20350000	20400000	1.0	2.2565206795870805	True	False	True
X	20400000	20450000	1.0	2.2565206795870805	True	False	True
X	20450000	20500000	1.0	2.2565206795870805	True	False	True
X	20500000	20550000	1.0	2.2565206795870805	True	False	True
X	20550000	20600000	1.0	2.2565206795870805	True	False	True
X	20600000	20650000	1.0	2.2565206795870805	True	False	True
X	20650000	20700000	1.0	2.2565206795870805	True	False	True
X	20700000	20750000	1.0	2.2565206795870805	True	False	True
X	20750000	20800000	1.0	2.2565206795870805	True	False	True
X	20800000	20850000	1.0	2.2565206795870805	True	False	True
X	20850000	20900000	1.0	2.2565206795870805	True	False	True
X	20900000	20950000	1.0	2.2565206795870805	True	False	True
X	20950000	21000000	1.0	2.2565206795870805	True	False	True
X	21000000	21050000	1.0	2.2565206795870805	True	False	True
X	21050000	21100000	1.0	2.2565206795870805	True	False	True
X	21100000	21150000	1.0	2.2565206795870805	True	False	True
X	21150000	21200000	1.0	2.2565206795870805	True	False	True
X	21200000	21250000	1.0	2.2565206795870805	True	False	True
X	21250000	21300000	1.0	2.2565206795870805	True	False	True
X	21300000	21350000	1.0	2.2565206795870805	True	False	True
X	21350000	21400000	1.0	2.2565206795870805	True	False	True
X	21400000	21450000	1.0	2.2565206795870805	True	False	True
X	21450000	21500000	1.0	2.2565206795870805	True	False	True
X	21500000	21550000	1.0	2.2565206795870805	True	False	True
X	21550000	21600000	1.0	2.2565206795870805	True	False	True
X	21600000	21650000	1.0	2.2565206795870805	True	False	True
X	21650000	21700000	1.0	2.2565206795870805	True	False	True
X	21700000	21750000	1.0	2.2565206795870805	True	False	True
X	21750000	21800000	1.0	2.2565206795870805	True	False	True
X	21800000	21850000	1.0	2.2565206795870805	True	False	True
X	21850000	21900000	1.0	2.2565206795870805	True	False	True
X	21900000	21950000	1.0	2.2565206795870805	True	False	True
X	21950000	22000000	1.0	2.2565206795870805	True	False	True
X	22000000	22050000	1.0	2.2565206795870805	True	False	True
X	22050000	22100000	1.0	2.2565206795870805	True	False	True
X	22100000	22150000	1.0	2.2565206795870805	True	False	True
X	22150000	22200000	1.0	2.2565206795870805	True	False	True
X	22200000	22250000	1.0	2.2565206795870805	True	False	True
X	22250000	22300000	1.0	2.2565206795870805	True	False	True
X	22300000	22350000	1.0	2.2565206795870805	True	False	True
X	22350000	22400000	1.0	2.2565206795870805	True	False	True
X	22400000	22450000	1.0	2.2565206795870805	True	False	True
X	22450000	22500000	1.0	2.2565206795870805	True	False	True
X	22500000	22550000	1.0	2.2565206795870805	True	False	True
X	22550000	22600000	1.0	2.2565206795870805	True	False	True
X	22600000	22650000	1.0	2.2565206795870805	True	False	True
X	22650000	22700000	1.0	2.2565206795870805	True	False	True
X	22700000	22750000	1.0	2.2565206795870805	True	False	True
X	22750000	22800000	1.0	2.2565206795870805	True	False	True
X	22800000	22850000	1.0	2.2565206795870805	True	False	True
X	22850000	22900000	1.0	2.2565206795870805	True	False	True
X	22900000	22950000	1.0	2.2565206795870805	True	False	True
X	22950000	23000000	1.0	2.2565206795870805	True	False	True
X	23000000	23050000	1.0	2.2565206795870805	True	False	True
X	23050000	23100000	1.0	2.2565206795870805	True	False	True
X	23100000	23150000	1.0	2.2565206795870805	True	False	True
X	23150000	23200000	1.0	2.2565206795870805	True	False	True
X	23200000	23250000	1.0	2.2565206795870805	True	False	True
X	23250000	23300000	1.0	2.2565206795870805	True	False	True
X	23300000	23350000	1.0	2.2565206795870805	True	False	True
X	23350000	23400000	1.0	2.2565206795870805	True	False	True
X	23400000	23450000	1.0	2.2565206795870805	True	False	True
X	23450000	23500000	1.0	2.2565206795870805	True	False	True
X	23500000	23550000	1.0	2.2565206795870805	True	False	True
X	23550000	23600000	1.0	2.2565206795870805	True	False	True
X	23600000	23650000	1.0	2.2565206795870805	True	False	True
X	23650000	23700000	1.0	2.2565206795870805	True	False	True
X	23700000	23750000	1.0	2.2565206795870805	True	False	True
X	23750000	23800000	1.0	2.2565206795870805	True	False	True
X	23800000	23850000	1.0	2.2565206795870805	True	False	True
X	23850000	23900000	1.0	2.2565206795870805	True	False	True
X	23900000	23950000	1.0	2.2565206795870805	True	False	True
X	23950000	24000000	1.0	2.2565206795870805	True	False	True
X	24000000	24050000	1.0	2.2565206795870805	True	False	True
X	24050000	24100000	1.0	2.2565206795870805	True	False	True
X	24100000	24150000	1.0	2.2565206795870805	True	False	True
X	24150000	24200000	1.0	2.2565206795870805	True	False	True
X	24200000	24250000	1.0	2.2565206795870805	True	False	True
X	24250000	24300000	1.0	2.2565206795870805	True	False	True
X	24300000	24350000	1.0	2.2565206795870805	True	False	True
X	24350000	24400000	1.0	2.2565206795870805	True	False	True
X	24400000	24450000	1.0	2.2565206795870805	True	False	True
X	24450000	24500000	1.0	2.2565206795870805	True	False	True
X	24500000	24550000	1.0	2.2565206795870805	True	False	True
X	24550000	24600000	1.0	2.2565206795870805	True	False	True
X	24600000	24650000	1.0	2.2565206795870805	True	False	True
X	24650000	24700000	1.0	2.2565206795870805	True	False	True
X	24700000	24750000	1.0	2.2565206795870805	True	False	True
X	24750000	24800000	1.0	2.2565206795870805	True	False	True
X	24800000	24850000	1.0	2.2565206795870805	True	False	True
X	24850000	24900000	1.0	2.2565206795870805	True	False	True
X	24900000	24950000	1.0	2.2565206795870805	True	False	True
X	24950000	25000000	1.0	2.2565206795870805	True	False	True
X	25000000	25050000	1.0	2.2565206795870805	True	False	True
X	25050000	25100000	1.0	2.2565206795870805	True	False	True
X	25100000	25150000	1.0	2.2565206795870805	True	False	True
X	25150000	25200000	1.0	2.2565206795870805	True	False	True
X	25200000	25250000	1.0	2.2565206795870805	True	False	True
X	25250000	25300000	1.0	2.2565206795870805	True	False	True
X	25300000	25350000	1.0	2.2565206795870805	True	False	True
X	25350000	25400000	1.0	2.2565206795870805	True	False	True
X	25400000	25450000	1.0	2.2565206795870805	True	False	True
X	25450000	25500000	1.1468217000115402	1.9806857438660492	True	True	False
X	25500000	25550000	1.2162312633473125	1.9806857438660492	True	True	False
X	25550000	25600000	1.1556825486766826	1.9806857438660492	True	True	False
X	25600000	25650000	1.016522477436353	1.9806857438660492	True	True	False
X	25650000	25700000	1.3269384832283204	1.9806857438660492	True	True	False
X	25700000	25750000	1.40201839790457	1.9806857438660492	True	True	False
X	25750000	25800000	1.2744714308139051	1.9806857438660492	True	True	False
X	25800000	25850000	1.0847984991396185	1.9806857438660492	True	True	False
X	25850000	25900000	1.2727590449246986	1.9806857438660492	True	True	False
X	25900000	25950000	1.0519762564583837	1.9806857438660492	True	True	False
X	25950000	26000000	1.0294740258959123	1.9806857438660492	True	True	False
X	26000000	26050000	1.1959523784961952	1.9806857438660492	True	True	False
X	26050000	26100000	0.9556264797764811	1.9806857438660492	True	True	False
X	26100000	26150000	0.9091874373013366	1.9806857438660492	True	True	False
X	26150000	26200000	1.0358364886652824	1.9806857438660492	True	True	False
X	26200000	26250000	0.7310563827606936	1.9806857438660492	True	True	False
X	26250000	26300000	0.913487907587228	1.9806857438660492	True	True	False
X	26300000	26350000	0.8830555280679411	1.9806857438660492	True	True	False
X	26350000	26400000	1.0462760677459737	1.9806857438660492	True	True	False
X	26400000	26450000	0.9765854617247756	1.9806857438660492	True	True	False
X	26450000	26500000	1.1609272558524584	1.9806857438660492	True	True	False
X	26500000	26550000	0.936196443251366	1.9806857438660492	True	True	False
X	26550000	26600000	0.9132729263204207	1.9806857438660492	True	True	False
X	26600000	26650000	1.2461542451606733	1.9806857438660492	True	True	False
X	26650000	26700000	1.609594869665342	1.9806857438660492	True	True	False
X	26700000	26750000	1.4583766532333386	1.9806857438660492	True	True	False
X	26750000	26800000	1.309256375573283	1.9806857438660492	True	True	False
X	26800000	26850000	1.1329762395992078	1.9806857438660492	True	True	False
X	26850000	26900000	1.1532327946531906	1.9806857438660492	True	True	False
X	26900000	26950000	0.8355396667436481	1.9806857438660492	True	True	False
X	26950000	27000000	0.7943848787883622	1.9806857438660492	True	True	False
X	27000000	27050000	0.8179455540945555	1.9806857438660492	True	True	False
X	27050000	27100000	0.7821728204858323	1.9806857438660492	True	True	False
X	27100000	27150000	0.7840570553125522	1.9806857438660492	True	True	False
X	27150000	27200000	0.8239873831601018	1.9806857438660492	True	True	False
X	27200000	27250000	0.8045356214011645	1.9806857438660492	True	True	False
X	27250000	27300000	1.0624176102605116	1.9806857438660492	True	True	False
X	27300000	27350000	0.9790782763746202	1.9806857438660492	True	True	False
X	27350000	27400000	1.1092683273872181	1.9806857438660492	True	True	False
X	27400000	27450000	1.209757583672742	1.9806857438660492	True	True	False
X	27450000	27500000	1.1310141746487412	1.9806857438660492	True	True	False
X	27500000	27550000	1.262907425983921	1.9806857438660492	True	True	False
X	27550000	27600000	1.5449385332702108	1.9806857438660492	True	True	False
X	27600000	27650000	1.4417838605418196	1.9806857438660492	True	True	False
X	27650000	27700000	1.2861783239490745	1.9806857438660492	True	True	False
X	27700000	27750000	1.2368224622064243	1.9806857438660492	True	True	False
X	27750000	27800000	1.3662951090302269	1.9806857438660492	True	True	False
X	27800000	27850000	1.1319181761160395	1.9806857438660492	True	True	False
X	27850000	27900000	1.0879931389617252	1.9806857438660492	True	True	False
X	27900000	27950000	1.3359391261196825	1.9806857438660492	True	True	False
X	27950000	28000000	1.2257070361112363	1.9806857438660492	True	True	False
X	28000000	28050000	0.9996521379478752	1.9806857438660492	True	True	False
X	28050000	28100000	1.1295645245492247	1.9806857438660492	True	True	False
X	28100000	28150000	0.9734990463318286	1.9806857438660492	True	True	False
X	28150000	28200000	1.0217628920483666	1.9806857438660492	True	True	False
X	28200000	28250000	1.1108071747633357	1.9806857438660492	True	True	False
X	28250000	28300000	1.1432912229708112	1.9806857438660492	True	True	False
X	28300000	28350000	1.0716951810455237	1.9806857438660492	True	True	False
X	28350000	28400000	1.226201981955828	1.9806857438660492	True	True	False
X	28400000	28450000	1.2056161958952334	1.9806857438660492	True	True	False
X	28450000	28500000	1.2049765743599503	1.9806857438660492	True	True	False
X	28500000	28550000	1.1662731999062568	1.9806857438660492	True	True	False
X	28550000	28600000	1.3376620856184422	1.9806857438660492	True	True	False
X	28600000	28650000	1.2159290606623065	1.9806857438660492	True	True	False
X	28650000	28700000	1.4031736128906285	1.9806857438660492	True	True	False
X	28700000	28750000	1.2272713692019621	1.9806857438660492	True	True	False
X	28750000	28800000	1.2045551754133659	1.9806857438660492	True	True	False
X	28800000	28850000	1.4446536490134163	1.9806857438660492	True	True	False
X	28850000	28900000	1.070721303585627	1.9806857438660492	True	True	False
X	28900000	28950000	1.083152565896167	1.9806857438660492	True	True	False
X	28950000	29000000	1.2512497083239664	1.9806857438660492	True	True	False
X	29000000	29050000	1.3786490592314595	1.9806857438660492	True	True	False
X	29050000	29100000	1.5000706140540803	1.9806857438660492	True	True	False
X	29100000	29150000	1.3647657982678179	1.9806857438660492	True	True	False
X	29150000	29200000	1.1598346939243651	1.9806857438660492	True	True	False
X	29200000	29250000	1.3172915562613319	1.9806857438660492	True	True	False
X	29250000	29300000	1.1852023508333112	1.9806857438660492	True	True	False
X	29300000	29350000	1.1634559466856782	1.9806857438660492	True	True	False
X	29350000	29400000	1.139931433892819	1.9806857438660492	True	True	False
X	29400000	29450000	0.9957384616617204	1.9806857438660492	True	True	False
X	29450000	29500000	1.0401568256115379	1.9806857438660492	True	True	False
X	29500000	29550000	1.0810247105299373	1.9806857438660492	True	True	False
X	29550000	29600000	1.1295695337636646	1.9806857438660492	True	True	False
X	29600000	29650000	1.0819015989909415	1.9806857438660492	True	True	False
X	29650000	29700000	1.15144332894135	1.9806857438660492	True	True	False
X	29700000	29750000	1.114282230801483	1.9806857438660492	True	True	False
X	29750000	29800000	0.9714342830869991	1.9806857438660492	True	True	False
X	29800000	29850000	0.946106736472679	1.9806857438660492	True	True	False
X	29850000	29900000	1.2412116196298046	1.9806857438660492	True	True	False
X	29900000	29950000	1.0510035566725533	1.9806857438660492	True	True	False
X	29950000	30000000	1.3779261942519594	1.9806857438660492	True	True	False
X	30000000	30050000	1.05280443514039	1.9806857438660492	True	True	False
X	30050000	30100000	1.3131312706804699	1.9806857438660492	True	True	False
X	30100000	30150000	1.0322531821650125	1.9806857438660492	True	True	False
X	30150000	30200000	1.0409391955437648	1.9806857438660492	True	True	False
X	30200000	30250000	1.03000205459828	1.9806857438660492	True	True	False
X	30250000	30300000	0.9436748956091189	1.9806857438660492	True	True	False
X	30300000	30350000	0.8715930935732498	1.9806857438660492	True	True	False
X	30350000	30400000	0.8603717909776757	1.9806857438660492	True	True	False
X	30400000	30450000	0.7327860278193946	1.9806857438660492	True	True	False
X	30450000	30500000	0.8306815538672337	1.9806857438660492	True	True	False
X	30500000	30550000	1.0272185397188467	1.9806857438660492	True	True	False
X	30550000	30600000	1.0020733153908015	1.9806857438660492	True	True	False
X	30600000	30650000	0.9304625432654521	1.9806857438660492	True	True	False
X	30650000	30700000	0.9159142723267254	1.9806857438660492	True	True	False
X	30700000	30750000	0.9857121748490716	1.9806857438660492	True	True	False
X	30750000	30800000	0.9578790061660487	1.9806857438660492	True	True	False
X	30800000	30850000	0.5478063638169179	1.9806857438660492	True	True	False
X	30850000	30900000	0.9865297322448607	1.9806857438660492	True	True	False
X	30900000	30950000	1.11412908051511	1.9806857438660492	True	True	False
X	30950000	31000000	1.1451178923384506	1.9806857438660492	True	True	False
X	31000000	31050000	1.1707652941766626	1.9806857438660492	True	True	False
X	31050000	31100000	0.9917207667887641	1.9806857438660492	True	True	False
X	31100000	31150000	1.0429622770914668	1.9806857438660492	True	True	False
X	31150000	31200000	0.9056098356503575	1.9806857438660492	True	True	False
X	31200000	31250000	0.9530312711883185	1.9806857438660492	True	True	False
X	31250000	31300000	0.804779783388273	1.9806857438660492	True	True	False
X	31300000	31350000	0.9540666697614811	1.9806857438660492	True	True	False
X	31350000	31400000	0.907088672123031	1.9806857438660492	True	True	False
X	31400000	31450000	0.8881948519994743	1.9806857438660492	True	True	False
X	31450000	31500000	0.9403164049115865	1.9806857438660492	True	True	False
X	31500000	31550000	0.8708203289075808	1.9806857438660492	True	True	False
X	31550000	31600000	0.9149345893601796	1.9806857438660492	True	True	False
X	31600000	31650000	0.9445619836929553	1.9806857438660492	True	True	False
X	31650000	31700000	1.2007909478542957	1.9806857438660492	True	True	False
X	31700000	31750000	0.9894586652416698	1.9806857438660492	True	True	False
X	31750000	31800000	0.9557123234594765	1.9806857438660492	True	True	False
X	31800000	31850000	0.8939138619388058	1.9806857438660492	True	True	False
X	31850000	31900000	0.8970494359904895	1.9806857438660492	True	True	False
X	31900000	31950000	0.8659082319527511	1.9806857438660492	True	True	False
X	31950000	32000000	0.8753140722699368	1.9806857438660492	True	True	False
X	32000000	32050000	0.8869917370319776	1.9806857438660492	True	True	False
X	32050000	32100000	0.9892106613215125	1.9806857438660492	True	True	False
X	32100000	32150000	1.0948169657064524	1.9806857438660492	True	True	False
X	32150000	32200000	1.0340380365403397	1.9806857438660492	True	True	False
X	32200000	32250000	1.0273261502588749	1.9806857438660492	True	True	False
X	32250000	32300000	1.1472416739745326	1.9806857438660492	True	True	False
X	32300000	32350000	1.2604900543369644	1.9806857438660492	True	True	False
X	32350000	32400000	1.4249057379863037	1.9806857438660492	True	True	False
X	32400000	32450000	1.4962209979120884	1.9806857438660492	True	True	False
X	32450000	32500000	1.461427725059499	1.9806857438660492	True	True	False
X	32500000	32550000	1.576920920314822	1.9806857438660492	True	True	False
X	32550000	32600000	1.3083861433170463	1.9806857438660492	True	True	False
X	32600000	32650000	1.0559963643284398	1.9806857438660492	True	True	False
X	32650000	32700000	1.089832519336717	1.9806857438660492	True	True	False
X	32700000	32750000	1.0939202117273243	1.9806857438660492	True	True	False
X	32750000	32800000	1.1247802005116083	1.9806857438660492	True	True	False
X	32800000	32850000	0.8790793194604812	1.9806857438660492	True	True	False
X	32850000	32900000	1.0601373074296787	1.9806857438660492	True	True	False
X	32900000	32950000	0.8936221660713126	1.9806857438660492	True	True	False
X	32950000	33000000	0.901465163077551	1.9806857438660492	True	True	False
X	33000000	33050000	0.7808499276738164	1.9806857438660492	True	True	False
X	33050000	33100000	1.019324995149981	1.9806857438660492	True	True	False
X	33100000	33150000	1.1168044268580497	1.9806857438660492	True	True	False
X	33150000	33200000	1.1723989128311982	1.9806857438660492	True	True	False
X	33200000	33250000	1.2530466797535462	1.9806857438660492	True	True	False
X	33250000	33300000	1.1756066759468815	1.9806857438660492	True	True	False
X	33300000	33350000	1.3271599902994384	1.9806857438660492	True	True	False
X	33350000	33400000	1.2423948503014632	1.9806857438660492	True	True	False
X	33400000	33450000	1.326115493900893	1.9806857438660492	True	True	False
X	33450000	33500000	1.5522029185104413	1.9806857438660492	True	True	False
X	33500000	33550000	1.0773960677041414	1.9806857438660492	True	True	False
X	33550000	33600000	1.1301189951469108	1.9806857438660492	True	True	False
X	33600000	33650000	1.1453681449493516	1.9806857438660492	True	True	False
X	33650000	33700000	0.9431393871669537	1.9806857438660492	True	True	False
X	33700000	33750000	0.9198925978281518	1.9806857438660492	True	True	False
X	33750000	33800000	1.0505605261665427	1.9806857438660492	True	True	False
X	33800000	33850000	1.0425810193506606	1.9806857438660492	True	True	False
X	33850000	33900000	0.9454897793138205	1.9806857438660492	True	True	False
X	33900000	33950000	0.8637999062375623	1.9806857438660492	True	True	False
X	33950000	34000000	0.9577132536516799	1.9806857438660492	True	True	False
X	34000000	34050000	1.1661466027159573	1.9806857438660492	True	True	False
X	34050000	34100000	0.9794513431216691	1.9806857438660492	True	True	False
X	34100000	34150000	1.1343438264104566	1.9806857438660492	True	True	False
X	34150000	34200000	1.0168976800862481	1.9806857438660492	True	True	False
X	34200000	34250000	1.21869746898437	1.9806857438660492	True	True	False
X	34250000	34300000	1.1925484063554868	1.9806857438660492	True	True	False
X	34300000	34350000	1.5009070362769081	1.9806857438660492	True	True	False
X	34350000	34400000	1.5870139820831615	1.9806857438660492	True	True	False
X	34400000	34450000	1.4038747299634045	1.9806857438660492	True	True	False
X	34450000	34500000	1.341138529097632	1.9806857438660492	True	True	False
X	34500000	34550000	1.3511200840843374	1.9806857438660492	True	True	False
X	34550000	34600000	1.166395146224211	1.9806857438660492	True	True	False
X	34600000	34650000	1.5450196741657833	1.9806857438660492	True	True	False
X	34650000	34700000	1.1579575980646517	1.9806857438660492	True	True	False
X	34700000	34750000	1.2065821575217184	1.9806857438660492	True	True	False
X	34750000	34800000	0.9417282551284205	1.9806857438660492	True	True	False
X	34800000	34850000	0.988750875039315	1.9806857438660492	True	True	False
X	34850000	34900000	1.2262056539232078	1.9806857438660492	True	True	False
X	34900000	34950000	1.1645456473049047	1.9806857438660492	True	True	False
X	34950000	35000000	1.108487147439081	1.9806857438660492	True	True	False
X	35000000	35050000	1.045474325467134	1.9806857438660492	True	True	False
X	35050000	35100000	1.1355180103883271	1.9806857438660492	True	True	False
X	35100000	35150000	1.003193304933072	1.9806857438660492	True	True	False
X	35150000	35200000	1.1546637702500913	1.9806857438660492	True	True	False
X	35200000	35250000	1.0132469660284777	1.9806857438660492	True	True	False
X	35250000	35300000	0.9095040702293261	1.9806857438660492	True	True	False
X	35300000	35350000	1.0043883093559907	1.9806857438660492	True	True	False
X	35350000	35400000	1.1134649240275007	1.9806857438660492	True	True	False
X	35400000	35450000	1.3127458998025772	1.9806857438660492	True	True	False
X	35450000	35500000	1.0260287834429829	1.9806857438660492	True	True	False
X	35500000	35550000	1.0078005204773737	1.9806857438660492	True	True	False
X	35550000	35600000	1.1237095611439702	1.9806857438660492	True	True	False
X	35600000	35650000	1.1765585822015354	1.9806857438660492	True	True	False
X	35650000	35700000	1.258979255610649	1.9806857438660492	True	True	False
X	35700000	35750000	1.2985695151460592	1.9806857438660492	True	True	False
X	35750000	35800000	1.5094739096502534	1.9806857438660492	True	True	False
X	35800000	35850000	1.567269133262667	1.9806857438660492	True	True	False
X	35850000	35900000	1.407107825609725	1.9806857438660492	True	True	False
X	35900000	35950000	1.4837290820578268	1.9806857438660492	True	True	False
X	35950000	36000000	1.1982686537681473	1.9806857438660492	True	True	False
X	36000000	36050000	1.1430899803449284	1.9806857438660492	True	True	False
X	36050000	36100000	1.2221962775611186	1.9806857438660492	True	True	False
X	36100000	36150000	0.9043996155652716	1.9806857438660492	True	True	False
X	36150000	36200000	1.0691330219640947	1.9806857438660492	True	True	False
X	36200000	36250000	1.1441328729634124	1.9806857438660492	True	True	False
X	36250000	36300000	1.0350821470322331	1.9806857438660492	True	True	False
X	36300000	36350000	0.9541769491973149	1.9806857438660492	True	True	False
X	36350000	36400000	0.8133511008214382	1.9806857438660492	True	True	False
X	36400000	36450000	1.0848390560531898	1.9806857438660492	True	True	False
X	36450000	36500000	0.9210206877013395	1.9806857438660492	True	True	False
X	36500000	36550000	1.0636814451768368	1.9806857438660492	True	True	False
X	36550000	36600000	1.1521105275786974	1.9806857438660492	True	True	False
X	36600000	36650000	1.193050752939707	1.9806857438660492	True	True	False
X	36650000	36700000	1.3233279596662173	1.9806857438660492	True	True	False
X	36700000	36750000	1.2069151662842599	1.9806857438660492	True	True	False
X	36750000	36800000	1.0798561621468392	1.9806857438660492	True	True	False
X	36800000	36850000	1.3383781580561005	1.9806857438660492	True	True	False
X	36850000	36900000	1.6267442172188955	1.9806857438660492	True	True	False
X	36900000	36950000	1.771924036399653	1.9806857438660492	True	True	False
X	36950000	37000000	1.4237785249886854	1.9806857438660492	True	True	False
X	37000000	37050000	1.2372306016822128	1.9806857438660492	True	True	False
X	37050000	37100000	1.109439663778261	1.9806857438660492	True	True	False
X	37100000	37150000	0.5	1.9806857438660492	True	True	False
X	37150000	37200000	1.1668328461422333	1.9806857438660492	True	True	False
X	37200000	37250000	1.2147778709883388	1.9806857438660492	True	True	False
X	37250000	37300000	0.9893672140672727	1.9806857438660492	True	True	False
X	37300000	37350000	0.9929313717045168	1.9806857438660492	True	True	False
X	37350000	37400000	0.891730322357343	1.9806857438660492	True	True	False
X	37400000	37450000	0.7457980568129026	1.9806857438660492	True	True	False
X	37450000	37500000	0.6951002161629797	1.9806857438660492	True	True	False
X	37500000	37550000	0.8963561182873028	1.9806857438660492	True	True	False
X	37550000	37600000	0.7913108014726783	1.9806857438660492	True	True	False
X	37600000	37650000	0.8110376131819357	1.9806857438660492	True	True	False
X	37650000	37700000	0.8478319269225764	1.9806857438660492	True	True	False
X	37700000	37750000	1.002205827857878	1.9806857438660492	True	True	False
X	37750000	37800000	0.7482988308263775	1.9806857438660492	True	True	False
X	37800000	37850000	0.8467438071944295	1.9806857438660492	True	True	False
X	37850000	37900000	0.9572819782879729	1.9806857438660492	True	True	False
X	37900000	37950000	1.1223961877706965	1.9806857438660492	True	True	False
X	37950000	38000000	0.9558100023122019	1.9806857438660492	True	True	False
X	38000000	38050000	1.2643633882041911	1.9806857438660492	True	True	False
X	38050000	38100000	1.160869728885433	1.9806857438660492	True	True	False
X	38100000	38150000	1.0	1.9806857438660492	True	False	True
X	38150000	38200000	1.0	0.9157336864181262	True	False	True
X	38200000	38250000	1.0	0.9157336864181262	True	False	True
X	38250000	38300000	1.0	0.9157336864181262	True	False	True
X	38300000	38350000	1.0	0.9157336864181262	True	False	True
X	38350000	38400000	1.0	0.9157336864181262	True	False	True
X	38400000	38450000	1.0	0.9157336864181262	True	False	True
X	38450000	38500000	1.0	0.9157336864181262	True	False	True
X	38500000	38550000	1.0	0.9157336864181262	True	False	True
X	38550000	38600000	1.0	0.9157336864181262	True	False	True
X	38600000	38650000	1.0	0.9157336864181262	True	False	True
X	38650000	38700000	1.0	0.9157336864181262	True	False	True
X	38700000	38750000	1.0	0.9157336864181262	True	False	True
X	38750000	38800000	1.0	0.9157336864181262	True	False	True
X	38800000	38850000	1.0	0.9157336864181262	True	False	True
X	38850000	38900000	1.0	0.9157336864181262	True	False	True
X	38900000	38950000	1.0	0.9157336864181262	True	False	True
X	38950000	39000000	1.0	0.9157336864181262	True	False	True
X	39000000	39050000	1.0	0.9157336864181262	True	False	True
X	39050000	39100000	1.0	0.9157336864181262	True	False	True
X	39100000	39150000	1.0	0.9157336864181262	True	False	True
X	39150000	39200000	1.0	0.9157336864181262	True	False	True
X	39200000	39250000	1.0	0.9157336864181262	True	False	True
X	39250000	39300000	1.0	0.9157336864181262	True	False	True
X	39300000	39350000	1.0	0.9157336864181262	True	False	True
X	39350000	39400000	1.0	0.9157336864181262	True	False	True
X	39400000	39450000	1.0	0.9157336864181262	True	False	True
X	39450000	39500000	1.0	0.9157336864181262	True	False	True
X	39500000	39550000	1.0	0.9157336864181262	True	False	True
X	39550000	39600000	1.0	0.9157336864181262	True	False	True
X	39600000	39650000	1.0	0.9157336864181262	True	False	True
X	39650000	39700000	1.0	0.9157336864181262	True	False	True
X	39700000	39750000	1.0	0.9157336864181262	True	False	True
X	39750000	39800000	1.0	0.9157336864181262	True	False	True
X	39800000	39850000	1.0	0.9157336864181262	True	False	True
X	39850000	39900000	1.0	0.9157336864181262	True	False	True
X	39900000	39950000	1.0	0.9157336864181262	True	False	True
X	39950000	40000000	1.0	1.1119562297785128	True	False	True
X	40000000	40050000	1.0	1.1119562297785128	True	False	True
X	40050000	40100000	1.0	1.1119562297785128	True	False	True
X	40100000	40150000	1.0	1.1119562297785128	True	False	True
X	40150000	40200000	1.0	1.1119562297785128	True	False	True
X	40200000	40250000	1.0	1.1119562297785128	True	False	True
X	40250000	40300000	1.0	1.1119562297785128	True	False	True
X	40300000	40350000	1.0	1.1119562297785128	True	False	True
X	40350000	40400000	1.0	1.1119562297785128	True	False	True
X	40400000	40450000	1.0	1.1119562297785128	True	False	True
X	40450000	40500000	1.0	1.1119562297785128	True	False	True
X	40500000	40550000	1.0	1.1119562297785128	True	False	True
X	40550000	40600000	1.0	1.3602765619517645	True	False	True
X	40600000	40650000	1.0	1.3602765619517645	True	False	True
X	40650000	40700000	1.0	1.3602765619517645	True	False	True
X	40700000	40750000	1.0	1.3602765619517645	True	False	True
X	40750000	40800000	1.0	1.3602765619517645	True	False	True
X	40800000	40850000	1.0	1.3602765619517645	True	False	True
X	40850000	40900000	1.0	1.3602765619517645	True	False	True
X	40900000	40950000	1.0	1.3602765619517645	True	False	True
X	40950000	41000000	1.0	1.3602765619517645	True	False	True
X	41000000	41050000	1.0	1.3602765619517645	True	False	True
X	41050000	41100000	1.0	1.3602765619517645	True	False	True
X	41100000	41150000	1.0	1.3602765619517645	True	False	True
X	41150000	41200000	1.0	1.3602765619517645	True	False	True
X	41200000	41250000	1.0	1.3602765619517645	True	False	True
X	41250000	41300000	1.0	1.3602765619517645	True	False	True
X	41300000	41350000	1.0	1.3602765619517645	True	False	True
X	41350000	41400000	1.0	1.3602765619517645	True	False	True
X	41400000	41450000	1.0	1.3602765619517645	True	False	True
X	41450000	41500000	1.0	1.3602765619517645	True	False	True
X	41500000	41550000	1.0	1.3602765619517645	True	False	True
X	41550000	41600000	1.0	1.3602765619517645	True	False	True
X	41600000	41650000	1.0	1.3602765619517645	True	False	True
X	41650000	41700000	1.0	1.3602765619517645	True	False	True
X	41700000	41750000	1.8194632420959223	1.077957276653557	True	True	False
X	41750000	41800000	1.99809235097067	1.077957276653557	True	True	False
X	41800000	41850000	1.3715826622135863	1.077957276653557	True	True	False
X	41850000	41900000	1.421295563333632	1.077957276653557	True	True	False
X	41900000	41950000	1.5338532233248463	1.077957276653557	True	True	False
X	41950000	42000000	1.1722782354736874	1.077957276653557	True	True	False
X	42000000	42050000	1.5978242300416863	1.077957276653557	True	True	False
X	42050000	42100000	1.3561528383335246	1.077957276653557	True	True	False
X	42100000	42150000	1.3034727388778213	1.077957276653557	True	True	False
X	42150000	42200000	1.2947199148842945	1.077957276653557	True	True	False
X	42200000	42250000	1.2588290408969922	1.077957276653557	True	True	False
X	42250000	42300000	1.111101470328365	1.077957276653557	True	True	False
X	42300000	42350000	1.0603690534520396	1.077957276653557	True	True	False
X	42350000	42400000	1.3104518566285388	1.077957276653557	True	True	False
X	42400000	42450000	1.1757500367387839	1.077957276653557	True	True	False
X	42450000	42500000	1.151310511849065	1.077957276653557	True	True	False
X	42500000	42550000	1.1365076148691817	1.077957276653557	True	True	False
X	42550000	42600000	1.3894430212089897	1.077957276653557	True	True	False
X	42600000	42650000	1.0243040238424068	1.077957276653557	True	True	False
X	42650000	42700000	1.0840418765673683	1.077957276653557	True	True	False
X	42700000	42750000	0.8691663387426618	1.077957276653557	True	True	False
X	42750000	42800000	0.8213455354922522	1.077957276653557	True	True	False
X	42800000	42850000	0.889701275928331	1.077957276653557	True	True	False
X	42850000	42900000	0.8552758749375523	1.077957276653557	True	True	False
X	42900000	42950000	1.031942483269088	1.077957276653557	True	True	False
X	42950000	43000000	1.099019962121591	1.077957276653557	True	True	False
X	43000000	43050000	1.0980949621882445	1.077957276653557	True	True	False
X	43050000	43100000	1.076114019518478	1.077957276653557	True	True	False
X	43100000	43150000	1.24291317188683	1.077957276653557	True	True	False
X	43150000	43200000	1.2790115241067275	1.077957276653557	True	True	False
X	43200000	43250000	1.3385127671324815	1.077957276653557	True	True	False
X	43250000	43300000	1.3451667345206642	1.077957276653557	True	True	False
X	43300000	43350000	1.3048237224722803	1.077957276653557	True	True	False
X	43350000	43400000	1.4871917369298595	1.077957276653557	True	True	False
X	43400000	43450000	1.4734933715893745	1.077957276653557	True	True	False
X	43450000	43500000	1.1703502793662748	1.077957276653557	True	True	False
X	43500000	43550000	1.0534975475087858	1.077957276653557	True	True	False
X	43550000	43600000	1.2019962004542364	1.077957276653557	True	True	False
X	43600000	43650000	1.3964653510619927	1.077957276653557	True	True	False
X	43650000	43700000	0.8215660029137772	1.077957276653557	True	True	False
X	43700000	43750000	0.9022113150855318	1.077957276653557	True	True	False
X	43750000	43800000	0.9463371434051466	1.077957276653557	True	True	False
X	43800000	43850000	0.6045811694415327	1.077957276653557	True	True	False
X	43850000	43900000	0.6329386117844432	1.077957276653557	True	True	False
X	43900000	43950000	0.6773072800896803	1.077957276653557	True	True	False
X	43950000	44000000	0.576086088652075	1.077957276653557	True	True	False
X	44000000	44050000	0.6045994844248113	1.077957276653557	True	True	False
X	44050000	44100000	0.7432511317446552	1.077957276653557	True	True	False
X	44100000	44150000	0.6358248023458962	1.077957276653557	True	True	False
X	44150000	44200000	0.5	1.077957276653557	True	True	False
X	44200000	44250000	0.6758704553351801	1.077957276653557	True	True	False
X	44250000	44300000	0.7768050106335971	1.077957276653557	True	True	False
X	44300000	44350000	0.6891745701429824	1.077957276653557	True	True	False
X	44350000	44400000	1.0	1.3095761928422682	True	False	True
X	44400000	44450000	1.0	1.3095761928422682	True	False	True
X	44450000	44500000	1.0	1.3095761928422682	True	False	True
X	44500000	44550000	1.0	1.3095761928422682	True	False	True
X	44550000	44600000	1.0	1.3095761928422682	True	False	True
X	44600000	44650000	1.0	1.3095761928422682	True	False	True
X	44650000	44700000	1.0	1.3095761928422682	True	False	True
X	44700000	44750000	1.0	1.3095761928422682	True	False	True
X	44750000	44800000	1.0	1.3095761928422682	True	False	True
X	44800000	44850000	1.0	1.3095761928422682	True	False	True
X	44850000	44900000	1.0	1.3095761928422682	True	False	True
X	44900000	44950000	1.0	1.3095761928422682	True	False	True
X	44950000	45000000	1.0	1.3095761928422682	True	False	True
X	45000000	45050000	1.0	1.3095761928422682	True	False	True
X	45050000	45100000	1.0	1.3095761928422682	True	False	True
X	45100000	45150000	1.0	1.3095761928422682	True	False	True
X	45150000	45200000	1.0	1.3095761928422682	True	False	True
X	45200000	45250000	1.0	1.3095761928422682	True	False	True
X	45250000	45300000	1.0	1.3095761928422682	True	False	True
X	45300000	45350000	1.0	1.3095761928422682	True	False	True
X	45350000	45400000	1.0	1.3095761928422682	True	False	True
X	45400000	45450000	1.0	1.3095761928422682	True	False	True
X	45450000	45500000	1.0	1.3095761928422682	True	False	True
X	45500000	45550000	1.0	1.3095761928422682	True	False	True
X	45550000	45600000	1.0	1.3095761928422682	True	False	True
X	45600000	45650000	1.0	1.3095761928422682	True	False	True
X	45650000	45700000	1.0	1.3095761928422682	True	False	True
X	45700000	45750000	1.0	1.3095761928422682	True	False	True
X	45750000	45800000	1.0	1.3095761928422682	True	False	True
X	45800000	45850000	1.0	1.3095761928422682	True	False	True
X	45850000	45900000	1.0	1.3095761928422682	True	False	True
X	45900000	45950000	1.0	1.3095761928422682	True	False	True
X	45950000	46000000	1.0	1.3095761928422682	True	False	True
X	46000000	46050000	1.0	1.3095761928422682	True	False	True
X	46050000	46100000	1.0	1.3095761928422682	True	False	True
X	46100000	46150000	1.0	1.3095761928422682	True	False	True
X	46150000	46200000	1.0	1.3095761928422682	True	False	True
X	46200000	46250000	1.0	1.3095761928422682	True	False	True
X	46250000	46300000	1.0	1.3095761928422682	True	False	True
X	46300000	46350000	1.0	1.3095761928422682	True	False	True
X	46350000	46400000	1.0	1.3095761928422682	True	False	True
X	46400000	46450000	1.0	1.3095761928422682	True	False	True
X	46450000	46500000	1.0	1.3095761928422682	True	False	True
X	46500000	46550000	1.0	1.3095761928422682	True	False	True
X	46550000	46600000	1.0	1.3095761928422682	True	False	True
X	46600000	46650000	1.0	1.3095761928422682	True	False	True
X	46650000	46700000	1.0	1.3095761928422682	True	False	True
X	46700000	46750000	1.0	1.3095761928422682	True	False	True
X	46750000	46800000	1.0	1.3095761928422682	True	False	True
X	46800000	46850000	1.0	1.3095761928422682	True	False	True
X	46850000	46900000	1.0	1.3095761928422682	True	False	True
X	46900000	46950000	1.0	1.3095761928422682	True	False	True
X	46950000	47000000	1.0	1.3095761928422682	True	False	True
X	47000000	47050000	1.0	1.3095761928422682	True	False	True
X	47050000	47100000	1.0	1.3095761928422682	True	False	True
X	47100000	47150000	1.0	1.3095761928422682	True	False	True
X	47150000	47200000	1.0	1.3095761928422682	True	False	True
X	47200000	47250000	1.0	1.3095761928422682	True	False	True
X	47250000	47300000	1.0	1.3095761928422682	True	False	True
X	47300000	47350000	1.0	1.3095761928422682	True	False	True
X	47350000	47400000	1.0	1.3095761928422682	True	False	True
X	47400000	47450000	1.0	1.3095761928422682	True	False	True
X	47450000	47500000	1.0	1.3095761928422682	True	False	True
X	47500000	47550000	1.0	1.3095761928422682	True	False	True
X	47550000	47600000	1.0	1.3095761928422682	True	False	True
X	47600000	47650000	1.0	1.3095761928422682	True	False	True
X	47650000	47700000	1.0	1.3095761928422682	True	False	True
X	47700000	47750000	1.0	1.3095761928422682	True	False	True
X	47750000	47800000	1.0	1.3095761928422682	True	False	True
X	47800000	47850000	1.0	1.3095761928422682	True	False	True
X	47850000	47900000	1.0	1.3095761928422682	True	False	True
X	47900000	47950000	1.0	4.262205046269171	True	False	True
X	47950000	48000000	1.0	4.262205046269171	True	False	True
X	48000000	48050000	1.0	4.262205046269171	True	False	True
X	48050000	48100000	1.0	4.262205046269171	True	False	True
X	48100000	48150000	1.0	4.262205046269171	True	False	True
X	48150000	48200000	1.0	4.262205046269171	True	False	True
X	48200000	48250000	1.0	4.262205046269171	True	False	True
X	48250000	48300000	1.0	4.262205046269171	True	False	True
X	48300000	48350000	1.0	4.262205046269171	True	False	True
X	48350000	48400000	1.0	4.262205046269171	True	False	True
X	48400000	48450000	1.0	4.262205046269171	True	False	True
X	48450000	48500000	1.0	4.262205046269171	True	False	True
X	48500000	48550000	1.0	4.262205046269171	True	False	True
X	48550000	48600000	1.0	4.262205046269171	True	False	True
X	48600000	48650000	1.0	4.262205046269171	True	False	True
X	48650000	48700000	1.0	4.262205046269171	True	False	True
X	48700000	48750000	1.0	4.262205046269171	True	False	True
X	48750000	48800000	1.0	4.262205046269171	True	False	True
X	48800000	48850000	1.0	4.262205046269171	True	False	True
X	48850000	48900000	1.0	4.262205046269171	True	False	True
X	48900000	48950000	1.0	4.262205046269171	True	False	True
X	48950000	49000000	1.0	4.262205046269171	True	False	True
X	49000000	49050000	1.0	4.262205046269171	True	False	True
X	49050000	49100000	1.0	4.262205046269171	True	False	True
X	49100000	49150000	1.0	4.262205046269171	True	False	True
X	49150000	49200000	1.0	4.262205046269171	True	False	True
X	49200000	49250000	1.0	4.262205046269171	True	False	True
X	49250000	49300000	1.0	4.262205046269171	True	False	True
X	49300000	49350000	1.0	4.262205046269171	True	False	True
X	49350000	49400000	1.0	4.262205046269171	True	False	True
X	49400000	49450000	0.857916909655566	1.9035599416745304	True	True	False
X	49450000	49500000	0.7119344089821873	1.9035599416745304	True	True	False
X	49500000	49550000	0.8463640687250437	1.9035599416745304	True	True	False
X	49550000	49600000	1.2290839080520186	1.9035599416745304	True	True	False
X	49600000	49650000	1.2224872558601088	1.9035599416745304	True	True	False
X	49650000	49700000	1.99809235097067	1.9035599416745304	True	True	False
X	49700000	49750000	0.7994628088926147	1.9035599416745304	True	True	False
X	49750000	49800000	1.0	1.9035599416745304	True	False	False
X	49800000	49850000	1.0	1.9035599416745304	True	False	False
X	49850000	49900000	1.0	1.9035599416745304	True	False	False
X	49900000	49950000	0.6658283719131173	1.9035599416745304	True	True	False
X	49950000	50000000	0.6725482448437343	1.9035599416745304	True	True	False
X	50000000	50050000	0.9436131225656645	1.9035599416745304	True	True	False
X	50050000	50100000	1.2198846762774758	1.9035599416745304	True	True	False
X	50100000	50150000	1.1207816067542904	1.9035599416745304	True	True	False
X	50150000	50200000	1.450542263959004	1.9035599416745304	True	True	False
X	50200000	50250000	1.2082251614688924	1.9035599416745304	True	True	False
X	50250000	50300000	1.0	1.009051633844681	True	False	True
X	50300000	50350000	1.0	1.009051633844681	True	False	True
X	50350000	50400000	1.0	1.009051633844681	True	False	True
X	50400000	50450000	1.0	1.009051633844681	True	False	True
X	50450000	50500000	1.0	1.009051633844681	True	False	True
X	50500000	50550000	1.0	1.009051633844681	True	False	True
X	50550000	50600000	1.0	1.009051633844681	True	False	True
X	50600000	50650000	1.0	1.009051633844681	True	False	True
X	50650000	50700000	1.0	1.009051633844681	True	False	True
X	50700000	50750000	1.0	1.009051633844681	True	False	True
X	50750000	50800000	1.0	1.009051633844681	True	False	True
X	50800000	50850000	1.0	1.009051633844681	True	False	True
X	50850000	50900000	1.0	1.009051633844681	True	False	True
X	50900000	50950000	1.0	1.009051633844681	True	False	True
X	50950000	51000000	1.0	1.009051633844681	True	False	True
X	51000000	51050000	1.0	1.009051633844681	True	False	True
X	51050000	51100000	1.0	1.009051633844681	True	False	True
X	51100000	51150000	1.0	1.009051633844681	True	False	True
X	51150000	51200000	1.0	1.009051633844681	True	False	True
X	51200000	51250000	1.0	1.009051633844681	True	False	True
X	51250000	51300000	1.0	1.009051633844681	True	False	True
X	51300000	51350000	1.0	1.009051633844681	True	False	True
X	51350000	51400000	1.0	1.009051633844681	True	False	True
X	51400000	51450000	1.0	1.009051633844681	True	False	True
X	51450000	51500000	1.0	1.009051633844681	True	False	True
X	51500000	51550000	1.0	1.009051633844681	True	False	True
X	51550000	51600000	1.0	1.009051633844681	True	False	True
X	51600000	51650000	1.0	1.009051633844681	True	False	True
X	51650000	51700000	1.0	1.009051633844681	True	False	True
X	51700000	51750000	1.0	0.1020465985563513	True	False	False
X	51750000	51800000	1.0	0.1020465985563513	True	False	False
X	51800000	51850000	1.0	0.1020465985563513	True	False	False
X	51850000	51900000	1.0	0.1020465985563513	True	False	False
X	51900000	51950000	1.0	0.1020465985563513	True	False	False
X	51950000	52000000	1.0	0.1020465985563513	True	False	False
X	52000000	52050000	1.0	0.1020465985563513	True	False	False
X	52050000	52100000	1.0	0.1020465985563513	True	False	False
X	52100000	52150000	1.0	0.1020465985563513	True	False	False
X	52150000	52200000	1.0	0.1020465985563513	True	False	False
X	52200000	52250000	1.0	0.1020465985563513	True	False	False
X	52250000	52300000	1.0	0.1020465985563513	True	False	False
X	52300000	52350000	1.0	0.1020465985563513	True	False	False
X	52350000	52400000	1.0	0.1020465985563513	True	False	False
X	52400000	52450000	1.0	0.1020465985563513	True	False	False
X	52450000	52500000	1.0	0.1020465985563513	True	False	False
X	52500000	52550000	1.0	1.340062231564462	True	False	True
X	52550000	52600000	1.0	1.340062231564462	True	False	True
X	52600000	52650000	1.0	1.340062231564462	True	False	True
X	52650000	52700000	1.0	1.340062231564462	True	False	True
X	52700000	52750000	1.0	1.340062231564462	True	False	True
X	52750000	52800000	1.0	1.340062231564462	True	False	True
X	52800000	52850000	1.0	1.340062231564462	True	False	True
X	52850000	52900000	1.0	1.340062231564462	True	False	True
X	52900000	52950000	1.0	1.340062231564462	True	False	True
X	52950000	53000000	1.0	1.340062231564462	True	False	True
X	53000000	53050000	1.0	1.340062231564462	True	False	True
X	53050000	53100000	1.0	1.340062231564462	True	False	True
X	53100000	53150000	1.0	1.340062231564462	True	False	True
X	53150000	53200000	1.0	1.340062231564462	True	False	True
X	53200000	53250000	1.0	1.340062231564462	True	False	True
X	53250000	53300000	1.0	1.340062231564462	True	False	True
X	53300000	53350000	1.0	1.340062231564462	True	False	True
X	53350000	53400000	1.0	1.340062231564462	True	False	True
X	53400000	53450000	1.0	1.340062231564462	True	False	True
X	53450000	53500000	1.0	1.340062231564462	True	False	True
X	53500000	53550000	1.0	1.340062231564462	True	False	True
X	53550000	53600000	1.0	1.340062231564462	True	False	True
X	53600000	53650000	1.0	1.340062231564462	True	False	True
X	53650000	53700000	1.0	1.340062231564462	True	False	True
X	53700000	53750000	1.0	1.340062231564462	True	False	True
X	53750000	53800000	1.0	1.340062231564462	True	False	True
X	53800000	53850000	1.0	1.340062231564462	True	False	True
X	53850000	53900000	1.0	1.340062231564462	True	False	True
X	53900000	53950000	1.0	1.340062231564462	True	False	True
X	53950000	54000000	1.0	1.340062231564462	True	False	True
X	54000000	54050000	1.0	1.340062231564462	True	False	True
X	54050000	54100000	1.0	2.677524915639995	True	False	False
X	54100000	54150000	1.0	2.677524915639995	True	False	False
X	54150000	54200000	1.0	2.677524915639995	True	False	False
X	54200000	54250000	1.0	2.677524915639995	True	False	False
X	54250000	54300000	1.0	2.677524915639995	True	False	False
X	54300000	54350000	1.0	2.677524915639995	True	False	False
X	54350000	54400000	1.0	2.677524915639995	True	False	False
X	54400000	54450000	1.0	2.677524915639995	True	False	False
X	54450000	54500000	1.0	2.677524915639995	True	False	False
X	54500000	54550000	1.0	2.677524915639995	True	False	False
X	54550000	54600000	1.0	2.677524915639995	True	False	False
X	54600000	54650000	1.0	2.677524915639995	True	False	False
X	54650000	54700000	1.0	2.677524915639995	True	False	False
X	54700000	54750000	1.0	2.677524915639995	True	False	False
X	54750000	54800000	1.0	2.677524915639995	True	False	False
X	54800000	54850000	1.0	2.677524915639995	True	False	False
X	54850000	54900000	1.0	2.677524915639995	True	False	False
X	54900000	54950000	1.0	2.677524915639995	True	False	False
X	54950000	55000000	1.0	2.677524915639995	True	False	False
X	55000000	55050000	1.0	2.677524915639995	True	False	False
X	55050000	55100000	1.0	1.1677245478713043	True	False	True
X	55100000	55150000	1.0	1.1677245478713043	True	False	True
X	55150000	55200000	1.0	1.1677245478713043	True	False	True
X	55200000	55250000	1.0	1.1677245478713043	True	False	True
X	55250000	55300000	1.0	1.1677245478713043	True	False	True
X	55300000	55350000	1.0	1.1677245478713043	True	False	True
X	55350000	55400000	1.0	1.1677245478713043	True	False	True
X	55400000	55450000	1.0	1.1677245478713043	True	False	True
X	55450000	55500000	1.0	1.1677245478713043	True	False	True
X	55500000	55550000	1.0	1.1677245478713043	True	False	True
X	55550000	55600000	1.0	1.1677245478713043	True	False	True
X	55600000	55650000	1.0	1.1677245478713043	True	False	True
X	55650000	55700000	1.0	0.0107062718435	False	False	True
X	55700000	55750000	1.0	0.0107062718435	False	False	True
X	55750000	55800000	1.0	0.0107062718435	False	False	True
X	55800000	55850000	1.0	0.0107062718435	False	False	True
X	55850000	55900000	1.0	0.0107062718435	False	False	True
X	55900000	55950000	1.0	0.0107062718435	False	False	True
X	55950000	56000000	1.0	0.0107062718435	False	False	True
X	56000000	56050000	1.0	0.0107062718435	False	False	True
X	56050000	56100000	1.0	0.0107062718435	False	False	True
X	56100000	56150000	1.0	0.0107062718435	False	False	True
X	56150000	56200000	1.0	0.0107062718435	False	False	True
X	56200000	56250000	1.0	0.0107062718435	False	False	True
X	56250000	56300000	1.0	0.0107062718435	False	False	True
X	56300000	56350000	1.0	0.0107062718435	False	False	True
X	56350000	56400000	1.0	0.0107062718435	False	False	True
X	56400000	56450000	1.0	0.0107062718435	False	False	True
X	56450000	56500000	1.0	0.0107062718435	False	False	True
X	56500000	56550000	1.0	0.0107062718435	False	False	True
X	56550000	56600000	1.0	0.0107062718435	False	False	True
X	56600000	56650000	1.0	0.0107062718435	False	False	True
X	56650000	56700000	1.0	0.0107062718435	False	False	True
X	56700000	56750000	1.0	0.0107062718435	False	False	True
X	56750000	56800000	1.0	0.0107062718435	False	False	True
X	56800000	56850000	1.0	0.0107062718435	False	False	True
X	56850000	56900000	1.0	0.0107062718435	False	False	True
X	56900000	56950000	1.0	0.0107062718435	False	False	True
X	56950000	57000000	1.0	0.0107062718435	False	False	True
X	57000000	57050000	1.0	0.0107062718435	False	False	True
X	57050000	57100000	1.0	0.0107062718435	False	False	True
X	57100000	57150000	1.0	0.0107062718435	False	False	True
X	57150000	57200000	1.0	0.0107062718435	False	False	True
X	57200000	57250000	1.0	0.0107062718435	False	False	True
X	57250000	57300000	1.0	0.0107062718435	False	False	True
X	57300000	57350000	1.0	0.0107062718435	False	False	True
X	57350000	57400000	1.0	0.0107062718435	False	False	True
X	57400000	57450000	1.0	0.0107062718435	False	False	True
X	57450000	57500000	1.0	0.0107062718435	False	False	True
X	57500000	57550000	1.0	0.0107062718435	False	False	True
X	57550000	57600000	1.0	0.0107062718435	False	False	True
X	57600000	57650000	1.0	0.0107062718435	False	False	True
X	57650000	57700000	1.0	0.0107062718435	False	False	True
X	57700000	57750000	1.0	0.0107062718435	False	False	True
X	57750000	57800000	1.0	0.0107062718435	False	False	True
X	57800000	57850000	1.0	0.0107062718435	False	False	True
X	57850000	57900000	1.0	0.0107062718435	False	False	True
X	57900000	57950000	1.0	0.0107062718435	False	False	True
X	57950000	58000000	1.0	0.0107062718435	False	False	True
X	58000000	58050000	1.0	0.0107062718435	False	False	True
X	58050000	58100000	1.0	0.0107062718435	False	False	True
X	58100000	58150000	1.0	0.0107062718435	False	False	True
X	58150000	58200000	1.0	0.0107062718435	False	False	True
X	58200000	58250000	1.0	0.0107062718435	False	False	True
X	58250000	58300000	1.0	0.0107062718435	False	False	True
X	58300000	58350000	1.0	0.0107062718435	False	False	True
X	58350000	58400000	1.0	0.0107062718435	False	False	True
X	58400000	58450000	1.0	0.0107062718435	False	False	True
X	58450000	58500000	1.0	0.0107062718435	False	False	True
X	58500000	58550000	1.0	0.0107062718435	False	False	True
X	58550000	58600000	1.0	6.156882346612249	True	False	True
X	58600000	58650000	1.0	6.156882346612249	True	False	True
X	58650000	58700000	1.0	6.156882346612249	True	False	True
X	58700000	58750000	1.0	6.156882346612249	True	False	True
X	58750000	58800000	1.0	6.156882346612249	True	False	True
X	58800000	58850000	1.0	6.156882346612249	True	False	True
X	58850000	58900000	1.0	6.156882346612249	True	False	True
X	58900000	58950000	1.0	6.156882346612249	True	False	True
X	58950000	59000000	1.0	6.156882346612249	True	False	True
X	59000000	59050000	1.0	6.156882346612249	True	False	True
X	59050000	59100000	1.0	6.156882346612249	True	False	True
X	59100000	59150000	1.0	6.156882346612249	True	False	True
X	59150000	59200000	1.0	6.156882346612249	True	False	True
X	59200000	59250000	1.0	6.156882346612249	True	False	True
X	59250000	59300000	1.0	6.156882346612249	True	False	True
X	59300000	59350000	1.0	10.41289992008648	True	False	True
X	59350000	59400000	1.0	10.41289992008648	True	False	True
X	59400000	59450000	1.0	10.41289992008648	True	False	True
X	59450000	59500000	1.0	10.41289992008648	True	False	True
X	59500000	59550000	1.0	10.41289992008648	True	False	True
X	59550000	59600000	1.0	10.41289992008648	True	False	True
X	59600000	59650000	1.0	10.41289992008648	True	False	True
X	59650000	59700000	1.0	10.41289992008648	True	False	True
X	59700000	59750000	1.0	10.41289992008648	True	False	True
X	59750000	59800000	1.0	10.41289992008648	True	False	True
X	59800000	59850000	1.0	10.41289992008648	True	False	True
X	59850000	59900000	1.0	10.41289992008648	True	False	True
X	59900000	59950000	1.0	10.41289992008648	True	False	True
X	59950000	60000000	1.0	10.41289992008648	True	False	True
X	60000000	60050000	1.0	10.41289992008648	True	False	True
X	60050000	60100000	1.0	10.41289992008648	True	False	True
X	60100000	60150000	1.0	17.911323009740034	True	False	True
X	60150000	60200000	1.0	17.911323009740034	True	False	True
X	60200000	60250000	1.0	17.911323009740034	True	False	True
X	60250000	60300000	1.0	17.911323009740034	True	False	True
X	60300000	60350000	1.0	17.911323009740034	True	False	True
X	60350000	60400000	1.0	17.911323009740034	True	False	True
X	60400000	60450000	1.0	17.911323009740034	True	False	True
X	60450000	60500000	1.0	17.911323009740034	True	False	True
X	60500000	60550000	1.0	17.911323009740034	True	False	True
X	60550000	60600000	1.0	17.911323009740034	True	False	True
X	60600000	60650000	1.0	17.911323009740034	True	False	True
X	60650000	60700000	1.0	17.911323009740034	True	False	True
X	60700000	60750000	1.0	17.911323009740034	True	False	True
X	60750000	60800000	1.0	17.911323009740034	True	False	True
X	60800000	60850000	1.0	17.911323009740034	True	False	True
X	60850000	60900000	1.0	17.911323009740034	True	False	True
X	60900000	60950000	1.0	30.807292680853077	True	False	True
X	60950000	61000000	1.0	30.807292680853077	True	False	True
X	61000000	61050000	1.0	30.807292680853077	True	False	True
X	61050000	61100000	1.0	30.807292680853077	True	False	True
X	61100000	61150000	1.0	30.807292680853077	True	False	True
X	61150000	61200000	1.0	30.807292680853077	True	False	True
X	61200000	61250000	1.0	30.807292680853077	True	False	True
X	61250000	61300000	1.0	30.807292680853077	True	False	True
X	61300000	61350000	1.0	30.807292680853077	True	False	True
X	61350000	61400000	1.0	30.807292680853077	True	False	True
X	61400000	61450000	1.0	30.807292680853077	True	False	True
X	61450000	61500000	1.0	30.807292680853077	True	False	True
X	61500000	61550000	1.0	30.807292680853077	True	False	True
X	61550000	61600000	1.0	30.807292680853077	True	False	True
X	61600000	61650000	1.0	30.807292680853077	True	False	True
X	61650000	61700000	1.0	30.807292680853077	True	False	True
X	61700000	61750000	1.0	1.111802090597758	True	False	True
X	61750000	61800000	1.0	1.111802090597758	True	False	True
X	61800000	61850000	1.0	1.111802090597758	True	False	True
X	61850000	61900000	1.0	1.111802090597758	True	False	True
X	61900000	61950000	1.0	1.111802090597758	True	False	True
X	61950000	62000000	1.0	1.111802090597758	True	False	True
X	62000000	62050000	1.0	1.111802090597758	True	False	True
X	62050000	62100000	1.0	1.111802090597758	True	False	True
X	62100000	62150000	1.0	1.111802090597758	True	False	True
X	62150000	62200000	1.0	1.111802090597758	True	False	True
X	62200000	62250000	1.0	1.111802090597758	True	False	True
X	62250000	62300000	1.0	1.111802090597758	True	False	True
X	62300000	62350000	1.0	1.111802090597758	True	False	True
X	62350000	62400000	1.0	1.111802090597758	True	False	True
X	62400000	62450000	1.0	1.111802090597758	True	False	True
X	62450000	62500000	1.0	1.111802090597758	True	False	True
X	62500000	62550000	1.0	1.111802090597758	True	False	True
X	62550000	62600000	1.0	1.111802090597758	True	False	True
X	62600000	62650000	1.0	1.111802090597758	True	False	True
X	62650000	62700000	1.0	1.111802090597758	True	False	True
X	62700000	62750000	1.0	1.111802090597758	True	False	True
X	62750000	62800000	1.0	1.111802090597758	True	False	True
X	62800000	62850000	1.0	1.111802090597758	True	False	True
X	62850000	62900000	1.0	1.111802090597758	True	False	True
X	62900000	62950000	1.0	1.111802090597758	True	False	True
X	62950000	63000000	1.0	1.111802090597758	True	False	True
X	63000000	63050000	1.0	1.111802090597758	True	False	True
X	63050000	63100000	1.0	1.111802090597758	True	False	True
X	63100000	63150000	1.0	1.111802090597758	True	False	True
X	63150000	63200000	1.0	1.111802090597758	True	False	True
X	63200000	63250000	1.0	1.111802090597758	True	False	True
X	63250000	63300000	1.0	1.111802090597758	True	False	True
X	63300000	63350000	1.0	1.111802090597758	True	False	True
X	63350000	63400000	1.0	1.111802090597758	True	False	True
X	63400000	63450000	1.0	1.111802090597758	True	False	True
X	63450000	63500000	1.0	1.111802090597758	True	False	True
X	63500000	63550000	1.0	1.111802090597758	True	False	True
X	63550000	63600000	1.0	1.111802090597758	True	False	True
X	63600000	63650000	1.0	1.111802090597758	True	False	True
X	63650000	63700000	1.0	1.111802090597758	True	False	True
X	63700000	63750000	1.0	1.111802090597758	True	False	True
X	63750000	63800000	1.0	1.111802090597758	True	False	True
X	63800000	63850000	1.2063852744211971	1.111802090597758	True	True	False
X	63850000	63900000	0.9666512161652121	1.111802090597758	True	True	False
X	63900000	63950000	0.8935227101590639	1.111802090597758	True	True	False
X	63950000	64000000	0.9312838127713846	1.111802090597758	True	True	False
X	64000000	64050000	0.7780166225455618	1.111802090597758	True	True	False
X	64050000	64100000	0.7199256322056681	1.111802090597758	True	True	False
X	64100000	64150000	0.8492063500258722	1.111802090597758	True	True	False
X	64150000	64200000	0.8412426220175746	1.111802090597758	True	True	False
X	64200000	64250000	0.6326583868390099	1.111802090597758	True	True	False
X	64250000	64300000	0.7870988973699475	1.111802090597758	True	True	False
X	64300000	64350000	0.5960700923098594	1.111802090597758	True	True	False
X	64350000	64400000	0.6383021546465615	1.111802090597758	True	True	False
X	64400000	64450000	0.7790583319390578	1.111802090597758	True	True	False
X	64450000	64500000	0.7856869725341817	1.111802090597758	True	True	False
X	64500000	64550000	1.0611255998837597	1.111802090597758	True	True	False
X	64550000	64600000	1.051420491226443	1.111802090597758	True	True	False
X	64600000	64650000	1.0862340206890782	1.111802090597758	True	True	False
X	64650000	64700000	1.041501232305134	1.111802090597758	True	True	False
X	64700000	64750000	1.3256720802708604	1.111802090597758	True	True	False
X	64750000	64800000	1.1816210552598647	1.111802090597758	True	True	False
X	64800000	64850000	1.1909266666712106	1.111802090597758	True	True	False
X	64850000	64900000	0.9231009788660997	1.111802090597758	True	True	False
X	64900000	64950000	0.9870721787879723	1.111802090597758	True	True	False
X	64950000	65000000	0.9492440287727766	1.111802090597758	True	True	False
X	65000000	65050000	0.870729656361381	1.111802090597758	True	True	False
X	65050000	65100000	0.8194168839073075	1.111802090597758	True	True	False
X	65100000	65150000	0.8028909678312155	1.111802090597758	True	True	False
X	65150000	65200000	0.8710136753611816	1.111802090597758	True	True	False
X	65200000	65250000	0.8505791238420997	1.111802090597758	True	True	False
X	65250000	65300000	0.7543485051667416	1.111802090597758	True	True	False
X	65300000	65350000	1.0261145244162944	1.111802090597758	True	True	False
X	65350000	65400000	1.0120823260995089	1.111802090597758	True	True	False
X	65400000	65450000	0.8414705823254469	1.111802090597758	True	True	False
X	65450000	65500000	0.870137005172461	1.111802090597758	True	True	False
X	65500000	65550000	0.768017820685972	1.111802090597758	True	True	False
X	65550000	65600000	0.9200071022369289	1.111802090597758	True	True	False
X	65600000	65650000	0.9396863597886111	1.111802090597758	True	True	False
X	65650000	65700000	0.7451715831900086	1.111802090597758	True	True	False
X	65700000	65750000	0.9999246650252291	1.111802090597758	True	True	False
X	65750000	65800000	0.6894105134112757	1.111802090597758	True	True	False
X	65800000	65850000	0.8261214126455546	1.111802090597758	True	True	False
X	65850000	65900000	0.8717298413126143	1.111802090597758	True	True	False
X	65900000	65950000	1.1671748039896852	1.111802090597758	True	True	False
X	65950000	66000000	1.3891559841367018	1.111802090597758	True	True	False
X	66000000	66050000	1.0823588187043116	1.111802090597758	True	True	False
X	66050000	66100000	1.0478582225968285	1.111802090597758	True	True	False
X	66100000	66150000	0.8342371887296883	1.111802090597758	True	True	False
X	66150000	66200000	0.9393633508040478	1.111802090597758	True	True	False
X	66200000	66250000	0.9319200119193325	1.111802090597758	True	True	False
X	66250000	66300000	0.8654891220938591	1.111802090597758	True	True	False
X	66300000	66350000	0.9300415446425195	1.111802090597758	True	True	False
X	66350000	66400000	0.9281266595046532	1.111802090597758	True	True	False
X	66400000	66450000	0.8194767943466219	1.111802090597758	True	True	False
X	66450000	66500000	0.976403331565737	1.111802090597758	True	True	False
X	66500000	66550000	0.8879583712316207	1.111802090597758	True	True	False
X	66550000	66600000	0.9393934347921602	1.111802090597758	True	True	False
X	66600000	66650000	0.9493867435739324	1.111802090597758	True	True	False
X	66650000	66700000	1.0316188109675941	1.111802090597758	True	True	False
X	66700000	66750000	1.0034709575589864	1.111802090597758	True	True	False
X	66750000	66800000	0.9494688456693903	1.111802090597758	True	True	False
X	66800000	66850000	1.0863751116285159	1.111802090597758	True	True	False
X	66850000	66900000	0.792586282458753	1.111802090597758	True	True	False
X	66900000	66950000	0.9626242641949089	1.111802090597758	True	True	False
X	66950000	67000000	0.7974062886655344	1.111802090597758	True	True	False
X	67000000	67050000	0.842824478038196	1.111802090597758	True	True	False
X	67050000	67100000	0.9903603531753215	1.111802090597758	True	True	False
X	67100000	67150000	0.8312833964841415	1.111802090597758	True	True	False
X	67150000	67200000	1.1523014976999717	1.111802090597758	True	True	False
X	67200000	67250000	1.0781951813396764	1.111802090597758	True	True	False
X	67250000	67300000	1.161152540537847	1.111802090597758	True	True	False
X	67300000	67350000	1.4111839557613723	1.111802090597758	True	True	False
X	67350000	67400000	1.556022190373463	1.111802090597758	True	True	False
X	67400000	67450000	1.2821749267433606	1.111802090597758	True	True	False
X	67450000	67500000	0.8899902598385413	1.111802090597758	True	True	False
X	67500000	67550000	0.9525024430910952	1.111802090597758	True	True	False
X	67550000	67600000	0.9889615425964028	1.111802090597758	True	True	False
X	67600000	67650000	0.9631537847258932	1.111802090597758	True	True	False
X	67650000	67700000	1.0365555321702702	1.111802090597758	True	True	False
X	67700000	67750000	1.0658608654234722	1.111802090597758	True	True	False
X	67750000	67800000	1.0630054650359282	1.111802090597758	True	True	False
X	67800000	67850000	0.9892139143539254	1.111802090597758	True	True	False
X	67850000	67900000	0.9140646427430952	1.111802090597758	True	True	False
X	67900000	67950000	0.9184054694589597	1.111802090597758	True	True	False
X	67950000	68000000	1.2498906224766018	1.111802090597758	True	True	False
X	68000000	68050000	1.1394213303062581	1.111802090597758	True	True	False
X	68050000	68100000	0.6112285357411468	1.111802090597758	True	True	False
X	68100000	68150000	0.57233859104756	1.111802090597758	True	True	False
X	68150000	68200000	0.602724744729965	1.111802090597758	True	True	False
X	68200000	68250000	0.775413555075261	1.111802090597758	True	True	False
X	68250000	68300000	0.5813494567009766	1.111802090597758	True	True	False
X	68300000	68350000	0.7552569224785288	1.111802090597758	True	True	False
X	68350000	68400000	0.8149008302708802	1.111802090597758	True	True	False
X	68400000	68450000	0.8165806071168671	1.111802090597758	True	True	False
X	68450000	68500000	1.044070624185388	1.111802090597758	True	True	False
X	68500000	68550000	1.1747387898795107	1.111802090597758	True	True	False
X	68550000	68600000	1.115542318612261	1.111802090597758	True	True	False
X	68600000	68650000	1.2029536417851587	1.111802090597758	True	True	False
X	68650000	68700000	1.3617253579469457	1.111802090597758	True	True	False
X	68700000	68750000	1.0094150469605143	1.111802090597758	True	True	False
X	68750000	68800000	0.753614911528567	1.111802090597758	True	True	False
X	68800000	68850000	0.7673864748271704	1.111802090597758	True	True	False
X	68850000	68900000	0.6921974207928535	1.111802090597758	True	True	False
X	68900000	68950000	0.7443499892950415	1.111802090597758	True	True	False
X	68950000	69000000	0.6804539064992695	1.111802090597758	True	True	False
X	69000000	69050000	0.6420649900735873	1.111802090597758	True	True	False
X	69050000	69100000	0.6625468136555744	1.111802090597758	True	True	False
X	69100000	69150000	0.8463817163999571	1.111802090597758	True	True	False
X	69150000	69200000	0.9347643716712107	1.111802090597758	True	True	False
X	69200000	69250000	0.9976014569576255	1.111802090597758	True	True	False
X	69250000	69300000	0.985555508798656	1.111802090597758	True	True	False
X	69300000	69350000	1.2722037015703638	1.111802090597758	True	True	False
X	69350000	69400000	1.3088716834283327	1.111802090597758	True	True	False
X	69400000	69450000	1.068183994665094	1.111802090597758	True	True	False
X	69450000	69500000	1.1703202489627687	1.111802090597758	True	True	False
X	69500000	69550000	1.034968840929015	1.111802090597758	True	True	False
X	69550000	69600000	0.933101229854504	1.111802090597758	True	True	False
X	69600000	69650000	1.126513220677697	1.111802090597758	True	True	False
X	69650000	69700000	0.9053094917975688	1.111802090597758	True	True	False
X	69700000	69750000	0.8131444961013433	1.111802090597758	True	True	False
X	69750000	69800000	0.8546235773388648	1.111802090597758	True	True	False
X	69800000	69850000	0.6809852684275913	1.111802090597758	True	True	False
X	69850000	69900000	0.7624184245980999	1.111802090597758	True	True	False
X	69900000	69950000	0.7629126868044507	1.111802090597758	True	True	False
X	69950000	70000000	0.6892113111982416	1.111802090597758	True	True	False
X	70000000	70050000	0.7564714201755084	1.111802090597758	True	True	False
X	70050000	70100000	0.7682063645553431	1.111802090597758	True	True	False
X	70100000	70150000	0.8811916600786639	1.111802090597758	True	True	False
X	70150000	70200000	0.7317130888064208	1.111802090597758	True	True	False
X	70200000	70250000	0.9745185417980007	1.111802090597758	True	True	False
X	70250000	70300000	0.7444477821517587	1.111802090597758	True	True	False
X	70300000	70350000	0.7477616404242837	1.111802090597758	True	True	False
X	70350000	70400000	0.7185827468241743	1.111802090597758	True	True	False
X	70400000	70450000	0.7704987016371362	1.111802090597758	True	True	False
X	70450000	70500000	0.7464307040272159	1.111802090597758	True	True	False
X	70500000	70550000	0.5899371847465706	1.111802090597758	True	True	False
X	70550000	70600000	0.6706038197630533	1.111802090597758	True	True	False
X	70600000	70650000	0.7258833505488865	1.111802090597758	True	True	False
X	70650000	70700000	0.7425324857829877	1.111802090597758	True	True	False
X	70700000	70750000	0.7048612982937428	1.111802090597758	True	True	False
X	70750000	70800000	0.5948612713613464	1.111802090597758	True	True	False
X	70800000	70850000	0.5959304165182242	1.111802090597758	True	True	False
X	70850000	70900000	0.8220362317787347	1.111802090597758	True	True	False
X	70900000	70950000	0.5	1.111802090597758	True	True	False
X	70950000	71000000	1.0	1.111802090597758	True	False	False
X	71000000	71050000	0.5175620205858993	1.111802090597758	True	True	False
X	71050000	71100000	0.7848346918585399	1.111802090597758	True	True	False
X	71100000	71150000	0.818420733839521	1.111802090597758	True	True	False
X	71150000	71200000	0.8019312951961939	1.111802090597758	True	True	False
X	71200000	71250000	1.0219497643447824	1.111802090597758	True	True	False
X	71250000	71300000	0.73847214883549	1.111802090597758	True	True	False
X	71300000	71350000	0.7620975081099503	1.111802090597758	True	True	False
X	71350000	71400000	0.6370127178195136	1.111802090597758	True	True	False
X	71400000	71450000	0.8502266388072132	1.111802090597758	True	True	False
X	71450000	71500000	1.0926422816134398	1.111802090597758	True	True	False
X	71500000	71550000	0.7331109864879772	1.111802090597758	True	True	False
X	71550000	71600000	0.6937930248113398	1.111802090597758	True	True	False
X	71600000	71650000	0.8164146182976533	1.111802090597758	True	True	False
X	71650000	71700000	0.8375091693609233	1.111802090597758	True	True	False
X	71700000	71750000	1.0167227527148155	1.111802090597758	True	True	False
X	71750000	71800000	1.1224132506007765	1.111802090597758	True	True	False
X	71800000	71850000	1.08175713407001	1.111802090597758	True	True	False
X	71850000	71900000	0.9558643040041664	1.111802090597758	True	True	False
X	71900000	71950000	1.0162790006918092	1.111802090597758	True	True	False
X	71950000	72000000	0.5	1.111802090597758	True	True	False
X	72000000	72050000	0.5	1.111802090597758	True	True	False
X	72050000	72100000	0.5	1.111802090597758	True	True	False
X	72100000	72150000	0.5	1.111802090597758	True	True	False
X	72150000	72200000	0.5	1.111802090597758	True	True	False
X	72200000	72250000	0.5222480244328894	1.111802090597758	True	True	False
X	72250000	72300000	1.0	1.3178626336250765	True	False	True
X	72300000	72350000	1.0	1.3178626336250765	True	False	True
X	72350000	72400000	1.0	1.3178626336250765	True	False	True
X	72400000	72450000	1.0	1.3178626336250765	True	False	True
X	72450000	72500000	1.0	1.3178626336250765	True	False	True
X	72500000	72550000	1.0	1.3178626336250765	True	False	True
X	72550000	72600000	1.0	1.3178626336250765	True	False	True
X	72600000	72650000	1.0	1.3178626336250765	True	False	True
X	72650000	72700000	1.0	1.3178626336250765	True	False	True
X	72700000	72750000	1.0	1.3178626336250765	True	False	True
X	72750000	72800000	1.0	1.3178626336250765	True	False	True
X	72800000	72850000	1.0	1.3178626336250765	True	False	True
X	72850000	72900000	1.0	1.3178626336250765	True	False	True
X	72900000	72950000	1.0	1.3178626336250765	True	False	True
X	72950000	73000000	1.0	1.3178626336250765	True	False	True
X	73000000	73050000	1.0	1.3178626336250765	True	False	True
X	73050000	73100000	1.0	1.3178626336250765	True	False	True
X	73100000	73150000	1.0	1.3178626336250765	True	False	True
X	73150000	73200000	1.0	1.3178626336250765	True	False	True
X	73200000	73250000	1.0	1.3178626336250765	True	False	True
X	73250000	73300000	1.0	1.3178626336250765	True	False	True
X	73300000	73350000	1.0	1.3178626336250765	True	False	True
X	73350000	73400000	1.0	1.3178626336250765	True	False	True
X	73400000	73450000	1.0	1.3178626336250765	True	False	True
X	73450000	73500000	1.0	1.3178626336250765	True	False	True
X	73500000	73550000	1.0	1.3178626336250765	True	False	True
X	73550000	73600000	1.0	1.3178626336250765	True	False	True
X	73600000	73650000	1.0	1.3178626336250765	True	False	True
X	73650000	73700000	1.0	1.3178626336250765	True	False	True
X	73700000	73750000	1.0	1.3178626336250765	True	False	True
X	73750000	73800000	1.0	1.3178626336250765	True	False	True
X	73800000	73850000	1.0	1.3178626336250765	True	False	True
X	73850000	73900000	1.0	1.3178626336250765	True	False	True
X	73900000	73950000	1.0	1.3178626336250765	True	False	True
X	73950000	74000000	1.0	1.3178626336250765	True	False	True
X	74000000	74050000	1.0	1.3178626336250765	True	False	True
X	74050000	74100000	1.0	1.3178626336250765	True	False	True
X	74100000	74150000	1.0	1.3178626336250765	True	False	True
X	74150000	74200000	1.0	1.3178626336250765	True	False	True
X	74200000	74250000	1.0	1.3178626336250765	True	False	True
X	74250000	74300000	1.0	1.3178626336250765	True	False	True
X	74300000	74350000	1.0	1.3178626336250765	True	False	True
X	74350000	74400000	1.0	1.3178626336250765	True	False	True
X	74400000	74450000	1.0	1.3178626336250765	True	False	True
X	74450000	74500000	1.0	1.3178626336250765	True	False	True
X	74500000	74550000	1.0	1.3178626336250765	True	False	True
X	74550000	74600000	1.0	1.3178626336250765	True	False	True
X	74600000	74650000	1.0	1.3178626336250765	True	False	True
X	74650000	74700000	1.0	1.3178626336250765	True	False	True
X	74700000	74750000	1.0	1.3178626336250765	True	False	True
X	74750000	74800000	1.0	1.3178626336250765	True	False	True
X	74800000	74850000	1.0	1.3178626336250765	True	False	True
X	74850000	74900000	1.0	1.3178626336250765	True	False	True
X	74900000	74950000	1.0	1.3178626336250765	True	False	True
X	74950000	75000000	1.0	1.3178626336250765	True	False	True
X	75000000	75050000	1.0	1.3178626336250765	True	False	True
X	75050000	75100000	1.0	1.3178626336250765	True	False	True
X	75100000	75150000	1.0	1.3178626336250765	True	False	True
X	75150000	75200000	1.0	1.3178626336250765	True	False	True
X	75200000	75250000	1.0	1.3178626336250765	True	False	True
X	75250000	75300000	1.0	1.3178626336250765	True	False	True
X	75300000	75350000	1.0	1.3178626336250765	True	False	True
X	75350000	75400000	1.0	1.3178626336250765	True	False	True
X	75400000	75450000	1.0	1.3178626336250765	True	False	True
X	75450000	75500000	1.0	1.3178626336250765	True	False	True
X	75500000	75550000	1.0	1.3178626336250765	True	False	True
X	75550000	75600000	1.0	1.3178626336250765	True	False	True
X	75600000	75650000	1.0	1.3178626336250765	True	False	True
X	75650000	75700000	1.0	1.3178626336250765	True	False	True
X	75700000	75750000	1.0	1.3178626336250765	True	False	True
X	75750000	75800000	1.0	1.3178626336250765	True	False	True
X	75800000	75850000	1.0	1.3178626336250765	True	False	True
X	75850000	75900000	1.0	1.3178626336250765	True	False	True
X	75900000	75950000	1.0	1.3178626336250765	True	False	True
X	75950000	76000000	1.0	1.3178626336250765	True	False	True
X	76000000	76050000	1.0	1.3178626336250765	True	False	True
X	76050000	76100000	1.0	1.3178626336250765	True	False	True
X	76100000	76150000	1.0	1.3178626336250765	True	False	True
X	76150000	76200000	1.0	1.3178626336250765	True	False	True
X	76200000	76250000	1.0	1.3178626336250765	True	False	True
X	76250000	76300000	1.0	1.3178626336250765	True	False	True
X	76300000	76350000	1.0	1.3178626336250765	True	False	True
X	76350000	76400000	1.0	1.3178626336250765	True	False	True
X	76400000	76450000	1.0	1.3178626336250765	True	False	True
X	76450000	76500000	1.0	1.3178626336250765	True	False	True
X	76500000	76550000	1.0	1.3178626336250765	True	False	True
X	76550000	76600000	1.0	1.3178626336250765	True	False	True
X	76600000	76650000	1.0	1.3178626336250765	True	False	True
X	76650000	76700000	1.0	1.3178626336250765	True	False	True
X	76700000	76750000	1.0	1.3178626336250765	True	False	True
X	76750000	76800000	1.0	1.3178626336250765	True	False	True
X	76800000	76850000	1.0	1.3178626336250765	True	False	True
X	76850000	76900000	1.0	1.3178626336250765	True	False	True
X	76900000	76950000	1.0	1.3178626336250765	True	False	True
X	76950000	77000000	1.0	1.3178626336250765	True	False	True
X	77000000	77050000	1.0	1.3178626336250765	True	False	True
X	77050000	77100000	1.0	1.3178626336250765	True	False	True
X	77100000	77150000	1.0	1.3178626336250765	True	False	True
X	77150000	77200000	1.0	1.3178626336250765	True	False	True
X	77200000	77250000	1.0	1.3178626336250765	True	False	True
X	77250000	77300000	1.0	1.3178626336250765	True	False	True
X	77300000	77350000	1.0	1.3178626336250765	True	False	True
X	77350000	77400000	1.0	1.3178626336250765	True	False	False
X	77400000	77450000	1.0	1.3178626336250765	True	False	False
X	77450000	77500000	1.0	1.3178626336250765	True	False	False
X	77500000	77550000	1.0	1.3178626336250765	True	False	False
X	77550000	77600000	1.0	1.3178626336250765	True	False	False
X	77600000	77650000	1.0	1.3178626336250765	True	False	False
X	77650000	77700000	1.0	1.3178626336250765	True	False	False
X	77700000	77750000	1.0	1.3178626336250765	True	False	False
X	77750000	77800000	1.0	1.3178626336250765	True	False	True
X	77800000	77850000	1.4365313348890227	1.1094925652381435	True	True	False
X	77850000	77900000	1.140462035389917	1.1094925652381435	True	True	False
X	77900000	77950000	1.2256448090807	1.1094925652381435	True	True	False
X	77950000	78000000	1.0141085111282888	1.1094925652381435	True	True	False
X	78000000	78050000	1.0652543096197582	1.1094925652381435	True	True	False
X	78050000	78100000	0.9817673871917861	1.1094925652381435	True	True	False
X	78100000	78150000	0.9507221850866978	1.1094925652381435	True	True	False
X	78150000	78200000	0.8753053228795603	1.1094925652381435	True	True	False
X	78200000	78250000	0.745345405794653	1.1094925652381435	True	True	False
X	78250000	78300000	0.842576855149109	1.1094925652381435	True	True	False
X	78300000	78350000	0.7939121589057354	1.1094925652381435	True	True	False
X	78350000	78400000	0.9285788630489661	1.1094925652381435	True	True	False
X	78400000	78450000	0.9540910433073297	1.1094925652381435	True	True	False
X	78450000	78500000	0.8429812703676526	1.1094925652381435	True	True	False
X	78500000	78550000	0.8822940241361614	1.1094925652381435	True	True	False
X	78550000	78600000	0.994936995481955	1.1094925652381435	True	True	False
X	78600000	78650000	0.9884636855486908	1.1094925652381435	True	True	False
X	78650000	78700000	1.0821414350240397	1.1094925652381435	True	True	False
X	78700000	78750000	1.3591483183500037	1.1094925652381435	True	True	False
X	78750000	78800000	1.068428053204588	1.1094925652381435	True	True	False
X	78800000	78850000	1.1593748967924187	1.1094925652381435	True	True	False
X	78850000	78900000	1.0968617983526525	1.1094925652381435	True	True	False
X	78900000	78950000	0.9239945459315431	1.1094925652381435	True	True	False
X	78950000	79000000	0.8181836963811067	1.1094925652381435	True	True	False
X	79000000	79050000	0.7514593025343272	1.1094925652381435	True	True	False
X	79050000	79100000	0.8811364109735803	1.1094925652381435	True	True	False
X	79100000	79150000	0.8162964109651627	1.1094925652381435	True	True	False
X	79150000	79200000	0.6762781574394989	1.1094925652381435	True	True	False
X	79200000	79250000	0.7653575245132707	1.1094925652381435	True	True	False
X	79250000	79300000	0.7993072851634397	1.1094925652381435	True	True	False
X	79300000	79350000	0.8409904791481176	1.1094925652381435	True	True	False
X	79350000	79400000	0.8156777183038049	1.1094925652381435	True	True	False
X	79400000	79450000	0.8355231517354959	1.1094925652381435	True	True	False
X	79450000	79500000	1.1364591646394209	1.1094925652381435	True	True	False
X	79500000	79550000	1.2015644897911504	1.1094925652381435	True	True	False
X	79550000	79600000	0.9646985420121021	1.1094925652381435	True	True	False
X	79600000	79650000	1.00601170627019	1.1094925652381435	True	True	False
X	79650000	79700000	0.8212155539249997	1.1094925652381435	True	True	False
X	79700000	79750000	1.111986423899704	1.1094925652381435	True	True	False
X	79750000	79800000	0.923647439836717	1.1094925652381435	True	True	False
X	79800000	79850000	1.0036447313276493	1.1094925652381435	True	True	False
X	79850000	79900000	0.9398513402198097	1.1094925652381435	True	True	False
X	79900000	79950000	0.9934426360361689	1.1094925652381435	True	True	False
X	79950000	80000000	0.843872196937005	1.1094925652381435	True	True	False
X	80000000	80050000	0.8664857637910744	1.1094925652381435	True	True	False
X	80050000	80100000	1.0041826363263189	1.1094925652381435	True	True	False
X	80100000	80150000	1.1587648267411594	1.1094925652381435	True	True	False
X	80150000	80200000	0.856732350010896	1.1094925652381435	True	True	False
X	80200000	80250000	0.8018681638603269	1.1094925652381435	True	True	False
X	80250000	80300000	0.8559153392312602	1.1094925652381435	True	True	False
X	80300000	80350000	0.8638544012184411	1.1094925652381435	True	True	False
X	80350000	80400000	0.911566105554173	1.1094925652381435	True	True	False
X	80400000	80450000	1.057143086643433	1.1094925652381435	True	True	False
X	80450000	80500000	1.0199106173910009	1.1094925652381435	True	True	False
X	80500000	80550000	0.8716718661731251	1.1094925652381435	True	True	False
X	80550000	80600000	0.8024864614060123	1.1094925652381435	True	True	False
X	80600000	80650000	0.8830749061988578	1.1094925652381435	True	True	False
X	80650000	80700000	1.1152351849507318	1.1094925652381435	True	True	False
X	80700000	80750000	1.4169231142040988	1.1094925652381435	True	True	False
X	80750000	80800000	1.1295572238368323	1.1094925652381435	True	True	False
X	80800000	80850000	0.9283436858677927	1.1094925652381435	True	True	False
X	80850000	80900000	0.9272059749561123	1.1094925652381435	True	True	False
X	80900000	80950000	0.9309974706949969	1.1094925652381435	True	True	False
X	80950000	81000000	0.9801569750186832	1.1094925652381435	True	True	False
X	81000000	81050000	1.0355867227666244	1.1094925652381435	True	True	False
X	81050000	81100000	0.8107469865734265	1.1094925652381435	True	True	False
X	81100000	81150000	0.7749839484249897	1.1094925652381435	True	True	False
X	81150000	81200000	1.071497788219019	1.1094925652381435	True	True	False
X	81200000	81250000	1.057848733466543	1.1094925652381435	True	True	False
X	81250000	81300000	1.0848361036046907	1.1094925652381435	True	True	False
X	81300000	81350000	1.221028868391019	1.1094925652381435	True	True	False
X	81350000	81400000	1.0884813703273055	1.1094925652381435	True	True	False
X	81400000	81450000	1.1054730725913522	1.1094925652381435	True	True	False
X	81450000	81500000	1.2915576822878927	1.1094925652381435	True	True	False
X	81500000	81550000	0.9858077767693213	1.1094925652381435	True	True	False
X	81550000	81600000	1.170242297882469	1.1094925652381435	True	True	False
X	81600000	81650000	0.9897799606758172	1.1094925652381435	True	True	False
X	81650000	81700000	0.8831530238354967	1.1094925652381435	True	True	False
X	81700000	81750000	1.0256531920656042	1.1094925652381435	True	True	False
X	81750000	81800000	0.8971942574473151	1.1094925652381435	True	True	False
X	81800000	81850000	1.0907498839222396	1.1094925652381435	True	True	False
X	81850000	81900000	1.098436778907533	1.1094925652381435	True	True	False
X	81900000	81950000	1.009004003598654	1.1094925652381435	True	True	False
X	81950000	82000000	0.8987667394526573	1.1094925652381435	True	True	False
X	82000000	82050000	1.0327071939755867	1.1094925652381435	True	True	False
X	82050000	82100000	1.0465810692401718	1.1094925652381435	True	True	False
X	82100000	82150000	0.9094810301648593	1.1094925652381435	True	True	False
X	82150000	82200000	1.0742969298342664	1.1094925652381435	True	True	False
X	82200000	82250000	0.8913814426122249	1.1094925652381435	True	True	False
X	82250000	82300000	1.0420780880082205	1.1094925652381435	True	True	False
X	82300000	82350000	0.9395345829775021	1.1094925652381435	True	True	False
X	82350000	82400000	1.0417466959815491	1.1094925652381435	True	True	False
X	82400000	82450000	0.9848134143332333	1.1094925652381435	True	True	False
X	82450000	82500000	1.0248079041448908	1.1094925652381435	True	True	False
X	82500000	82550000	0.9433954053524036	1.1094925652381435	True	True	False
X	82550000	82600000	0.9863316539756687	1.1094925652381435	True	True	False
X	82600000	82650000	0.9773976552752157	1.1094925652381435	True	True	False
X	82650000	82700000	1.1979144569861804	1.1094925652381435	True	True	False
X	82700000	82750000	1.1022288253266348	1.1094925652381435	True	True	False
X	82750000	82800000	0.9846600956465855	1.1094925652381435	True	True	False
X	82800000	82850000	1.0348552320873174	1.1094925652381435	True	True	False
X	82850000	82900000	1.111988994587738	1.1094925652381435	True	True	False
X	82900000	82950000	1.1186700807576833	1.1094925652381435	True	True	False
X	82950000	83000000	0.9190548454165577	1.1094925652381435	True	True	False
X	83000000	83050000	1.2243330344059764	1.1094925652381435	True	True	False
X	83050000	83100000	1.0731720176315174	1.1094925652381435	True	True	False
X	83100000	83150000	1.0406125599907485	1.1094925652381435	True	True	False
X	83150000	83200000	1.3121634668420619	1.1094925652381435	True	True	False
X	83200000	83250000	1.1238385293935838	1.1094925652381435	True	True	False
X	83250000	83300000	0.8937321426596044	1.1094925652381435	True	True	False
X	83300000	83350000	0.9548393629606712	1.1094925652381435	True	True	False
X	83350000	83400000	0.8380093486442475	1.1094925652381435	True	True	False
X	83400000	83450000	0.9285263678356339	1.1094925652381435	True	True	False
X	83450000	83500000	0.8108095217571955	1.1094925652381435	True	True	False
X	83500000	83550000	0.7994017009505489	1.1094925652381435	True	True	False
X	83550000	83600000	0.7992019839350974	1.1094925652381435	True	True	False
X	83600000	83650000	0.8458646839429992	1.1094925652381435	True	True	False
X	83650000	83700000	0.9073732119093305	1.1094925652381435	True	True	False
X	83700000	83750000	0.907382917502715	1.1094925652381435	True	True	False
X	83750000	83800000	0.9390863582027542	1.1094925652381435	True	True	False
X	83800000	83850000	0.7519838296223808	1.1094925652381435	True	True	False
X	83850000	83900000	0.8737276609434993	1.1094925652381435	True	True	False
X	83900000	83950000	0.9624786886800153	1.1094925652381435	True	True	False
X	83950000	84000000	0.8708876796352232	1.1094925652381435	True	True	False
X	84000000	84050000	0.9497961235625708	1.1094925652381435	True	True	False
X	84050000	84100000	0.8774865501206998	1.1094925652381435	True	True	False
X	84100000	84150000	0.8769295288557011	1.1094925652381435	True	True	False
X	84150000	84200000	1.137149854263142	1.1094925652381435	True	True	False
X	84200000	84250000	0.9333012757949906	1.1094925652381435	True	True	False
X	84250000	84300000	1.1560776224512328	1.1094925652381435	True	True	False
X	84300000	84350000	1.0920995131820788	1.1094925652381435	True	True	False
X	84350000	84400000	1.050638460047969	1.1094925652381435	True	True	False
X	84400000	84450000	0.9755806108957323	1.1094925652381435	True	True	False
X	84450000	84500000	0.9473373511364314	1.1094925652381435	True	True	False
X	84500000	84550000	0.9414630937085056	1.1094925652381435	True	True	False
X	84550000	84600000	0.8593242369745769	1.1094925652381435	True	True	False
X	84600000	84650000	0.9040056485751405	1.1094925652381435	True	True	False
X	84650000	84700000	0.8144601658216865	1.1094925652381435	True	True	False
X	84700000	84750000	0.8320705716299025	1.1094925652381435	True	True	False
X	84750000	84800000	0.9540437402633867	1.1094925652381435	True	True	False
X	84800000	84850000	1.1342192667540498	1.1094925652381435	True	True	False
X	84850000	84900000	1.320682274147081	1.1094925652381435	True	True	False
X	84900000	84950000	1.1734838803512697	1.1094925652381435	True	True	False
X	84950000	85000000	1.1531856775392653	1.1094925652381435	True	True	False
X	85000000	85050000	0.8369746759999915	1.1094925652381435	True	True	False
X	85050000	85100000	0.8435252596755701	1.1094925652381435	True	True	False
X	85100000	85150000	0.8507338626358375	1.1094925652381435	True	True	False
X	85150000	85200000	0.9439054215096049	1.1094925652381435	True	True	False
X	85200000	85250000	0.7978233907624221	1.1094925652381435	True	True	False
X	85250000	85300000	0.9294250575145105	1.1094925652381435	True	True	False
X	85300000	85350000	0.9682390535376298	1.1094925652381435	True	True	False
X	85350000	85400000	1.1459689495249625	1.1094925652381435	True	True	False
X	85400000	85450000	1.2618778953577285	1.1094925652381435	True	True	False
X	85450000	85500000	1.2203181009249857	1.1094925652381435	True	True	False
X	85500000	85550000	0.9769262470084746	1.1094925652381435	True	True	False
X	85550000	85600000	1.1042821112449703	1.1094925652381435	True	True	False
X	85600000	85650000	0.9602807846898722	1.1094925652381435	True	True	False
X	85650000	85700000	1.0963944509079566	1.1094925652381435	True	True	False
X	85700000	85750000	0.9176554162553732	1.1094925652381435	True	True	False
X	85750000	85800000	1.0895271886394033	1.1094925652381435	True	True	False
X	85800000	85850000	0.8583100024626797	1.1094925652381435	True	True	False
X	85850000	85900000	0.946651218905287	1.1094925652381435	True	True	False
X	85900000	85950000	1.0085942144234805	1.1094925652381435	True	True	False
X	85950000	86000000	0.9795869474648904	1.1094925652381435	True	True	False
X	86000000	86050000	1.0723892035672307	1.1094925652381435	True	True	False
X	86050000	86100000	0.974628806420457	1.1094925652381435	True	True	False
X	86100000	86150000	1.125079276841033	1.1094925652381435	True	True	False
X	86150000	86200000	0.8621686421201488	1.1094925652381435	True	True	False
X	86200000	86250000	1.0259728596269189	1.1094925652381435	True	True	False
X	86250000	86300000	1.0902426098430564	1.1094925652381435	True	True	False
X	86300000	86350000	1.291863926177602	1.1094925652381435	True	True	False
X	86350000	86400000	0.9477354688094166	1.1094925652381435	True	True	False
X	86400000	86450000	1.0350754119349694	1.1094925652381435	True	True	False
X	86450000	86500000	1.1154443960942422	1.1094925652381435	True	True	False
X	86500000	86550000	1.2484783689628436	1.1094925652381435	True	True	False
X	86550000	86600000	1.2778196826783041	1.1094925652381435	True	True	False
X	86600000	86650000	0.9186294612310573	1.1094925652381435	True	True	False
X	86650000	86700000	1.0550904672973023	1.1094925652381435	True	True	False
X	86700000	86750000	1.016829800896082	1.1094925652381435	True	True	False
X	86750000	86800000	1.0121666286458484	1.1094925652381435	True	True	False
X	86800000	86850000	1.031534906399055	1.1094925652381435	True	True	False
X	86850000	86900000	1.0584742650000887	1.1094925652381435	True	True	False
X	86900000	86950000	1.0369749120866907	1.1094925652381435	True	True	False
X	86950000	87000000	1.0785829297550782	1.1094925652381435	True	True	False
X	87000000	87050000	1.0856431541296934	1.1094925652381435	True	True	False
X	87050000	87100000	0.905365947468615	1.1094925652381435	True	True	False
X	87100000	87150000	0.8972698340786212	1.1094925652381435	True	True	False
X	87150000	87200000	0.9639265113068468	1.1094925652381435	True	True	False
X	87200000	87250000	0.8272562327098977	1.1094925652381435	True	True	False
X	87250000	87300000	0.872268794853761	1.1094925652381435	True	True	False
X	87300000	87350000	0.7983582387371436	1.1094925652381435	True	True	False
X	87350000	87400000	0.9251568264599522	1.1094925652381435	True	True	False
X	87400000	87450000	0.7967513504739684	1.1094925652381435	True	True	False
X	87450000	87500000	0.660719689363223	1.1094925652381435	True	True	False
X	87500000	87550000	0.8547683651186108	1.1094925652381435	True	True	False
X	87550000	87600000	0.803538817542605	1.1094925652381435	True	True	False
X	87600000	87650000	0.9372048617085795	1.1094925652381435	True	True	False
X	87650000	87700000	1.0399677946861678	1.1094925652381435	True	True	False
X	87700000	87750000	0.9450375779007648	1.1094925652381435	True	True	False
X	87750000	87800000	0.9502149787270256	1.1094925652381435	True	True	False
X	87800000	87850000	0.985514235727948	1.1094925652381435	True	True	False
X	87850000	87900000	1.3832525656676966	1.1094925652381435	True	True	False
X	87900000	87950000	0.9697428715411518	1.1094925652381435	True	True	False
X	87950000	88000000	0.901929022273223	1.1094925652381435	True	True	False
X	88000000	88050000	0.9245323542618004	1.1094925652381435	True	True	False
X	88050000	88100000	0.9325867244119347	1.1094925652381435	True	True	False
X	88100000	88150000	0.9163715741190156	1.1094925652381435	True	True	False
X	88150000	88200000	1.0844788919738928	1.1094925652381435	True	True	False
X	88200000	88250000	1.020833493050445	1.1094925652381435	True	True	False
X	88250000	88300000	0.9645065146513706	1.1094925652381435	True	True	False
X	88300000	88350000	1.307926137802254	1.1094925652381435	True	True	False
X	88350000	88400000	1.0499189671701932	1.1094925652381435	True	True	False
X	88400000	88450000	1.2223973011657014	1.1094925652381435	True	True	False
X	88450000	88500000	1.0	3.4041627201694484	True	False	True
X	88500000	88550000	1.0	3.4041627201694484	True	False	True
X	88550000	88600000	1.0	3.4041627201694484	True	False	True
X	88600000	88650000	1.0	3.4041627201694484	True	False	True
X	88650000	88700000	1.0	3.4041627201694484	True	False	True
X	88700000	88750000	1.0	3.4041627201694484	True	False	True
X	88750000	88800000	1.0	3.4041627201694484	True	False	True
X	88800000	88850000	1.0	3.4041627201694484	True	False	True
X	88850000	88900000	1.0	3.4041627201694484	True	False	True
X	88900000	88950000	1.0	3.4041627201694484	True	False	True
X	88950000	89000000	1.0	3.4041627201694484	True	False	True
X	89000000	89050000	1.0	3.4041627201694484	True	False	True
X	89050000	89100000	1.0	3.4041627201694484	True	False	True
X	89100000	89150000	1.0	3.4041627201694484	True	False	True
X	89150000	89200000	1.0	3.4041627201694484	True	False	True
X	89200000	89250000	1.0	3.4041627201694484	True	False	True
X	89250000	89300000	1.0	3.4041627201694484	True	False	True
X	89300000	89350000	1.0	3.4041627201694484	True	False	True
X	89350000	89400000	1.0	3.4041627201694484	True	False	True
X	89400000	89450000	1.0	3.4041627201694484	True	False	True
X	89450000	89500000	1.0	3.4041627201694484	True	False	True
X	89500000	89550000	1.0	3.4041627201694484	True	False	True
X	89550000	89600000	1.0	3.4041627201694484	True	False	True
X	89600000	89650000	1.0	3.4041627201694484	True	False	True
X	89650000	89700000	1.0	3.4041627201694484	True	False	True
X	89700000	89750000	1.0	3.4041627201694484	True	False	True
X	89750000	89800000	1.0	3.4041627201694484	True	False	True
X	89800000	89850000	1.0	3.4041627201694484	True	False	True
X	89850000	89900000	1.0	3.4041627201694484	True	False	True
X	89900000	89950000	1.0	3.4041627201694484	True	False	True
X	89950000	90000000	1.0	3.4041627201694484	True	False	True
X	90000000	90050000	1.0	3.4041627201694484	True	False	True
X	90050000	90100000	1.0	3.4041627201694484	True	False	True
X	90100000	90150000	1.0	3.4041627201694484	True	False	True
X	90150000	90200000	1.0	3.4041627201694484	True	False	True
X	90200000	90250000	1.0	3.4041627201694484	True	False	True
X	90250000	90300000	1.0	3.4041627201694484	True	False	True
X	90300000	90350000	1.0	3.4041627201694484	True	False	True
X	90350000	90400000	1.0	3.4041627201694484	True	False	True
X	90400000	90450000	1.0	3.4041627201694484	True	False	True
X	90450000	90500000	1.0	3.4041627201694484	True	False	True
X	90500000	90550000	1.0	3.4041627201694484	True	False	True
X	90550000	90600000	1.0	3.4041627201694484	True	False	True
X	90600000	90650000	1.0	3.4041627201694484	True	False	True
X	90650000	90700000	1.0	3.4041627201694484	True	False	True
X	90700000	90750000	1.0	3.4041627201694484	True	False	True
X	90750000	90800000	1.0	3.4041627201694484	True	False	True
X	90800000	90850000	1.0	3.4041627201694484	True	False	True
X	90850000	90900000	1.0	3.4041627201694484	True	False	True
X	90900000	90950000	1.0	3.4041627201694484	True	False	True
X	90950000	91000000	1.0	3.4041627201694484	True	False	True
X	91000000	91050000	1.0	3.4041627201694484	True	False	True
X	91050000	91100000	1.0	3.4041627201694484	True	False	True
X	91100000	91150000	1.0	3.4041627201694484	True	False	True
X	91150000	91200000	1.0	3.4041627201694484	True	False	True
X	91200000	91250000	1.0	3.4041627201694484	True	False	True
X	91250000	91300000	1.0	3.4041627201694484	True	False	True
X	91300000	91350000	1.0	3.4041627201694484	True	False	True
X	91350000	91400000	1.0	3.4041627201694484	True	False	True
X	91400000	91450000	1.0	3.4041627201694484	True	False	True
X	91450000	91500000	1.0	3.4041627201694484	True	False	True
X	91500000	91550000	1.0	3.4041627201694484	True	False	True
X	91550000	91600000	1.0	3.4041627201694484	True	False	True
X	91600000	91650000	1.0	3.4041627201694484	True	False	True
X	91650000	91700000	1.0	3.4041627201694484	True	False	True
X	91700000	91750000	1.0	3.4041627201694484	True	False	True
X	91750000	91800000	1.0	3.4041627201694484	True	False	True
X	91800000	91850000	1.0	3.4041627201694484	True	False	True
X	91850000	91900000	1.0	3.4041627201694484	True	False	True
X	91900000	91950000	1.0	3.4041627201694484	True	False	True
X	91950000	92000000	1.0	3.4041627201694484	True	False	True
X	92000000	92050000	1.0	3.4041627201694484	True	False	True
X	92050000	92100000	1.0	3.4041627201694484	True	False	True
X	92100000	92150000	1.0	3.4041627201694484	True	False	True
X	92150000	92200000	1.0	3.4041627201694484	True	False	True
X	92200000	92250000	1.0	3.4041627201694484	True	False	True
X	92250000	92300000	1.0	3.4041627201694484	True	False	True
X	92300000	92350000	1.0	3.4041627201694484	True	False	True
X	92350000	92400000	1.0	1.1320989021106738	True	False	True
X	92400000	92450000	1.0	1.1320989021106738	True	False	True
X	92450000	92500000	1.0	1.1320989021106738	True	False	True
X	92500000	92550000	1.0	1.1320989021106738	True	False	True
X	92550000	92600000	1.0	1.1320989021106738	True	False	True
X	92600000	92650000	1.0	1.1320989021106738	True	False	True
X	92650000	92700000	1.0	1.1320989021106738	True	False	True
X	92700000	92750000	1.0	1.1320989021106738	True	False	True
X	92750000	92800000	1.0	1.1320989021106738	True	False	True
X	92800000	92850000	1.0	1.1320989021106738	True	False	True
X	92850000	92900000	1.0	1.1320989021106738	True	False	True
X	92900000	92950000	1.0	1.1320989021106738	True	False	True
X	92950000	93000000	1.0	1.1320989021106738	True	False	True
X	93000000	93050000	1.0	1.1320989021106738	True	False	True
X	93050000	93100000	1.0	1.1320989021106738	True	False	True
X	93100000	93150000	1.0	1.1320989021106738	True	False	True
X	93150000	93200000	1.0	1.1320989021106738	True	False	True
X	93200000	93250000	1.0	1.1320989021106738	True	False	True
X	93250000	93300000	1.0	1.1320989021106738	True	False	True
X	93300000	93350000	1.0	1.1320989021106738	True	False	True
X	93350000	93400000	1.0	1.1320989021106738	True	False	True
X	93400000	93450000	1.0	1.1320989021106738	True	False	True
X	93450000	93500000	1.0	1.1320989021106738	True	False	True
X	93500000	93550000	1.0	1.1320989021106738	True	False	True
X	93550000	93600000	1.0	1.1320989021106738	True	False	True
X	93600000	93650000	1.0	1.1320989021106738	True	False	True
X	93650000	93700000	1.0	1.1320989021106738	True	False	True
X	93700000	93750000	1.0	1.1320989021106738	True	False	True
X	93750000	93800000	1.0	1.1320989021106738	True	False	True
X	93800000	93850000	1.0	1.1320989021106738	True	False	True
X	93850000	93900000	1.0	1.1320989021106738	True	False	True
X	93900000	93950000	1.0	1.1320989021106738	True	False	True
X	93950000	94000000	1.0	1.1320989021106738	True	False	True
X	94000000	94050000	1.0	1.1320989021106738	True	False	True
X	94050000	94100000	1.0	1.1320989021106738	True	False	True
X	94100000	94150000	1.0	1.1320989021106738	True	False	True
X	94150000	94200000	1.0	1.1320989021106738	True	False	True
X	94200000	94250000	1.0	1.1320989021106738	True	False	True
X	94250000	94300000	1.0	1.1320989021106738	True	False	True
X	94300000	94350000	1.0	1.1320989021106738	True	False	True
X	94350000	94400000	1.0	1.1320989021106738	True	False	True
X	94400000	94450000	1.0	1.1320989021106738	True	False	True
X	94450000	94500000	1.0	1.1320989021106738	True	False	True
X	94500000	94550000	1.0	1.1320989021106738	True	False	True
X	94550000	94600000	1.0	1.1320989021106738	True	False	True
X	94600000	94650000	1.0	1.1320989021106738	True	False	True
X	94650000	94700000	1.0	1.1320989021106738	True	False	True
X	94700000	94750000	1.0	1.1320989021106738	True	False	True
X	94750000	94800000	1.0	1.1320989021106738	True	False	True
X	94800000	94850000	1.0	1.1320989021106738	True	False	True
X	94850000	94900000	1.0	1.1320989021106738	True	False	True
X	94900000	94950000	1.0	1.1320989021106738	True	False	True
X	94950000	95000000	1.0	1.1320989021106738	True	False	True
X	95000000	95050000	1.0	1.1320989021106738	True	False	True
X	95050000	95100000	1.0	1.1320989021106738	True	False	True
X	95100000	95150000	1.0	1.1320989021106738	True	False	True
X	95150000	95200000	1.0	1.1320989021106738	True	False	True
X	95200000	95250000	1.0	1.1320989021106738	True	False	True
X	95250000	95300000	1.0	1.1320989021106738	True	False	True
X	95300000	95350000	1.0	1.1320989021106738	True	False	True
X	95350000	95400000	1.0	1.1320989021106738	True	False	True
X	95400000	95450000	1.0	1.1320989021106738	True	False	True
X	95450000	95500000	1.0	1.1320989021106738	True	False	True
X	95500000	95550000	1.0	1.1320989021106738	True	False	True
X	95550000	95600000	1.0	1.1320989021106738	True	False	True
X	95600000	95650000	1.0	1.1320989021106738	True	False	True
X	95650000	95700000	1.0	1.1320989021106738	True	False	True
X	95700000	95750000	1.0	1.1320989021106738	True	False	True
X	95750000	95800000	1.0	1.1320989021106738	True	False	True
X	95800000	95850000	1.0	1.1320989021106738	True	False	True
X	95850000	95900000	1.0	1.1320989021106738	True	False	True
X	95900000	95950000	1.0	1.1320989021106738	True	False	True
X	95950000	96000000	1.0	1.1320989021106738	True	False	True
X	96000000	96050000	1.0	1.1320989021106738	True	False	True
X	96050000	96100000	1.0	1.1320989021106738	True	False	True
X	96100000	96150000	1.0	1.1320989021106738	True	False	True
X	96150000	96200000	1.0	1.1320989021106738	True	False	True
X	96200000	96250000	1.0	1.1320989021106738	True	False	True
X	96250000	96300000	1.0	1.1320989021106738	True	False	True
X	96300000	96350000	1.0	1.1320989021106738	True	False	True
X	96350000	96400000	1.0	1.1320989021106738	True	False	True
X	96400000	96450000	1.0	1.1320989021106738	True	False	True
X	96450000	96500000	1.0	1.1320989021106738	True	False	True
X	96500000	96550000	1.0	1.1320989021106738	True	False	True
X	96550000	96600000	1.0	1.1320989021106738	True	False	True
X	96600000	96650000	1.0	1.1320989021106738	True	False	True
X	96650000	96700000	1.0	1.1320989021106738	True	False	True
X	96700000	96750000	1.0	1.1320989021106738	True	False	True
X	96750000	96800000	1.0	1.1320989021106738	True	False	True
X	96800000	96850000	1.0	1.1320989021106738	True	False	True
X	96850000	96900000	1.0	1.1320989021106738	True	False	True
X	96900000	96950000	1.0	1.1320989021106738	True	False	True
X	96950000	97000000	1.0	1.1320989021106738	True	False	True
X	97000000	97050000	1.0	1.1320989021106738	True	False	True
X	97050000	97100000	1.0	1.1320989021106738	True	False	True
X	97100000	97150000	1.0	1.1320989021106738	True	False	True
X	97150000	97200000	1.0	1.1320989021106738	True	False	True
X	97200000	97250000	1.0	1.1320989021106738	True	False	True
X	97250000	97300000	1.0	1.1320989021106738	True	False	True
X	97300000	97350000	1.0	1.1320989021106738	True	False	True
X	97350000	97400000	1.0	1.1320989021106738	True	False	True
X	97400000	97450000	1.0	1.1320989021106738	True	False	True
X	97450000	97500000	1.0	1.1320989021106738	True	False	True
X	97500000	97550000	1.0	1.1320989021106738	True	False	True
X	97550000	97600000	1.0	1.1320989021106738	True	False	True
X	97600000	97650000	1.0	1.1320989021106738	True	False	True
X	97650000	97700000	1.0	1.1320989021106738	True	False	True
X	97700000	97750000	1.0	1.1320989021106738	True	False	True
X	97750000	97800000	1.0	1.1320989021106738	True	False	True
X	97800000	97850000	1.0	1.1320989021106738	True	False	True
X	97850000	97900000	1.0	1.1320989021106738	True	False	True
X	97900000	97950000	1.0	1.1320989021106738	True	False	True
X	97950000	98000000	1.0	1.1320989021106738	True	False	True
X	98000000	98050000	1.0	1.1320989021106738	True	False	True
X	98050000	98100000	1.0	1.1320989021106738	True	False	True
X	98100000	98150000	1.0	1.1320989021106738	True	False	True
X	98150000	98200000	1.0	1.1320989021106738	True	False	True
X	98200000	98250000	1.0	1.1320989021106738	True	False	True
X	98250000	98300000	1.0	1.1320989021106738	True	False	True
X	98300000	98350000	1.0	1.1320989021106738	True	False	True
X	98350000	98400000	1.0	1.1320989021106738	True	False	True
X	98400000	98450000	1.0	1.1320989021106738	True	False	True
X	98450000	98500000	1.0	1.1320989021106738	True	False	True
X	98500000	98550000	1.0	1.1320989021106738	True	False	True
X	98550000	98600000	1.0	1.1320989021106738	True	False	True
X	98600000	98650000	1.0	1.1320989021106738	True	False	True
X	98650000	98700000	1.0	1.1320989021106738	True	False	True
X	98700000	98750000	1.0	1.1320989021106738	True	False	True
X	98750000	98800000	1.0	1.1320989021106738	True	False	True
X	98800000	98850000	1.0	1.1320989021106738	True	False	True
X	98850000	98900000	1.0	1.1320989021106738	True	False	True
X	98900000	98950000	1.0	1.1320989021106738	True	False	True
X	98950000	99000000	1.0	1.1320989021106738	True	False	True
X	99000000	99050000	1.0	1.1320989021106738	True	False	True
X	99050000	99100000	1.0	1.1320989021106738	True	False	True
X	99100000	99150000	1.0	1.1320989021106738	True	False	True
X	99150000	99200000	1.0	1.1320989021106738	True	False	True
X	99200000	99250000	1.0	1.1320989021106738	True	False	True
X	99250000	99300000	1.0	1.1320989021106738	True	False	True
X	99300000	99350000	1.0	1.1320989021106738	True	False	True
X	99350000	99400000	1.0	1.1320989021106738	True	False	True
X	99400000	99450000	1.0	1.1320989021106738	True	False	True
X	99450000	99500000	1.0	1.1320989021106738	True	False	True
X	99500000	99550000	1.0	1.1320989021106738	True	False	True
X	99550000	99600000	1.0	1.1320989021106738	True	False	True
X	99600000	99650000	1.0	1.1320989021106738	True	False	True
X	99650000	99700000	1.0	1.1320989021106738	True	False	True
X	99700000	99750000	1.0	1.1320989021106738	True	False	True
X	99750000	99800000	1.0	1.1320989021106738	True	False	True
X	99800000	99850000	1.0	1.1320989021106738	True	False	True
X	99850000	99900000	1.0	1.1320989021106738	True	False	True
X	99900000	99950000	1.0	1.1320989021106738	True	False	True
X	99950000	100000000	1.0	1.1320989021106738	True	False	True
X	100000000	100050000	1.0	1.1320989021106738	True	False	True
X	100050000	100100000	1.0	1.1320989021106738	True	False	True
X	100100000	100150000	1.0	1.1320989021106738	True	False	True
X	100150000	100200000	1.0	1.1320989021106738	True	False	True
X	100200000	100250000	1.0	1.1320989021106738	True	False	True
X	100250000	100300000	1.0	1.1320989021106738	True	False	True
X	100300000	100350000	1.0	1.1320989021106738	True	False	True
X	100350000	100400000	1.0	1.1320989021106738	True	False	True
X	100400000	100450000	1.0	1.1320989021106738	True	False	True
X	100450000	100500000	1.0	1.1320989021106738	True	False	True
X	100500000	100550000	1.0	1.1320989021106738	True	False	True
X	100550000	100600000	1.0	1.1320989021106738	True	False	True
X	100600000	100650000	1.0	1.1320989021106738	True	False	True
X	100650000	100700000	1.0	1.1320989021106738	True	False	True
X	100700000	100750000	1.0	1.1320989021106738	True	False	True
X	100750000	100800000	1.0	1.1320989021106738	True	False	True
X	100800000	100850000	1.0	1.1320989021106738	True	False	True
X	100850000	100900000	1.0	1.1320989021106738	True	False	True
X	100900000	100950000	1.0	1.1320989021106738	True	False	True
X	100950000	101000000	1.0	1.1320989021106738	True	False	True
X	101000000	101050000	1.0	1.1320989021106738	True	False	True
X	101050000	101100000	1.0	1.1320989021106738	True	False	True
X	101100000	101150000	1.0	1.1320989021106738	True	False	True
X	101150000	101200000	1.0	1.1320989021106738	True	False	True
X	101200000	101250000	1.0	1.1320989021106738	True	False	True
X	101250000	101300000	1.0	1.1320989021106738	True	False	True
X	101300000	101350000	1.0	1.1320989021106738	True	False	True
X	101350000	101400000	1.0	1.1320989021106738	True	False	True
X	101400000	101450000	1.0	1.1320989021106738	True	False	True
X	101450000	101500000	1.0	1.1320989021106738	True	False	True
X	101500000	101550000	1.0	1.1320989021106738	True	False	True
X	101550000	101600000	1.0	1.1320989021106738	True	False	True
X	101600000	101650000	1.0	1.1320989021106738	True	False	True
X	101650000	101700000	1.0	1.1320989021106738	True	False	True
X	101700000	101750000	1.0	1.1320989021106738	True	False	True
X	101750000	101800000	1.0	1.1320989021106738	True	False	True
X	101800000	101850000	1.0	1.1320989021106738	True	False	True
X	101850000	101900000	1.0	1.1320989021106738	True	False	True
X	101900000	101950000	1.0	1.1320989021106738	True	False	True
X	101950000	102000000	1.0	1.1320989021106738	True	False	True
X	102000000	102050000	1.0	1.1320989021106738	True	False	True
X	102050000	102100000	1.0	1.1320989021106738	True	False	True
X	102100000	102150000	1.0	1.1320989021106738	True	False	True
X	102150000	102200000	1.0	1.1320989021106738	True	False	True
X	102200000	102250000	1.0	1.1320989021106738	True	False	True
X	102250000	102300000	1.0	1.1320989021106738	True	False	True
X	102300000	102350000	1.0	1.1320989021106738	True	False	True
X	102350000	102400000	1.0	1.1320989021106738	True	False	True
X	102400000	102450000	1.0	1.1320989021106738	True	False	True
X	102450000	102500000	1.0	1.1320989021106738	True	False	True
X	102500000	102550000	1.0	1.1320989021106738	True	False	True
X	102550000	102600000	1.0	1.1320989021106738	True	False	True
X	102600000	102650000	1.0	1.1320989021106738	True	False	True
X	102650000	102700000	1.0	1.1320989021106738	True	False	True
X	102700000	102750000	1.0	1.1320989021106738	True	False	True
X	102750000	102800000	1.0	1.1320989021106738	True	False	True
X	102800000	102850000	1.0	1.1320989021106738	True	False	True
X	102850000	102900000	1.0	1.1320989021106738	True	False	True
X	102900000	102950000	1.0	1.1320989021106738	True	False	True
X	102950000	103000000	1.0	1.1320989021106738	True	False	True
X	103000000	103050000	1.0	1.1320989021106738	True	False	True
X	103050000	103100000	1.0	1.1320989021106738	True	False	True
X	103100000	103150000	1.0	1.1320989021106738	True	False	True
X	103150000	103200000	1.0	1.1320989021106738	True	False	True
X	103200000	103250000	1.0	1.1320989021106738	True	False	True
X	103250000	103300000	1.0	1.1320989021106738	True	False	True
X	103300000	103350000	1.0	1.1320989021106738	True	False	True
X	103350000	103400000	1.0	1.1320989021106738	True	False	True
X	103400000	103450000	1.0	1.1320989021106738	True	False	True
X	103450000	103500000	1.0	1.1320989021106738	True	False	True
X	103500000	103550000	1.0	1.1320989021106738	True	False	True
X	103550000	103600000	1.0	1.1320989021106738	True	False	True
X	103600000	103650000	1.0	1.1320989021106738	True	False	True
X	103650000	103700000	1.0	1.1320989021106738	True	False	True
X	103700000	103750000	1.0	1.1320989021106738	True	False	True
X	103750000	103800000	1.0	1.1320989021106738	True	False	True
X	103800000	103850000	1.0	1.1320989021106738	True	False	True
X	103850000	103900000	1.0	1.1320989021106738	True	False	True
X	103900000	103950000	1.0	1.1320989021106738	True	False	True
X	103950000	104000000	1.0	1.1320989021106738	True	False	True
X	104000000	104050000	1.0	1.1320989021106738	True	False	True
X	104050000	104100000	1.0	1.1320989021106738	True	False	True
X	104100000	104150000	1.0	1.1320989021106738	True	False	True
X	104150000	104200000	1.0	1.1320989021106738	True	False	True
X	104200000	104250000	1.0	1.1320989021106738	True	False	True
X	104250000	104300000	1.0	1.1320989021106738	True	False	True
X	104300000	104350000	1.0	1.1320989021106738	True	False	True
X	104350000	104400000	1.0	1.1320989021106738	True	False	True
X	104400000	104450000	1.0	1.1320989021106738	True	False	True
X	104450000	104500000	1.0	1.1320989021106738	True	False	True
X	104500000	104550000	1.0	1.1320989021106738	True	False	True
X	104550000	104600000	1.0	1.1320989021106738	True	False	True
X	104600000	104650000	1.0	1.1320989021106738	True	False	True
X	104650000	104700000	1.0	1.1320989021106738	True	False	True
X	104700000	104750000	1.0	1.1320989021106738	True	False	True
X	104750000	104800000	1.0	1.1320989021106738	True	False	True
X	104800000	104850000	1.0	1.1320989021106738	True	False	True
X	104850000	104900000	1.0	1.1320989021106738	True	False	True
X	104900000	104950000	1.0	1.1320989021106738	True	False	True
X	104950000	105000000	1.0	1.1320989021106738	True	False	True
X	105000000	105050000	1.0	1.1320989021106738	True	False	True
X	105050000	105100000	1.0	1.1320989021106738	True	False	True
X	105100000	105150000	1.0	1.1320989021106738	True	False	True
X	105150000	105200000	1.0	1.1320989021106738	True	False	True
X	105200000	105250000	1.0	1.1320989021106738	True	False	True
X	105250000	105300000	1.0	1.1320989021106738	True	False	True
X	105300000	105350000	1.0	1.1320989021106738	True	False	True
X	105350000	105400000	1.0	1.1320989021106738	True	False	True
X	105400000	105450000	1.0	1.1320989021106738	True	False	True
X	105450000	105500000	1.0	1.1320989021106738	True	False	True
X	105500000	105550000	1.0	1.1320989021106738	True	False	True
X	105550000	105600000	1.0	1.1320989021106738	True	False	True
X	105600000	105650000	1.0	1.1320989021106738	True	False	True
X	105650000	105700000	1.0	1.1320989021106738	True	False	True
X	105700000	105750000	1.0	1.1320989021106738	True	False	True
X	105750000	105800000	1.0	1.1320989021106738	True	False	True
X	105800000	105850000	1.0	1.1320989021106738	True	False	True
X	105850000	105900000	1.0	1.1320989021106738	True	False	True
X	105900000	105950000	1.0	1.1320989021106738	True	False	True
X	105950000	106000000	1.0	1.1320989021106738	True	False	True
X	106000000	106050000	1.0	1.1320989021106738	True	False	True
X	106050000	106100000	1.0	1.1320989021106738	True	False	True
X	106100000	106150000	1.0	1.1320989021106738	True	False	True
X	106150000	106200000	1.0	1.1320989021106738	True	False	True
X	106200000	106250000	1.0	1.1320989021106738	True	False	True
X	106250000	106300000	1.0	1.1320989021106738	True	False	True
X	106300000	106350000	1.0	1.1320989021106738	True	False	True
X	106350000	106400000	1.0	1.1320989021106738	True	False	True
X	106400000	106450000	1.0	1.1320989021106738	True	False	True
X	106450000	106500000	1.0	1.1320989021106738	True	False	True
X	106500000	106550000	1.0	1.1320989021106738	True	False	True
X	106550000	106600000	1.0	1.1320989021106738	True	False	True
X	106600000	106650000	1.0	1.1320989021106738	True	False	True
X	106650000	106700000	1.0	1.1320989021106738	True	False	True
X	106700000	106750000	1.0	1.1320989021106738	True	False	True
X	106750000	106800000	1.0	1.1320989021106738	True	False	True
X	106800000	106850000	1.0	1.1320989021106738	True	False	True
X	106850000	106900000	1.0	1.1320989021106738	True	False	True
X	106900000	106950000	1.0	1.1320989021106738	True	False	True
X	106950000	107000000	1.0	1.1320989021106738	True	False	True
X	107000000	107050000	1.0	1.1320989021106738	True	False	True
X	107050000	107100000	1.0	1.1320989021106738	True	False	True
X	107100000	107150000	1.0	1.1320989021106738	True	False	True
X	107150000	107200000	1.0	1.1320989021106738	True	False	True
X	107200000	107250000	1.0	1.1320989021106738	True	False	True
X	107250000	107300000	1.0	1.1320989021106738	True	False	True
X	107300000	107350000	1.0	1.1320989021106738	True	False	True
X	107350000	107400000	1.0	1.1320989021106738	True	False	True
X	107400000	107450000	1.0	1.1320989021106738	True	False	True
X	107450000	107500000	1.0	1.1320989021106738	True	False	True
X	107500000	107550000	1.0	1.1320989021106738	True	False	True
X	107550000	107600000	1.0	1.1320989021106738	True	False	True
X	107600000	107650000	1.0	1.1320989021106738	True	False	True
X	107650000	107700000	1.0	1.1320989021106738	True	False	True
X	107700000	107750000	1.0	1.1320989021106738	True	False	True
X	107750000	107800000	1.0	1.1320989021106738	True	False	True
X	107800000	107850000	1.0	1.1320989021106738	True	False	True
X	107850000	107900000	1.0	1.1320989021106738	True	False	True
X	107900000	107950000	1.0	1.1320989021106738	True	False	True
X	107950000	108000000	1.0	1.1320989021106738	True	False	True
X	108000000	108050000	1.0	1.1320989021106738	True	False	True
X	108050000	108100000	1.0	1.1320989021106738	True	False	True
X	108100000	108150000	1.0	1.1320989021106738	True	False	True
X	108150000	108200000	1.0	1.1320989021106738	True	False	True
X	108200000	108250000	1.0	1.1320989021106738	True	False	True
X	108250000	108300000	1.0	1.1320989021106738	True	False	True
X	108300000	108350000	1.0	1.1320989021106738	True	False	True
X	108350000	108400000	1.0	1.1320989021106738	True	False	True
X	108400000	108450000	1.0	1.1320989021106738	True	False	True
X	108450000	108500000	1.0	1.1320989021106738	True	False	True
X	108500000	108550000	1.0	1.1320989021106738	True	False	True
X	108550000	108600000	1.0	1.1320989021106738	True	False	True
X	108600000	108650000	1.0	1.1320989021106738	True	False	True
X	108650000	108700000	1.0	1.1320989021106738	True	False	True
X	108700000	108750000	1.0	1.1320989021106738	True	False	True
X	108750000	108800000	1.0	1.1320989021106738	True	False	True
X	108800000	108850000	1.0	1.1320989021106738	True	False	True
X	108850000	108900000	1.0	1.1320989021106738	True	False	True
X	108900000	108950000	1.0	1.1320989021106738	True	False	True
X	108950000	109000000	1.0	1.1320989021106738	True	False	True
X	109000000	109050000	1.0	1.1320989021106738	True	False	True
X	109050000	109100000	1.0	1.1320989021106738	True	False	True
X	109100000	109150000	1.0	1.1320989021106738	True	False	True
X	109150000	109200000	1.0	1.1320989021106738	True	False	True
X	109200000	109250000	1.0	1.1320989021106738	True	False	True
X	109250000	109300000	1.0	1.1320989021106738	True	False	True
X	109300000	109350000	1.0	1.1320989021106738	True	False	True
X	109350000	109400000	1.0	1.1320989021106738	True	False	True
X	109400000	109450000	1.0	1.1320989021106738	True	False	True
X	109450000	109500000	1.0	1.1320989021106738	True	False	True
X	109500000	109550000	1.0	1.1320989021106738	True	False	True
X	109550000	109600000	1.0	1.1320989021106738	True	False	True
X	109600000	109650000	1.0	1.1320989021106738	True	False	True
X	109650000	109700000	1.0	1.1320989021106738	True	False	True
X	109700000	109750000	1.0	1.1320989021106738	True	False	True
X	109750000	109800000	1.0	1.1320989021106738	True	False	True
X	109800000	109850000	1.0	1.1320989021106738	True	False	True
X	109850000	109900000	1.0	1.1320989021106738	True	False	True
X	109900000	109950000	1.0	1.1320989021106738	True	False	True
X	109950000	110000000	1.0	1.1320989021106738	True	False	True
X	110000000	110050000	1.0	1.1320989021106738	True	False	True
X	110050000	110100000	1.0	1.1320989021106738	True	False	True
X	110100000	110150000	1.0	1.1320989021106738	True	False	True
X	110150000	110200000	1.0	1.1320989021106738	True	False	True
X	110200000	110250000	1.0	1.1320989021106738	True	False	True
X	110250000	110300000	1.0	1.1320989021106738	True	False	True
X	110300000	110350000	1.0	1.1320989021106738	True	False	True
X	110350000	110400000	1.0	1.1320989021106738	True	False	True
X	110400000	110450000	1.0	1.1320989021106738	True	False	True
X	110450000	110500000	1.0	1.1320989021106738	True	False	True
X	110500000	110550000	1.0	1.1320989021106738	True	False	True
X	110550000	110600000	1.0	1.1320989021106738	True	False	True
X	110600000	110650000	1.0	1.1320989021106738	True	False	True
X	110650000	110700000	1.0	1.1320989021106738	True	False	True
X	110700000	110750000	1.0	1.1320989021106738	True	False	True
X	110750000	110800000	1.0	1.1320989021106738	True	False	True
X	110800000	110850000	1.0	1.1320989021106738	True	False	True
X	110850000	110900000	1.0	1.1320989021106738	True	False	True
X	110900000	110950000	1.0	1.1320989021106738	True	False	True
X	110950000	111000000	1.0	1.1320989021106738	True	False	True
X	111000000	111050000	1.0	1.1320989021106738	True	False	True
X	111050000	111100000	1.0	1.1320989021106738	True	False	True
X	111100000	111150000	1.0	1.1320989021106738	True	False	True
X	111150000	111200000	1.0	1.1320989021106738	True	False	True
X	111200000	111250000	1.0	1.1320989021106738	True	False	True
X	111250000	111300000	1.0	1.1320989021106738	True	False	True
X	111300000	111350000	1.0	1.1320989021106738	True	False	True
X	111350000	111400000	1.0	1.1320989021106738	True	False	True
X	111400000	111450000	1.0	1.1320989021106738	True	False	True
X	111450000	111500000	1.0	1.1320989021106738	True	False	True
X	111500000	111550000	1.0	1.1320989021106738	True	False	True
X	111550000	111600000	1.0	1.1320989021106738	True	False	True
X	111600000	111650000	1.0	1.1320989021106738	True	False	True
X	111650000	111700000	1.0	1.1320989021106738	True	False	True
X	111700000	111750000	1.0	1.1320989021106738	True	False	True
X	111750000	111800000	1.0	1.1320989021106738	True	False	True
X	111800000	111850000	1.0	1.1320989021106738	True	False	True
X	111850000	111900000	1.0	1.1320989021106738	True	False	True
X	111900000	111950000	1.0	1.1320989021106738	True	False	True
X	111950000	112000000	1.0	1.1320989021106738	True	False	True
X	112000000	112050000	1.0	1.1320989021106738	True	False	True
X	112050000	112100000	1.0	1.1320989021106738	True	False	True
X	112100000	112150000	1.0	1.1320989021106738	True	False	True
X	112150000	112200000	1.0	1.1320989021106738	True	False	True
X	112200000	112250000	1.0	1.1320989021106738	True	False	True
X	112250000	112300000	1.0	1.1320989021106738	True	False	True
X	112300000	112350000	1.0	1.1320989021106738	True	False	True
X	112350000	112400000	1.0	1.1320989021106738	True	False	True
X	112400000	112450000	1.0	1.1320989021106738	True	False	True
X	112450000	112500000	1.0	1.1320989021106738	True	False	True
X	112500000	112550000	1.0	1.1320989021106738	True	False	True
X	112550000	112600000	1.0	1.1320989021106738	True	False	True
X	112600000	112650000	1.0	1.1320989021106738	True	False	True
X	112650000	112700000	1.0	1.1320989021106738	True	False	True
X	112700000	112750000	1.0	1.1320989021106738	True	False	True
X	112750000	112800000	1.0	1.1320989021106738	True	False	True
X	112800000	112850000	1.0	1.1320989021106738	True	False	True
X	112850000	112900000	1.0	1.1320989021106738	True	False	True
X	112900000	112950000	1.0	1.1320989021106738	True	False	True
X	112950000	113000000	1.0	1.1320989021106738	True	False	True
X	113000000	113050000	1.0	1.1320989021106738	True	False	True
X	113050000	113100000	1.0	1.1320989021106738	True	False	True
X	113100000	113150000	1.0	1.1320989021106738	True	False	True
X	113150000	113200000	1.0	1.1320989021106738	True	False	True
X	113200000	113250000	1.0	1.1320989021106738	True	False	True
X	113250000	113300000	1.0	1.1320989021106738	True	False	True
X	113300000	113350000	1.0	1.1320989021106738	True	False	True
X	113350000	113400000	1.0	1.1320989021106738	True	False	True
X	113400000	113450000	1.0	1.1320989021106738	True	False	True
X	113450000	113500000	1.0	1.1320989021106738	True	False	True
X	113500000	113550000	1.0	1.1320989021106738	True	False	True
X	113550000	113600000	1.0	1.1320989021106738	True	False	True
X	113600000	113650000	1.0	1.1320989021106738	True	False	True
X	113650000	113700000	1.0	1.1320989021106738	True	False	True
X	113700000	113750000	1.0	1.1320989021106738	True	False	True
X	113750000	113800000	1.0	1.1320989021106738	True	False	True
X	113800000	113850000	1.0	1.1320989021106738	True	False	True
X	113850000	113900000	1.0	1.1320989021106738	True	False	True
X	113900000	113950000	1.0	1.1320989021106738	True	False	True
X	113950000	114000000	1.0	1.1320989021106738	True	False	True
X	114000000	114050000	1.0	1.1320989021106738	True	False	True
X	114050000	114100000	1.0	1.1320989021106738	True	False	True
X	114100000	114150000	1.0	1.1320989021106738	True	False	True
X	114150000	114200000	1.0	1.1320989021106738	True	False	True
X	114200000	114250000	1.0	1.1320989021106738	True	False	True
X	114250000	114300000	1.0	1.1320989021106738	True	False	True
X	114300000	114350000	1.0	1.1320989021106738	True	False	True
X	114350000	114400000	1.0	1.1320989021106738	True	False	True
X	114400000	114450000	1.0	1.1320989021106738	True	False	True
X	114450000	114500000	1.0	1.1320989021106738	True	False	True
X	114500000	114550000	1.0	1.1320989021106738	True	False	True
X	114550000	114600000	1.0	1.1320989021106738	True	False	True
X	114600000	114650000	1.0	1.1320989021106738	True	False	True
X	114650000	114700000	1.0	1.1320989021106738	True	False	True
X	114700000	114750000	1.0	1.1320989021106738	True	False	True
X	114750000	114800000	1.0	1.1320989021106738	True	False	True
X	114800000	114850000	1.0	1.1320989021106738	True	False	True
X	114850000	114900000	1.0	1.1320989021106738	True	False	True
X	114900000	114950000	1.0	1.1320989021106738	True	False	True
X	114950000	115000000	1.0	1.1320989021106738	True	False	True
X	115000000	115050000	1.0	1.1320989021106738	True	False	True
X	115050000	115100000	1.0	1.1320989021106738	True	False	True
X	115100000	115150000	1.0	1.1320989021106738	True	False	True
X	115150000	115200000	1.0	1.1320989021106738	True	False	True
X	115200000	115250000	1.0	1.1320989021106738	True	False	True
X	115250000	115300000	1.0	1.1320989021106738	True	False	True
X	115300000	115350000	1.0	1.1320989021106738	True	False	True
X	115350000	115400000	1.0	1.1320989021106738	True	False	True
X	115400000	115450000	1.0	1.1320989021106738	True	False	True
X	115450000	115500000	1.0	1.1320989021106738	True	False	True
X	115500000	115550000	1.0	1.1320989021106738	True	False	True
X	115550000	115600000	1.0	1.1320989021106738	True	False	True
X	115600000	115650000	1.0	1.1320989021106738	True	False	True
X	115650000	115700000	1.0	1.1320989021106738	True	False	True
X	115700000	115750000	1.0	1.1320989021106738	True	False	True
X	115750000	115800000	1.0	1.1320989021106738	True	False	True
X	115800000	115850000	1.0	1.1320989021106738	True	False	True
X	115850000	115900000	1.0	1.1320989021106738	True	False	True
X	115900000	115950000	1.0	1.1320989021106738	True	False	True
X	115950000	116000000	1.0	1.1320989021106738	True	False	True
X	116000000	116050000	1.0	1.1320989021106738	True	False	True
X	116050000	116100000	1.0	1.1320989021106738	True	False	True
X	116100000	116150000	1.0	1.1320989021106738	True	False	True
X	116150000	116200000	1.0	1.1320989021106738	True	False	True
X	116200000	116250000	1.0	1.1320989021106738	True	False	True
X	116250000	116300000	1.0	1.1320989021106738	True	False	True
X	116300000	116350000	1.0	1.1320989021106738	True	False	True
X	116350000	116400000	1.0	1.1320989021106738	True	False	True
X	116400000	116450000	1.0	1.1320989021106738	True	False	True
X	116450000	116500000	1.0	1.1320989021106738	True	False	True
X	116500000	116550000	1.0	1.1320989021106738	True	False	True
X	116550000	116600000	1.0	1.1320989021106738	True	False	True
X	116600000	116650000	1.0	1.1320989021106738	True	False	True
X	116650000	116700000	1.0	1.1320989021106738	True	False	True
X	116700000	116750000	1.0	1.1320989021106738	True	False	True
X	116750000	116800000	1.0	1.1320989021106738	True	False	True
X	116800000	116850000	1.0	1.1320989021106738	True	False	True
X	116850000	116900000	1.0	1.1320989021106738	True	False	True
X	116900000	116950000	1.0	1.1320989021106738	True	False	True
X	116950000	117000000	1.0	1.1320989021106738	True	False	True
X	117000000	117050000	1.0	1.1320989021106738	True	False	True
X	117050000	117100000	1.0	1.1320989021106738	True	False	True
X	117100000	117150000	1.0	1.1320989021106738	True	False	True
X	117150000	117200000	1.0	3.088914632193749	True	False	True
X	117200000	117250000	1.0	3.088914632193749	True	False	True
X	117250000	117300000	1.0	3.088914632193749	True	False	True
X	117300000	117350000	1.0	3.088914632193749	True	False	True
X	117350000	117400000	1.0	3.088914632193749	True	False	True
X	117400000	117450000	1.0	3.088914632193749	True	False	True
X	117450000	117500000	1.0	1.337927554786112	True	False	True
X	117500000	117550000	1.0	1.337927554786112	True	False	True
X	117550000	117600000	1.0	1.337927554786112	True	False	True
X	117600000	117650000	1.0	1.337927554786112	True	False	True
X	117650000	117700000	1.0	1.337927554786112	True	False	True
X	117700000	117750000	1.0	1.337927554786112	True	False	True
X	117750000	117800000	1.0	1.337927554786112	True	False	True
X	117800000	117850000	1.0	1.337927554786112	True	False	True
X	117850000	117900000	1.0	1.337927554786112	True	False	True
X	117900000	117950000	1.0	1.337927554786112	True	False	True
X	117950000	118000000	1.0	1.337927554786112	True	False	True
X	118000000	118050000	1.0	1.337927554786112	True	False	True
X	118050000	118100000	1.0	1.337927554786112	True	False	True
X	118100000	118150000	1.0	1.337927554786112	True	False	True
X	118150000	118200000	1.0	1.337927554786112	True	False	True
X	118200000	118250000	0.5	1.337927554786112	True	True	False
X	118250000	118300000	1.0	3.650008946064317	True	False	True
X	118300000	118350000	1.0	3.650008946064317	True	False	True
X	118350000	118400000	1.0	3.650008946064317	True	False	True
X	118400000	118450000	1.0	3.650008946064317	True	False	True
X	118450000	118500000	1.0	3.650008946064317	True	False	True
X	118500000	118550000	1.0	3.650008946064317	True	False	True
X	118550000	118600000	1.0	3.650008946064317	True	False	True
X	118600000	118650000	1.0	3.650008946064317	True	False	True
X	118650000	118700000	1.0	3.650008946064317	True	False	True
X	118700000	118750000	1.0	3.650008946064317	True	False	True
X	118750000	118800000	1.0	3.650008946064317	True	False	True
X	118800000	118850000	1.0	3.650008946064317	True	False	True
X	118850000	118900000	1.0	3.650008946064317	True	False	True
X	118900000	118950000	1.0	3.650008946064317	True	False	True
X	118950000	119000000	1.0	3.650008946064317	True	False	True
X	119000000	119050000	1.0	3.650008946064317	True	False	True
X	119050000	119100000	1.0	3.650008946064317	True	False	True
X	119100000	119150000	1.0	3.650008946064317	True	False	True
X	119150000	119200000	1.0	3.650008946064317	True	False	True
X	119200000	119250000	1.0	3.650008946064317	True	False	True
X	119250000	119300000	1.0	3.650008946064317	True	False	True
X	119300000	119350000	1.0	3.650008946064317	True	False	True
X	119350000	119400000	1.0	3.650008946064317	True	False	True
X	119400000	119450000	1.0	3.650008946064317	True	False	True
X	119450000	119500000	1.0	3.650008946064317	True	False	True
X	119500000	119550000	1.0	3.650008946064317	True	False	True
X	119550000	119600000	1.0	3.650008946064317	True	False	True
X	119600000	119650000	1.0	3.650008946064317	True	False	True
X	119650000	119700000	1.0	3.650008946064317	True	False	True
X	119700000	119750000	1.0	3.650008946064317	True	False	True
X	119750000	119800000	1.0	3.650008946064317	True	False	True
X	119800000	119850000	1.0	3.650008946064317	True	False	True
X	119850000	119900000	1.0	3.650008946064317	True	False	True
X	119900000	119950000	1.0	3.650008946064317	True	False	True
X	119950000	120000000	1.0	3.650008946064317	True	False	True
X	120000000	120050000	1.0	3.650008946064317	True	False	True
X	120050000	120100000	1.0	3.650008946064317	True	False	True
X	120100000	120150000	1.0	3.650008946064317	True	False	True
X	120150000	120200000	1.0	3.650008946064317	True	False	True
X	120200000	120250000	1.0	3.650008946064317	True	False	True
X	120250000	120300000	1.0	3.650008946064317	True	False	True
X	120300000	120350000	1.0	3.650008946064317	True	False	True
X	120350000	120400000	1.0	3.650008946064317	True	False	True
X	120400000	120450000	1.0	3.650008946064317	True	False	True
X	120450000	120500000	1.0	3.650008946064317	True	False	True
X	120500000	120550000	1.0	3.650008946064317	True	False	True
X	120550000	120600000	1.0	3.650008946064317	True	False	True
X	120600000	120650000	1.0	3.650008946064317	True	False	True
X	120650000	120700000	1.0	3.650008946064317	True	False	True
X	120700000	120750000	1.0	3.650008946064317	True	False	True
X	120750000	120800000	1.0	3.650008946064317	True	False	True
X	120800000	120850000	1.0	3.650008946064317	True	False	True
X	120850000	120900000	1.0	3.650008946064317	True	False	True
X	120900000	120950000	1.0	3.650008946064317	True	False	True
X	120950000	121000000	1.0	3.650008946064317	True	False	True
X	121000000	121050000	1.0	3.650008946064317	True	False	True
X	121050000	121100000	1.0	3.650008946064317	True	False	True
X	121100000	121150000	1.0	3.650008946064317	True	False	True
X	121150000	121200000	1.0	3.650008946064317	True	False	True
X	121200000	121250000	1.0	3.650008946064317	True	False	True
X	121250000	121300000	1.0	3.650008946064317	True	False	True
X	121300000	121350000	1.0	3.650008946064317	True	False	True
X	121350000	121400000	1.0	3.650008946064317	True	False	True
X	121400000	121450000	1.0	3.650008946064317	True	False	True
X	121450000	121500000	1.0	3.650008946064317	True	False	True
X	121500000	121550000	1.0	3.650008946064317	True	False	True
X	121550000	121600000	1.0	3.650008946064317	True	False	True
X	121600000	121650000	1.0	3.650008946064317	True	False	True
X	121650000	121700000	1.0	3.650008946064317	True	False	True
X	121700000	121750000	1.0	3.650008946064317	True	False	True
X	121750000	121800000	1.0	3.650008946064317	True	False	True
X	121800000	121850000	1.0	3.650008946064317	True	False	True
X	121850000	121900000	1.0	2.041175173975813	True	False	True
X	121900000	121950000	1.0	2.041175173975813	True	False	True
X	121950000	122000000	1.0	2.041175173975813	True	False	True
X	122000000	122050000	1.0	2.041175173975813	True	False	True
X	122050000	122100000	1.0	2.041175173975813	True	False	True
X	122100000	122150000	1.0	2.041175173975813	True	False	True
X	122150000	122200000	1.0	2.041175173975813	True	False	True
X	122200000	122250000	1.0	2.041175173975813	True	False	True
X	122250000	122300000	1.0	2.041175173975813	True	False	True
X	122300000	122350000	1.0	2.041175173975813	True	False	True
X	122350000	122400000	1.0	2.041175173975813	True	False	True
X	122400000	122450000	1.0	2.041175173975813	True	False	True
X	122450000	122500000	1.0	2.041175173975813	True	False	True
X	122500000	122550000	1.0	2.041175173975813	True	False	True
X	122550000	122600000	1.0	2.041175173975813	True	False	True
X	122600000	122650000	1.0	2.041175173975813	True	False	True
X	122650000	122700000	1.0	2.041175173975813	True	False	True
X	122700000	122750000	1.0	3.01759669285469	True	False	True
X	122750000	122800000	1.0	3.01759669285469	True	False	True
X	122800000	122850000	1.0	3.01759669285469	True	False	True
X	122850000	122900000	1.0	3.01759669285469	True	False	True
X	122900000	122950000	1.0	3.01759669285469	True	False	True
X	122950000	123000000	1.0	3.01759669285469	True	False	True
X	123000000	123050000	1.0	3.01759669285469	True	False	True
X	123050000	123100000	1.0	3.01759669285469	True	False	True
X	123100000	123150000	1.0	3.01759669285469	True	False	True
X	123150000	123200000	1.0	3.01759669285469	True	False	True
X	123200000	123250000	1.0	3.01759669285469	True	False	True
X	123250000	123300000	1.0	3.01759669285469	True	False	True
X	123300000	123350000	1.0	2.015447216135025	True	False	True
X	123350000	123400000	1.0	2.015447216135025	True	False	True
X	123400000	123450000	1.0	2.015447216135025	True	False	True
X	123450000	123500000	1.0	2.015447216135025	True	False	True
X	123500000	123550000	1.0	2.015447216135025	True	False	True
X	123550000	123600000	1.0	2.015447216135025	True	False	True
X	123600000	123650000	1.0	2.015447216135025	True	False	True
X	123650000	123700000	1.0	2.015447216135025	True	False	True
X	123700000	123750000	1.0	2.015447216135025	True	False	True
X	123750000	123800000	1.0	2.015447216135025	True	False	True
X	123800000	123850000	1.0	2.015447216135025	True	False	True
X	123850000	123900000	1.0	2.015447216135025	True	False	True
X	123900000	123950000	1.0	2.015447216135025	True	False	True
X	123950000	124000000	1.0	2.015447216135025	True	False	True
X	124000000	124050000	1.0	2.015447216135025	True	False	True
X	124050000	124100000	1.0	2.015447216135025	True	False	True
X	124100000	124150000	1.0	2.015447216135025	True	False	True
X	124150000	124200000	1.0	2.015447216135025	True	False	True
X	124200000	124250000	1.0	2.015447216135025	True	False	True
X	124250000	124300000	1.0	2.015447216135025	True	False	True
X	124300000	124350000	1.0	2.015447216135025	True	False	True
X	124350000	124400000	1.0	2.015447216135025	True	False	True
X	124400000	124450000	1.0	2.015447216135025	True	False	True
X	124450000	124500000	1.0	2.015447216135025	True	False	True
X	124500000	124550000	1.0	2.015447216135025	True	False	True
X	124550000	124600000	1.0	2.015447216135025	True	False	True
X	124600000	124650000	1.0	2.015447216135025	True	False	True
X	124650000	124700000	1.0	2.015447216135025	True	False	True
X	124700000	124750000	1.0	2.015447216135025	True	False	True
X	124750000	124800000	1.0	2.015447216135025	True	False	True
X	124800000	124850000	1.0	2.015447216135025	True	False	True
X	124850000	124900000	1.0	2.015447216135025	True	False	True
X	124900000	124950000	1.0	2.015447216135025	True	False	True
X	124950000	125000000	1.0	2.015447216135025	True	False	True
X	125000000	125050000	1.0	2.015447216135025	True	False	True
X	125050000	125100000	1.0	2.015447216135025	True	False	True
X	125100000	125150000	1.0	2.015447216135025	True	False	True
X	125150000	125200000	1.0	2.015447216135025	True	False	True
X	125200000	125250000	1.0	2.015447216135025	True	False	True
X	125250000	125300000	1.0	2.015447216135025	True	False	True
X	125300000	125350000	0.728342541269567	3.2406877065321797	True	True	False
X	125350000	125400000	0.7173740713976816	3.2406877065321797	True	True	False
X	125400000	125450000	0.6764983319998358	3.2406877065321797	True	True	False
X	125450000	125500000	0.7863147747462119	3.2406877065321797	True	True	False
X	125500000	125550000	0.7426137458409025	3.2406877065321797	True	True	False
X	125550000	125600000	0.7829285297606167	3.2406877065321797	True	True	False
X	125600000	125650000	0.7032480257470081	3.2406877065321797	True	True	False
X	125650000	125700000	0.7700703360496471	3.2406877065321797	True	True	False
X	125700000	125750000	0.8014708080334497	3.2406877065321797	True	True	False
X	125750000	125800000	0.9755018604021601	3.2406877065321797	True	True	False
X	125800000	125850000	0.9686211616374587	3.2406877065321797	True	True	False
X	125850000	125900000	1.0391608938989731	3.2406877065321797	True	True	False
X	125900000	125950000	1.0434380563155237	3.2406877065321797	True	True	False
X	125950000	126000000	1.0604523433001145	3.2406877065321797	True	True	False
X	126000000	126050000	1.1542044419386857	3.2406877065321797	True	True	False
X	126050000	126100000	1.1247335064707484	3.2406877065321797	True	True	False
X	126100000	126150000	1.0417505094105095	3.2406877065321797	True	True	False
X	126150000	126200000	1.1978707245276257	3.2406877065321797	True	True	False
X	126200000	126250000	1.0540767013057466	3.2406877065321797	True	True	False
X	126250000	126300000	0.8852928372296202	3.2406877065321797	True	True	False
X	126300000	126350000	1.1742910429193854	3.2406877065321797	True	True	False
X	126350000	126400000	0.8688438663122927	3.2406877065321797	True	True	False
X	126400000	126450000	0.9902307818157788	3.2406877065321797	True	True	False
X	126450000	126500000	1.158226971506782	3.2406877065321797	True	True	False
X	126500000	126550000	1.0233368647686476	3.2406877065321797	True	True	False
X	126550000	126600000	1.0923182109458023	3.2406877065321797	True	True	False
X	126600000	126650000	1.2787873102461778	3.2406877065321797	True	True	False
X	126650000	126700000	1.0856755984975317	3.2406877065321797	True	True	False
X	126700000	126750000	1.1558556053895734	3.2406877065321797	True	True	False
X	126750000	126800000	1.1499834117331442	3.2406877065321797	True	True	False
X	126800000	126850000	1.265199541175572	3.2406877065321797	True	True	False
X	126850000	126900000	1.1953716439582314	3.2406877065321797	True	True	False
X	126900000	126950000	1.1047235875142978	3.2406877065321797	True	True	False
X	126950000	127000000	1.251977406958318	3.2406877065321797	True	True	False
X	127000000	127050000	1.1554165897944033	3.2406877065321797	True	True	False
X	127050000	127100000	1.2903824140919578	3.2406877065321797	True	True	False
X	127100000	127150000	1.3053183349023374	3.2406877065321797	True	True	False
X	127150000	127200000	1.3075296246947847	3.2406877065321797	True	True	False
X	127200000	127250000	1.5580195219759985	3.2406877065321797	True	True	False
X	127250000	127300000	1.2298767847429826	3.2406877065321797	True	True	False
X	127300000	127350000	1.2949959069429862	3.2406877065321797	True	True	False
X	127350000	127400000	1.0791417337586762	3.2406877065321797	True	True	False
X	127400000	127450000	1.0866295335739173	3.2406877065321797	True	True	False
X	127450000	127500000	0.9303796471946888	3.2406877065321797	True	True	False
X	127500000	127550000	1.0951149933255042	3.2406877065321797	True	True	False
X	127550000	127600000	1.0190690658632622	3.2406877065321797	True	True	False
X	127600000	127650000	1.140400968110628	3.2406877065321797	True	True	False
X	127650000	127700000	1.2008829824846983	3.2406877065321797	True	True	False
X	127700000	127750000	1.0211631234517413	3.2406877065321797	True	True	False
X	127750000	127800000	0.9593857081143692	3.2406877065321797	True	True	False
X	127800000	127850000	1.0185579289967028	3.2406877065321797	True	True	False
X	127850000	127900000	0.9247162831256751	3.2406877065321797	True	True	False
X	127900000	127950000	1.2342538290289928	3.2406877065321797	True	True	False
X	127950000	128000000	0.8918175962298126	3.2406877065321797	True	True	False
X	128000000	128050000	1.0537932423819576	3.2406877065321797	True	True	False
X	128050000	128100000	0.9099532466701458	3.2406877065321797	True	True	False
X	128100000	128150000	1.3220082657918557	3.2406877065321797	True	True	False
X	128150000	128200000	0.940153046727214	3.2406877065321797	True	True	False
X	128200000	128250000	0.9091685076389159	3.2406877065321797	True	True	False
X	128250000	128300000	0.9809552505753987	3.2406877065321797	True	True	False
X	128300000	128350000	0.8832716717184108	3.2406877065321797	True	True	False
X	128350000	128400000	0.9631494125016129	3.2406877065321797	True	True	False
X	128400000	128450000	0.9204710411521339	3.2406877065321797	True	True	False
X	128450000	128500000	1.1049053928650603	3.2406877065321797	True	True	False
X	128500000	128550000	0.9121473777500352	3.2406877065321797	True	True	False
X	128550000	128600000	1.111569370374395	3.2406877065321797	True	True	False
X	128600000	128650000	0.8506554163841686	3.2406877065321797	True	True	False
X	128650000	128700000	0.747379093490841	3.2406877065321797	True	True	False
X	128700000	128750000	0.5	3.2406877065321797	True	True	False
X	128750000	128800000	0.5	3.2406877065321797	True	True	False
X	128800000	128850000	0.5	3.2406877065321797	True	True	False
X	128850000	128900000	0.5	3.2406877065321797	True	True	False
X	128900000	128950000	0.5	3.2406877065321797	True	True	False
X	128950000	129000000	0.5	3.2406877065321797	True	True	False
X	129000000	129050000	0.5	3.2406877065321797	True	True	False
X	129050000	129100000	0.5	3.2406877065321797	True	True	False
X	129100000	129150000	0.5	3.2406877065321797	True	True	False
X	129150000	129200000	0.5191110671044896	3.2406877065321797	True	True	False
X	129200000	129250000	1.0	3.2406877065321797	True	False	True
X	129250000	129300000	1.0	2.172867194819621	True	False	True
X	129300000	129350000	1.0	2.172867194819621	True	False	True
X	129350000	129400000	1.0	2.172867194819621	True	False	True
X	129400000	129450000	1.0	2.172867194819621	True	False	True
X	129450000	129500000	1.0	2.172867194819621	True	False	True
X	129500000	129550000	1.0	2.172867194819621	True	False	True
X	129550000	129600000	1.0	2.172867194819621	True	False	True
X	129600000	129650000	1.0	2.172867194819621	True	False	True
X	129650000	129700000	1.0	2.172867194819621	True	False	True
X	129700000	129750000	1.0	2.172867194819621	True	False	True
X	129750000	129800000	1.0	2.172867194819621	True	False	True
X	129800000	129850000	1.0	2.172867194819621	True	False	True
X	129850000	129900000	1.0	2.172867194819621	True	False	True
X	129900000	129950000	1.0	2.172867194819621	True	False	True
X	129950000	130000000	1.0	2.172867194819621	True	False	True
X	130000000	130050000	1.0	2.172867194819621	True	False	True
X	130050000	130100000	1.0	2.172867194819621	True	False	True
X	130100000	130150000	1.0	2.172867194819621	True	False	True
X	130150000	130200000	1.0	2.172867194819621	True	False	True
X	130200000	130250000	1.0	2.172867194819621	True	False	True
X	130250000	130300000	1.0	2.172867194819621	True	False	True
X	130300000	130350000	1.0	2.172867194819621	True	False	True
X	130350000	130400000	1.0	2.172867194819621	True	False	True
X	130400000	130450000	0.5	2.172867194819621	True	True	False
X	130450000	130500000	1.0	2.172867194819621	True	False	False
X	130500000	130550000	1.0	3.976226664593869	True	False	True
X	130550000	130600000	1.0	3.976226664593869	True	False	True
X	130600000	130650000	1.0	3.976226664593869	True	False	True
X	130650000	130700000	1.0	3.976226664593869	True	False	True
X	130700000	130750000	1.0	3.976226664593869	True	False	True
X	130750000	130800000	1.0	3.976226664593869	True	False	True
X	130800000	130850000	1.0	3.976226664593869	True	False	True
X	130850000	130900000	1.0	3.976226664593869	True	False	True
X	130900000	130950000	1.0	3.976226664593869	True	False	True
X	130950000	131000000	1.0	3.976226664593869	True	False	True
X	131000000	131050000	1.0	3.976226664593869	True	False	True
X	131050000	131100000	1.0	3.976226664593869	True	False	True
X	131100000	131150000	1.0	2.254488264189543	True	False	True
X	131150000	131200000	1.0	2.254488264189543	True	False	True
X	131200000	131250000	1.0	2.254488264189543	True	False	True
X	131250000	131300000	1.0	2.254488264189543	True	False	True
X	131300000	131350000	1.0	2.254488264189543	True	False	True
X	131350000	131400000	1.0	2.254488264189543	True	False	True
X	131400000	131450000	1.0	2.254488264189543	True	False	True
X	131450000	131500000	1.0	2.254488264189543	True	False	True
X	131500000	131550000	1.0	2.254488264189543	True	False	True
X	131550000	131600000	1.0	2.254488264189543	True	False	True
X	131600000	131650000	1.0	2.254488264189543	True	False	True
X	131650000	131700000	1.0	2.254488264189543	True	False	True
X	131700000	131750000	1.0	2.254488264189543	True	False	True
X	131750000	131800000	1.0	2.254488264189543	True	False	True
X	131800000	131850000	1.0	2.254488264189543	True	False	True
X	131850000	131900000	1.0	2.254488264189543	True	False	True
X	131900000	131950000	1.0	2.254488264189543	True	False	True
X	131950000	132000000	1.0	2.254488264189543	True	False	True
X	132000000	132050000	1.0	2.254488264189543	True	False	True
X	132050000	132100000	1.0	2.254488264189543	True	False	True
X	132100000	132150000	1.0	2.254488264189543	True	False	True
X	132150000	132200000	1.0	2.254488264189543	True	False	True
X	132200000	132250000	1.0	2.254488264189543	True	False	True
X	132250000	132300000	1.0	2.254488264189543	True	False	True
X	132300000	132350000	1.0	2.254488264189543	True	False	True
X	132350000	132400000	1.0	2.254488264189543	True	False	True
X	132400000	132450000	1.0	2.254488264189543	True	False	True
X	132450000	132500000	1.0	2.254488264189543	True	False	True
X	132500000	132550000	1.0	2.254488264189543	True	False	True
X	132550000	132600000	1.0	2.254488264189543	True	False	True
X	132600000	132650000	1.0	2.254488264189543	True	False	True
X	132650000	132700000	1.0	2.254488264189543	True	False	True
X	132700000	132750000	1.0	2.254488264189543	True	False	True
X	132750000	132800000	1.0	2.254488264189543	True	False	True
X	132800000	132850000	1.0	2.254488264189543	True	False	True
X	132850000	132900000	1.0	2.254488264189543	True	False	True
X	132900000	132950000	1.0	2.254488264189543	True	False	True
X	132950000	133000000	1.0	2.254488264189543	True	False	True
X	133000000	133050000	1.0	2.254488264189543	True	False	True
X	133050000	133100000	1.0	2.254488264189543	True	False	True
X	133100000	133150000	1.0	2.254488264189543	True	False	True
X	133150000	133200000	1.0	2.254488264189543	True	False	True
X	133200000	133250000	1.0	2.254488264189543	True	False	True
X	133250000	133300000	1.0	2.254488264189543	True	False	True
X	133300000	133350000	1.0	2.254488264189543	True	False	True
X	133350000	133400000	1.0	2.254488264189543	True	False	True
X	133400000	133450000	1.0	2.254488264189543	True	False	True
X	133450000	133500000	1.0	2.254488264189543	True	False	True
X	133500000	133550000	1.0	2.254488264189543	True	False	True
X	133550000	133600000	1.0	2.254488264189543	True	False	True
X	133600000	133650000	1.0	2.254488264189543	True	False	True
X	133650000	133700000	1.0	2.254488264189543	True	False	True
X	133700000	133750000	1.0	2.254488264189543	True	False	True
X	133750000	133800000	1.0	2.254488264189543	True	False	True
X	133800000	133850000	1.0	2.254488264189543	True	False	True
X	133850000	133900000	1.0	2.254488264189543	True	False	True
X	133900000	133950000	1.0	2.254488264189543	True	False	True
X	133950000	134000000	1.0	2.254488264189543	True	False	True
X	134000000	134050000	1.0	2.254488264189543	True	False	True
X	134050000	134100000	1.0	2.254488264189543	True	False	True
X	134100000	134150000	1.0	2.254488264189543	True	False	True
X	134150000	134200000	1.0	2.254488264189543	True	False	True
X	134200000	134250000	1.0	2.254488264189543	True	False	True
X	134250000	134300000	1.0	2.254488264189543	True	False	True
X	134300000	134350000	1.0	2.254488264189543	True	False	True
X	134350000	134400000	1.0	2.254488264189543	True	False	True
X	134400000	134450000	1.0	2.254488264189543	True	False	True
X	134450000	134500000	1.0	2.254488264189543	True	False	True
X	134500000	134550000	1.0	2.254488264189543	True	False	True
X	134550000	134600000	1.0	2.254488264189543	True	False	True
X	134600000	134650000	1.0	2.254488264189543	True	False	True
X	134650000	134700000	1.0	2.254488264189543	True	False	True
X	134700000	134750000	1.0	2.254488264189543	True	False	True
X	134750000	134800000	1.0	2.254488264189543	True	False	True
X	134800000	134850000	1.0	2.254488264189543	True	False	True
X	134850000	134900000	1.0	2.254488264189543	True	False	True
X	134900000	134950000	1.0	2.254488264189543	True	False	True
X	134950000	135000000	1.0	2.254488264189543	True	False	True
X	135000000	135050000	1.0	2.254488264189543	True	False	True
X	135050000	135100000	1.0	2.254488264189543	True	False	True
X	135100000	135150000	1.0	2.254488264189543	True	False	True
X	135150000	135200000	1.0	2.254488264189543	True	False	True
X	135200000	135250000	1.0	2.254488264189543	True	False	True
X	135250000	135300000	1.0	2.254488264189543	True	False	True
X	135300000	135350000	1.0	2.254488264189543	True	False	True
X	135350000	135400000	1.0	2.254488264189543	True	False	True
X	135400000	135450000	1.0	2.254488264189543	True	False	True
X	135450000	135500000	1.0	2.254488264189543	True	False	True
X	135500000	135550000	1.0	2.254488264189543	True	False	True
X	135550000	135600000	1.0	2.254488264189543	True	False	True
X	135600000	135650000	1.0	2.254488264189543	True	False	True
X	135650000	135700000	1.0	2.254488264189543	True	False	True
X	135700000	135750000	1.0	2.254488264189543	True	False	True
X	135750000	135800000	1.0	2.254488264189543	True	False	True
X	135800000	135850000	1.0	2.254488264189543	True	False	True
X	135850000	135900000	1.0	2.254488264189543	True	False	True
X	135900000	135950000	1.0	2.254488264189543	True	False	True
X	135950000	136000000	1.0	2.254488264189543	True	False	True
X	136000000	136050000	1.0	2.254488264189543	True	False	True
X	136050000	136100000	1.0	2.254488264189543	True	False	True
X	136100000	136150000	1.0	2.254488264189543	True	False	True
X	136150000	136200000	1.0	2.254488264189543	True	False	True
X	136200000	136250000	1.0	2.254488264189543	True	False	True
X	136250000	136300000	1.0	2.254488264189543	True	False	True
X	136300000	136350000	1.4664741790393017	1.0097512975966858	True	True	False
X	136350000	136400000	1.4348354430945205	1.0097512975966858	True	True	False
X	136400000	136450000	1.3196839906508537	1.0097512975966858	True	True	False
X	136450000	136500000	1.6257659302824574	1.0097512975966858	True	True	False
X	136500000	136550000	0.9588131502126332	1.0097512975966858	True	True	False
X	136550000	136600000	1.0756414406549848	1.0097512975966858	True	True	False
X	136600000	136650000	1.0363928942255316	1.0097512975966858	True	True	False
X	136650000	136700000	0.9261503547494743	1.0097512975966858	True	True	False
X	136700000	136750000	0.7828987641178726	1.0097512975966858	True	True	False
X	136750000	136800000	0.7819823288045307	1.0097512975966858	True	True	False
X	136800000	136850000	0.7146312691250245	1.0097512975966858	True	True	False
X	136850000	136900000	0.8132477257929495	1.0097512975966858	True	True	False
X	136900000	136950000	0.7493297434707992	1.0097512975966858	True	True	False
X	136950000	137000000	0.8224472527160591	1.0097512975966858	True	True	False
X	137000000	137050000	0.9775732964877764	1.0097512975966858	True	True	False
X	137050000	137100000	1.1088446484867422	1.0097512975966858	True	True	False
X	137100000	137150000	1.2095446014985194	1.0097512975966858	True	True	False
X	137150000	137200000	1.2383234428150134	1.0097512975966858	True	True	False
X	137200000	137250000	1.154962941995608	1.0097512975966858	True	True	False
X	137250000	137300000	1.3579804618057463	1.0097512975966858	True	True	False
X	137300000	137350000	0.9864978623801023	1.0097512975966858	True	True	False
X	137350000	137400000	1.050602431808652	1.0097512975966858	True	True	False
X	137400000	137450000	1.0466194117505656	1.0097512975966858	True	True	False
X	137450000	137500000	0.9937444821440512	1.0097512975966858	True	True	False
X	137500000	137550000	0.777448324742855	1.0097512975966858	True	True	False
X	137550000	137600000	1.0472443956991295	1.0097512975966858	True	True	False
X	137600000	137650000	0.8193602296346741	1.0097512975966858	True	True	False
X	137650000	137700000	0.8393990281066293	1.0097512975966858	True	True	False
X	137700000	137750000	0.9312060163335236	1.0097512975966858	True	True	False
X	137750000	137800000	1.2906030271975182	1.0097512975966858	True	True	False
X	137800000	137850000	1.7506916750688883	1.0097512975966858	True	True	False
X	137850000	137900000	1.4842961249724358	1.0097512975966858	True	True	False
X	137900000	137950000	1.0851329275149848	1.0097512975966858	True	True	False
X	137950000	138000000	1.1758496776615002	1.0097512975966858	True	True	False
X	138000000	138050000	0.948749354464807	1.0097512975966858	True	True	False
X	138050000	138100000	0.9583086324517013	1.0097512975966858	True	True	False
X	138100000	138150000	1.0480192762822151	1.0097512975966858	True	True	False
X	138150000	138200000	1.099620682432271	1.0097512975966858	True	True	False
X	138200000	138250000	0.9679094271528778	1.0097512975966858	True	True	False
X	138250000	138300000	0.9368595815046743	1.0097512975966858	True	True	False
X	138300000	138350000	0.9268169764841127	1.0097512975966858	True	True	False
X	138350000	138400000	1.0078058586338732	1.0097512975966858	True	True	False
X	138400000	138450000	0.9316135043791209	1.0097512975966858	True	True	False
X	138450000	138500000	1.0192284392789537	1.0097512975966858	True	True	False
X	138500000	138550000	1.3067409345874106	1.0097512975966858	True	True	False
X	138550000	138600000	1.2507306669723117	1.0097512975966858	True	True	False
X	138600000	138650000	1.3915348857688496	1.0097512975966858	True	True	False
X	138650000	138700000	1.4162795962159558	1.0097512975966858	True	True	False
X	138700000	138750000	1.220328536082476	1.0097512975966858	True	True	False
X	138750000	138800000	1.2347363392329573	1.0097512975966858	True	True	False
X	138800000	138850000	1.2934526219459168	1.0097512975966858	True	True	False
X	138850000	138900000	1.130860943027228	1.0097512975966858	True	True	False
X	138900000	138950000	1.1291094667532553	1.0097512975966858	True	True	False
X	138950000	139000000	0.9338065832619985	1.0097512975966858	True	True	False
X	139000000	139050000	1.468005307324669	1.0097512975966858	True	True	False
X	139050000	139100000	1.3723821265360172	1.0097512975966858	True	True	False
X	139100000	139150000	1.1618878029521358	1.0097512975966858	True	True	False
X	139150000	139200000	1.072918282632477	1.0097512975966858	True	True	False
X	139200000	139250000	0.7502156763993837	1.0097512975966858	True	True	False
X	139250000	139300000	0.7924518584627062	1.0097512975966858	True	True	False
X	139300000	139350000	0.7375158851323219	1.0097512975966858	True	True	False
X	139350000	139400000	0.8454421558188592	1.0097512975966858	True	True	False
X	139400000	139450000	0.8226149928491205	1.0097512975966858	True	True	False
X	139450000	139500000	0.6648298064197526	1.0097512975966858	True	True	False
X	139500000	139550000	0.7219347207904385	1.0097512975966858	True	True	False
X	139550000	139600000	0.8372461815699134	1.0097512975966858	True	True	False
X	139600000	139650000	1.0839446798695942	1.0097512975966858	True	True	False
X	139650000	139700000	0.9389303439780796	1.0097512975966858	True	True	False
X	139700000	139750000	1.2268022608197804	1.0097512975966858	True	True	False
X	139750000	139800000	1.3442138854376044	1.0097512975966858	True	True	False
X	139800000	139850000	0.9517979745158028	1.0097512975966858	True	True	False
X	139850000	139900000	0.6503161793648743	1.0097512975966858	True	True	False
X	139900000	139950000	0.5742538102782135	1.0097512975966858	True	True	False
X	139950000	140000000	0.5142419164206409	1.0097512975966858	True	True	False
X	140000000	140050000	0.6096554328381981	1.0097512975966858	True	True	False
X	140050000	140100000	0.5	1.0097512975966858	True	True	False
X	140100000	140150000	0.5	1.0097512975966858	True	True	False
X	140150000	140200000	0.5	1.0097512975966858	True	True	False
X	140200000	140250000	0.5745260858249736	1.0097512975966858	True	True	False
X	140250000	140300000	0.5	1.0097512975966858	True	True	False
X	140300000	140350000	1.0	1.5123583253691026	True	False	True
X	140350000	140400000	1.0	1.5123583253691026	True	False	True
X	140400000	140450000	1.0	1.5123583253691026	True	False	True
X	140450000	140500000	1.0	1.5123583253691026	True	False	True
X	140500000	140550000	1.0	1.5123583253691026	True	False	True
X	140550000	140600000	1.0	1.5123583253691026	True	False	True
X	140600000	140650000	1.0	1.5123583253691026	True	False	True
X	140650000	140700000	1.0	1.5123583253691026	True	False	True
X	140700000	140750000	1.0	1.5123583253691026	True	False	True
X	140750000	140800000	1.0	1.5123583253691026	True	False	True
X	140800000	140850000	1.0	1.5123583253691026	True	False	True
X	140850000	140900000	1.0	1.5123583253691026	True	False	True
X	140900000	140950000	1.0	1.5123583253691026	True	False	True
X	140950000	141000000	1.0	1.5123583253691026	True	False	True
X	141000000	141050000	1.0	1.5123583253691026	True	False	True
X	141050000	141100000	1.0	1.5123583253691026	True	False	True
X	141100000	141150000	0.5	2.00917050326763	True	True	False
X	141150000	141200000	1.0	2.00917050326763	True	False	True
X	141200000	141250000	1.0	2.00917050326763	True	False	True
X	141250000	141300000	1.0	2.00917050326763	True	False	True
X	141300000	141350000	1.0	2.00917050326763	True	False	True
X	141350000	141400000	1.0	2.00917050326763	True	False	True
X	141400000	141450000	1.0	2.00917050326763	True	False	True
X	141450000	141500000	1.0	2.00917050326763	True	False	True
X	141500000	141550000	1.0	2.00917050326763	True	False	True
X	141550000	141600000	1.0	2.00917050326763	True	False	True
X	141600000	141650000	1.0	2.00917050326763	True	False	True
X	141650000	141700000	1.0	2.00917050326763	True	False	True
X	141700000	141750000	1.0	2.00917050326763	True	False	True
X	141750000	141800000	1.0	2.00917050326763	True	False	True
X	141800000	141850000	1.0	2.00917050326763	True	False	True
X	141850000	141900000	1.0	2.00917050326763	True	False	True
X	141900000	141950000	1.0	2.00917050326763	True	False	True
X	141950000	142000000	1.0	2.00917050326763	True	False	True
X	142000000	142050000	1.0	2.00917050326763	True	False	True
X	142050000	142100000	1.0	2.00917050326763	True	False	True
X	142100000	142150000	1.0	2.00917050326763	True	False	True
X	142150000	142200000	0.6347853948550618	3.0188519370411195	True	True	False
X	142200000	142250000	0.6332647151999551	3.0188519370411195	True	True	False
X	142250000	142300000	0.5517867086899066	3.0188519370411195	True	True	False
X	142300000	142350000	0.7130176749445716	3.0188519370411195	True	True	False
X	142350000	142400000	0.6439859395810115	3.0188519370411195	True	True	False
X	142400000	142450000	0.6279550542800527	3.0188519370411195	True	True	False
X	142450000	142500000	0.6760257827565145	3.0188519370411195	True	True	False
X	142500000	142550000	0.8426019764517446	3.0188519370411195	True	True	False
X	142550000	142600000	0.6251062686281167	3.0188519370411195	True	True	False
X	142600000	142650000	0.6619259434118765	3.0188519370411195	True	True	False
X	142650000	142700000	0.7249901235727884	3.0188519370411195	True	True	False
X	142700000	142750000	0.742850923022407	3.0188519370411195	True	True	False
X	142750000	142800000	0.9553281393953745	3.0188519370411195	True	True	False
X	142800000	142850000	0.8437505127793451	3.0188519370411195	True	True	False
X	142850000	142900000	0.8211165717617499	3.0188519370411195	True	True	False
X	142900000	142950000	0.55761539012536	3.0188519370411195	True	True	False
X	142950000	143000000	0.8062385570510588	3.0188519370411195	True	True	False
X	143000000	143050000	0.6760828556107354	3.0188519370411195	True	True	False
X	143050000	143100000	0.879733501293163	3.0188519370411195	True	True	False
X	143100000	143150000	0.8194665498334813	3.0188519370411195	True	True	False
X	143150000	143200000	0.5	3.0188519370411195	True	True	False
X	143200000	143250000	0.5	3.0188519370411195	True	True	False
X	143250000	143300000	0.5	3.0188519370411195	True	True	False
X	143300000	143350000	1.3841622808371747	3.0188519370411195	True	True	False
X	143350000	143400000	1.5232489344488918	3.0188519370411195	True	True	False
X	143400000	143450000	1.473029348325729	3.0188519370411195	True	True	False
X	143450000	143500000	1.898002189970565	3.0188519370411195	True	True	False
X	143500000	143550000	0.5	3.0188519370411195	True	True	False
X	143550000	143600000	1.5642493317511423	3.0188519370411195	True	True	False
X	143600000	143650000	1.99809235097067	3.0188519370411195	True	True	False
X	143650000	143700000	1.99809235097067	3.0188519370411195	True	True	False
X	143700000	143750000	1.99809235097067	3.0188519370411195	True	True	False
X	143750000	143800000	1.0	1.8322292171137968	True	False	True
X	143800000	143850000	1.0	1.8322292171137968	True	False	True
X	143850000	143900000	1.0	1.8322292171137968	True	False	True
X	143900000	143950000	1.0	1.8322292171137968	True	False	True
X	143950000	144000000	1.0	1.8322292171137968	True	False	True
X	144000000	144050000	1.0	1.8322292171137968	True	False	True
X	144050000	144100000	1.0	1.8322292171137968	True	False	True
X	144100000	144150000	1.0	1.8322292171137968	True	False	True
X	144150000	144200000	1.0	1.8322292171137968	True	False	True
X	144200000	144250000	1.0	1.8322292171137968	True	False	True
X	144250000	144300000	1.0	1.8322292171137968	True	False	True
X	144300000	144350000	1.0	1.8322292171137968	True	False	True
X	144350000	144400000	1.0	1.8322292171137968	True	False	True
X	144400000	144450000	1.0	1.8322292171137968	True	False	True
X	144450000	144500000	1.0	1.8322292171137968	True	False	True
X	144500000	144550000	1.0	1.8322292171137968	True	False	True
X	144550000	144600000	1.0	1.8322292171137968	True	False	True
X	144600000	144650000	1.0	1.8322292171137968	True	False	True
X	144650000	144700000	1.0	1.8322292171137968	True	False	True
X	144700000	144750000	1.0	1.8322292171137968	True	False	True
X	144750000	144800000	1.0	1.8322292171137968	True	False	True
X	144800000	144850000	1.0	1.8322292171137968	True	False	True
X	144850000	144900000	1.0	1.8322292171137968	True	False	True
X	144900000	144950000	1.0	1.8322292171137968	True	False	True
X	144950000	145000000	1.0	1.8322292171137968	True	False	True
X	145000000	145050000	1.0	1.8322292171137968	True	False	True
X	145050000	145100000	1.0	1.8322292171137968	True	False	True
X	145100000	145150000	1.0	1.8322292171137968	True	False	True
X	145150000	145200000	1.0	1.8322292171137968	True	False	True
X	145200000	145250000	1.0	1.8322292171137968	True	False	True
X	145250000	145300000	1.0	1.8322292171137968	True	False	True
X	145300000	145350000	1.0	1.8322292171137968	True	False	True
X	145350000	145400000	1.0	1.8322292171137968	True	False	True
X	145400000	145450000	1.0	1.8322292171137968	True	False	True
X	145450000	145500000	1.0	1.8322292171137968	True	False	True
X	145500000	145550000	1.0	1.8322292171137968	True	False	True
X	145550000	145600000	1.0	1.8322292171137968	True	False	True
X	145600000	145650000	1.0	0.9421965797317324	True	False	True
X	145650000	145700000	1.0	0.9421965797317324	True	False	True
X	145700000	145750000	1.0	0.9421965797317324	True	False	True
X	145750000	145800000	1.0	0.9421965797317324	True	False	True
X	145800000	145850000	1.0	0.9421965797317324	True	False	True
X	145850000	145900000	1.0	0.9421965797317324	True	False	True
X	145900000	145950000	1.0	0.9421965797317324	True	False	True
X	145950000	146000000	1.0	0.9421965797317324	True	False	True
X	146000000	146050000	1.0	0.9421965797317324	True	False	True
X	146050000	146100000	1.0	0.9421965797317324	True	False	True
X	146100000	146150000	1.0	0.9421965797317324	True	False	True
X	146150000	146200000	1.0	0.9421965797317324	True	False	True
X	146200000	146250000	1.0	0.9421965797317324	True	False	True
X	146250000	146300000	1.0	0.9421965797317324	True	False	True
X	146300000	146350000	1.0	0.9421965797317324	True	False	True
X	146350000	146400000	1.0	0.9421965797317324	True	False	True
X	146400000	146450000	1.0	0.9421965797317324	True	False	True
X	146450000	146500000	1.0	0.9421965797317324	True	False	True
X	146500000	146550000	1.0	0.9421965797317324	True	False	True
X	146550000	146600000	1.0	0.9421965797317324	True	False	True
X	146600000	146650000	1.0	0.9421965797317324	True	False	True
X	146650000	146700000	1.0	0.9421965797317324	True	False	True
X	146700000	146750000	1.0	0.9421965797317324	True	False	True
X	146750000	146800000	1.0	0.9421965797317324	True	False	True
X	146800000	146850000	1.0	0.9421965797317324	True	False	True
X	146850000	146900000	1.0	0.9421965797317324	True	False	True
X	146900000	146950000	1.0	0.9421965797317324	True	False	True
X	146950000	147000000	1.0	0.9421965797317324	True	False	True
X	147000000	147050000	1.0	0.9421965797317324	True	False	True
X	147050000	147100000	1.0	0.9421965797317324	True	False	True
X	147100000	147150000	1.0	0.9421965797317324	True	False	True
X	147150000	147200000	1.0	0.9421965797317324	True	False	True
X	147200000	147250000	1.0	0.9421965797317324	True	False	True
X	147250000	147300000	1.0	0.9421965797317324	True	False	True
X	147300000	147350000	1.0	0.9421965797317324	True	False	True
X	147350000	147400000	1.0	0.9421965797317324	True	False	True
X	147400000	147450000	1.0	0.9421965797317324	True	False	True
X	147450000	147500000	1.0	0.9421965797317324	True	False	True
X	147500000	147550000	1.0	0.9421965797317324	True	False	True
X	147550000	147600000	1.0	0.9421965797317324	True	False	True
X	147600000	147650000	1.0	0.9421965797317324	True	False	True
X	147650000	147700000	1.0	0.9421965797317324	True	False	True
X	147700000	147750000	1.0	0.9421965797317324	True	False	True
X	147750000	147800000	1.0	0.9421965797317324	True	False	True
X	147800000	147850000	1.0	0.9421965797317324	True	False	True
X	147850000	147900000	1.0	0.9421965797317324	True	False	True
X	147900000	147950000	1.0	0.9421965797317324	True	False	True
X	147950000	148000000	1.0	0.9421965797317324	True	False	True
X	148000000	148050000	1.0	0.9421965797317324	True	False	True
X	148050000	148100000	1.0	0.9421965797317324	True	False	True
X	148100000	148150000	1.0	0.9421965797317324	True	False	True
X	148150000	148200000	1.0	0.9421965797317324	True	False	True
X	148200000	148250000	1.0	0.9421965797317324	True	False	True
X	148250000	148300000	1.0	0.9421965797317324	True	False	True
X	148300000	148350000	1.0	0.9421965797317324	True	False	True
X	148350000	148400000	1.0	0.9421965797317324	True	False	True
X	148400000	148450000	1.0	0.9421965797317324	True	False	True
X	148450000	148500000	1.0	0.9421965797317324	True	False	True
X	148500000	148550000	1.0	0.9421965797317324	True	False	True
X	148550000	148600000	1.0	0.9421965797317324	True	False	True
X	148600000	148650000	1.0	0.9421965797317324	True	False	True
X	148650000	148700000	1.0	0.9421965797317324	True	False	True
X	148700000	148750000	1.0	0.9421965797317324	True	False	True
X	148750000	148800000	1.0	0.9421965797317324	True	False	True
X	148800000	148850000	1.0	0.9421965797317324	True	False	True
X	148850000	148900000	1.0	0.9421965797317324	True	False	True
X	148900000	148950000	1.0	0.9421965797317324	True	False	True
X	148950000	149000000	1.0	0.9421965797317324	True	False	True
X	149000000	149050000	1.0	0.9421965797317324	True	False	True
X	149050000	149100000	1.0	0.9421965797317324	True	False	True
X	149100000	149150000	1.0	0.9421965797317324	True	False	True
X	149150000	149200000	1.0	0.9421965797317324	True	False	True
X	149200000	149250000	1.0	0.9421965797317324	True	False	True
X	149250000	149300000	1.0	0.9421965797317324	True	False	True
X	149300000	149350000	1.0	0.9421965797317324	True	False	True
X	149350000	149400000	1.0	0.9421965797317324	True	False	True
X	149400000	149450000	1.0	0.9421965797317324	True	False	True
X	149450000	149500000	1.0	0.9421965797317324	True	False	True
X	149500000	149550000	1.0	0.9421965797317324	True	False	True
X	149550000	149600000	1.0	0.9421965797317324	True	False	True
X	149600000	149650000	1.0	0.9421965797317324	True	False	True
X	149650000	149700000	1.0	0.9421965797317324	True	False	True
X	149700000	149750000	1.0	0.9421965797317324	True	False	True
X	149750000	149800000	1.0	0.9421965797317324	True	False	True
X	149800000	149850000	1.0	0.9421965797317324	True	False	True
X	149850000	149900000	1.0	0.9421965797317324	True	False	True
X	149900000	149950000	1.0	0.9421965797317324	True	False	True
X	149950000	150000000	1.0	0.9421965797317324	True	False	True
X	150000000	150050000	1.0	0.9421965797317324	True	False	True
X	150050000	150100000	1.0	0.9421965797317324	True	False	True
X	150100000	150150000	1.0	0.9421965797317324	True	False	True
X	150150000	150200000	1.0	0.9421965797317324	True	False	True
X	150200000	150250000	1.0	0.9421965797317324	True	False	True
X	150250000	150300000	1.0	0.9421965797317324	True	False	True
X	150300000	150350000	1.0	0.9421965797317324	True	False	True
X	150350000	150400000	1.0	0.9421965797317324	True	False	True
X	150400000	150450000	1.0	0.9421965797317324	True	False	True
X	150450000	150500000	1.0	0.9421965797317324	True	False	True
X	150500000	150550000	1.0	0.9421965797317324	True	False	True
X	150550000	150600000	1.0	0.9421965797317324	True	False	True
X	150600000	150650000	1.0	0.9421965797317324	True	False	True
X	150650000	150700000	1.0	0.9421965797317324	True	False	True
X	150700000	150750000	1.0	0.9421965797317324	True	False	True
X	150750000	150800000	1.0	0.9421965797317324	True	False	True
X	150800000	150850000	1.0	0.9421965797317324	True	False	True
X	150850000	150900000	1.0	0.9421965797317324	True	False	True
X	150900000	150950000	1.0	0.9421965797317324	True	False	True
X	150950000	151000000	1.0	0.9421965797317324	True	False	True
X	151000000	151050000	1.0	0.9421965797317324	True	False	True
X	151050000	151100000	1.0	0.9421965797317324	True	False	True
X	151100000	151150000	1.0	0.9421965797317324	True	False	True
X	151150000	151200000	1.0	0.9421965797317324	True	False	True
X	151200000	151250000	1.0	0.9421965797317324	True	False	True
X	151250000	151300000	1.0	0.9421965797317324	True	False	True
X	151300000	151350000	1.0	0.9421965797317324	True	False	True
X	151350000	151400000	1.0	0.9421965797317324	True	False	True
X	151400000	151450000	1.0	0.9421965797317324	True	False	True
X	151450000	151500000	1.0	0.9421965797317324	True	False	True
X	151500000	151550000	1.0	0.9421965797317324	True	False	True
X	151550000	151600000	1.0	0.9421965797317324	True	False	True
X	151600000	151650000	1.0	0.9421965797317324	True	False	True
X	151650000	151700000	1.0	0.9421965797317324	True	False	True
X	151700000	151750000	1.0	0.9421965797317324	True	False	True
X	151750000	151800000	1.0	0.9421965797317324	True	False	True
X	151800000	151850000	1.0	0.9421965797317324	True	False	True
X	151850000	151900000	1.0	0.9421965797317324	True	False	True
X	151900000	151950000	1.0	0.9421965797317324	True	False	True
X	151950000	152000000	1.0	0.9421965797317324	True	False	True
X	152000000	152050000	1.0	0.9421965797317324	True	False	True
X	152050000	152100000	1.0	0.9421965797317324	True	False	True
X	152100000	152150000	1.0	0.9421965797317324	True	False	True
X	152150000	152200000	1.0	0.9421965797317324	True	False	True
X	152200000	152250000	1.0	0.9421965797317324	True	False	True
X	152250000	152300000	1.0	0.9421965797317324	True	False	True
X	152300000	152350000	1.0	0.9421965797317324	True	False	True
X	152350000	152400000	1.0	0.9421965797317324	True	False	True
X	152400000	152450000	1.0	0.9421965797317324	True	False	True
X	152450000	152500000	1.0	0.9421965797317324	True	False	True
X	152500000	152550000	1.0	0.9421965797317324	True	False	True
X	152550000	152600000	1.0	0.9421965797317324	True	False	True
X	152600000	152650000	1.0	0.9421965797317324	True	False	True
X	152650000	152700000	1.0	0.9421965797317324	True	False	True
X	152700000	152750000	1.0	0.9421965797317324	True	False	True
X	152750000	152800000	1.0	0.9421965797317324	True	False	True
X	152800000	152850000	1.0	0.9421965797317324	True	False	True
X	152850000	152900000	1.0	0.9421965797317324	True	False	True
X	152900000	152950000	1.0	0.9421965797317324	True	False	True
X	152950000	153000000	1.0	0.9421965797317324	True	False	True
X	153000000	153050000	1.0	0.9421965797317324	True	False	True
X	153050000	153100000	1.0	0.9421965797317324	True	False	True
X	153100000	153150000	1.0	0.9421965797317324	True	False	True
X	153150000	153200000	1.0	0.9421965797317324	True	False	True
X	153200000	153250000	1.0	0.9421965797317324	True	False	True
X	153250000	153300000	1.0	0.9421965797317324	True	False	True
X	153300000	153350000	1.0	0.9421965797317324	True	False	True
X	153350000	153400000	1.0	2.1262334405646675	True	False	True
X	153400000	153450000	1.0	2.1262334405646675	True	False	True
X	153450000	153500000	1.0	2.1262334405646675	True	False	True
X	153500000	153550000	1.0	2.1262334405646675	True	False	True
X	153550000	153600000	1.0	2.1262334405646675	True	False	True
X	153600000	153650000	1.0	2.1262334405646675	True	False	True
X	153650000	153700000	1.0	2.1262334405646675	True	False	True
X	153700000	153750000	1.0	2.1262334405646675	True	False	True
X	153750000	153800000	1.0	2.1262334405646675	True	False	True
X	153800000	153850000	1.0	2.1262334405646675	True	False	True
X	153850000	153900000	1.0	2.1262334405646675	True	False	True
X	153900000	153950000	1.0	2.1262334405646675	True	False	True
X	153950000	154000000	1.0	2.1262334405646675	True	False	True
X	154000000	154050000	1.0	2.1262334405646675	True	False	True
X	154050000	154100000	1.0	2.1262334405646675	True	False	True
X	154100000	154150000	1.0	2.1262334405646675	True	False	True
X	154150000	154200000	1.0	2.1262334405646675	True	False	True
X	154200000	154250000	1.0	2.1262334405646675	True	False	True
X	154250000	154300000	1.0	2.1262334405646675	True	False	True
X	154300000	154350000	1.0	2.1262334405646675	True	False	True
X	154350000	154400000	1.0	2.1262334405646675	True	False	True
X	154400000	154450000	1.0	2.1262334405646675	True	False	True
X	154450000	154500000	1.0	2.1262334405646675	True	False	True
X	154500000	154550000	1.0	2.1262334405646675	True	False	True
X	154550000	154600000	1.0	2.1262334405646675	True	False	True
X	154600000	154650000	1.0	2.1262334405646675	True	False	True
X	154650000	154700000	1.0	2.1262334405646675	True	False	True
X	154700000	154750000	1.0	2.1262334405646675	True	False	True
X	154750000	154800000	1.0	2.1262334405646675	True	False	True
X	154800000	154850000	1.0	2.1262334405646675	True	False	True
X	154850000	154900000	1.0	2.1262334405646675	True	False	True
X	154900000	154950000	1.0	2.1262334405646675	True	False	True
X	154950000	155000000	1.0	0.0181750104012466	False	False	True
X	155000000	155050000	1.0	0.0181750104012466	False	False	True
X	155050000	155100000	1.0	0.0181750104012466	False	False	True
X	155100000	155150000	1.0	0.0181750104012466	False	False	True
X	155150000	155200000	1.0	0.0181750104012466	False	False	True
X	155200000	155250000	1.0		False	False	False
X	155250000	155270560	1.0		False	False	False
