chrom	start	end	cn	bias	valid
X	0	50000		1.0	False
X	50000	100000	0.0133427335380526	1.0	False
X	100000	150000	0.0133427335380526	1.0	False
X	150000	200000	0.0133427335380526	1.0	False
X	200000	250000	0.0133427335380526	1.0	False
X	250000	300000	0.0133427335380526	1.0	False
X	300000	350000	0.0133427335380526	1.0	False
X	350000	400000	0.0133427335380526	1.0	False
X	400000	450000	0.0133427335380526	1.0	False
X	450000	500000	0.0133427335380526	1.0	False
X	500000	550000	0.0133427335380526	1.0	False
X	550000	600000	0.0133427335380526	1.0	False
X	600000	650000	0.0133427335380526	1.0	False
X	650000	700000	0.0133427335380526	1.0	False
X	700000	750000	0.0133427335380526	1.0	False
X	750000	800000	0.0133427335380526	1.0	False
X	800000	850000	0.0133427335380526	1.0	False
X	850000	900000	0.0133427335380526	1.0	False
X	900000	950000	0.0133427335380526	1.0	False
X	950000	1000000	0.0133427335380526	1.0	False
X	1000000	1050000	0.0133427335380526	1.0	False
X	1050000	1100000	0.0133427335380526	1.0	False
X	1100000	1150000	0.0133427335380526	1.0	False
X	1150000	1200000	0.0133427335380526	1.0	False
X	1200000	1250000	0.0133427335380526	1.0	False
X	1250000	1300000	0.0133427335380526	1.0	False
X	1300000	1350000	0.0133427335380526	1.0	False
X	1350000	1400000	0.0133427335380526	1.0	False
X	1400000	1450000	0.0133427335380526	1.0	False
X	1450000	1500000	0.0133427335380526	1.0	False
X	1500000	1550000	0.0133427335380526	1.0	False
X	1550000	1600000	0.0133427335380526	1.0	False
X	1600000	1650000	0.0133427335380526	1.0	False
X	1650000	1700000	0.0133427335380526	1.0	False
X	1700000	1750000	0.0133427335380526	1.0	False
X	1750000	1800000	0.0133427335380526	1.0	False
X	1800000	1850000	0.0133427335380526	1.0	False
X	1850000	1900000	0.0133427335380526	1.0	False
X	1900000	1950000	0.0133427335380526	1.0	False
X	1950000	2000000	0.0133427335380526	1.0	False
X	2000000	2050000	0.0133427335380526	1.0	False
X	2050000	2100000	0.0133427335380526	1.0	False
X	2100000	2150000	0.0133427335380526	1.0	False
X	2150000	2200000	0.0133427335380526	1.0	False
X	2200000	2250000	0.0133427335380526	1.0	False
X	2250000	2300000	0.0133427335380526	1.0	False
X	2300000	2350000	0.0133427335380526	1.0	False
X	2350000	2400000	0.0133427335380526	1.0	False
X	2400000	2450000	0.0133427335380526	1.0	False
X	2450000	2500000	0.0133427335380526	1.0	False
X	2500000	2550000	0.0133427335380526	1.0	False
X	2550000	2600000	0.0133427335380526	1.0	False
X	2600000	2650000	0.0133427335380526	1.0	False
X	2650000	2700000	0.0133427335380526	1.0	False
X	2700000	2750000	2.1894966156892863	0.5	True
X	2750000	2800000	2.1894966156892863	0.7076858112100363	True
X	2800000	2850000	2.1894966156892863	0.8188503575021384	True
X	2850000	2900000	2.1894966156892863	0.7482857515622842	True
X	2900000	2950000	2.1894966156892863	0.9082253760787325	True
X	2950000	3000000	2.1894966156892863	0.8608785343658705	True
X	3000000	3050000	2.1894966156892863	0.9977223109574114	True
X	3050000	3100000	2.1894966156892863	0.8273464366832004	True
X	3100000	3150000	2.1894966156892863	0.8554791435938087	True
X	3150000	3200000	2.1894966156892863	0.909602119051275	True
X	3200000	3250000	2.1894966156892863	0.7205155737263237	True
X	3250000	3300000	2.1894966156892863	0.9259666034203448	True
X	3300000	3350000	2.1894966156892863	0.8554185839073534	True
X	3350000	3400000	2.1894966156892863	0.9063760434589799	True
X	3400000	3450000	2.1894966156892863	0.8299159377914942	True
X	3450000	3500000	2.1894966156892863	0.8579090952257923	True
X	3500000	3550000	2.1894966156892863	0.8374062320910903	True
X	3550000	3600000	2.1894966156892863	0.8176112604694984	True
X	3600000	3650000	2.1894966156892863	0.5122077902283245	True
X	3650000	3700000	0.8263352496296094	1.0747720291493035	True
X	3700000	3750000	0.8263352496296094	1.0682256878846783	True
X	3750000	3800000	0.8263352496296094	0.5	True
X	3800000	3850000	0.8263352496296094	0.5	True
X	3850000	3900000	0.8263352496296094	0.9678508472230256	True
X	3900000	3950000	0.8263352496296094	0.8088942858152858	True
X	3950000	4000000	0.8263352496296094	0.9163291292195781	True
X	4000000	4050000	0.8263352496296094	0.921930912451932	True
X	4050000	4100000	0.8263352496296094	0.9318497878916027	True
X	4100000	4150000	0.8263352496296094	0.9894895649406763	True
X	4150000	4200000	0.8263352496296094	1.0217264483925073	True
X	4200000	4250000	0.8263352496296094	1.0226567369006634	True
X	4250000	4300000	0.8263352496296094	1.0692862181268072	True
X	4300000	4350000	0.8263352496296094	1.120047388128644	True
X	4350000	4400000	0.8263352496296094	0.9819304618447509	True
X	4400000	4450000	0.8263352496296094	1.0930040037297637	True
X	4450000	4500000	0.8263352496296094	1.0113201173337565	True
X	4500000	4550000	0.8263352496296094	0.9952771970684384	True
X	4550000	4600000	0.8263352496296094	1.075394837155858	True
X	4600000	4650000	0.8263352496296094	0.9572807880109838	True
X	4650000	4700000	0.8263352496296094	0.9280925576662556	True
X	4700000	4750000	0.8263352496296094	0.978716300321801	True
X	4750000	4800000	0.8263352496296094	1.0082003312821792	True
X	4800000	4850000	0.8263352496296094	0.9462056324071767	True
X	4850000	4900000	0.8263352496296094	0.9921804814305999	True
X	4900000	4950000	0.8263352496296094	0.9835767367331626	True
X	4950000	5000000	0.8263352496296094	1.0655112307258452	True
X	5000000	5050000	0.8263352496296094	1.0521705980355163	True
X	5050000	5100000	0.8263352496296094	1.0695569108776057	True
X	5100000	5150000	0.8263352496296094	1.0337645864755771	True
X	5150000	5200000	0.8263352496296094	0.9404001197220786	True
X	5200000	5250000	0.8263352496296094	0.956466885747751	True
X	5250000	5300000	0.8263352496296094	0.9502071286222585	True
X	5300000	5350000	0.8263352496296094	0.9624712529050581	True
X	5350000	5400000	0.8263352496296094	0.8708711270186429	True
X	5400000	5450000	0.8263352496296094	0.9475655684887253	True
X	5450000	5500000	0.8263352496296094	0.9267410024257673	True
X	5500000	5550000	0.8263352496296094	1.0197907833624578	True
X	5550000	5600000	0.8263352496296094	0.972220774423916	True
X	5600000	5650000	0.8263352496296094	0.8824299038523431	True
X	5650000	5700000	0.8263352496296094	0.964141238569706	True
X	5700000	5750000	0.8263352496296094	0.8098769921111021	True
X	5750000	5800000	0.8263352496296094	0.9435490493148039	True
X	5800000	5850000	0.8263352496296094	0.9372011758824675	True
X	5850000	5900000	0.8263352496296094	0.9754176342905784	True
X	5900000	5950000	0.8263352496296094	1.071260246096156	True
X	5950000	6000000	0.8263352496296094	1.089943327019825	True
X	6000000	6050000	0.8263352496296094	0.9625728666827303	True
X	6050000	6100000	0.8263352496296094	0.9902006598585582	True
X	6100000	6150000	0.8263352496296094	0.9813450290162319	True
X	6150000	6200000	0.8263352496296094	0.9475425896916475	True
X	6200000	6250000	0.8263352496296094	0.9630479612537581	True
X	6250000	6300000	0.8263352496296094	1.1058403183217873	True
X	6300000	6350000	0.8263352496296094	1.1030102790511793	True
X	6350000	6400000	0.8263352496296094	0.9960249510553632	True
X	6400000	6450000	0.8263352496296094	0.9984845759647517	True
X	6450000	6500000	0.8263352496296094	0.9318211141763714	True
X	6500000	6550000	0.8263352496296094	1.054257794666165	True
X	6550000	6600000	0.8263352496296094	1.1115032941510017	True
X	6600000	6650000	0.8263352496296094	1.0790564454751228	True
X	6650000	6700000	0.8263352496296094	1.1390494798061668	True
X	6700000	6750000	0.8263352496296094	1.0873728105742106	True
X	6750000	6800000	0.8263352496296094	1.0220293426937082	True
X	6800000	6850000	0.8263352496296094	1.0471662870503915	True
X	6850000	6900000	0.8263352496296094	1.0037627534044824	True
X	6900000	6950000	0.8263352496296094	0.8927102450861066	True
X	6950000	7000000	0.8263352496296094	0.985224748809038	True
X	7000000	7050000	0.8263352496296094	1.0275326165734657	True
X	7050000	7100000	0.8263352496296094	1.15346229786699	True
X	7100000	7150000	0.8263352496296094	0.9748701994162553	True
X	7150000	7200000	0.0047015692986765	1.0	False
X	7200000	7250000	0.0047015692986765	1.0	False
X	7250000	7300000	0.0047015692986765	1.0	False
X	7300000	7350000	0.0047015692986765	1.0	False
X	7350000	7400000	0.0047015692986765	1.0	False
X	7400000	7450000	0.0047015692986765	1.0	False
X	7450000	7500000	0.0047015692986765	1.0	False
X	7500000	7550000	0.0047015692986765	1.0	False
X	7550000	7600000	0.0047015692986765	1.0	False
X	7600000	7650000	1.0416689800537864	0.5	True
X	7650000	7700000	1.0416689800537864	0.525935737239896	True
X	7700000	7750000	1.0416689800537864	0.806858734207424	True
X	7750000	7800000	1.0416689800537864	1.9185470458980218	True
X	7800000	7850000	1.0416689800537864	1.938055852953578	True
X	7850000	7900000	1.0416689800537864	1.983488442406974	True
X	7900000	7950000	1.0416689800537864	0.973044926961974	True
X	7950000	8000000	1.0416689800537864	0.866624460054935	True
X	8000000	8050000	1.0416689800537864	0.8537606450873244	True
X	8050000	8100000	1.0416689800537864	0.9199537813733931	True
X	8100000	8150000	1.0416689800537864	0.7648425355090999	True
X	8150000	8200000	1.0416689800537864	1.000260627895407	True
X	8200000	8250000	1.0416689800537864	0.8352772546311694	True
X	8250000	8300000	1.0416689800537864	1.0740010366553931	True
X	8300000	8350000	1.0416689800537864	0.9716756715585414	True
X	8350000	8400000	1.0416689800537864	0.983432462763601	True
X	8400000	8450000	1.0416689800537864	0.8403966520767965	True
X	8450000	8500000	1.0416689800537864	0.8593890023578686	True
X	8500000	8550000	1.0416689800537864	0.9421357058712876	True
X	8550000	8600000	1.0416689800537864	1.0821444417201462	True
X	8600000	8650000	1.0416689800537864	0.8885480577739213	True
X	8650000	8700000	1.0416689800537864	1.0446863311527117	True
X	8700000	8750000	1.0416689800537864	1.111373793255622	True
X	8750000	8800000	1.0416689800537864	0.9554491545540106	True
X	8800000	8850000	1.0416689800537864	1.1094312595638285	True
X	8850000	8900000	1.0416689800537864	0.9589374905121183	True
X	8900000	8950000	1.0416689800537864	1.115322228957021	True
X	8950000	9000000	1.0416689800537864	0.932707946349148	True
X	9000000	9050000	1.0416689800537864	0.9395410085464295	True
X	9050000	9100000	1.0416689800537864	0.9583077503951972	True
X	9100000	9150000	1.0416689800537864	1.03796768159686	True
X	9150000	9200000	1.0416689800537864	1.03036974588451	True
X	9200000	9250000	1.0416689800537864	0.9900216738522044	True
X	9250000	9300000	1.0416689800537864	1.0198420057836446	True
X	9300000	9350000	1.0416689800537864	1.1228626894964016	True
X	9350000	9400000	1.0416689800537864	1.2076099762385015	True
X	9400000	9450000	1.0416689800537864	1.0864311655792165	True
X	9450000	9500000	1.0416689800537864	0.871106343415778	True
X	9500000	9550000	1.0416689800537864	0.8522201109160941	True
X	9550000	9600000	1.0416689800537864	0.9266301420874146	True
X	9600000	9650000	1.0416689800537864	0.8968508949676974	True
X	9650000	9700000	1.0416689800537864	1.002634262836421	True
X	9700000	9750000	1.0416689800537864	0.8829473324705874	True
X	9750000	9800000	1.0416689800537864	1.0405535817347167	True
X	9800000	9850000	1.0416689800537864	0.9449552378423116	True
X	9850000	9900000	1.0416689800537864	0.8966518205279503	True
X	9900000	9950000	1.0416689800537864	0.9488978487644352	True
X	9950000	10000000	1.0416689800537864	1.0532259681126401	True
X	10000000	10050000	1.0416689800537864	0.9715242297891146	True
X	10050000	10100000	1.0416689800537864	0.87410962565035	True
X	10100000	10150000	1.0416689800537864	1.0355251320452328	True
X	10150000	10200000	1.0416689800537864	1.0477758239062416	True
X	10200000	10250000	1.0416689800537864	0.9392832841393624	True
X	10250000	10300000	1.0416689800537864	0.9731495156498609	True
X	10300000	10350000	1.0416689800537864	1.1380581749219478	True
X	10350000	10400000	1.0416689800537864	1.0239833940840615	True
X	10400000	10450000	1.0416689800537864	1.0663946483158513	True
X	10450000	10500000	1.0416689800537864	1.0354171267787613	True
X	10500000	10550000	1.0416689800537864	1.1294886622742635	True
X	10550000	10600000	1.0416689800537864	1.208480928410996	True
X	10600000	10650000	1.0416689800537864	1.0006334902835394	True
X	10650000	10700000	1.0416689800537864	1.0274434129202303	True
X	10700000	10750000	1.0416689800537864	0.7610731595192254	True
X	10750000	10800000	1.0416689800537864	0.5	True
X	10800000	10850000	1.0416689800537864	0.9826429506211509	True
X	10850000	10900000	1.0416689800537864	0.8363553891781391	True
X	10900000	10950000	1.0416689800537864	0.9908878639256137	True
X	10950000	11000000	1.0416689800537864	1.7015366304905788	True
X	11000000	11050000	1.0416689800537864	1.6220629303783067	True
X	11050000	11100000	1.0416689800537864	1.7385992462352493	True
X	11100000	11150000	1.0416689800537864	1.983488442406974	True
X	11150000	11200000	1.0416689800537864	1.7170486121936561	True
X	11200000	11250000	1.0416689800537864	1.790434527531106	True
X	11250000	11300000	1.0416689800537864	1.7551974684698695	True
X	11300000	11350000	0.0039084282990677	1.0	False
X	11350000	11400000	0.0039084282990677	1.0	False
X	11400000	11450000	0.0039084282990677	1.0	False
X	11450000	11500000	0.0039084282990677	1.0	False
X	11500000	11550000	0.0039084282990677	1.0	False
X	11550000	11600000	0.0039084282990677	1.0	False
X	11600000	11650000	0.0039084282990677	1.0	False
X	11650000	11700000	1.6965443725809364	0.5186878711136802	True
X	11700000	11750000	1.6965443725809364	1.1306524194662588	True
X	11750000	11800000	1.6965443725809364	1.1739761227756715	True
X	11800000	11850000	1.6965443725809364	1.1897788270475937	True
X	11850000	11900000	1.6965443725809364	1.098570961706667	True
X	11900000	11950000	1.6965443725809364	1.0543578038967347	True
X	11950000	12000000	1.6965443725809364	1.1532043494948647	True
X	12000000	12050000	1.6965443725809364	1.1072010234876974	True
X	12050000	12100000	1.6965443725809364	1.2226374930162396	True
X	12100000	12150000	1.6965443725809364	1.0596610148866104	True
X	12150000	12200000	1.6965443725809364	1.1489249822931191	True
X	12200000	12250000	1.6965443725809364	1.1082819264800692	True
X	12250000	12300000	1.6965443725809364	1.111544375450365	True
X	12300000	12350000	1.6965443725809364	1.1331661488077158	True
X	12350000	12400000	1.6965443725809364	1.1302941790862309	True
X	12400000	12450000	1.6965443725809364	1.0328441450785946	True
X	12450000	12500000	1.6965443725809364	1.1203842248112152	True
X	12500000	12550000	1.6965443725809364	1.020057593594619	True
X	12550000	12600000	1.6965443725809364	1.2600156801173965	True
X	12600000	12650000	1.6965443725809364	1.3463862069001946	True
X	12650000	12700000	1.6965443725809364	1.167345031150846	True
X	12700000	12750000	1.6965443725809364	1.3088461778394	True
X	12750000	12800000	2.2859585115241443	0.9308114121830704	True
X	12800000	12850000	2.2859585115241443	1.1115529910814246	True
X	12850000	12900000	2.2859585115241443	0.9269095903814315	True
X	12900000	12950000	2.2859585115241443	1.0602386193581044	True
X	12950000	13000000	2.2859585115241443	1.0133387493988217	True
X	13000000	13050000	2.2859585115241443	1.1224787913850214	True
X	13050000	13100000	2.2859585115241443	1.0128369564701365	True
X	13100000	13150000	2.2859585115241443	1.1555465899103528	True
X	13150000	13200000	2.2859585115241443	0.9845682500126177	True
X	13200000	13250000	2.2859585115241443	1.0083502267801054	True
X	13250000	13300000	2.2859585115241443	1.1487736562838866	True
X	13300000	13350000	2.2859585115241443	1.0204635327738047	True
X	13350000	13400000	2.2859585115241443	1.0742516688057635	True
X	13400000	13450000	2.2859585115241443	1.0861379512149494	True
X	13450000	13500000	2.2859585115241443	1.008252944518003	True
X	13500000	13550000	2.2859585115241443	1.104861175767512	True
X	13550000	13600000	2.2859585115241443	0.9662883988830888	True
X	13600000	13650000	2.2859585115241443	0.9942870474398509	True
X	13650000	13700000	2.2859585115241443	1.196345719949287	True
X	13700000	13750000	2.2859585115241443	1.03237812591439	True
X	13750000	13800000	2.2859585115241443	1.055046692849042	True
X	13800000	13850000	2.2859585115241443	1.098724669416462	True
X	13850000	13900000	2.2859585115241443	0.9571459414638104	True
X	13900000	13950000	2.2859585115241443	1.0617344312141181	True
X	13950000	14000000	2.2859585115241443	0.9110517074311845	True
X	14000000	14050000	2.2859585115241443	0.8880211473035288	True
X	14050000	14100000	2.2859585115241443	1.1335110505257482	True
X	14100000	14150000	2.2859585115241443	0.8745329162555284	True
X	14150000	14200000	2.2859585115241443	1.0024712714172745	True
X	14200000	14250000	2.2859585115241443	0.9181621313042684	True
X	14250000	14300000	2.2859585115241443	1.0199041164330946	True
X	14300000	14350000	2.2859585115241443	0.9590459285628682	True
X	14350000	14400000	2.2859585115241443	0.9546202023947326	True
X	14400000	14450000	2.2859585115241443	0.9259066373585959	True
X	14450000	14500000	2.2859585115241443	1.0600459412797918	True
X	14500000	14550000	2.2859585115241443	1.0166509054268358	True
X	14550000	14600000	2.2859585115241443	0.9035375908169836	True
X	14600000	14650000	2.2859585115241443	0.8907409316487278	True
X	14650000	14700000	2.2859585115241443	1.0731753907859132	True
X	14700000	14750000	2.2859585115241443	1.0006868694781856	True
X	14750000	14800000	2.2859585115241443	0.9972815955143676	True
X	14800000	14850000	2.2859585115241443	1.0317711257386966	True
X	14850000	14900000	2.2859585115241443	1.0399647817122035	True
X	14900000	14950000	2.2859585115241443	0.8969569235862478	True
X	14950000	15000000	2.2859585115241443	1.00481133686692	True
X	15000000	15050000	2.2859585115241443	0.9949927522344417	True
X	15050000	15100000	2.2859585115241443	1.0330053424036487	True
X	15100000	15150000	2.2859585115241443	0.984376972914497	True
X	15150000	15200000	2.2859585115241443	1.0648172536285718	True
X	15200000	15250000	2.2859585115241443	0.9842282027913363	True
X	15250000	15300000	2.2859585115241443	0.9966998274475396	True
X	15300000	15350000	2.2859585115241443	1.1517014121807334	True
X	15350000	15400000	2.2859585115241443	0.9867050555497403	True
X	15400000	15450000	2.2859585115241443	0.987309602802907	True
X	15450000	15500000	2.2859585115241443	1.1070242157066692	True
X	15500000	15550000	2.2859585115241443	1.0717385177304268	True
X	15550000	15600000	2.2859585115241443	1.0872149300133431	True
X	15600000	15650000	2.2859585115241443	1.1441534641357156	True
X	15650000	15700000	2.2859585115241443	1.131420835064842	True
X	15700000	15750000	2.2859585115241443	0.9774800063537773	True
X	15750000	15800000	2.2859585115241443	1.060759246108876	True
X	15800000	15850000	2.2859585115241443	1.074832337290137	True
X	15850000	15900000	2.2859585115241443	0.9955047473492653	True
X	15900000	15950000	2.2859585115241443	1.0335347434768927	True
X	15950000	16000000	2.2859585115241443	1.1425306442954273	True
X	16000000	16050000	2.2859585115241443	1.0236316806001486	True
X	16050000	16100000	2.2859585115241443	0.9065173961631819	True
X	16100000	16150000	2.2859585115241443	1.0160075610851247	True
X	16150000	16200000	2.2859585115241443	0.9632831013972057	True
X	16200000	16250000	2.2859585115241443	0.9383653295178119	True
X	16250000	16300000	2.2859585115241443	1.042009411138484	True
X	16300000	16350000	2.2859585115241443	0.9293198808018246	True
X	16350000	16400000	2.2859585115241443	0.8576808700667793	True
X	16400000	16450000	2.2859585115241443	1.0180133997661107	True
X	16450000	16500000	2.2859585115241443	1.2100205189342284	True
X	16500000	16550000	2.2859585115241443	1.0309763304799624	True
X	16550000	16600000	2.2859585115241443	0.9818518905895411	True
X	16600000	16650000	2.2859585115241443	1.0402286608936713	True
X	16650000	16700000	2.2859585115241443	1.128168406472338	True
X	16700000	16750000	2.2859585115241443	1.2142611719076997	True
X	16750000	16800000	2.2859585115241443	1.002702117678356	True
X	16800000	16850000	2.2859585115241443	1.0906039998681532	True
X	16850000	16900000	2.2859585115241443	0.9490022295355217	True
X	16900000	16950000	2.2859585115241443	1.1161910531577508	True
X	16950000	17000000	2.2859585115241443	1.10498239979747	True
X	17000000	17050000	2.2859585115241443	1.0104248509801774	True
X	17050000	17100000	2.2859585115241443	0.9764452833237068	True
X	17100000	17150000	2.2859585115241443	1.0779405059982974	True
X	17150000	17200000	2.2859585115241443	1.0611676644732013	True
X	17200000	17250000	2.2859585115241443	0.8636821000653526	True
X	17250000	17300000	2.2859585115241443	1.094657225305108	True
X	17300000	17350000	2.2859585115241443	0.9398046320827229	True
X	17350000	17400000	2.2859585115241443	1.0532953640270202	True
X	17400000	17450000	2.2859585115241443	1.1307535708180345	True
X	17450000	17500000	2.2859585115241443	1.0131847853511995	True
X	17500000	17550000	2.2859585115241443	0.9522718009916531	True
X	17550000	17600000	2.2859585115241443	1.0017348169561116	True
X	17600000	17650000	1.6024716329819768	1.4768033648979955	True
X	17650000	17700000	1.6024716329819768	1.378985059522624	True
X	17700000	17750000	1.6024716329819768	1.4015434187552078	True
X	17750000	17800000	1.6024716329819768	1.3040477651789248	True
X	17800000	17850000	1.6024716329819768	1.261563128914155	True
X	17850000	17900000	1.6024716329819768	1.2692464407848032	True
X	17900000	17950000	1.6024716329819768	1.1719947604476089	True
X	17950000	18000000	1.6024716329819768	1.444425221692638	True
X	18000000	18050000	1.6024716329819768	1.102796699039236	True
X	18050000	18100000	2.213300229643606	0.7705013342188493	True
X	18100000	18150000	2.213300229643606	0.8883512155352654	True
X	18150000	18200000	2.213300229643606	1.0913111138033114	True
X	18200000	18250000	2.213300229643606	1.0227963986365305	True
X	18250000	18300000	2.213300229643606	1.0077264917640807	True
X	18300000	18350000	2.213300229643606	0.9846624369649168	True
X	18350000	18400000	2.213300229643606	1.18339871050582	True
X	18400000	18450000	2.213300229643606	1.304598124064682	True
X	18450000	18500000	2.213300229643606	1.0214634490474925	True
X	18500000	18550000	2.213300229643606	1.0478711067140056	True
X	18550000	18600000	2.213300229643606	1.0435489373350952	True
X	18600000	18650000	2.213300229643606	0.9746341187036037	True
X	18650000	18700000	2.213300229643606	0.9457540267216371	True
X	18700000	18750000	2.213300229643606	0.9896630069592913	True
X	18750000	18800000	2.213300229643606	1.0345610020390839	True
X	18800000	18850000	2.213300229643606	1.0664442019944447	True
X	18850000	18900000	2.213300229643606	1.0673110204665142	True
X	18900000	18950000	2.213300229643606	1.045024796451532	True
X	18950000	19000000	2.213300229643606	0.9796192241873999	True
X	19000000	19050000	2.213300229643606	1.17610771181421	True
X	19050000	19100000	2.213300229643606	1.1706836243491658	True
X	19100000	19150000	2.213300229643606	1.0302876091522628	True
X	19150000	19200000	2.213300229643606	0.9880192358448494	True
X	19200000	19250000	2.213300229643606	0.9572518597615575	True
X	19250000	19300000	2.213300229643606	0.9480063897941278	True
X	19300000	19350000	2.213300229643606	1.0330390155155935	True
X	19350000	19400000	2.213300229643606	1.119761900281746	True
X	19400000	19450000	2.213300229643606	0.9540665764076582	True
X	19450000	19500000	2.213300229643606	0.9679647876424988	True
X	19500000	19550000	2.213300229643606	1.0100035404911052	True
X	19550000	19600000	2.213300229643606	0.9596988981069511	True
X	19600000	19650000	2.213300229643606	1.0634316326010338	True
X	19650000	19700000	2.213300229643606	1.057111719829212	True
X	19700000	19750000	2.213300229643606	1.029204461224653	True
X	19750000	19800000	2.213300229643606	1.1533770596513515	True
X	19800000	19850000	2.213300229643606	1.0128394449526783	True
X	19850000	19900000	2.213300229643606	1.1137601848329486	True
X	19900000	19950000	2.213300229643606	1.1245624366666545	True
X	19950000	20000000	2.213300229643606	1.0452553670469764	True
X	20000000	20050000	2.213300229643606	0.9147338637949138	True
X	20050000	20100000	2.213300229643606	1.1240448958737437	True
X	20100000	20150000	2.213300229643606	1.0285279903516524	True
X	20150000	20200000	2.213300229643606	1.1317769886704407	True
X	20200000	20250000	2.213300229643606	1.1342207802669964	True
X	20250000	20300000	2.213300229643606	1.2684354371047653	True
X	20300000	20350000	2.213300229643606	1.0719506712093079	True
X	20350000	20400000	2.213300229643606	0.7934624913863614	True
X	20400000	20450000	2.213300229643606	1.0534695846725315	True
X	20450000	20500000	2.213300229643606	1.101903120492276	True
X	20500000	20550000	2.213300229643606	1.2208358369352392	True
X	20550000	20600000	2.213300229643606	1.0066614016629298	True
X	20600000	20650000	2.213300229643606	1.098574530053888	True
X	20650000	20700000	2.213300229643606	1.0012493706628551	True
X	20700000	20750000	2.213300229643606	0.8888777276326879	True
X	20750000	20800000	2.213300229643606	1.021678787163246	True
X	20800000	20850000	2.213300229643606	0.9058955952620863	True
X	20850000	20900000	2.213300229643606	0.989943657859791	True
X	20900000	20950000	2.213300229643606	1.0051037552317843	True
X	20950000	21000000	2.213300229643606	1.041879435048321	True
X	21000000	21050000	2.213300229643606	1.0597738303165298	True
X	21050000	21100000	2.213300229643606	0.9091998026134616	True
X	21100000	21150000	2.213300229643606	0.9499972723256369	True
X	21150000	21200000	2.213300229643606	0.9564433242333261	True
X	21200000	21250000	2.213300229643606	0.9597282547317353	True
X	21250000	21300000	2.213300229643606	0.8978416745104749	True
X	21300000	21350000	2.213300229643606	0.9719676819347577	True
X	21350000	21400000	2.213300229643606	1.0419770446107484	True
X	21400000	21450000	2.213300229643606	1.0797766930370356	True
X	21450000	21500000	2.213300229643606	1.0536910335287752	True
X	21500000	21550000	2.213300229643606	0.9224210168440631	True
X	21550000	21600000	2.213300229643606	0.9709189014379795	True
X	21600000	21650000	2.213300229643606	0.9595063830931662	True
X	21650000	21700000	2.213300229643606	0.9581641829749243	True
X	21700000	21750000	2.213300229643606	1.2702106132947475	True
X	21750000	21800000	2.213300229643606	1.1095017795545319	True
X	21800000	21850000	2.213300229643606	1.0193717535850049	True
X	21850000	21900000	2.213300229643606	1.130610300993006	True
X	21900000	21950000	2.213300229643606	1.17316936953282	True
X	21950000	22000000	2.213300229643606	1.064124372262345	True
X	22000000	22050000	2.213300229643606	1.1106751204087453	True
X	22050000	22100000	2.213300229643606	1.0173554174506567	True
X	22100000	22150000	2.213300229643606	1.1998091579447994	True
X	22150000	22200000	2.213300229643606	1.144221848141523	True
X	22200000	22250000	2.213300229643606	1.1100674346275474	True
X	22250000	22300000	2.213300229643606	1.1232972818912819	True
X	22300000	22350000	2.213300229643606	1.0256286994187898	True
X	22350000	22400000	2.213300229643606	1.0586511762464466	True
X	22400000	22450000	2.213300229643606	1.096651249263857	True
X	22450000	22500000	2.213300229643606	1.1666611462078305	True
X	22500000	22550000	2.213300229643606	1.0312900731413122	True
X	22550000	22600000	2.213300229643606	0.9993520326869739	True
X	22600000	22650000	2.213300229643606	1.1010634138272573	True
X	22650000	22700000	2.213300229643606	0.9864883873636845	True
X	22700000	22750000	2.213300229643606	1.0079880393904188	True
X	22750000	22800000	2.213300229643606	1.063829634721711	True
X	22800000	22850000	2.213300229643606	1.1573785331618942	True
X	22850000	22900000	2.213300229643606	1.064796153484492	True
X	22900000	22950000	2.213300229643606	0.9863116893911654	True
X	22950000	23000000	2.213300229643606	1.1073827849565143	True
X	23000000	23050000	2.213300229643606	1.130709103781547	True
X	23050000	23100000	2.213300229643606	0.9728957062116286	True
X	23100000	23150000	2.213300229643606	1.0992690165762888	True
X	23150000	23200000	2.213300229643606	1.0452262604514813	True
X	23200000	23250000	2.213300229643606	1.045218969875414	True
X	23250000	23300000	2.213300229643606	0.9758347610507307	True
X	23300000	23350000	2.213300229643606	1.0188756886429857	True
X	23350000	23400000	2.213300229643606	1.0428850184587546	True
X	23400000	23450000	2.213300229643606	1.0655444434304575	True
X	23450000	23500000	2.80519142008298	0.8867653809139068	True
X	23500000	23550000	2.80519142008298	0.9165213025777552	True
X	23550000	23600000	2.80519142008298	0.8944796332008007	True
X	23600000	23650000	2.80519142008298	0.9753725385231461	True
X	23650000	23700000	2.80519142008298	0.9789255888020401	True
X	23700000	23750000	2.80519142008298	0.9441292014685938	True
X	23750000	23800000	2.80519142008298	1.0068066550054815	True
X	23800000	23850000	2.80519142008298	0.9585040324565888	True
X	23850000	23900000	2.80519142008298	0.7911974057660965	True
X	23900000	23950000	2.80519142008298	1.1219880311837584	True
X	23950000	24000000	2.80519142008298	0.8695414728193118	True
X	24000000	24050000	2.80519142008298	0.9688045076946551	True
X	24050000	24100000	2.80519142008298	0.8969985400864577	True
X	24100000	24150000	2.80519142008298	0.9373315200877618	True
X	24150000	24200000	2.80519142008298	0.8901893618296913	True
X	24200000	24250000	2.80519142008298	0.9007695969814683	True
X	24250000	24300000	2.80519142008298	1.0921098130896452	True
X	24300000	24350000	2.80519142008298	0.8700331663243636	True
X	24350000	24400000	2.80519142008298	0.934949323123974	True
X	24400000	24450000	2.80519142008298	0.9407973080320424	True
X	24450000	24500000	2.80519142008298	0.9203354181038711	True
X	24500000	24550000	2.80519142008298	0.9532519202409682	True
X	24550000	24600000	2.189496590601238	1.0124196359516988	True
X	24600000	24650000	2.189496590601238	1.0134820815012962	True
X	24650000	24700000	2.189496590601238	1.0227224035071159	True
X	24700000	24750000	2.189496590601238	1.0329336304515315	True
X	24750000	24800000	2.189496590601238	1.0659204478441395	True
X	24800000	24850000	2.189496590601238	0.9711896827704718	True
X	24850000	24900000	2.189496590601238	1.0472526672310725	True
X	24900000	24950000	2.189496590601238	0.9391783250448531	True
X	24950000	25000000	2.189496590601238	0.9083996928787785	True
X	25000000	25050000	2.189496590601238	0.9550874615430465	True
X	25050000	25100000	2.189496590601238	1.0844772267535716	True
X	25100000	25150000	2.189496590601238	0.9565228069789115	True
X	25150000	25200000	2.189496590601238	1.1270946343256576	True
X	25200000	25250000	2.189496590601238	0.9855797690881403	True
X	25250000	25300000	2.189496590601238	0.9310227134587608	True
X	25300000	25350000	2.189496590601238	0.9659404845990912	True
X	25350000	25400000	2.189496590601238	0.9107218049093363	True
X	25400000	25450000	2.189496590601238	1.0	True
X	25450000	25500000	1.9638696601028596	1.0444538464964614	True
X	25500000	25550000	1.9638696601028596	0.9936876680423259	True
X	25550000	25600000	1.9638696601028596	1.048151217845937	True
X	25600000	25650000	1.9638696601028596	1.002182430409532	True
X	25650000	25700000	1.9638696601028596	1.0768396820710044	True
X	25700000	25750000	1.9638696601028596	1.0779086920721654	True
X	25750000	25800000	1.9638696601028596	1.048672464583283	True
X	25800000	25850000	1.9638696601028596	1.0011152692365644	True
X	25850000	25900000	1.9638696601028596	1.1774462660399543	True
X	25900000	25950000	1.9638696601028596	1.0183627228786354	True
X	25950000	26000000	1.9638696601028596	1.047324714546312	True
X	26000000	26050000	1.9638696601028596	1.0839034032233366	True
X	26050000	26100000	1.9638696601028596	0.9527319371229027	True
X	26100000	26150000	1.9638696601028596	0.935441349261853	True
X	26150000	26200000	1.9638696601028596	1.0901498439683812	True
X	26200000	26250000	1.9638696601028596	0.9096760723819248	True
X	26250000	26300000	1.9638696601028596	1.0345357182512263	True
X	26300000	26350000	1.9638696601028596	0.9809119729976429	True
X	26350000	26400000	1.9638696601028596	1.122275411071887	True
X	26400000	26450000	1.9638696601028596	0.988123971450272	True
X	26450000	26500000	1.9638696601028596	1.18571072784437	True
X	26500000	26550000	1.9638696601028596	1.0198236581976698	True
X	26550000	26600000	1.9638696601028596	0.9658570279536186	True
X	26600000	26650000	1.9638696601028596	1.1173925656859875	True
X	26650000	26700000	1.9638696601028596	1.1681966316892747	True
X	26700000	26750000	1.9638696601028596	1.1029077062015993	True
X	26750000	26800000	1.9638696601028596	1.071749084169051	True
X	26800000	26850000	1.9638696601028596	1.1792462330119833	True
X	26850000	26900000	1.9638696601028596	1.1577198555839472	True
X	26900000	26950000	1.9638696601028596	1.0370455452967444	True
X	26950000	27000000	1.9638696601028596	1.100841015081326	True
X	27000000	27050000	1.9638696601028596	1.0420696630052508	True
X	27050000	27100000	1.9638696601028596	1.0108475119687799	True
X	27100000	27150000	1.9638696601028596	1.0531904588767502	True
X	27150000	27200000	1.9638696601028596	0.9222846616360802	True
X	27200000	27250000	1.9638696601028596	0.8802047948591919	True
X	27250000	27300000	1.9638696601028596	1.029281726163236	True
X	27300000	27350000	1.9638696601028596	1.0126873964806473	True
X	27350000	27400000	1.9638696601028596	1.0126479458417759	True
X	27400000	27450000	1.9638696601028596	1.0084044545310158	True
X	27450000	27500000	1.9638696601028596	1.0016922855925103	True
X	27500000	27550000	1.9638696601028596	0.9637316715887146	True
X	27550000	27600000	1.9638696601028596	1.162571842824738	True
X	27600000	27650000	1.9638696601028596	1.1187744383309588	True
X	27650000	27700000	1.9638696601028596	1.086213590482238	True
X	27700000	27750000	1.9638696601028596	1.0536067846926782	True
X	27750000	27800000	1.9638696601028596	1.155614966641569	True
X	27800000	27850000	1.9638696601028596	1.0903119824834202	True
X	27850000	27900000	1.9638696601028596	1.0873081691736073	True
X	27900000	27950000	1.9638696601028596	1.1928157662122698	True
X	27950000	28000000	1.9638696601028596	1.1621857041258372	True
X	28000000	28050000	1.9638696601028596	1.020152637419807	True
X	28050000	28100000	1.9638696601028596	1.0796354829746941	True
X	28100000	28150000	1.9638696601028596	0.9551279219725112	True
X	28150000	28200000	1.9638696601028596	0.9434019336707636	True
X	28200000	28250000	1.9638696601028596	0.986791422969579	True
X	28250000	28300000	1.9638696601028596	1.0642676680990357	True
X	28300000	28350000	1.9638696601028596	0.9901903699384759	True
X	28350000	28400000	1.9638696601028596	1.1540417185497303	True
X	28400000	28450000	1.9638696601028596	1.1531538516458255	True
X	28450000	28500000	1.9638696601028596	1.0729771127707517	True
X	28500000	28550000	1.9638696601028596	1.1248054169705533	True
X	28550000	28600000	1.9638696601028596	1.1244931255417938	True
X	28600000	28650000	1.9638696601028596	1.1007381793805908	True
X	28650000	28700000	1.9638696601028596	1.2413239600845185	True
X	28700000	28750000	1.9638696601028596	1.0028409123808582	True
X	28750000	28800000	1.9638696601028596	1.0542024605992215	True
X	28800000	28850000	1.9638696601028596	1.1378902440398935	True
X	28850000	28900000	1.9638696601028596	0.9268042907138925	True
X	28900000	28950000	1.9638696601028596	0.9377381806932871	True
X	28950000	29000000	1.9638696601028596	1.1149153293949925	True
X	29000000	29050000	1.9638696601028596	1.1416103796803059	True
X	29050000	29100000	1.9638696601028596	1.1013873327962556	True
X	29100000	29150000	1.9638696601028596	1.036855179285522	True
X	29150000	29200000	1.9638696601028596	1.002317362180189	True
X	29200000	29250000	1.9638696601028596	1.0696671985863975	True
X	29250000	29300000	1.9638696601028596	0.9544450808420926	True
X	29300000	29350000	1.9638696601028596	1.0395457513399482	True
X	29350000	29400000	1.9638696601028596	1.061385173147863	True
X	29400000	29450000	1.9638696601028596	0.9901684893682559	True
X	29450000	29500000	1.9638696601028596	1.0173627864591952	True
X	29500000	29550000	1.9638696601028596	1.211137136839747	True
X	29550000	29600000	1.9638696601028596	1.1554821682244365	True
X	29600000	29650000	1.9638696601028596	1.2055323642837599	True
X	29650000	29700000	1.9638696601028596	1.2520699449075527	True
X	29700000	29750000	1.9638696601028596	1.1328277904606896	True
X	29750000	29800000	1.9638696601028596	1.039903305142574	True
X	29800000	29850000	1.9638696601028596	0.9917345676074099	True
X	29850000	29900000	1.9638696601028596	1.1183326977253374	True
X	29900000	29950000	1.9638696601028596	0.9171142519362496	True
X	29950000	30000000	1.9638696601028596	1.1602795488885616	True
X	30000000	30050000	1.9638696601028596	0.9800305964816165	True
X	30050000	30100000	1.9638696601028596	1.242512153968037	True
X	30100000	30150000	1.9638696601028596	0.9645015450563686	True
X	30150000	30200000	1.9638696601028596	1.0957878618535617	True
X	30200000	30250000	1.9638696601028596	1.028118209024821	True
X	30250000	30300000	1.9638696601028596	1.1485402100249995	True
X	30300000	30350000	1.9638696601028596	1.0957737601277824	True
X	30350000	30400000	1.9638696601028596	1.1274602053685414	True
X	30400000	30450000	1.9638696601028596	0.9295022216515656	True
X	30450000	30500000	1.9638696601028596	0.980379905639476	True
X	30500000	30550000	1.9638696601028596	1.1762673532248555	True
X	30550000	30600000	1.9638696601028596	1.16468155858101	True
X	30600000	30650000	1.9638696601028596	1.0420596816515173	True
X	30650000	30700000	1.9638696601028596	1.110905302113416	True
X	30700000	30750000	1.9638696601028596	1.1871874772382331	True
X	30750000	30800000	1.9638696601028596	1.156620209131113	True
X	30800000	30850000	1.9638696601028596	0.7215978349761942	True
X	30850000	30900000	1.9638696601028596	1.163632179084429	True
X	30900000	30950000	1.9638696601028596	1.2181020030527796	True
X	30950000	31000000	1.9638696601028596	1.2565381227301515	True
X	31000000	31050000	1.9638696601028596	1.196196563814568	True
X	31050000	31100000	1.9638696601028596	1.022033268125037	True
X	31100000	31150000	1.9638696601028596	0.9930292964598445	True
X	31150000	31200000	1.9638696601028596	1.1158230381187573	True
X	31200000	31250000	1.9638696601028596	1.126994120465748	True
X	31250000	31300000	1.9638696601028596	1.0777912372654208	True
X	31300000	31350000	1.9638696601028596	1.1923996071143523	True
X	31350000	31400000	1.9638696601028596	1.1881676338515001	True
X	31400000	31450000	1.9638696601028596	1.246478616338318	True
X	31450000	31500000	1.9638696601028596	1.1088632403547916	True
X	31500000	31550000	1.9638696601028596	1.0586772983720947	True
X	31550000	31600000	1.9638696601028596	1.018246950643853	True
X	31600000	31650000	1.9638696601028596	1.0057173418115966	True
X	31650000	31700000	1.9638696601028596	1.2895332177979317	True
X	31700000	31750000	1.9638696601028596	0.9978088703374415	True
X	31750000	31800000	1.9638696601028596	1.004946106087702	True
X	31800000	31850000	1.9638696601028596	1.0363072989084323	True
X	31850000	31900000	1.9638696601028596	0.9771111250368704	True
X	31900000	31950000	1.9638696601028596	1.0045917284545294	True
X	31950000	32000000	1.9638696601028596	1.0059841531903222	True
X	32000000	32050000	1.9638696601028596	0.9741820827150393	True
X	32050000	32100000	1.9638696601028596	1.0646932919944783	True
X	32100000	32150000	1.9638696601028596	1.0864695226899845	True
X	32150000	32200000	1.9638696601028596	1.0395050739618243	True
X	32200000	32250000	1.9638696601028596	0.9402845092870324	True
X	32250000	32300000	1.9638696601028596	1.0605509311279206	True
X	32300000	32350000	1.9638696601028596	0.984405780106076	True
X	32350000	32400000	1.9638696601028596	1.1095241749372626	True
X	32400000	32450000	1.9638696601028596	1.1029647705864984	True
X	32450000	32500000	1.9638696601028596	1.0644223698339679	True
X	32500000	32550000	1.9638696601028596	1.154101783305803	True
X	32550000	32600000	1.9638696601028596	1.0893960770383202	True
X	32600000	32650000	1.9638696601028596	0.9919511180430435	True
X	32650000	32700000	1.9638696601028596	0.9830887779460733	True
X	32700000	32750000	1.9638696601028596	1.1042885230931516	True
X	32750000	32800000	1.9638696601028596	1.1387995278318048	True
X	32800000	32850000	1.9638696601028596	0.9271475911303989	True
X	32850000	32900000	1.9638696601028596	1.1399431520642802	True
X	32900000	32950000	1.9638696601028596	0.99889639848598	True
X	32950000	33000000	1.9638696601028596	0.9535184497137963	True
X	33000000	33050000	1.9638696601028596	0.9443848938974303	True
X	33050000	33100000	1.9638696601028596	1.0124380662312331	True
X	33100000	33150000	1.9638696601028596	1.0632449854416348	True
X	33150000	33200000	1.9638696601028596	1.1362710246465353	True
X	33200000	33250000	1.9638696601028596	1.1723571459647757	True
X	33250000	33300000	1.9638696601028596	1.1770720592981325	True
X	33300000	33350000	1.9638696601028596	1.120853248682069	True
X	33350000	33400000	1.9638696601028596	0.985177405963693	True
X	33400000	33450000	1.9638696601028596	1.0675582314425829	True
X	33450000	33500000	1.9638696601028596	1.2346778978952793	True
X	33500000	33550000	1.9638696601028596	1.0333597534030607	True
X	33550000	33600000	1.9638696601028596	1.052229980838798	True
X	33600000	33650000	1.9638696601028596	1.0596083953926219	True
X	33650000	33700000	1.9638696601028596	0.9921305009186683	True
X	33700000	33750000	1.9638696601028596	1.0267373223809013	True
X	33750000	33800000	1.9638696601028596	1.0775985101670411	True
X	33800000	33850000	1.9638696601028596	1.1948897063898805	True
X	33850000	33900000	1.9638696601028596	1.1269341673029556	True
X	33900000	33950000	1.9638696601028596	1.0810821295011648	True
X	33950000	34000000	1.9638696601028596	1.06615624328185	True
X	34000000	34050000	1.9638696601028596	1.0960443485448477	True
X	34050000	34100000	1.9638696601028596	1.056551487063746	True
X	34100000	34150000	1.9638696601028596	1.0567986512249647	True
X	34150000	34200000	1.9638696601028596	0.9529003578041155	True
X	34200000	34250000	1.9638696601028596	1.1142310503095774	True
X	34250000	34300000	1.9638696601028596	1.0027581458072279	True
X	34300000	34350000	1.9638696601028596	1.1043541124114347	True
X	34350000	34400000	1.9638696601028596	1.1131159236024377	True
X	34400000	34450000	1.9638696601028596	1.1377031135229103	True
X	34450000	34500000	1.9638696601028596	1.1137567354722278	True
X	34500000	34550000	1.9638696601028596	1.1089514653819426	True
X	34550000	34600000	1.9638696601028596	0.9439048281981601	True
X	34600000	34650000	1.9638696601028596	1.2373080997063606	True
X	34650000	34700000	1.9638696601028596	1.0108645651728843	True
X	34700000	34750000	1.9638696601028596	1.132351837574337	True
X	34750000	34800000	1.9638696601028596	0.9540461750077761	True
X	34800000	34850000	1.9638696601028596	1.0503427662331946	True
X	34850000	34900000	1.9638696601028596	1.2329601772448844	True
X	34900000	34950000	1.9638696601028596	1.1649428291777144	True
X	34950000	35000000	1.9638696601028596	1.0572660393870712	True
X	35000000	35050000	1.9638696601028596	1.0384643952611678	True
X	35050000	35100000	1.9638696601028596	1.0615099873817935	True
X	35100000	35150000	1.9638696601028596	1.0134334330883215	True
X	35150000	35200000	1.9638696601028596	1.125161324486773	True
X	35200000	35250000	1.9638696601028596	1.006551653431395	True
X	35250000	35300000	1.9638696601028596	0.9723397575301137	True
X	35300000	35350000	1.9638696601028596	0.9992704855776903	True
X	35350000	35400000	1.9638696601028596	1.1971135436676354	True
X	35400000	35450000	1.9638696601028596	1.2344458058574814	True
X	35450000	35500000	1.9638696601028596	1.0617690195661165	True
X	35500000	35550000	1.9638696601028596	1.0539664211132194	True
X	35550000	35600000	1.9638696601028596	1.1243465462454278	True
X	35600000	35650000	1.9638696601028596	1.106006575374552	True
X	35650000	35700000	1.9638696601028596	1.0547418496929066	True
X	35700000	35750000	1.9638696601028596	1.0626466539447454	True
X	35750000	35800000	1.9638696601028596	1.1664347162449342	True
X	35800000	35850000	1.9638696601028596	1.219155236825652	True
X	35850000	35900000	1.9638696601028596	1.089454948864818	True
X	35900000	35950000	1.9638696601028596	1.1126962278274843	True
X	35950000	36000000	1.9638696601028596	0.9918371432890304	True
X	36000000	36050000	1.9638696601028596	1.0887765460971899	True
X	36050000	36100000	1.9638696601028596	1.142959705190736	True
X	36100000	36150000	1.9638696601028596	1.0146146406806589	True
X	36150000	36200000	1.9638696601028596	1.0843472115104291	True
X	36200000	36250000	1.9638696601028596	1.109827713177088	True
X	36250000	36300000	1.9638696601028596	1.093729948536829	True
X	36300000	36350000	1.9638696601028596	1.0436605379163284	True
X	36350000	36400000	1.9638696601028596	0.9477612657306016	True
X	36400000	36450000	1.9638696601028596	1.1676966183009405	True
X	36450000	36500000	1.9638696601028596	0.9525168925290026	True
X	36500000	36550000	1.9638696601028596	1.0760575821266094	True
X	36550000	36600000	1.9638696601028596	1.0025141314983879	True
X	36600000	36650000	1.9638696601028596	1.0601395657727577	True
X	36650000	36700000	1.9638696601028596	1.11081179858272	True
X	36700000	36750000	1.9638696601028596	0.9320324038945689	True
X	36750000	36800000	1.9638696601028596	0.9042240853776647	True
X	36800000	36850000	1.9638696601028596	0.9907841709357172	True
X	36850000	36900000	1.9638696601028596	1.176665152650854	True
X	36900000	36950000	1.9638696601028596	1.1798190346375086	True
X	36950000	37000000	1.9638696601028596	1.0007419678015037	True
X	37000000	37050000	1.9638696601028596	0.9862516183303611	True
X	37050000	37100000	1.9638696601028596	0.994911730805174	True
X	37100000	37150000	1.9638696601028596	0.5	True
X	37150000	37200000	1.9638696601028596	1.0992711893374176	True
X	37200000	37250000	1.9638696601028596	1.339835181799131	True
X	37250000	37300000	1.9638696601028596	1.0936583593248748	True
X	37300000	37350000	1.9638696601028596	1.2452105883189644	True
X	37350000	37400000	1.9638696601028596	1.0213885225819161	True
X	37400000	37450000	1.9638696601028596	1.0394294009956455	True
X	37450000	37500000	1.9638696601028596	0.978740736421138	True
X	37500000	37550000	1.9638696601028596	1.1161234656209793	True
X	37550000	37600000	1.9638696601028596	1.1000561762804164	True
X	37600000	37650000	1.9638696601028596	1.1753327269664195	True
X	37650000	37700000	1.9638696601028596	1.1189028431207393	True
X	37700000	37750000	1.9638696601028596	1.2735969766348403	True
X	37750000	37800000	1.9638696601028596	1.159343673099889	True
X	37800000	37850000	1.9638696601028596	1.1995265548055523	True
X	37850000	37900000	1.9638696601028596	1.152065558369961	True
X	37900000	37950000	1.9638696601028596	1.1938130567716447	True
X	37950000	38000000	1.9638696601028596	0.954801070025634	True
X	38000000	38050000	1.9638696601028596	1.1293790071932879	True
X	38050000	38100000	1.9638696601028596	1.1969852630766316	True
X	38100000	38150000	1.9638696601028596	1.2566607674201558	True
X	38150000	38200000	0.915733042875299	1.5859163184398692	True
X	38200000	38250000	0.915733042875299	1.1376863037298082	True
X	38250000	38300000	0.915733042875299	1.1867898108696524	True
X	38300000	38350000	0.915733042875299	1.0328585747088619	True
X	38350000	38400000	0.915733042875299	1.0811508496010747	True
X	38400000	38450000	0.915733042875299	1.0931290698163743	True
X	38450000	38500000	0.915733042875299	1.0718711192349237	True
X	38500000	38550000	0.915733042875299	1.1516299836560413	True
X	38550000	38600000	0.915733042875299	0.9919184198431501	True
X	38600000	38650000	0.915733042875299	1.2500925604160515	True
X	38650000	38700000	0.915733042875299	1.162488377514586	True
X	38700000	38750000	0.915733042875299	1.0681115338309537	True
X	38750000	38800000	0.915733042875299	1.0976375319272138	True
X	38800000	38850000	0.915733042875299	1.0254967208188093	True
X	38850000	38900000	0.915733042875299	1.0625994046964844	True
X	38900000	38950000	0.915733042875299	1.0448093769068287	True
X	38950000	39000000	0.915733042875299	1.2315400708254647	True
X	39000000	39050000	0.915733042875299	1.1205856671121703	True
X	39050000	39100000	0.915733042875299	1.2057203642664065	True
X	39100000	39150000	0.915733042875299	1.2316515009158362	True
X	39150000	39200000	0.915733042875299	1.0321207110551394	True
X	39200000	39250000	0.915733042875299	1.2236536404538516	True
X	39250000	39300000	0.915733042875299	1.0125846310598001	True
X	39300000	39350000	0.915733042875299	0.954291289169283	True
X	39350000	39400000	0.915733042875299	0.989652190876249	True
X	39400000	39450000	0.915733042875299	1.0306013315072446	True
X	39450000	39500000	0.915733042875299	1.1070288442832124	True
X	39500000	39550000	0.915733042875299	1.1475268650646828	True
X	39550000	39600000	0.915733042875299	1.1808074641993491	True
X	39600000	39650000	0.915733042875299	1.0970337519440474	True
X	39650000	39700000	0.915733042875299	1.1382823065626886	True
X	39700000	39750000	0.915733042875299	1.0568676895961668	True
X	39750000	39800000	0.915733042875299	1.1071618656214155	True
X	39800000	39850000	0.915733042875299	1.1522583951561474	True
X	39850000	39900000	0.915733042875299	1.1184128054019147	True
X	39900000	39950000	0.915733042875299	1.1208594413278505	True
X	39950000	40000000	1.111955591900403	1.0456761317572518	True
X	40000000	40050000	1.111955591900403	1.1164314553104657	True
X	40050000	40100000	1.111955591900403	1.0095994050763524	True
X	40100000	40150000	1.111955591900403	1.017038379032029	True
X	40150000	40200000	1.111955591900403	0.9362324969149036	True
X	40200000	40250000	1.111955591900403	0.9749904709742981	True
X	40250000	40300000	1.111955591900403	0.9587623809560722	True
X	40300000	40350000	1.111955591900403	1.0985156308880966	True
X	40350000	40400000	1.111955591900403	1.048308799716081	True
X	40400000	40450000	1.111955591900403	1.0827680275847675	True
X	40450000	40500000	1.111955591900403	1.0614147860940921	True
X	40500000	40550000	1.111955591900403	1.1028756940895852	True
X	40550000	40600000	1.3602758239983217	0.8940965950630392	True
X	40600000	40650000	1.3602758239983217	0.9488942925312495	True
X	40650000	40700000	1.3602758239983217	0.9315202840126768	True
X	40700000	40750000	1.3602758239983217	0.8641720338823567	True
X	40750000	40800000	1.3602758239983217	0.9401156191869188	True
X	40800000	40850000	1.3602758239983217	0.8817513789201891	True
X	40850000	40900000	1.3602758239983217	0.9864906749314213	True
X	40900000	40950000	1.3602758239983217	0.9386812277428717	True
X	40950000	41000000	1.3602758239983217	1.0525957017098868	True
X	41000000	41050000	1.3602758239983217	0.9862755208547354	True
X	41050000	41100000	1.3602758239983217	0.8883349392780058	True
X	41100000	41150000	1.3602758239983217	0.9937978512656882	True
X	41150000	41200000	1.3602758239983217	0.9573720820990756	True
X	41200000	41250000	1.3602758239983217	0.868813132481181	True
X	41250000	41300000	1.3602758239983217	0.8977096045187242	True
X	41300000	41350000	1.3602758239983217	0.8612078858961502	True
X	41350000	41400000	1.3602758239983217	0.8722738024304354	True
X	41400000	41450000	1.3602758239983217	0.9862899952471111	True
X	41450000	41500000	1.3602758239983217	0.9198483558434362	True
X	41500000	41550000	1.3602758239983217	0.791685422782948	True
X	41550000	41600000	1.3602758239983217	0.8149748022936808	True
X	41600000	41650000	1.3602758239983217	1.0663889900465224	True
X	41650000	41700000	1.3602758239983217	0.9322657873181882	True
X	41700000	41750000	1.0779565670604772	1.068865846396945	True
X	41750000	41800000	1.0779565670604772	1.279955057027044	True
X	41800000	41850000	1.0779565670604772	0.9881849178821398	True
X	41850000	41900000	1.0779565670604772	1.01177647289099	True
X	41900000	41950000	1.0779565670604772	1.1538307429640275	True
X	41950000	42000000	1.0779565670604772	0.9446180162749063	True
X	42000000	42050000	1.0779565670604772	1.1721942362402418	True
X	42050000	42100000	1.0779565670604772	1.0363856675768661	True
X	42100000	42150000	1.0779565670604772	1.0580980006922727	True
X	42150000	42200000	1.0779565670604772	1.1104235606680277	True
X	42200000	42250000	1.0779565670604772	1.0820285833846406	True
X	42250000	42300000	1.0779565670604772	1.0384846270258385	True
X	42300000	42350000	1.0779565670604772	0.892265546305753	True
X	42350000	42400000	1.0779565670604772	1.1417947314933792	True
X	42400000	42450000	1.0779565670604772	0.9987102512567545	True
X	42450000	42500000	1.0779565670604772	1.0431616023892627	True
X	42500000	42550000	1.0779565670604772	0.9511376442129593	True
X	42550000	42600000	1.0779565670604772	1.2404631527403733	True
X	42600000	42650000	1.0779565670604772	1.0185800528806555	True
X	42650000	42700000	1.0779565670604772	1.1402260812297411	True
X	42700000	42750000	1.0779565670604772	0.9108257404676285	True
X	42750000	42800000	1.0779565670604772	0.9790016660163777	True
X	42800000	42850000	1.0779565670604772	1.1215041754961108	True
X	42850000	42900000	1.0779565670604772	0.9085353623934271	True
X	42900000	42950000	1.0779565670604772	1.1674017994545394	True
X	42950000	43000000	1.0779565670604772	0.9842554223055229	True
X	43000000	43050000	1.0779565670604772	1.042319475745684	True
X	43050000	43100000	1.0779565670604772	0.9955133224071221	True
X	43100000	43150000	1.0779565670604772	1.044837220115995	True
X	43150000	43200000	1.0779565670604772	1.0038503207218805	True
X	43200000	43250000	1.0779565670604772	1.125235611887448	True
X	43250000	43300000	1.0779565670604772	1.0109318688331814	True
X	43300000	43350000	1.0779565670604772	1.041568323294547	True
X	43350000	43400000	1.0779565670604772	1.0954425942935266	True
X	43400000	43450000	1.0779565670604772	1.1458154104463494	True
X	43450000	43500000	1.0779565670604772	1.001313900124818	True
X	43500000	43550000	1.0779565670604772	0.9925994011198	True
X	43550000	43600000	1.0779565670604772	1.0013745233106923	True
X	43600000	43650000	1.0779565670604772	1.066257401176086	True
X	43650000	43700000	1.0779565670604772	1.0071769556913333	True
X	43700000	43750000	1.0779565670604772	1.0527208246579622	True
X	43750000	43800000	1.0779565670604772	1.0451094873782387	True
X	43800000	43850000	1.0779565670604772	1.1957596515186828	True
X	43850000	43900000	1.0779565670604772	1.12350676473217	True
X	43900000	43950000	1.0779565670604772	1.0477996809825993	True
X	43950000	44000000	1.0779565670604772	1.0632031396132824	True
X	44000000	44050000	1.0779565670604772	1.0423691060175424	True
X	44050000	44100000	1.0779565670604772	1.1469127434741695	True
X	44100000	44150000	1.0779565670604772	0.9817279956554508	True
X	44150000	44200000	1.0779565670604772	1.0008758291221025	True
X	44200000	44250000	1.0779565670604772	1.1241559594980297	True
X	44250000	44300000	1.0779565670604772	1.218453414908299	True
X	44300000	44350000	1.0779565670604772	0.971232163064515	True
X	44350000	44400000	1.3095754849847936	1.0387317791081994	True
X	44400000	44450000	1.3095754849847936	0.9759440625760281	True
X	44450000	44500000	1.3095754849847936	1.017399536622436	True
X	44500000	44550000	1.3095754849847936	0.9960420152221071	True
X	44550000	44600000	1.3095754849847936	0.9639745484400608	True
X	44600000	44650000	1.3095754849847936	1.0086094303474047	True
X	44650000	44700000	1.3095754849847936	0.9452880406669695	True
X	44700000	44750000	1.3095754849847936	0.9389960717285261	True
X	44750000	44800000	1.3095754849847936	0.8702599501370869	True
X	44800000	44850000	1.3095754849847936	0.9097311913625045	True
X	44850000	44900000	1.3095754849847936	0.855788906222323	True
X	44900000	44950000	1.3095754849847936	0.7935178039782177	True
X	44950000	45000000	1.3095754849847936	0.9275823773230213	True
X	45000000	45050000	1.3095754849847936	0.9017483124653549	True
X	45050000	45100000	1.3095754849847936	0.9874277800122956	True
X	45100000	45150000	1.3095754849847936	0.9519412221437284	True
X	45150000	45200000	1.3095754849847936	1.1217965489673192	True
X	45200000	45250000	1.3095754849847936	0.9964126031251218	True
X	45250000	45300000	1.3095754849847936	0.975749926803236	True
X	45300000	45350000	1.3095754849847936	1.1056893315422653	True
X	45350000	45400000	1.3095754849847936	1.1657016762914139	True
X	45400000	45450000	1.3095754849847936	0.9846322919779201	True
X	45450000	45500000	1.3095754849847936	0.856861113937105	True
X	45500000	45550000	1.3095754849847936	0.83966870024212	True
X	45550000	45600000	1.3095754849847936	0.9828765689256993	True
X	45600000	45650000	1.3095754849847936	0.8909186972213609	True
X	45650000	45700000	1.3095754849847936	0.923419441281712	True
X	45700000	45750000	1.3095754849847936	1.0194069951731564	True
X	45750000	45800000	1.3095754849847936	0.8827675558648564	True
X	45800000	45850000	1.3095754849847936	0.9738824791415963	True
X	45850000	45900000	1.3095754849847936	0.8098228266193008	True
X	45900000	45950000	1.3095754849847936	1.0140270541791871	True
X	45950000	46000000	1.3095754849847936	0.954350476431437	True
X	46000000	46050000	1.3095754849847936	1.0261836853657085	True
X	46050000	46100000	1.3095754849847936	1.068075799833103	True
X	46100000	46150000	1.3095754849847936	1.062201390677814	True
X	46150000	46200000	1.3095754849847936	1.008870738240191	True
X	46200000	46250000	1.3095754849847936	1.0000797229795209	True
X	46250000	46300000	1.3095754849847936	0.9140341466457065	True
X	46300000	46350000	1.3095754849847936	0.9052130370513348	True
X	46350000	46400000	1.3095754849847936	0.8707983578745097	True
X	46400000	46450000	1.3095754849847936	1.0607578120582917	True
X	46450000	46500000	1.3095754849847936	0.8621118075910812	True
X	46500000	46550000	1.3095754849847936	0.9658458593793704	True
X	46550000	46600000	1.3095754849847936	1.048045745144773	True
X	46600000	46650000	1.3095754849847936	0.9471253698297571	True
X	46650000	46700000	1.3095754849847936	1.0319600408374106	True
X	46700000	46750000	1.3095754849847936	0.9603843752572491	True
X	46750000	46800000	1.3095754849847936	0.9275214914696193	True
X	46800000	46850000	1.3095754849847936	0.9346031378011633	True
X	46850000	46900000	1.3095754849847936	1.0036121640809774	True
X	46900000	46950000	1.3095754849847936	0.9233126914949582	True
X	46950000	47000000	1.3095754849847936	0.9709308770365328	True
X	47000000	47050000	1.3095754849847936	0.7983682352746665	True
X	47050000	47100000	1.3095754849847936	0.8601415185654123	True
X	47100000	47150000	1.3095754849847936	0.824022502230433	True
X	47150000	47200000	1.3095754849847936	0.9251755117958071	True
X	47200000	47250000	1.3095754849847936	0.9858563866321658	True
X	47250000	47300000	1.3095754849847936	0.9104110502647642	True
X	47300000	47350000	1.3095754849847936	0.9937324324853568	True
X	47350000	47400000	1.3095754849847936	1.0716566702308985	True
X	47400000	47450000	1.3095754849847936	1.0080425281651446	True
X	47450000	47500000	1.3095754849847936	0.7355866993475049	True
X	47500000	47550000	1.3095754849847936	0.975653383604963	True
X	47550000	47600000	1.3095754849847936	0.8634951696548572	True
X	47600000	47650000	1.3095754849847936	0.9948145912720331	True
X	47650000	47700000	1.3095754849847936	0.9402911732633265	True
X	47700000	47750000	1.3095754849847936	0.9265960749481281	True
X	47750000	47800000	1.3095754849847936	0.7610411322654174	True
X	47800000	47850000	1.3095754849847936	0.9340953054450246	True
X	47850000	47900000	1.3095754849847936	0.9361243459548668	True
X	47900000	47950000	4.262202966444247	0.641964882434724	True
X	47950000	48000000	4.262202966444247	0.5	True
X	48000000	48050000	4.262202966444247	0.6595196013491198	True
X	48050000	48100000	4.262202966444247	0.6944457882198071	True
X	48100000	48150000	4.262202966444247	0.7001672836588296	True
X	48150000	48200000	4.262202966444247	0.6121733171662931	True
X	48200000	48250000	4.262202966444247	0.5	True
X	48250000	48300000	4.262202966444247	0.5	True
X	48300000	48350000	4.262202966444247	0.6766201043454458	True
X	48350000	48400000	4.262202966444247	0.7206533090364639	True
X	48400000	48450000	4.262202966444247	0.650624391170441	True
X	48450000	48500000	4.262202966444247	0.7928472338589283	True
X	48500000	48550000	4.262202966444247	0.6762925818920243	True
X	48550000	48600000	4.262202966444247	0.8130531784384438	True
X	48600000	48650000	4.262202966444247	0.6783850540479495	True
X	48650000	48700000	4.262202966444247	0.6755444880613903	True
X	48700000	48750000	4.262202966444247	0.6723107845626749	True
X	48750000	48800000	4.262202966444247	0.7127115358032906	True
X	48800000	48850000	4.262202966444247	0.6762538498739786	True
X	48850000	48900000	4.262202966444247	0.5992203533379016	True
X	48900000	48950000	4.262202966444247	0.6203486211083377	True
X	48950000	49000000	4.262202966444247	0.7247575612837707	True
X	49000000	49050000	4.262202966444247	0.6851393730748329	True
X	49050000	49100000	4.262202966444247	0.5391854628640012	True
X	49100000	49150000	4.262202966444247	0.592448507323968	True
X	49150000	49200000	4.262202966444247	0.5	True
X	49200000	49250000	4.262202966444247	0.5	True
X	49250000	49300000	4.262202966444247	1.0	False
X	49300000	49350000	4.262202966444247	0.5	True
X	49350000	49400000	4.262202966444247	0.5	True
X	49400000	49450000	1.9035588932352416	1.158379429509468	True
X	49450000	49500000	1.9035588932352416	1.106824213896237	True
X	49500000	49550000	1.9035588932352416	1.262818410170529	True
X	49550000	49600000	1.9035588932352416	1.2360348708127116	True
X	49600000	49650000	1.9035588932352416	1.2492464211465735	True
X	49650000	49700000	1.9035588932352416	1.4022420420814767	True
X	49700000	49750000	1.9035588932352416	0.8958759482130166	True
X	49750000	49800000	1.9035588932352416	0.8740992355208792	True
X	49800000	49850000	1.9035588932352416	0.940284203548669	True
X	49850000	49900000	1.9035588932352416	1.2878571047566911	True
X	49900000	49950000	1.9035588932352416	1.071188009073567	True
X	49950000	50000000	1.9035588932352416	0.6028249233235141	True
X	50000000	50050000	1.9035588932352416	0.6172561357537528	True
X	50050000	50100000	1.9035588932352416	1.0170195964269821	True
X	50100000	50150000	1.9035588932352416	0.993921917445369	True
X	50150000	50200000	1.9035588932352416	1.0341338001327054	True
X	50200000	50250000	1.9035588932352416	0.9187168639119322	True
X	50250000	50300000	1.048261792502106	1.536323858264544	True
X	50300000	50350000	1.048261792502106	0.9986597987067222	True
X	50350000	50400000	1.048261792502106	0.9045917008491178	True
X	50400000	50450000	1.048261792502106	1.1592066919107815	True
X	50450000	50500000	1.048261792502106	0.8960496162159912	True
X	50500000	50550000	1.048261792502106	1.0258592307833845	True
X	50550000	50600000	1.048261792502106	1.0697869004886091	True
X	50600000	50650000	1.048261792502106	1.1606267237344716	True
X	50650000	50700000	1.048261792502106	1.24362597089302	True
X	50700000	50750000	1.048261792502106	0.923962644961247	True
X	50750000	50800000	1.048261792502106	0.8963088628184109	True
X	50800000	50850000	1.048261792502106	1.1112276517396737	True
X	50850000	50900000	1.048261792502106	0.9750289678227573	True
X	50900000	50950000	1.048261792502106	0.9326047369167717	True
X	50950000	51000000	1.048261792502106	0.9618054278646526	True
X	51000000	51050000	1.048261792502106	0.8837407741549567	True
X	51050000	51100000	1.048261792502106	0.9523471903285965	True
X	51100000	51150000	1.048261792502106	0.9852389513785872	True
X	51150000	51200000	1.048261792502106	1.0412422122032507	True
X	51200000	51250000	1.048261792502106	0.9757186900826719	True
X	51250000	51300000	1.048261792502106	1.0326101912126686	True
X	51300000	51350000	1.048261792502106	0.9887462929789755	True
X	51350000	51400000	1.048261792502106	1.1091269214242863	True
X	51400000	51450000	1.048261792502106	0.5	True
X	51450000	51500000	1.048261792502106	0.6776747677183418	True
X	51500000	51550000	1.048261792502106	1.0742290031610935	True
X	51550000	51600000	1.048261792502106	0.967105008886673	True
X	51600000	51650000	1.048261792502106	1.0964758726656136	True
X	51650000	51700000	1.048261792502106	1.2922629921209943	True
X	51700000	51750000	0.1020465458233828	0.5	True
X	51750000	51800000	0.1020465458233828	0.5	True
X	51800000	51850000	0.1020465458233828	0.5	True
X	51850000	51900000	0.1020465458233828	0.5	True
X	51900000	51950000	0.1020465458233828	0.5	True
X	51950000	52000000	0.1020465458233828	1.983488442406974	True
X	52000000	52050000	0.1020465458233828	1.983488442406974	True
X	52050000	52100000	0.1020465458233828	1.983488442406974	True
X	52100000	52150000	0.1020465458233828	1.5958777282208148	True
X	52150000	52200000	0.1020465458233828	1.0	False
X	52200000	52250000	0.1020465458233828	0.5	True
X	52250000	52300000	0.1020465458233828	0.5	True
X	52300000	52350000	0.1020465458233828	1.0	False
X	52350000	52400000	0.1020465458233828	0.5	True
X	52400000	52450000	0.1020465458233828	1.0	False
X	52450000	52500000	0.1020465458233828	1.0	False
X	52500000	52550000	1.442028178315068	0.5	True
X	52550000	52600000	1.442028178315068	0.8973428616917808	True
X	52600000	52650000	1.442028178315068	1.351794817321229	True
X	52650000	52700000	1.442028178315068	1.378495221114749	True
X	52700000	52750000	1.442028178315068	0.5	True
X	52750000	52800000	1.442028178315068	0.5	True
X	52800000	52850000	1.442028178315068	0.5	True
X	52850000	52900000	1.442028178315068	0.713361441305677	True
X	52900000	52950000	1.442028178315068	0.5	True
X	52950000	53000000	1.442028178315068	0.5	True
X	53000000	53050000	1.442028178315068	0.822787810771676	True
X	53050000	53100000	1.442028178315068	0.8140054129760866	True
X	53100000	53150000	1.442028178315068	0.9531428296321997	True
X	53150000	53200000	1.442028178315068	0.9089401575988385	True
X	53200000	53250000	1.442028178315068	0.8770347096744364	True
X	53250000	53300000	1.442028178315068	0.9543668929490925	True
X	53300000	53350000	1.442028178315068	0.9003157050775251	True
X	53350000	53400000	1.442028178315068	0.8063655409272774	True
X	53400000	53450000	1.442028178315068	0.8553474641578573	True
X	53450000	53500000	1.442028178315068	0.9238328188032953	True
X	53500000	53550000	1.442028178315068	0.8988974000618393	True
X	53550000	53600000	1.442028178315068	0.8425612986011692	True
X	53600000	53650000	1.442028178315068	0.7568171782815558	True
X	53650000	53700000	1.442028178315068	0.9370738755939196	True
X	53700000	53750000	1.442028178315068	1.2876531429534968	True
X	53750000	53800000	1.442028178315068	0.8427289843078716	True
X	53800000	53850000	1.442028178315068	0.895911513729281	True
X	53850000	53900000	1.442028178315068	0.955401113166849	True
X	53900000	53950000	1.442028178315068	0.9187862909294231	True
X	53950000	54000000	1.442028178315068	0.8832678058012605	True
X	54000000	54050000	1.442028178315068	0.9470849942409412	True
X	54050000	54100000	2.677523451882822	1.0047510082729691	True
X	54100000	54150000	2.677523451882822	0.958228674232021	True
X	54150000	54200000	2.677523451882822	0.8801125218389316	True
X	54200000	54250000	2.677523451882822	1.0969196589682104	True
X	54250000	54300000	2.677523451882822	0.9426479319549947	True
X	54300000	54350000	2.677523451882822	0.9917141941374477	True
X	54350000	54400000	2.677523451882822	0.8878856861562012	True
X	54400000	54450000	2.677523451882822	0.9145360774139819	True
X	54450000	54500000	2.677523451882822	0.9202282888986769	True
X	54500000	54550000	2.677523451882822	0.9518011019048547	True
X	54550000	54600000	2.677523451882822	0.880227893464363	True
X	54600000	54650000	2.677523451882822	0.874554688928977	True
X	54650000	54700000	2.677523451882822	0.9212364666375991	True
X	54700000	54750000	2.677523451882822	1.0146285888378659	True
X	54750000	54800000	2.677523451882822	0.7777479719031876	True
X	54800000	54850000	2.677523451882822	0.9237402290587866	True
X	54850000	54900000	2.677523451882822	0.8111706499606949	True
X	54900000	54950000	2.677523451882822	0.871527801239267	True
X	54950000	55000000	2.677523451882822	0.7542610927376882	True
X	55000000	55050000	2.677523451882822	0.8491470391330186	True
X	55050000	55100000	1.1677238368734866	1.0272245801529793	True
X	55100000	55150000	1.1677238368734866	1.035394782655953	True
X	55150000	55200000	1.1677238368734866	1.1171648795142863	True
X	55200000	55250000	1.1677238368734866	1.0174767577206751	True
X	55250000	55300000	1.1677238368734866	0.8916741963707485	True
X	55300000	55350000	1.1677238368734866	1.0134968147341867	True
X	55350000	55400000	1.1677238368734866	1.0023442475499045	True
X	55400000	55450000	1.1677238368734866	1.0026557426200615	True
X	55450000	55500000	1.1677238368734866	0.5731905197035465	True
X	55500000	55550000	1.1677238368734866	0.5	True
X	55550000	55600000	1.1677238368734866	0.8609741770792592	True
X	55600000	55650000	1.1677238368734866	0.6090869572956752	True
X	55650000	55700000	0.0120819609135885	1.0	False
X	55700000	55750000	0.0120819609135885	1.0	False
X	55750000	55800000	0.0120819609135885	1.0	False
X	55800000	55850000	0.0120819609135885	1.0	False
X	55850000	55900000	0.0120819609135885	1.0	False
X	55900000	55950000	0.0120819609135885	1.0	False
X	55950000	56000000	0.0120819609135885	1.0	False
X	56000000	56050000	0.0120819609135885	1.0	False
X	56050000	56100000	0.0120819609135885	1.0	False
X	56100000	56150000	0.0120819609135885	1.0	False
X	56150000	56200000	0.0120819609135885	1.0	False
X	56200000	56250000	0.0120819609135885	1.0	False
X	56250000	56300000	0.0120819609135885	1.0	False
X	56300000	56350000	0.0120819609135885	1.0	False
X	56350000	56400000	0.0120819609135885	1.0	False
X	56400000	56450000	0.0120819609135885	1.0	False
X	56450000	56500000	0.0120819609135885	1.0	False
X	56500000	56550000	0.0120819609135885	1.0	False
X	56550000	56600000	0.0120819609135885	1.0	False
X	56600000	56650000	0.0120819609135885	1.0	False
X	56650000	56700000	0.0120819609135885	1.0	False
X	56700000	56750000	0.0120819609135885	1.0	False
X	56750000	56800000	0.0120819609135885	1.0	False
X	56800000	56850000	0.0120819609135885	1.0	False
X	56850000	56900000	0.0120819609135885	1.0	False
X	56900000	56950000	0.0120819609135885	1.0	False
X	56950000	57000000	0.0120819609135885	1.0	False
X	57000000	57050000	0.0120819609135885	1.0	False
X	57050000	57100000	0.0120819609135885	1.0	False
X	57100000	57150000	0.0120819609135885	1.0	False
X	57150000	57200000	0.0120819609135885	1.0	False
X	57200000	57250000	0.0120819609135885	1.0	False
X	57250000	57300000	0.0120819609135885	1.0	False
X	57300000	57350000	0.0120819609135885	1.0	False
X	57350000	57400000	0.0120819609135885	1.0	False
X	57400000	57450000	0.0120819609135885	1.0	False
X	57450000	57500000	0.0120819609135885	1.0	False
X	57500000	57550000	0.0120819609135885	1.0	False
X	57550000	57600000	0.0120819609135885	1.0	False
X	57600000	57650000	0.0120819609135885	1.0	False
X	57650000	57700000	0.0120819609135885	1.0	False
X	57700000	57750000	0.0120819609135885	1.0	False
X	57750000	57800000	0.0120819609135885	1.0	False
X	57800000	57850000	0.0120819609135885	1.0	False
X	57850000	57900000	0.0120819609135885	1.0	False
X	57900000	57950000	0.0120819609135885	1.0	False
X	57950000	58000000	0.0120819609135885	1.0	False
X	58000000	58050000	0.0120819609135885	1.0	False
X	58050000	58100000	0.0120819609135885	1.0	False
X	58100000	58150000		1.0	False
X	58150000	58200000		1.0	False
X	58200000	58250000		1.0	False
X	58250000	58300000		1.0	False
X	58300000	58350000		1.0	False
X	58350000	58400000		1.0	False
X	58400000	58450000		1.0	False
X	58450000	58500000		1.0	False
X	58500000	58550000		1.0	False
X	58550000	58600000		1.0	False
X	58600000	58650000		1.0	False
X	58650000	58700000		1.0	False
X	58700000	58750000		1.0	False
X	58750000	58800000		1.0	False
X	58800000	58850000		1.0	False
X	58850000	58900000		1.0	False
X	58900000	58950000		1.0	False
X	58950000	59000000		1.0	False
X	59000000	59050000		1.0	False
X	59050000	59100000		1.0	False
X	59100000	59150000		1.0	False
X	59150000	59200000		1.0	False
X	59200000	59250000		1.0	False
X	59250000	59300000		1.0	False
X	59300000	59350000		1.0	False
X	59350000	59400000		1.0	False
X	59400000	59450000		1.0	False
X	59450000	59500000		1.0	False
X	59500000	59550000		1.0	False
X	59550000	59600000		1.0	False
X	59600000	59650000		1.0	False
X	59650000	59700000		1.0	False
X	59700000	59750000		1.0	False
X	59750000	59800000		1.0	False
X	59800000	59850000		1.0	False
X	59850000	59900000		1.0	False
X	59900000	59950000		1.0	False
X	59950000	60000000		1.0	False
X	60000000	60050000		1.0	False
X	60050000	60100000		1.0	False
X	60100000	60150000		1.0	False
X	60150000	60200000		1.0	False
X	60200000	60250000		1.0	False
X	60250000	60300000		1.0	False
X	60300000	60350000		1.0	False
X	60350000	60400000		1.0	False
X	60400000	60450000		1.0	False
X	60450000	60500000		1.0	False
X	60500000	60550000		1.0	False
X	60550000	60600000		1.0	False
X	60600000	60650000		1.0	False
X	60650000	60700000		1.0	False
X	60700000	60750000		1.0	False
X	60750000	60800000		1.0	False
X	60800000	60850000		1.0	False
X	60850000	60900000		1.0	False
X	60900000	60950000		1.0	False
X	60950000	61000000		1.0	False
X	61000000	61050000		1.0	False
X	61050000	61100000		1.0	False
X	61100000	61150000		1.0	False
X	61150000	61200000		1.0	False
X	61200000	61250000		1.0	False
X	61250000	61300000		1.0	False
X	61300000	61350000		1.0	False
X	61350000	61400000		1.0	False
X	61400000	61450000		1.0	False
X	61450000	61500000		1.0	False
X	61500000	61550000		1.0	False
X	61550000	61600000		1.0	False
X	61600000	61650000		1.0	False
X	61650000	61700000		1.0	False
X	61700000	61750000		1.0	False
X	61750000	61800000		1.0	False
X	61800000	61850000		1.0	False
X	61850000	61900000		1.0	False
X	61900000	61950000		1.0	False
X	61950000	62000000		1.0	False
X	62000000	62050000		1.0	False
X	62050000	62100000		1.0	False
X	62100000	62150000		1.0	False
X	62150000	62200000		1.0	False
X	62200000	62250000		1.0	False
X	62250000	62300000		1.0	False
X	62300000	62350000		1.0	False
X	62350000	62400000		1.0	False
X	62400000	62450000		1.0	False
X	62450000	62500000		1.0	False
X	62500000	62550000		1.0	False
X	62550000	62600000		1.0	False
X	62600000	62650000		1.0	False
X	62650000	62700000		1.0	False
X	62700000	62750000		1.0	False
X	62750000	62800000		1.0	False
X	62800000	62850000		1.0	False
X	62850000	62900000		1.0	False
X	62900000	62950000		1.0	False
X	62950000	63000000		1.0	False
X	63000000	63050000		1.0	False
X	63050000	63100000		1.0	False
X	63100000	63150000		1.0	False
X	63150000	63200000		1.0	False
X	63200000	63250000		1.0	False
X	63250000	63300000		1.0	False
X	63300000	63350000		1.0	False
X	63350000	63400000		1.0	False
X	63400000	63450000		1.0	False
X	63450000	63500000		1.0	False
X	63500000	63550000		1.0	False
X	63550000	63600000		1.0	False
X	63600000	63650000		1.0	False
X	63650000	63700000		1.0	False
X	63700000	63750000		1.0	False
X	63750000	63800000		1.0	False
X	63800000	63850000	1.1537244503078985	0.6665309500408559	True
X	63850000	63900000	1.1537244503078985	0.618925660824974	True
X	63900000	63950000	1.1537244503078985	0.6852616496942449	True
X	63950000	64000000	1.1537244503078985	0.7280599595665398	True
X	64000000	64050000	1.1537244503078985	0.7044035207906391	True
X	64050000	64100000	1.1537244503078985	0.6863882957398575	True
X	64100000	64150000	1.1537244503078985	0.8003299005068539	True
X	64150000	64200000	1.1537244503078985	0.7216894425558673	True
X	64200000	64250000	1.1537244503078985	0.7121781111562254	True
X	64250000	64300000	1.1537244503078985	0.7978388002605626	True
X	64300000	64350000	1.1537244503078985	0.713917105744129	True
X	64350000	64400000	1.1537244503078985	0.6749075452422694	True
X	64400000	64450000	1.1537244503078985	0.7488281864891303	True
X	64450000	64500000	1.1537244503078985	0.7991349316954722	True
X	64500000	64550000	1.1537244503078985	0.794668288765703	True
X	64550000	64600000	1.1537244503078985	0.8509906613602908	True
X	64600000	64650000	1.1537244503078985	0.8800067989970758	True
X	64650000	64700000	1.1537244503078985	0.8501085220952423	True
X	64700000	64750000	1.1537244503078985	0.9656741106445889	True
X	64750000	64800000	1.1537244503078985	0.9752574415538854	True
X	64800000	64850000	1.1537244503078985	1.021279291628378	True
X	64850000	64900000	1.1537244503078985	0.947797642951623	True
X	64900000	64950000	1.1537244503078985	1.0483992384234224	True
X	64950000	65000000	1.1537244503078985	1.041740106994854	True
X	65000000	65050000	1.1537244503078985	0.8640190280199335	True
X	65050000	65100000	1.1537244503078985	0.9461225167621826	True
X	65100000	65150000	1.1537244503078985	0.8407609535348171	True
X	65150000	65200000	1.1537244503078985	0.8786651679910317	True
X	65200000	65250000	1.1537244503078985	0.9551734264591879	True
X	65250000	65300000	1.1537244503078985	0.781733302826714	True
X	65300000	65350000	1.1537244503078985	0.9362795250112621	True
X	65350000	65400000	1.1537244503078985	0.8728937501304922	True
X	65400000	65450000	1.1537244503078985	0.8298217135477064	True
X	65450000	65500000	1.1537244503078985	0.8548220230810077	True
X	65500000	65550000	1.1537244503078985	0.7922996020753419	True
X	65550000	65600000	1.1537244503078985	0.8620560652143343	True
X	65600000	65650000	1.1537244503078985	0.8411090597845786	True
X	65650000	65700000	1.1537244503078985	0.6890647916998608	True
X	65700000	65750000	1.1537244503078985	0.8414882565811471	True
X	65750000	65800000	1.1537244503078985	0.7243752702670572	True
X	65800000	65850000	1.1537244503078985	0.7665617310003985	True
X	65850000	65900000	1.1537244503078985	0.7937064962714612	True
X	65900000	65950000	1.1537244503078985	0.8495974138913128	True
X	65950000	66000000	1.1537244503078985	0.8843915414591734	True
X	66000000	66050000	1.1537244503078985	0.889691856177355	True
X	66050000	66100000	1.1537244503078985	0.8615244958013907	True
X	66100000	66150000	1.1537244503078985	0.7468228093530174	True
X	66150000	66200000	1.1537244503078985	0.7796818425513932	True
X	66200000	66250000	1.1537244503078985	0.805876003216825	True
X	66250000	66300000	1.1537244503078985	0.8879094157352005	True
X	66300000	66350000	1.1537244503078985	0.7973889273975818	True
X	66350000	66400000	1.1537244503078985	0.894847642803012	True
X	66400000	66450000	1.1537244503078985	0.7750628921259154	True
X	66450000	66500000	1.1537244503078985	0.8829831630810417	True
X	66500000	66550000	1.1537244503078985	0.8625296383497684	True
X	66550000	66600000	1.1537244503078985	0.8615080259779396	True
X	66600000	66650000	1.1537244503078985	0.8204051337756865	True
X	66650000	66700000	1.1537244503078985	0.8532102367188908	True
X	66700000	66750000	1.1537244503078985	0.9252281883091611	True
X	66750000	66800000	1.1537244503078985	0.9663048836703303	True
X	66800000	66850000	1.1537244503078985	0.9466112524203896	True
X	66850000	66900000	1.1537244503078985	0.8383587106731644	True
X	66900000	66950000	1.1537244503078985	0.9938947183758333	True
X	66950000	67000000	1.1537244503078985	0.9534376382728473	True
X	67000000	67050000	1.1537244503078985	0.9096157096966706	True
X	67050000	67100000	1.1537244503078985	0.9507225102332599	True
X	67100000	67150000	1.1537244503078985	0.743252381568721	True
X	67150000	67200000	1.1537244503078985	0.9876087591404772	True
X	67200000	67250000	1.1537244503078985	0.8204282442221695	True
X	67250000	67300000	1.1537244503078985	0.97430078612696	True
X	67300000	67350000	1.1537244503078985	1.0665406057430196	True
X	67350000	67400000	1.1537244503078985	1.0952632062213095	True
X	67400000	67450000	1.1537244503078985	1.1394198516670728	True
X	67450000	67500000	1.1537244503078985	0.8929433104808001	True
X	67500000	67550000	1.1537244503078985	0.9693296213868986	True
X	67550000	67600000	1.1537244503078985	0.9954743824750143	True
X	67600000	67650000	1.1537244503078985	0.9658355308991873	True
X	67650000	67700000	1.1537244503078985	1.1400634581775533	True
X	67700000	67750000	1.1537244503078985	1.1339888061933165	True
X	67750000	67800000	1.1537244503078985	1.0052119294718138	True
X	67800000	67850000	1.1537244503078985	1.0174686556747772	True
X	67850000	67900000	1.1537244503078985	0.8348564780951635	True
X	67900000	67950000	1.1537244503078985	0.7578393661041597	True
X	67950000	68000000	1.1537244503078985	0.996665982772979	True
X	68000000	68050000	1.1537244503078985	1.0074118774134555	True
X	68050000	68100000	1.1537244503078985	0.820563113676056	True
X	68100000	68150000	1.1537244503078985	0.8749261047833876	True
X	68150000	68200000	1.1537244503078985	0.8322890356916597	True
X	68200000	68250000	1.1537244503078985	0.9179899687050384	True
X	68250000	68300000	1.1537244503078985	0.8174521925222838	True
X	68300000	68350000	1.1537244503078985	0.9322856605698251	True
X	68350000	68400000	1.1537244503078985	1.01387260436826	True
X	68400000	68450000	1.1537244503078985	0.9010967285610734	True
X	68450000	68500000	1.1537244503078985	0.9228044506015742	True
X	68500000	68550000	1.1537244503078985	0.9309907928200678	True
X	68550000	68600000	1.1537244503078985	0.9102285447274766	True
X	68600000	68650000	1.1537244503078985	0.926401905300902	True
X	68650000	68700000	1.1537244503078985	1.0575869272112954	True
X	68700000	68750000	1.1537244503078985	0.8783204591004642	True
X	68750000	68800000	1.1537244503078985	0.896420319572434	True
X	68800000	68850000	1.1537244503078985	0.9234058673153513	True
X	68850000	68900000	1.1537244503078985	0.8922253986058116	True
X	68900000	68950000	1.1537244503078985	0.8983627893536507	True
X	68950000	69000000	1.1537244503078985	0.8057180133772888	True
X	69000000	69050000	1.1537244503078985	0.8965541605360432	True
X	69050000	69100000	1.1537244503078985	0.9300396210185958	True
X	69100000	69150000	1.1537244503078985	0.9728833035977398	True
X	69150000	69200000	1.1537244503078985	0.9746459341541763	True
X	69200000	69250000	1.1537244503078985	0.8520663471736678	True
X	69250000	69300000	1.1537244503078985	0.9078640101151746	True
X	69300000	69350000	1.1537244503078985	1.0234758127123182	True
X	69350000	69400000	1.1537244503078985	1.0423883696560352	True
X	69400000	69450000	1.1537244503078985	0.9432765984828976	True
X	69450000	69500000	1.1537244503078985	0.9655759322673777	True
X	69500000	69550000	1.1537244503078985	0.9489815436675383	True
X	69550000	69600000	1.1537244503078985	0.8558595482271725	True
X	69600000	69650000	1.1537244503078985	1.0004998913944378	True
X	69650000	69700000	1.1537244503078985	0.8914425868551681	True
X	69700000	69750000	1.1537244503078985	0.9479256386518459	True
X	69750000	69800000	1.1537244503078985	1.0649276579553923	True
X	69800000	69850000	1.1537244503078985	0.8479677511878349	True
X	69850000	69900000	1.1537244503078985	0.9709278425851717	True
X	69900000	69950000	1.1537244503078985	0.9685801788814573	True
X	69950000	70000000	1.1537244503078985	1.032077027386569	True
X	70000000	70050000	1.1537244503078985	1.0267587136879672	True
X	70050000	70100000	1.1537244503078985	0.9350648324050449	True
X	70100000	70150000	1.1537244503078985	1.0154074123858985	True
X	70150000	70200000	1.1537244503078985	0.992043283562085	True
X	70200000	70250000	1.1537244503078985	1.1690510859105259	True
X	70250000	70300000	1.1537244503078985	0.9096077294365597	True
X	70300000	70350000	1.1537244503078985	0.9708425114103285	True
X	70350000	70400000	1.1537244503078985	0.9660067978977226	True
X	70400000	70450000	1.1537244503078985	1.005597053916199	True
X	70450000	70500000	1.1537244503078985	0.8655075686325615	True
X	70500000	70550000	1.1537244503078985	0.8018308228212322	True
X	70550000	70600000	1.1537244503078985	0.9303222609693722	True
X	70600000	70650000	1.1537244503078985	0.8857050207420205	True
X	70650000	70700000	1.1537244503078985	1.0468858206657503	True
X	70700000	70750000	1.1537244503078985	0.8752888580896183	True
X	70750000	70800000	1.1537244503078985	0.9144998177472646	True
X	70800000	70850000	1.1537244503078985	0.7653113198286663	True
X	70850000	70900000	1.1537244503078985	0.8556050344295151	True
X	70900000	70950000	1.1537244503078985	0.5	True
X	70950000	71000000	1.1537244503078985	0.5	True
X	71000000	71050000	1.1537244503078985	0.5135315493062693	True
X	71050000	71100000	1.1537244503078985	0.8889866545704982	True
X	71100000	71150000	1.1537244503078985	0.8909207597038459	True
X	71150000	71200000	1.1537244503078985	0.8847645591582181	True
X	71200000	71250000	1.1537244503078985	1.1087528741490549	True
X	71250000	71300000	1.1537244503078985	0.8178638133599828	True
X	71300000	71350000	1.1537244503078985	0.9558179426398535	True
X	71350000	71400000	1.1537244503078985	0.7936697809980734	True
X	71400000	71450000	1.1537244503078985	1.0194330188321827	True
X	71450000	71500000	1.1537244503078985	1.0660346276432118	True
X	71500000	71550000	1.1537244503078985	1.0798192298304046	True
X	71550000	71600000	1.1537244503078985	0.8806133672366332	True
X	71600000	71650000	1.1537244503078985	0.9463321917329539	True
X	71650000	71700000	1.1537244503078985	0.940693263913739	True
X	71700000	71750000	1.1537244503078985	1.002923773890113	True
X	71750000	71800000	1.1537244503078985	0.9994200008909829	True
X	71800000	71850000	1.1537244503078985	1.0003736810482269	True
X	71850000	71900000	1.1537244503078985	0.8669145785320462	True
X	71900000	71950000	1.1537244503078985	0.891990329137424	True
X	71950000	72000000	1.1537244503078985	0.5	True
X	72000000	72050000	1.1537244503078985	0.5	True
X	72050000	72100000	1.1537244503078985	0.5	True
X	72100000	72150000	1.1537244503078985	0.5	True
X	72150000	72200000	1.1537244503078985	0.5	True
X	72200000	72250000	1.1537244503078985	0.6704752954780873	True
X	72250000	72300000	1.1537244503078985	0.8038025064790997	True
X	72300000	72350000	1.1537244503078985	0.6568021117730886	True
X	72350000	72400000	1.1537244503078985	0.8612635282887113	True
X	72400000	72450000	1.1537244503078985	0.8426595884893917	True
X	72450000	72500000	1.1537244503078985	0.895174062832031	True
X	72500000	72550000	1.1537244503078985	0.9046038659471396	True
X	72550000	72600000	1.1537244503078985	0.9129038387208869	True
X	72600000	72650000	1.1537244503078985	0.8445299478132947	True
X	72650000	72700000	1.1537244503078985	0.9653606540542186	True
X	72700000	72750000	1.1537244503078985	0.9204234502461457	True
X	72750000	72800000	1.1537244503078985	0.9915761490178199	True
X	72800000	72850000	1.1537244503078985	0.884478626317931	True
X	72850000	72900000	1.1537244503078985	0.9646184113224993	True
X	72900000	72950000	1.1537244503078985	0.9062563585726171	True
X	72950000	73000000	1.1537244503078985	0.9693753726380634	True
X	73000000	73050000	1.1537244503078985	0.9054909979556057	True
X	73050000	73100000	1.1537244503078985	1.1463607053750853	True
X	73100000	73150000	1.1537244503078985	1.0666469173738602	True
X	73150000	73200000	1.1537244503078985	0.9677921212702916	True
X	73200000	73250000	1.1537244503078985	1.0624368917625455	True
X	73250000	73300000	1.1537244503078985	1.046335965929054	True
X	73300000	73350000	1.1537244503078985	0.9946743217898948	True
X	73350000	73400000	1.1537244503078985	0.9932821727059091	True
X	73400000	73450000	1.1537244503078985	1.0802901667723739	True
X	73450000	73500000	1.1537244503078985	0.994573824544986	True
X	73500000	73550000	1.1537244503078985	1.1497822759810479	True
X	73550000	73600000	1.1537244503078985	1.2186869722442626	True
X	73600000	73650000	1.1537244503078985	0.9436205211295625	True
X	73650000	73700000	1.1537244503078985	1.12325437398405	True
X	73700000	73750000	1.1537244503078985	0.9753004496464875	True
X	73750000	73800000	1.1537244503078985	1.1578411491800753	True
X	73800000	73850000	1.1537244503078985	0.9756912490131069	True
X	73850000	73900000	1.1537244503078985	1.0515389195537397	True
X	73900000	73950000	1.1537244503078985	0.9695952411955352	True
X	73950000	74000000	1.1537244503078985	1.0415241812008842	True
X	74000000	74050000	1.1537244503078985	0.8996704496092176	True
X	74050000	74100000	1.1537244503078985	0.93999724857133	True
X	74100000	74150000	1.1537244503078985	0.8614072823571711	True
X	74150000	74200000	1.1537244503078985	0.8840231691584692	True
X	74200000	74250000	1.1537244503078985	0.9305442937012913	True
X	74250000	74300000	1.1537244503078985	0.9164377999814396	True
X	74300000	74350000	1.1537244503078985	0.9896350263035633	True
X	74350000	74400000	1.1537244503078985	0.8955809731253277	True
X	74400000	74450000	1.1537244503078985	0.924473982296522	True
X	74450000	74500000	1.1537244503078985	0.9338014763960072	True
X	74500000	74550000	1.1537244503078985	0.8420642051524498	True
X	74550000	74600000	1.1537244503078985	0.9110113320397156	True
X	74600000	74650000	1.1537244503078985	0.8960840145676608	True
X	74650000	74700000	1.1537244503078985	0.8296332983947821	True
X	74700000	74750000	1.1537244503078985	0.9359334016810564	True
X	74750000	74800000	1.1537244503078985	0.7136259777631256	True
X	74800000	74850000	1.1537244503078985	0.8547591227581685	True
X	74850000	74900000	1.1537244503078985	0.8953671153143119	True
X	74900000	74950000	1.1537244503078985	0.8124418780464716	True
X	74950000	75000000	1.1537244503078985	0.9004420022888787	True
X	75000000	75050000	1.1537244503078985	0.8809650517346683	True
X	75050000	75100000	1.1537244503078985	0.9361175518383397	True
X	75100000	75150000	1.1537244503078985	0.8923359960779712	True
X	75150000	75200000	1.1537244503078985	0.8657152854642481	True
X	75200000	75250000	1.1537244503078985	0.9093898587953441	True
X	75250000	75300000	1.1537244503078985	0.7830768998707993	True
X	75300000	75350000	1.1537244503078985	0.8820068009149113	True
X	75350000	75400000	1.1537244503078985	0.936524683376362	True
X	75400000	75450000	1.1537244503078985	0.9832172904120642	True
X	75450000	75500000	1.1537244503078985	1.0622284736871148	True
X	75500000	75550000	1.1537244503078985	0.8302113786137553	True
X	75550000	75600000	1.1537244503078985	0.8422716490093632	True
X	75600000	75650000	1.1537244503078985	0.9318011883829088	True
X	75650000	75700000	1.1537244503078985	0.934732008229531	True
X	75700000	75750000	1.1537244503078985	0.9034807903294756	True
X	75750000	75800000	1.1537244503078985	0.9162246067326612	True
X	75800000	75850000	1.1537244503078985	0.7943327899810277	True
X	75850000	75900000	1.1537244503078985	0.9277317722378231	True
X	75900000	75950000	1.1537244503078985	0.9812432922428541	True
X	75950000	76000000	1.1537244503078985	0.9218560806221133	True
X	76000000	76050000	1.1537244503078985	0.8517787056563471	True
X	76050000	76100000	1.1537244503078985	0.9393144945289973	True
X	76100000	76150000	1.1537244503078985	0.9198721422338618	True
X	76150000	76200000	1.1537244503078985	0.7928576776114468	True
X	76200000	76250000	1.1537244503078985	0.8213332476394014	True
X	76250000	76300000	1.1537244503078985	0.8563405596325767	True
X	76300000	76350000	1.1537244503078985	0.8943397950481162	True
X	76350000	76400000	1.1537244503078985	0.8979144114805164	True
X	76400000	76450000	1.1537244503078985	0.9059174844129777	True
X	76450000	76500000	1.1537244503078985	0.9653920707817829	True
X	76500000	76550000	1.1537244503078985	0.976010025809711	True
X	76550000	76600000	1.1537244503078985	0.8429489984212108	True
X	76600000	76650000	1.1537244503078985	1.0127679039598672	True
X	76650000	76700000	1.1537244503078985	0.5	True
X	76700000	76750000	1.1537244503078985	0.9293955712269181	True
X	76750000	76800000	1.1537244503078985	1.0607355067604602	True
X	76800000	76850000	1.1537244503078985	0.9249571916765078	True
X	76850000	76900000	1.1537244503078985	1.1673777481564886	True
X	76900000	76950000	1.1537244503078985	1.1081114335262607	True
X	76950000	77000000	1.1537244503078985	1.010259655720541	True
X	77000000	77050000	1.1537244503078985	1.0665633855980436	True
X	77050000	77100000	1.1537244503078985	1.0674117252187292	True
X	77100000	77150000	1.1537244503078985	1.0210323282340605	True
X	77150000	77200000	1.1537244503078985	1.1012487619481377	True
X	77200000	77250000	1.1537244503078985	0.9851585203648167	True
X	77250000	77300000	1.1537244503078985	1.192757552162409	True
X	77300000	77350000	1.1537244503078985	1.0511493065707114	True
X	77350000	77400000	1.1537244503078985	1.1794088249881343	True
X	77400000	77450000	1.1537244503078985	0.9555861239550311	True
X	77450000	77500000	1.1537244503078985	0.8640745388581659	True
X	77500000	77550000	1.1537244503078985	0.9706869805529662	True
X	77550000	77600000	1.1537244503078985	1.0634670040470224	True
X	77600000	77650000	1.1537244503078985	1.0169351733242589	True
X	77650000	77700000	1.1537244503078985	0.9081148104433966	True
X	77700000	77750000	1.1537244503078985	0.9160375611320117	True
X	77750000	77800000	1.1537244503078985	1.0905706479807364	True
X	77800000	77850000	1.1537244503078985	1.0083787079385935	True
X	77850000	77900000	1.1537244503078985	0.9477078215908948	True
X	77900000	77950000	1.1537244503078985	1.0365024260180913	True
X	77950000	78000000	1.1537244503078985	0.8732407682220913	True
X	78000000	78050000	1.1537244503078985	0.9706926782732918	True
X	78050000	78100000	1.1537244503078985	0.9232737922337314	True
X	78100000	78150000	1.1537244503078985	0.9605932267348021	True
X	78150000	78200000	1.1537244503078985	0.9424136447360913	True
X	78200000	78250000	1.1537244503078985	0.9363948151252994	True
X	78250000	78300000	1.1537244503078985	0.9336841830873284	True
X	78300000	78350000	1.1537244503078985	0.9249748481346314	True
X	78350000	78400000	1.1537244503078985	0.9171720331068137	True
X	78400000	78450000	1.1537244503078985	0.9069428586166205	True
X	78450000	78500000	1.1537244503078985	0.8412759642760204	True
X	78500000	78550000	1.1537244503078985	0.9291871403832865	True
X	78550000	78600000	1.1537244503078985	0.9676499165266373	True
X	78600000	78650000	1.1537244503078985	0.9667616638216227	True
X	78650000	78700000	1.1537244503078985	1.01101470204616	True
X	78700000	78750000	1.1537244503078985	0.9618716668017404	True
X	78750000	78800000	1.1537244503078985	0.9727415780758528	True
X	78800000	78850000	1.1537244503078985	0.8981103027485295	True
X	78850000	78900000	1.1537244503078985	0.9512672550919111	True
X	78900000	78950000	1.1537244503078985	0.866772729336422	True
X	78950000	79000000	1.1537244503078985	0.9105650312738143	True
X	79000000	79050000	1.1537244503078985	0.9100842973703077	True
X	79050000	79100000	1.1537244503078985	1.0001314871393818	True
X	79100000	79150000	1.1537244503078985	0.9573943092825699	True
X	79150000	79200000	1.1537244503078985	0.8012579434154264	True
X	79200000	79250000	1.1537244503078985	0.8262762993195146	True
X	79250000	79300000	1.1537244503078985	0.9501876059868294	True
X	79300000	79350000	1.1537244503078985	1.062873348627822	True
X	79350000	79400000	1.1537244503078985	0.8741478341729716	True
X	79400000	79450000	1.1537244503078985	0.9282664451561385	True
X	79450000	79500000	1.1537244503078985	1.0459901539497283	True
X	79500000	79550000	1.1537244503078985	1.0544813600646097	True
X	79550000	79600000	1.1537244503078985	0.8839918327961026	True
X	79600000	79650000	1.1537244503078985	1.0091225702964357	True
X	79650000	79700000	1.1537244503078985	0.944960162105184	True
X	79700000	79750000	1.1537244503078985	0.9689028550595206	True
X	79750000	79800000	1.1537244503078985	0.9049670303450071	True
X	79800000	79850000	1.1537244503078985	1.0031612698758763	True
X	79850000	79900000	1.1537244503078985	0.8744140949744853	True
X	79900000	79950000	1.1537244503078985	0.9713528935496009	True
X	79950000	80000000	1.1537244503078985	0.8685337771771157	True
X	80000000	80050000	1.1537244503078985	0.9656147470858845	True
X	80050000	80100000	1.1537244503078985	1.0836298319714086	True
X	80100000	80150000	1.1537244503078985	0.9875900076918371	True
X	80150000	80200000	1.1537244503078985	0.8983487005812342	True
X	80200000	80250000	1.1537244503078985	0.9296413630271534	True
X	80250000	80300000	1.1537244503078985	0.9052052085545635	True
X	80300000	80350000	1.1537244503078985	0.951303831393384	True
X	80350000	80400000	1.1537244503078985	0.9501545041259468	True
X	80400000	80450000	1.1537244503078985	1.1051289001234503	True
X	80450000	80500000	1.1537244503078985	1.0706224585906114	True
X	80500000	80550000	1.1537244503078985	0.8960226658966346	True
X	80550000	80600000	1.1537244503078985	0.9550455298243277	True
X	80600000	80650000	1.1537244503078985	0.8807848054892482	True
X	80650000	80700000	1.1537244503078985	1.0267160616337718	True
X	80700000	80750000	1.1537244503078985	1.1628882817691368	True
X	80750000	80800000	1.1537244503078985	1.007122576415534	True
X	80800000	80850000	1.1537244503078985	0.8733661086775985	True
X	80850000	80900000	1.1537244503078985	0.880084339901077	True
X	80900000	80950000	1.1537244503078985	0.9014873597446037	True
X	80950000	81000000	1.1537244503078985	0.9276197592842962	True
X	81000000	81050000	1.1537244503078985	0.9811617179207889	True
X	81050000	81100000	1.1537244503078985	0.7589326724138377	True
X	81100000	81150000	1.1537244503078985	0.7504211306854894	True
X	81150000	81200000	1.1537244503078985	0.9939123072906032	True
X	81200000	81250000	1.1537244503078985	0.8948027447799572	True
X	81250000	81300000	1.1537244503078985	0.9437359762983532	True
X	81300000	81350000	1.1537244503078985	0.9635772886668434	True
X	81350000	81400000	1.1537244503078985	0.9844069854156272	True
X	81400000	81450000	1.1537244503078985	0.977260469467848	True
X	81450000	81500000	1.1537244503078985	0.9984319374967701	True
X	81500000	81550000	1.1537244503078985	0.8525256408586184	True
X	81550000	81600000	1.1537244503078985	1.0880869987625448	True
X	81600000	81650000	1.1537244503078985	0.9754858668149707	True
X	81650000	81700000	1.1537244503078985	0.8783100645198164	True
X	81700000	81750000	1.1537244503078985	0.9198327438427094	True
X	81750000	81800000	1.1537244503078985	0.9189242459294316	True
X	81800000	81850000	1.1537244503078985	1.074504119242447	True
X	81850000	81900000	1.1537244503078985	0.9832777094573035	True
X	81900000	81950000	1.1537244503078985	1.0304504954784772	True
X	81950000	82000000	1.1537244503078985	0.8639326244743132	True
X	82000000	82050000	1.1537244503078985	1.0218092652815962	True
X	82050000	82100000	1.1537244503078985	1.0289158606219415	True
X	82100000	82150000	1.1537244503078985	0.9066474675596027	True
X	82150000	82200000	1.1537244503078985	0.9924754986489814	True
X	82200000	82250000	1.1537244503078985	0.810604863770591	True
X	82250000	82300000	1.1537244503078985	0.9356946657193705	True
X	82300000	82350000	1.1537244503078985	0.9105067703725487	True
X	82350000	82400000	1.1537244503078985	0.9647628359223823	True
X	82400000	82450000	1.1537244503078985	0.9462187627400438	True
X	82450000	82500000	1.1537244503078985	1.0085044677673052	True
X	82500000	82550000	1.1537244503078985	0.9484857558682901	True
X	82550000	82600000	1.1537244503078985	0.9761632875630583	True
X	82600000	82650000	1.1537244503078985	0.8858876052638365	True
X	82650000	82700000	1.1537244503078985	0.9984421165265547	True
X	82700000	82750000	1.1537244503078985	0.9762132290392077	True
X	82750000	82800000	1.1537244503078985	0.9095253027476026	True
X	82800000	82850000	1.1537244503078985	0.8701458656345938	True
X	82850000	82900000	1.1537244503078985	0.9419358521899401	True
X	82900000	82950000	1.1537244503078985	0.9894371635331073	True
X	82950000	83000000	1.1537244503078985	0.84565416949929	True
X	83000000	83050000	1.1537244503078985	0.935064677541452	True
X	83050000	83100000	1.1537244503078985	0.9385192823686345	True
X	83100000	83150000	1.1537244503078985	0.9019983163415388	True
X	83150000	83200000	1.1537244503078985	1.0435679719573299	True
X	83200000	83250000	1.1537244503078985	0.9353904803071905	True
X	83250000	83300000	1.1537244503078985	0.8225165708455663	True
X	83300000	83350000	1.1537244503078985	0.9003013197566234	True
X	83350000	83400000	1.1537244503078985	0.9753782484525633	True
X	83400000	83450000	1.1537244503078985	0.9579275618476115	True
X	83450000	83500000	1.1537244503078985	0.9414752677312879	True
X	83500000	83550000	1.1537244503078985	0.9351351657612947	True
X	83550000	83600000	1.1537244503078985	0.9676224325779578	True
X	83600000	83650000	1.1537244503078985	0.9215208177344991	True
X	83650000	83700000	1.1537244503078985	0.9623460375118017	True
X	83700000	83750000	1.1537244503078985	0.9884257703339738	True
X	83750000	83800000	1.1537244503078985	1.017627308826596	True
X	83800000	83850000	1.1537244503078985	0.8439665050990981	True
X	83850000	83900000	1.1537244503078985	0.9239212806180256	True
X	83900000	83950000	1.1537244503078985	0.9575765784719475	True
X	83950000	84000000	1.1537244503078985	0.9329905352409972	True
X	84000000	84050000	1.1537244503078985	1.0168796161491866	True
X	84050000	84100000	1.1537244503078985	0.8737257508913711	True
X	84100000	84150000	1.1537244503078985	0.892690422195372	True
X	84150000	84200000	1.1537244503078985	1.1196017019047482	True
X	84200000	84250000	1.1537244503078985	0.9270600767559094	True
X	84250000	84300000	1.1537244503078985	1.1296133886095914	True
X	84300000	84350000	1.1537244503078985	1.026153944487199	True
X	84350000	84400000	1.1537244503078985	1.082870275554593	True
X	84400000	84450000	1.1537244503078985	1.031871761550361	True
X	84450000	84500000	1.1537244503078985	0.9803827427417408	True
X	84500000	84550000	1.1537244503078985	0.9481460153481635	True
X	84550000	84600000	1.1537244503078985	0.9364665088812111	True
X	84600000	84650000	1.1537244503078985	0.9882485998413796	True
X	84650000	84700000	1.1537244503078985	0.9822445940836426	True
X	84700000	84750000	1.1537244503078985	0.9210835767855167	True
X	84750000	84800000	1.1537244503078985	1.0233517671011816	True
X	84800000	84850000	1.1537244503078985	1.013761572718776	True
X	84850000	84900000	1.1537244503078985	1.0629782539522568	True
X	84900000	84950000	1.1537244503078985	0.9681016223810396	True
X	84950000	85000000	1.1537244503078985	1.0205181041030487	True
X	85000000	85050000	1.1537244503078985	0.8605786975377769	True
X	85050000	85100000	1.1537244503078985	0.8779220023203129	True
X	85100000	85150000	1.1537244503078985	0.8429242908438015	True
X	85150000	85200000	1.1537244503078985	0.9906468809045613	True
X	85200000	85250000	1.1537244503078985	0.8997758124979368	True
X	85250000	85300000	1.1537244503078985	1.0541015924922523	True
X	85300000	85350000	1.1537244503078985	0.9650646480788496	True
X	85350000	85400000	1.1537244503078985	1.1093120688157947	True
X	85400000	85450000	1.1537244503078985	1.1129792667725813	True
X	85450000	85500000	1.1537244503078985	1.0742435709523517	True
X	85500000	85550000	1.1537244503078985	0.9854045124076668	True
X	85550000	85600000	1.1537244503078985	0.886843137292172	True
X	85600000	85650000	1.1537244503078985	0.9565187604947506	True
X	85650000	85700000	1.1537244503078985	1.0287560908766789	True
X	85700000	85750000	1.1537244503078985	0.9931397308317916	True
X	85750000	85800000	1.1537244503078985	1.0483270715931403	True
X	85800000	85850000	1.1537244503078985	0.9173100111619958	True
X	85850000	85900000	1.1537244503078985	0.9918384590522831	True
X	85900000	85950000	1.1537244503078985	0.9764586983625938	True
X	85950000	86000000	1.1537244503078985	1.0340737581134347	True
X	86000000	86050000	1.1537244503078985	0.9918046767112378	True
X	86050000	86100000	1.1537244503078985	0.9429876408742639	True
X	86100000	86150000	1.1537244503078985	1.0862267129112417	True
X	86150000	86200000	1.1537244503078985	0.7772929132540208	True
X	86200000	86250000	1.1537244503078985	0.9470007048705545	True
X	86250000	86300000	1.1537244503078985	1.0320732499195155	True
X	86300000	86350000	1.1537244503078985	1.0308307583732346	True
X	86350000	86400000	1.1537244503078985	0.836567049572876	True
X	86400000	86450000	1.1537244503078985	0.9580080928510203	True
X	86450000	86500000	1.1537244503078985	0.9684386184909316	True
X	86500000	86550000	1.1537244503078985	1.0056291337761913	True
X	86550000	86600000	1.1537244503078985	0.970018364870624	True
X	86600000	86650000	1.1537244503078985	0.8905794028605266	True
X	86650000	86700000	1.1537244503078985	1.0786439783532145	True
X	86700000	86750000	1.1537244503078985	1.0836938380647594	True
X	86750000	86800000	1.1537244503078985	0.9878755481354426	True
X	86800000	86850000	1.1537244503078985	1.0885394033571554	True
X	86850000	86900000	1.1537244503078985	1.0125067609296283	True
X	86900000	86950000	1.1537244503078985	0.9914601098696639	True
X	86950000	87000000	1.1537244503078985	0.9763617371521957	True
X	87000000	87050000	1.1537244503078985	1.052276611067534	True
X	87050000	87100000	1.1537244503078985	0.9088678356927677	True
X	87100000	87150000	1.1537244503078985	1.0125968841357196	True
X	87150000	87200000	1.1537244503078985	1.009345031268343	True
X	87200000	87250000	1.1537244503078985	0.9390458787972018	True
X	87250000	87300000	1.1537244503078985	0.9253701952812183	True
X	87300000	87350000	1.1537244503078985	0.8728616562744673	True
X	87350000	87400000	1.1537244503078985	1.0245142747525802	True
X	87400000	87450000	1.1537244503078985	0.9036226529960079	True
X	87450000	87500000	1.1537244503078985	0.820742425333782	True
X	87500000	87550000	1.1537244503078985	1.0319935432701093	True
X	87550000	87600000	1.1537244503078985	0.9167337058090345	True
X	87600000	87650000	1.1537244503078985	0.990103960240783	True
X	87650000	87700000	1.1537244503078985	1.1068368771880503	True
X	87700000	87750000	1.1537244503078985	1.0063321573899298	True
X	87750000	87800000	1.1537244503078985	0.9305727088940573	True
X	87800000	87850000	1.1537244503078985	1.0195106021845766	True
X	87850000	87900000	1.1537244503078985	1.1790102212591127	True
X	87900000	87950000	1.1537244503078985	0.9605045318418904	True
X	87950000	88000000	1.1537244503078985	1.0095281102609335	True
X	88000000	88050000	1.1537244503078985	1.093649706644408	True
X	88050000	88100000	1.1537244503078985	0.9686801050737586	True
X	88100000	88150000	1.1537244503078985	0.9393899538179953	True
X	88150000	88200000	1.1537244503078985	1.1418709585254216	True
X	88200000	88250000	1.1537244503078985	0.9338159311208531	True
X	88250000	88300000	1.1537244503078985	1.1070293955300325	True
X	88300000	88350000	1.1537244503078985	1.1610391303132175	True
X	88350000	88400000	1.1537244503078985	1.0420135914154804	True
X	88400000	88450000	1.1537244503078985	1.1509035232467597	True
X	88450000	88500000	3.3431294550316943	0.5	True
X	88500000	88550000	3.3431294550316943	0.5	True
X	88550000	88600000	3.3431294550316943	0.5	True
X	88600000	88650000	3.3431294550316943	0.5	True
X	88650000	88700000	3.3431294550316943	0.5	True
X	88700000	88750000	3.3431294550316943	0.5	True
X	88750000	88800000	3.3431294550316943	0.5	True
X	88800000	88850000	3.3431294550316943	0.5	True
X	88850000	88900000	3.3431294550316943	0.5	True
X	88900000	88950000	3.3431294550316943	0.5	True
X	88950000	89000000	3.3431294550316943	0.5	True
X	89000000	89050000	3.3431294550316943	0.5	True
X	89050000	89100000	3.3431294550316943	0.5	True
X	89100000	89150000	3.3431294550316943	0.5	True
X	89150000	89200000	3.3431294550316943	0.5	True
X	89200000	89250000	3.3431294550316943	0.5	True
X	89250000	89300000	3.3431294550316943	0.5	True
X	89300000	89350000	3.3431294550316943	0.5	True
X	89350000	89400000	3.3431294550316943	0.5	True
X	89400000	89450000	3.3431294550316943	0.5	True
X	89450000	89500000	3.3431294550316943	0.5	True
X	89500000	89550000	3.3431294550316943	0.5	True
X	89550000	89600000	3.3431294550316943	0.5	True
X	89600000	89650000	3.3431294550316943	0.5	True
X	89650000	89700000	3.3431294550316943	0.5	True
X	89700000	89750000	3.3431294550316943	0.5	True
X	89750000	89800000	3.3431294550316943	0.5	True
X	89800000	89850000	3.3431294550316943	0.5	True
X	89850000	89900000	3.3431294550316943	0.5	True
X	89900000	89950000	3.3431294550316943	0.5	True
X	89950000	90000000	3.3431294550316943	0.5	True
X	90000000	90050000	3.3431294550316943	0.5	True
X	90050000	90100000	3.3431294550316943	0.5	True
X	90100000	90150000	3.3431294550316943	0.5	True
X	90150000	90200000	3.3431294550316943	0.5	True
X	90200000	90250000	3.3431294550316943	0.5	True
X	90250000	90300000	3.3431294550316943	0.5	True
X	90300000	90350000	3.3431294550316943	0.5	True
X	90350000	90400000	3.3431294550316943	0.5	True
X	90400000	90450000	3.3431294550316943	0.5	True
X	90450000	90500000	3.3431294550316943	0.5	True
X	90500000	90550000	3.3431294550316943	0.5	True
X	90550000	90600000	3.3431294550316943	0.5	True
X	90600000	90650000	3.3431294550316943	0.5636069521262679	True
X	90650000	90700000	3.3431294550316943	0.5	True
X	90700000	90750000	3.3431294550316943	0.5	True
X	90750000	90800000	3.3431294550316943	0.5	True
X	90800000	90850000	3.3431294550316943	0.5	True
X	90850000	90900000	3.3431294550316943	0.5	True
X	90900000	90950000	3.3431294550316943	0.5	True
X	90950000	91000000	3.3431294550316943	0.5	True
X	91000000	91050000	3.3431294550316943	0.5	True
X	91050000	91100000	3.3431294550316943	0.5	True
X	91100000	91150000	3.3431294550316943	0.5	True
X	91150000	91200000	3.3431294550316943	0.5	True
X	91200000	91250000	3.3431294550316943	0.5	True
X	91250000	91300000	3.3431294550316943	0.5	True
X	91300000	91350000	3.3431294550316943	0.5	True
X	91350000	91400000	3.3431294550316943	0.5	True
X	91400000	91450000	3.3431294550316943	0.5	True
X	91450000	91500000	3.3431294550316943	0.5	True
X	91500000	91550000	3.3431294550316943	0.5	True
X	91550000	91600000	3.3431294550316943	0.5	True
X	91600000	91650000	3.3431294550316943	0.5	True
X	91650000	91700000	3.3431294550316943	0.5	True
X	91700000	91750000	3.3431294550316943	0.5	True
X	91750000	91800000	3.3431294550316943	0.5	True
X	91800000	91850000	3.3431294550316943	0.5	True
X	91850000	91900000	3.3431294550316943	0.5	True
X	91900000	91950000	3.3431294550316943	0.5	True
X	91950000	92000000	3.3431294550316943	0.5	True
X	92000000	92050000	3.3431294550316943	0.5	True
X	92050000	92100000	3.3431294550316943	0.5	True
X	92100000	92150000	3.3431294550316943	0.5	True
X	92150000	92200000	3.3431294550316943	0.5	True
X	92200000	92250000	3.3431294550316943	0.5	True
X	92250000	92300000	3.3431294550316943	0.5	True
X	92300000	92350000	3.3431294550316943	0.5	True
X	92350000	92400000	1.1332758898371171	1.0454884884672364	True
X	92400000	92450000	1.1332758898371171	1.0370504236383988	True
X	92450000	92500000	1.1332758898371171	1.1441805844569892	True
X	92500000	92550000	1.1332758898371171	1.0098783323050649	True
X	92550000	92600000	1.1332758898371171	1.0056548108992083	True
X	92600000	92650000	1.1332758898371171	0.9323522753331267	True
X	92650000	92700000	1.1332758898371171	1.0741038121931097	True
X	92700000	92750000	1.1332758898371171	1.0942561913430184	True
X	92750000	92800000	1.1332758898371171	1.20780495850113	True
X	92800000	92850000	1.1332758898371171	1.0695543551422086	True
X	92850000	92900000	1.1332758898371171	0.9896125314672738	True
X	92900000	92950000	1.1332758898371171	1.17840426741947	True
X	92950000	93000000	1.1332758898371171	1.0306612980596594	True
X	93000000	93050000	1.1332758898371171	1.0185366674933438	True
X	93050000	93100000	1.1332758898371171	1.0137596902793111	True
X	93100000	93150000	1.1332758898371171	1.085486904584468	True
X	93150000	93200000	1.1332758898371171	1.0227105326399029	True
X	93200000	93250000	1.1332758898371171	0.97000754053589	True
X	93250000	93300000	1.1332758898371171	1.0749920575403344	True
X	93300000	93350000	1.1332758898371171	0.9227514667995933	True
X	93350000	93400000	1.1332758898371171	0.9510739234291696	True
X	93400000	93450000	1.1332758898371171	1.0140581093170384	True
X	93450000	93500000	1.1332758898371171	1.1103532751134686	True
X	93500000	93550000	1.1332758898371171	1.0724418336423387	True
X	93550000	93600000	1.1332758898371171	1.114245800319245	True
X	93600000	93650000	1.1332758898371171	0.8217164803160253	True
X	93650000	93700000	1.1332758898371171	1.104447681676703	True
X	93700000	93750000	1.1332758898371171	0.8977314585836891	True
X	93750000	93800000	1.1332758898371171	0.855284515815976	True
X	93800000	93850000	1.1332758898371171	0.89003777336813	True
X	93850000	93900000	1.1332758898371171	0.876942595051296	True
X	93900000	93950000	1.1332758898371171	1.0419526301196553	True
X	93950000	94000000	1.1332758898371171	0.9454498564865372	True
X	94000000	94050000	1.1332758898371171	1.0266803698721407	True
X	94050000	94100000	1.1332758898371171	1.193805218265785	True
X	94100000	94150000	1.1332758898371171	0.8695249636573076	True
X	94150000	94200000	1.1332758898371171	1.0739520993926959	True
X	94200000	94250000	1.1332758898371171	0.9377111407935323	True
X	94250000	94300000	1.1332758898371171	1.0822221995414807	True
X	94300000	94350000	1.1332758898371171	0.9733238064553921	True
X	94350000	94400000	1.1332758898371171	0.9513296003993778	True
X	94400000	94450000	1.1332758898371171	0.9090497378493109	True
X	94450000	94500000	1.1332758898371171	0.9706985637253965	True
X	94500000	94550000	1.1332758898371171	1.0306856272397489	True
X	94550000	94600000	1.1332758898371171	1.140625146116847	True
X	94600000	94650000	1.1332758898371171	0.9580167298623017	True
X	94650000	94700000	1.1332758898371171	0.9790514962846504	True
X	94700000	94750000	1.1332758898371171	1.1635675546073043	True
X	94750000	94800000	1.1332758898371171	1.0802729833862235	True
X	94800000	94850000	1.1332758898371171	0.9411814948731221	True
X	94850000	94900000	1.1332758898371171	1.064951417532539	True
X	94900000	94950000	1.1332758898371171	1.0765682412620037	True
X	94950000	95000000	1.1332758898371171	1.0535065877983911	True
X	95000000	95050000	1.1332758898371171	1.0366102638334702	True
X	95050000	95100000	1.1332758898371171	0.9463838791829045	True
X	95100000	95150000	1.1332758898371171	0.9583068388910322	True
X	95150000	95200000	1.1332758898371171	1.0339469372121184	True
X	95200000	95250000	1.1332758898371171	0.9912823377841652	True
X	95250000	95300000	1.1332758898371171	0.9014391218512272	True
X	95300000	95350000	1.1332758898371171	0.8774762369455221	True
X	95350000	95400000	1.1332758898371171	1.0180926024512158	True
X	95400000	95450000	1.1332758898371171	1.0093261141094407	True
X	95450000	95500000	1.1332758898371171	1.0877909155743961	True
X	95500000	95550000	1.1332758898371171	0.9170534446457417	True
X	95550000	95600000	1.1332758898371171	1.1470050363031044	True
X	95600000	95650000	1.1332758898371171	0.9460665367490332	True
X	95650000	95700000	1.1332758898371171	1.1774788297267267	True
X	95700000	95750000	1.1332758898371171	1.0136452331496053	True
X	95750000	95800000	1.1332758898371171	0.9414392450989537	True
X	95800000	95850000	1.1332758898371171	1.0627131155163212	True
X	95850000	95900000	1.1332758898371171	0.915381672084436	True
X	95900000	95950000	1.1332758898371171	1.0715872718973918	True
X	95950000	96000000	1.1332758898371171	1.1007260078479404	True
X	96000000	96050000	1.1332758898371171	1.062913367506241	True
X	96050000	96100000	1.1332758898371171	1.046516373196953	True
X	96100000	96150000	1.1332758898371171	0.9871130253108776	True
X	96150000	96200000	1.1332758898371171	0.8826206059612859	True
X	96200000	96250000	1.1332758898371171	1.1187264723769048	True
X	96250000	96300000	1.1332758898371171	1.0418995777838211	True
X	96300000	96350000	1.1332758898371171	1.042311147293631	True
X	96350000	96400000	1.1332758898371171	0.9535234596706289	True
X	96400000	96450000	1.1332758898371171	0.9909931301482262	True
X	96450000	96500000	1.1332758898371171	1.107045580162896	True
X	96500000	96550000	1.1332758898371171	0.9599584556687807	True
X	96550000	96600000	1.1332758898371171	1.1212246394866725	True
X	96600000	96650000	1.1332758898371171	1.1861207309789763	True
X	96650000	96700000	1.1332758898371171	1.1689575292707897	True
X	96700000	96750000	1.1332758898371171	1.0429409720945955	True
X	96750000	96800000	1.1332758898371171	1.0855883251340535	True
X	96800000	96850000	1.1332758898371171	1.0753236065767904	True
X	96850000	96900000	1.1332758898371171	1.1664511217882632	True
X	96900000	96950000	1.1332758898371171	1.1720630076595124	True
X	96950000	97000000	1.1332758898371171	1.1689130927662164	True
X	97000000	97050000	1.1332758898371171	1.126486391102736	True
X	97050000	97100000	1.1332758898371171	1.014729530660764	True
X	97100000	97150000	1.1332758898371171	0.9461951229098683	True
X	97150000	97200000	1.1332758898371171	1.0312410456453807	True
X	97200000	97250000	1.1332758898371171	0.9318610184326264	True
X	97250000	97300000	1.1332758898371171	1.0891918844148851	True
X	97300000	97350000	1.1332758898371171	1.1525590729612836	True
X	97350000	97400000	1.1332758898371171	1.1517708177621064	True
X	97400000	97450000	1.1332758898371171	1.0625616458251743	True
X	97450000	97500000	1.1332758898371171	1.086381330853272	True
X	97500000	97550000	1.1332758898371171	0.9977293364292574	True
X	97550000	97600000	1.1332758898371171	1.0051317481922573	True
X	97600000	97650000	1.1332758898371171	1.0812789669762908	True
X	97650000	97700000	1.1332758898371171	1.0110044771722901	True
X	97700000	97750000	1.1332758898371171	1.156700988308333	True
X	97750000	97800000	1.1332758898371171	1.042079023338433	True
X	97800000	97850000	1.1332758898371171	1.0185930548386708	True
X	97850000	97900000	1.1332758898371171	0.9197288253770691	True
X	97900000	97950000	1.1332758898371171	0.8765395073893704	True
X	97950000	98000000	1.1332758898371171	1.020189012399292	True
X	98000000	98050000	1.1332758898371171	0.9767300986076346	True
X	98050000	98100000	1.1332758898371171	0.8233094746249406	True
X	98100000	98150000	1.1332758898371171	1.1378535309261095	True
X	98150000	98200000	1.1332758898371171	1.0444998243210635	True
X	98200000	98250000	1.1332758898371171	0.9838289016369169	True
X	98250000	98300000	1.1332758898371171	1.0708884401154988	True
X	98300000	98350000	1.1332758898371171	1.0021492207260168	True
X	98350000	98400000	1.1332758898371171	1.0268039067771388	True
X	98400000	98450000	1.1332758898371171	1.0121410711610552	True
X	98450000	98500000	1.1332758898371171	0.8956927684436714	True
X	98500000	98550000	1.1332758898371171	1.0770796148698893	True
X	98550000	98600000	1.1332758898371171	1.0791451682440918	True
X	98600000	98650000	1.1332758898371171	1.055405795003158	True
X	98650000	98700000	1.1332758898371171	0.8170354040066294	True
X	98700000	98750000	1.1332758898371171	1.0072792839880613	True
X	98750000	98800000	1.1332758898371171	0.9258913750728932	True
X	98800000	98850000	1.1332758898371171	0.8102872882962493	True
X	98850000	98900000	1.1332758898371171	1.0257603904310113	True
X	98900000	98950000	1.1332758898371171	0.9704919288737864	True
X	98950000	99000000	1.1332758898371171	1.024089850909491	True
X	99000000	99050000	1.1332758898371171	1.0265755289752427	True
X	99050000	99100000	1.1332758898371171	0.9874493884319268	True
X	99100000	99150000	1.1332758898371171	0.9813558010300095	True
X	99150000	99200000	1.1332758898371171	0.9377190420970376	True
X	99200000	99250000	1.1332758898371171	0.9910120201746165	True
X	99250000	99300000	1.1332758898371171	0.9444050317544703	True
X	99300000	99350000	1.1332758898371171	1.0289444239439456	True
X	99350000	99400000	1.1332758898371171	1.0231967156084552	True
X	99400000	99450000	1.1332758898371171	0.8830719645601406	True
X	99450000	99500000	1.1332758898371171	1.0208176326041445	True
X	99500000	99550000	1.1332758898371171	0.9385178199855113	True
X	99550000	99600000	1.1332758898371171	1.0247605943168157	True
X	99600000	99650000	1.1332758898371171	1.035468521523855	True
X	99650000	99700000	1.1332758898371171	1.1043957792103107	True
X	99700000	99750000	1.1332758898371171	0.9929423087632623	True
X	99750000	99800000	1.1332758898371171	1.0439494417953366	True
X	99800000	99850000	1.1332758898371171	0.9404609875063463	True
X	99850000	99900000	1.1332758898371171	1.2100206263706672	True
X	99900000	99950000	1.1332758898371171	1.0182957103958323	True
X	99950000	100000000	1.1332758898371171	1.0008490374772998	True
X	100000000	100050000	1.1332758898371171	1.092826450811268	True
X	100050000	100100000	1.1332758898371171	1.0595511134650288	True
X	100100000	100150000	1.1332758898371171	1.0479693865749717	True
X	100150000	100200000	1.1332758898371171	1.053998716347119	True
X	100200000	100250000	1.1332758898371171	0.9093653003223766	True
X	100250000	100300000	1.1332758898371171	1.0405628366744804	True
X	100300000	100350000	1.1332758898371171	0.9627478043244633	True
X	100350000	100400000	1.1332758898371171	1.0632560212704516	True
X	100400000	100450000	1.1332758898371171	0.9168520635757985	True
X	100450000	100500000	1.1332758898371171	1.0276410533193516	True
X	100500000	100550000	1.1332758898371171	1.0293082583553554	True
X	100550000	100600000	1.1332758898371171	1.1232191330625232	True
X	100600000	100650000	1.1332758898371171	0.9628696592020798	True
X	100650000	100700000	1.1332758898371171	1.119666262733398	True
X	100700000	100750000	1.1332758898371171	0.9887155226073261	True
X	100750000	100800000	1.1332758898371171	0.8510234667074007	True
X	100800000	100850000	1.1332758898371171	1.0049647695809945	True
X	100850000	100900000	1.1332758898371171	0.9155836870586392	True
X	100900000	100950000	1.1332758898371171	0.9057425922998397	True
X	100950000	101000000	1.1332758898371171	0.9811921730433326	True
X	101000000	101050000	1.1332758898371171	1.026659742770104	True
X	101050000	101100000	1.1332758898371171	0.8361747703983423	True
X	101100000	101150000	1.1332758898371171	0.9763533490339831	True
X	101150000	101200000	1.1332758898371171	1.006889757314924	True
X	101200000	101250000	1.1332758898371171	0.9344800498523379	True
X	101250000	101300000	1.1332758898371171	0.8333844697466551	True
X	101300000	101350000	1.1332758898371171	0.8757358877530143	True
X	101350000	101400000	1.1332758898371171	0.8107879388128044	True
X	101400000	101450000	1.1332758898371171	0.873546115378116	True
X	101450000	101500000	1.1332758898371171	0.5	True
X	101500000	101550000	1.1332758898371171	0.5	True
X	101550000	101600000	1.1332758898371171	0.5	True
X	101600000	101650000	1.1332758898371171	0.5	True
X	101650000	101700000	1.1332758898371171	0.5	True
X	101700000	101750000	1.1332758898371171	0.5	True
X	101750000	101800000	1.1332758898371171	0.9943672732759766	True
X	101800000	101850000	1.1332758898371171	0.9195773306541429	True
X	101850000	101900000	1.1332758898371171	1.055006402505676	True
X	101900000	101950000	1.1332758898371171	0.8778756484677926	True
X	101950000	102000000	1.1332758898371171	1.0323348591631816	True
X	102000000	102050000	1.1332758898371171	0.9893773486222479	True
X	102050000	102100000	1.1332758898371171	1.0538288068991062	True
X	102100000	102150000	1.1332758898371171	0.9949583221083954	True
X	102150000	102200000	1.1332758898371171	0.8914572928874873	True
X	102200000	102250000	1.1332758898371171	1.0827091309673518	True
X	102250000	102300000	1.1332758898371171	1.03499034863668	True
X	102300000	102350000	1.1332758898371171	0.9494838647785793	True
X	102350000	102400000	1.1332758898371171	0.9800305824975151	True
X	102400000	102450000	1.1332758898371171	1.013373270942445	True
X	102450000	102500000	1.1332758898371171	1.0361260201489275	True
X	102500000	102550000	1.1332758898371171	1.0838777040955518	True
X	102550000	102600000	1.1332758898371171	0.9755451942516375	True
X	102600000	102650000	1.1332758898371171	1.0250250216693582	True
X	102650000	102700000	1.1332758898371171	0.9040202587536965	True
X	102700000	102750000	1.1332758898371171	0.9736253014138369	True
X	102750000	102800000	1.1332758898371171	1.0058295761687455	True
X	102800000	102850000	1.1332758898371171	1.0823704903147826	True
X	102850000	102900000	1.1332758898371171	1.0475426372279621	True
X	102900000	102950000	1.1332758898371171	1.1683822790413114	True
X	102950000	103000000	1.1332758898371171	0.9800017678985163	True
X	103000000	103050000	1.1332758898371171	1.06294075936289	True
X	103050000	103100000	1.1332758898371171	1.1540741229604299	True
X	103100000	103150000	1.1332758898371171	0.87230888143975	True
X	103150000	103200000	1.1332758898371171	0.8806496557171075	True
X	103200000	103250000	1.1332758898371171	0.6533765532913102	True
X	103250000	103300000	1.1332758898371171	0.9238917904302271	True
X	103300000	103350000	1.1332758898371171	0.5992625972291115	True
X	103350000	103400000	1.1332758898371171	0.9348827279216128	True
X	103400000	103450000	1.1332758898371171	1.2009701296812905	True
X	103450000	103500000	1.1332758898371171	0.9568428544220398	True
X	103500000	103550000	1.1332758898371171	1.0274740304431422	True
X	103550000	103600000	1.1332758898371171	1.201488114482766	True
X	103600000	103650000	1.1332758898371171	1.0368053679379647	True
X	103650000	103700000	1.1332758898371171	0.985889472775574	True
X	103700000	103750000	1.1332758898371171	1.0391916927339333	True
X	103750000	103800000	1.1332758898371171	0.989203045282484	True
X	103800000	103850000	1.1332758898371171	1.0106525408613383	True
X	103850000	103900000	1.1332758898371171	1.0487706204633074	True
X	103900000	103950000	1.1332758898371171	0.9407587655531614	True
X	103950000	104000000	1.1332758898371171	0.9514965482913055	True
X	104000000	104050000	1.1332758898371171	0.9808381921065273	True
X	104050000	104100000	1.1332758898371171	1.0033742936242218	True
X	104100000	104150000	1.1332758898371171	0.9244310159276669	True
X	104150000	104200000	1.1332758898371171	1.0387506550732966	True
X	104200000	104250000	1.1332758898371171	1.0224549938452738	True
X	104250000	104300000	1.1332758898371171	0.9198127807828299	True
X	104300000	104350000	1.1332758898371171	1.0057065459589045	True
X	104350000	104400000	1.1332758898371171	0.9804127033367196	True
X	104400000	104450000	1.1332758898371171	1.0671351216668503	True
X	104450000	104500000	1.1332758898371171	0.992068676693918	True
X	104500000	104550000	1.1332758898371171	1.0593953511133771	True
X	104550000	104600000	1.1332758898371171	1.0424977050775444	True
X	104600000	104650000	1.1332758898371171	1.0424906633911384	True
X	104650000	104700000	1.1332758898371171	1.0113744458367657	True
X	104700000	104750000	1.1332758898371171	1.1465415401510932	True
X	104750000	104800000	1.1332758898371171	1.0387866657597349	True
X	104800000	104850000	1.1332758898371171	1.1697954270980866	True
X	104850000	104900000	1.1332758898371171	0.978069270386622	True
X	104900000	104950000	1.1332758898371171	1.0766999091247884	True
X	104950000	105000000	1.1332758898371171	1.0267318643949175	True
X	105000000	105050000	1.1332758898371171	0.9757139842931246	True
X	105050000	105100000	1.1332758898371171	0.9546623191131915	True
X	105100000	105150000	1.1332758898371171	0.9895298625481027	True
X	105150000	105200000	1.1332758898371171	1.0953798996907262	True
X	105200000	105250000	1.1332758898371171	0.9993387761784285	True
X	105250000	105300000	1.1332758898371171	1.012103306960453	True
X	105300000	105350000	1.1332758898371171	0.9202306805061164	True
X	105350000	105400000	1.1332758898371171	0.9610815548586206	True
X	105400000	105450000	1.1332758898371171	0.9283079706988848	True
X	105450000	105500000	1.1332758898371171	1.0160652787781874	True
X	105500000	105550000	1.1332758898371171	0.6075187569887133	True
X	105550000	105600000	1.1332758898371171	0.7046497845075436	True
X	105600000	105650000	1.1332758898371171	1.0920415747281509	True
X	105650000	105700000	1.1332758898371171	1.1260489083251237	True
X	105700000	105750000	1.1332758898371171	0.9033294396596092	True
X	105750000	105800000	1.1332758898371171	1.0067074393964026	True
X	105800000	105850000	1.1332758898371171	0.9382624765774337	True
X	105850000	105900000	1.1332758898371171	1.1753089048680783	True
X	105900000	105950000	1.1332758898371171	1.0008438079215496	True
X	105950000	106000000	1.1332758898371171	1.1377912684669047	True
X	106000000	106050000	1.1332758898371171	1.1005751031571205	True
X	106050000	106100000	1.1332758898371171	0.9258908961075145	True
X	106100000	106150000	1.1332758898371171	1.078598652161597	True
X	106150000	106200000	1.1332758898371171	1.056630711049523	True
X	106200000	106250000	1.1332758898371171	1.267888689910934	True
X	106250000	106300000	1.1332758898371171	1.0977052559253377	True
X	106300000	106350000	1.1332758898371171	1.0834317420385837	True
X	106350000	106400000	1.1332758898371171	1.081864373995601	True
X	106400000	106450000	1.1332758898371171	0.9556616236626618	True
X	106450000	106500000	1.1332758898371171	1.027130612388991	True
X	106500000	106550000	1.1332758898371171	1.0362200375516182	True
X	106550000	106600000	1.1332758898371171	0.990830216215267	True
X	106600000	106650000	1.1332758898371171	1.0112636387491911	True
X	106650000	106700000	1.1332758898371171	1.0490197674160096	True
X	106700000	106750000	1.1332758898371171	0.9743008642741099	True
X	106750000	106800000	1.1332758898371171	1.0287162791965077	True
X	106800000	106850000	1.1332758898371171	1.0155125749372844	True
X	106850000	106900000	1.1332758898371171	1.211035429031042	True
X	106900000	106950000	1.1332758898371171	1.1092481529365548	True
X	106950000	107000000	1.1332758898371171	1.011374662735732	True
X	107000000	107050000	1.1332758898371171	1.095188530646742	True
X	107050000	107100000	1.1332758898371171	1.0831182353947555	True
X	107100000	107150000	1.1332758898371171	1.021807512024333	True
X	107150000	107200000	1.1332758898371171	1.215437494644494	True
X	107200000	107250000	1.1332758898371171	1.0039379667428108	True
X	107250000	107300000	1.1332758898371171	1.0925559842561585	True
X	107300000	107350000	1.1332758898371171	1.3305067631346545	True
X	107350000	107400000	1.1332758898371171	1.0018173052373733	True
X	107400000	107450000	1.1332758898371171	1.0568527886841914	True
X	107450000	107500000	1.1332758898371171	1.206969776333789	True
X	107500000	107550000	1.1332758898371171	1.0027007842515294	True
X	107550000	107600000	1.1332758898371171	1.0195553551670649	True
X	107600000	107650000	1.1332758898371171	1.1634060024995345	True
X	107650000	107700000	1.1332758898371171	1.009274739694551	True
X	107700000	107750000	1.1332758898371171	1.0188311700765464	True
X	107750000	107800000	1.1332758898371171	1.109076211064922	True
X	107800000	107850000	1.1332758898371171	0.9720654792922537	True
X	107850000	107900000	1.1332758898371171	1.0034481822298387	True
X	107900000	107950000	1.1332758898371171	1.1567519896037977	True
X	107950000	108000000	1.1332758898371171	1.1158095286848222	True
X	108000000	108050000	1.1332758898371171	1.0069590607645833	True
X	108050000	108100000	1.1332758898371171	1.0788363414807332	True
X	108100000	108150000	1.1332758898371171	0.9791322370110306	True
X	108150000	108200000	1.1332758898371171	1.024149795938932	True
X	108200000	108250000	1.1332758898371171	0.8661940490113568	True
X	108250000	108300000	1.1332758898371171	0.9808885844006335	True
X	108300000	108350000	1.1332758898371171	0.9523762930647253	True
X	108350000	108400000	1.1332758898371171	1.0371425453692869	True
X	108400000	108450000	1.1332758898371171	0.9319512962698996	True
X	108450000	108500000	1.1332758898371171	0.9868736407531441	True
X	108500000	108550000	1.1332758898371171	0.9817720330914309	True
X	108550000	108600000	1.1332758898371171	1.014540197047389	True
X	108600000	108650000	1.1332758898371171	1.0058230073315007	True
X	108650000	108700000	1.1332758898371171	1.073350882296225	True
X	108700000	108750000	1.1332758898371171	1.0723674745153307	True
X	108750000	108800000	1.1332758898371171	1.1113095441479852	True
X	108800000	108850000	1.1332758898371171	1.0019025669369952	True
X	108850000	108900000	1.1332758898371171	1.0301847702292692	True
X	108900000	108950000	1.1332758898371171	1.035234601669762	True
X	108950000	109000000	1.1332758898371171	1.1539485253375656	True
X	109000000	109050000	1.1332758898371171	1.0223821593820008	True
X	109050000	109100000	1.1332758898371171	0.9938426197390445	True
X	109100000	109150000	1.1332758898371171	1.1581062093998233	True
X	109150000	109200000	1.1332758898371171	1.0988677209926456	True
X	109200000	109250000	1.1332758898371171	0.9861731352037997	True
X	109250000	109300000	1.1332758898371171	1.0930289972182607	True
X	109300000	109350000	1.1332758898371171	1.1627296068815467	True
X	109350000	109400000	1.1332758898371171	1.1176629353698067	True
X	109400000	109450000	1.1332758898371171	1.1195679913622008	True
X	109450000	109500000	1.1332758898371171	1.0811533264194657	True
X	109500000	109550000	1.1332758898371171	1.0324144067118335	True
X	109550000	109600000	1.1332758898371171	1.1303121984478468	True
X	109600000	109650000	1.1332758898371171	1.2004450978863002	True
X	109650000	109700000	1.1332758898371171	1.112188438891438	True
X	109700000	109750000	1.1332758898371171	1.067311773341905	True
X	109750000	109800000	1.1332758898371171	1.0243608483553526	True
X	109800000	109850000	1.1332758898371171	1.067223058484092	True
X	109850000	109900000	1.1332758898371171	0.9226927567677442	True
X	109900000	109950000	1.1332758898371171	0.9977522089141965	True
X	109950000	110000000	1.1332758898371171	0.9959887073011172	True
X	110000000	110050000	1.1332758898371171	0.9892657090644448	True
X	110050000	110100000	1.1332758898371171	1.1409336700976616	True
X	110100000	110150000	1.1332758898371171	1.118033863473867	True
X	110150000	110200000	1.1332758898371171	1.080015716947605	True
X	110200000	110250000	1.1332758898371171	1.010177384341363	True
X	110250000	110300000	1.1332758898371171	0.8900378458667721	True
X	110300000	110350000	1.1332758898371171	0.9469524548786956	True
X	110350000	110400000	1.1332758898371171	1.125179278129234	True
X	110400000	110450000	1.1332758898371171	1.0522627753035114	True
X	110450000	110500000	1.1332758898371171	1.08421909273553	True
X	110500000	110550000	1.1332758898371171	1.1698275546336814	True
X	110550000	110600000	1.1332758898371171	0.9046700100364167	True
X	110600000	110650000	1.1332758898371171	0.8747559630686206	True
X	110650000	110700000	1.1332758898371171	0.9259107351845863	True
X	110700000	110750000	1.1332758898371171	1.0570769763224102	True
X	110750000	110800000	1.1332758898371171	0.9260702810967834	True
X	110800000	110850000	1.1332758898371171	0.8719792390792619	True
X	110850000	110900000	1.1332758898371171	1.0095703845607273	True
X	110900000	110950000	1.1332758898371171	1.0765814932979654	True
X	110950000	111000000	1.1332758898371171	1.0346092046695563	True
X	111000000	111050000	1.1332758898371171	1.0102894612245141	True
X	111050000	111100000	1.1332758898371171	1.0008135364662714	True
X	111100000	111150000	1.1332758898371171	1.0514404989128816	True
X	111150000	111200000	1.1332758898371171	0.9219014080430802	True
X	111200000	111250000	1.1332758898371171	1.0408633445421835	True
X	111250000	111300000	1.1332758898371171	1.0048664013385888	True
X	111300000	111350000	1.1332758898371171	0.9759063862757346	True
X	111350000	111400000	1.1332758898371171	1.0985646822371893	True
X	111400000	111450000	1.1332758898371171	1.0855188732271432	True
X	111450000	111500000	1.1332758898371171	1.010973967416897	True
X	111500000	111550000	1.1332758898371171	0.9986539051420288	True
X	111550000	111600000	1.1332758898371171	1.0120378739483136	True
X	111600000	111650000	1.1332758898371171	0.9809572179338059	True
X	111650000	111700000	1.1332758898371171	0.9713379147532896	True
X	111700000	111750000	1.1332758898371171	0.9713357622398924	True
X	111750000	111800000	1.1332758898371171	0.9915929405627346	True
X	111800000	111850000	1.1332758898371171	1.0191490744518275	True
X	111850000	111900000	1.1332758898371171	1.0380422798531892	True
X	111900000	111950000	1.1332758898371171	0.9550610121242815	True
X	111950000	112000000	1.1332758898371171	0.9312578432944597	True
X	112000000	112050000	1.1332758898371171	1.109677742274095	True
X	112050000	112100000	1.1332758898371171	1.1583195234452062	True
X	112100000	112150000	1.1332758898371171	1.0433444848306048	True
X	112150000	112200000	1.1332758898371171	1.115235357994354	True
X	112200000	112250000	1.1332758898371171	0.9498475230244245	True
X	112250000	112300000	1.1332758898371171	1.0674170570519093	True
X	112300000	112350000	1.1332758898371171	1.0831881430454544	True
X	112350000	112400000	1.1332758898371171	1.00795795028271	True
X	112400000	112450000	1.1332758898371171	0.9494419704523966	True
X	112450000	112500000	1.1332758898371171	1.0183475167462532	True
X	112500000	112550000	1.1332758898371171	1.1129185984371475	True
X	112550000	112600000	1.1332758898371171	1.0138405141537674	True
X	112600000	112650000	1.1332758898371171	1.0044469023383937	True
X	112650000	112700000	1.1332758898371171	0.9523182536331939	True
X	112700000	112750000	1.1332758898371171	1.1092238618457184	True
X	112750000	112800000	1.1332758898371171	1.0275849947336475	True
X	112800000	112850000	1.1332758898371171	0.8589263859592043	True
X	112850000	112900000	1.1332758898371171	0.9328983903482132	True
X	112900000	112950000	1.1332758898371171	1.0594846652815473	True
X	112950000	113000000	1.1332758898371171	1.0220591877143603	True
X	113000000	113050000	1.1332758898371171	1.1046866604746117	True
X	113050000	113100000	1.1332758898371171	0.8925283340126607	True
X	113100000	113150000	1.1332758898371171	0.9864228614145358	True
X	113150000	113200000	1.1332758898371171	1.0650250421542142	True
X	113200000	113250000	1.1332758898371171	1.0085379813849948	True
X	113250000	113300000	1.1332758898371171	0.9522254057979141	True
X	113300000	113350000	1.1332758898371171	1.0558724825398085	True
X	113350000	113400000	1.1332758898371171	1.0155537113196935	True
X	113400000	113450000	1.1332758898371171	1.0285852712645362	True
X	113450000	113500000	1.1332758898371171	1.167161790414759	True
X	113500000	113550000	1.1332758898371171	0.5	True
X	113550000	113600000	1.1332758898371171	0.767703027951277	True
X	113600000	113650000	1.1332758898371171	1.1647717391466672	True
X	113650000	113700000	1.1332758898371171	1.0917925844835614	True
X	113700000	113750000	1.1332758898371171	1.0470530584536153	True
X	113750000	113800000	1.1332758898371171	0.995926841424883	True
X	113800000	113850000	1.1332758898371171	1.027096664127294	True
X	113850000	113900000	1.1332758898371171	1.1785745137703294	True
X	113900000	113950000	1.1332758898371171	1.022120438842761	True
X	113950000	114000000	1.1332758898371171	0.9956733413721007	True
X	114000000	114050000	1.1332758898371171	0.9709832103340561	True
X	114050000	114100000	1.1332758898371171	0.9108825001726172	True
X	114100000	114150000	1.1332758898371171	1.031728772116692	True
X	114150000	114200000	1.1332758898371171	1.089561215191351	True
X	114200000	114250000	1.1332758898371171	1.1541603007088077	True
X	114250000	114300000	1.1332758898371171	0.9783200611086057	True
X	114300000	114350000	1.1332758898371171	1.1079654819456086	True
X	114350000	114400000	1.1332758898371171	1.1649447529069754	True
X	114400000	114450000	1.1332758898371171	1.1045434103138225	True
X	114450000	114500000	1.1332758898371171	1.0490635140040308	True
X	114500000	114550000	1.1332758898371171	1.0734773351659737	True
X	114550000	114600000	1.1332758898371171	1.0920911452218647	True
X	114600000	114650000	1.1332758898371171	1.1116800023032125	True
X	114650000	114700000	1.1332758898371171	1.0719807596508741	True
X	114700000	114750000	1.1332758898371171	1.037567734260976	True
X	114750000	114800000	1.1332758898371171	1.2222331713211538	True
X	114800000	114850000	1.1332758898371171	1.080199552146829	True
X	114850000	114900000	1.1332758898371171	1.1241984897355433	True
X	114900000	114950000	1.1332758898371171	1.1066749893810746	True
X	114950000	115000000	1.1332758898371171	0.5	True
X	115000000	115050000	1.1332758898371171	1.1786485125705577	True
X	115050000	115100000	1.1332758898371171	1.097886047911378	True
X	115100000	115150000	1.1332758898371171	1.0730875043601067	True
X	115150000	115200000	1.1332758898371171	1.0334247987915088	True
X	115200000	115250000	1.1332758898371171	0.9761878330710706	True
X	115250000	115300000	1.1332758898371171	0.9775748032343792	True
X	115300000	115350000	1.1332758898371171	1.0350009227625931	True
X	115350000	115400000	1.1332758898371171	1.1967646191719017	True
X	115400000	115450000	1.1332758898371171	0.9572250892738731	True
X	115450000	115500000	1.1332758898371171	1.1242537610729757	True
X	115500000	115550000	1.1332758898371171	1.115175072316433	True
X	115550000	115600000	1.1332758898371171	1.0735646653669941	True
X	115600000	115650000	1.1332758898371171	1.1420734045575003	True
X	115650000	115700000	1.1332758898371171	0.6760929577855602	True
X	115700000	115750000	1.1332758898371171	0.5	True
X	115750000	115800000	1.1332758898371171	0.9483782067172546	True
X	115800000	115850000	1.1332758898371171	1.1579380685163092	True
X	115850000	115900000	1.1332758898371171	1.087312568652126	True
X	115900000	115950000	1.1332758898371171	0.9041379034303721	True
X	115950000	116000000	1.1332758898371171	0.9974840311349996	True
X	116000000	116050000	1.1332758898371171	1.058915110017236	True
X	116050000	116100000	1.1332758898371171	0.8990388083379666	True
X	116100000	116150000	1.1332758898371171	1.0061495595973835	True
X	116150000	116200000	1.1332758898371171	0.9341736831847451	True
X	116200000	116250000	1.1332758898371171	1.0136440301082976	True
X	116250000	116300000	1.1332758898371171	0.9916476037442968	True
X	116300000	116350000	1.1332758898371171	1.086239770802252	True
X	116350000	116400000	1.1332758898371171	0.8618470833801573	True
X	116400000	116450000	1.1332758898371171	0.9628857116773765	True
X	116450000	116500000	1.1332758898371171	0.9477868494550846	True
X	116500000	116550000	1.1332758898371171	0.9902786708434211	True
X	116550000	116600000	1.1332758898371171	0.9483921099307554	True
X	116600000	116650000	1.1332758898371171	1.134234639686211	True
X	116650000	116700000	1.1332758898371171	1.0146400673119165	True
X	116700000	116750000	1.1332758898371171	0.9733626657229596	True
X	116750000	116800000	1.1332758898371171	0.95914071587167	True
X	116800000	116850000	1.1332758898371171	1.0768526654321549	True
X	116850000	116900000	1.1332758898371171	0.9813058322839581	True
X	116900000	116950000	1.1332758898371171	1.003250318935761	True
X	116950000	117000000	1.1332758898371171	1.1603727755454085	True
X	117000000	117050000	1.1332758898371171	0.9817094663990079	True
X	117050000	117100000	1.1332758898371171	0.9568406300141397	True
X	117100000	117150000	1.1332758898371171	1.359784388605344	True
X	117150000	117200000	3.088912964024043	0.9949581860519264	True
X	117200000	117250000	3.088912964024043	1.0185639448426362	True
X	117250000	117300000	3.088912964024043	1.229955318536866	True
X	117300000	117350000	3.088912964024043	1.0546781894635964	True
X	117350000	117400000	3.088912964024043	1.1913326085421767	True
X	117400000	117450000	3.088912964024043	0.5676885632801988	True
X	117450000	117500000	1.3379263815654958	1.0675928995674397	True
X	117500000	117550000	1.3379263815654958	0.93825393143347	True
X	117550000	117600000	1.3379263815654958	1.0892201669455746	True
X	117600000	117650000	1.3379263815654958	0.9898391496634438	True
X	117650000	117700000	1.3379263815654958	1.0069804433800738	True
X	117700000	117750000	1.3379263815654958	0.9196245634466168	True
X	117750000	117800000	1.3379263815654958	1.0025916866037585	True
X	117800000	117850000	1.3379263815654958	0.9449927749959457	True
X	117850000	117900000	1.3379263815654958	0.883055731864327	True
X	117900000	117950000	1.3379263815654958	0.9670671111595102	True
X	117950000	118000000	1.3379263815654958	0.8932493068130886	True
X	118000000	118050000	1.3379263815654958	1.023155955095626	True
X	118050000	118100000	1.3379263815654958	0.839460960441463	True
X	118100000	118150000	1.3379263815654958	0.9693695004803268	True
X	118150000	118200000	1.3379263815654958	1.1777680431710877	True
X	118200000	118250000	1.3379263815654958	1.9414424025847659	True
X	118250000	118300000	3.563263655760321	0.7421677009577902	True
X	118300000	118350000	3.563263655760321	0.9515643203173744	True
X	118350000	118400000	3.563263655760321	1.179827747219364	True
X	118400000	118450000	3.563263655760321	1.1060800316610768	True
X	118450000	118500000	3.563263655760321	0.9009942342232118	True
X	118500000	118550000	3.563263655760321	1.083837199471041	True
X	118550000	118600000	3.563263655760321	0.8792514560704887	True
X	118600000	118650000	3.563263655760321	1.0954741893576985	True
X	118650000	118700000	3.563263655760321	0.9980814041039081	True
X	118700000	118750000	3.563263655760321	1.0560332926044897	True
X	118750000	118800000	3.563263655760321	0.9586664362666305	True
X	118800000	118850000	3.563263655760321	0.9764463802926415	True
X	118850000	118900000	3.563263655760321	0.978577403423283	True
X	118900000	118950000	3.563263655760321	0.9739309110122222	True
X	118950000	119000000	3.563263655760321	0.9888374553611756	True
X	119000000	119050000	3.563263655760321	1.0065374225342492	True
X	119050000	119100000	3.563263655760321	1.1008297340009634	True
X	119100000	119150000	3.563263655760321	0.9056055092343375	True
X	119150000	119200000	3.563263655760321	0.5635147601283953	True
X	119200000	119250000	3.563263655760321	0.6962734924232666	True
X	119250000	119300000	3.563263655760321	0.5989395234933853	True
X	119300000	119350000	3.563263655760321	0.5	True
X	119350000	119400000	3.563263655760321	0.9865832442226166	True
X	119400000	119450000	3.563263655760321	0.9306076256950198	True
X	119450000	119500000	3.563263655760321	0.9284578019651041	True
X	119500000	119550000	3.563263655760321	1.0406059326489425	True
X	119550000	119600000	3.563263655760321	1.1609080726249004	True
X	119600000	119650000	3.563263655760321	1.161939033474331	True
X	119650000	119700000	3.563263655760321	1.0907934264028714	True
X	119700000	119750000	3.563263655760321	1.0581776287245097	True
X	119750000	119800000	3.563263655760321	1.083057538808948	True
X	119800000	119850000	3.563263655760321	1.1230477088911148	True
X	119850000	119900000	3.563263655760321	1.0160631216983524	True
X	119900000	119950000	3.563263655760321	1.0911452385934695	True
X	119950000	120000000	3.563263655760321	0.9886738220146878	True
X	120000000	120050000	3.563263655760321	0.5	True
X	120050000	120100000	3.563263655760321	0.5	True
X	120100000	120150000	3.563263655760321	0.6199329877448679	True
X	120150000	120200000	3.563263655760321	1.0430967787261607	True
X	120200000	120250000	3.563263655760321	0.9786044739274101	True
X	120250000	120300000	3.563263655760321	0.9780069776870828	True
X	120300000	120350000	3.563263655760321	1.0182917302069834	True
X	120350000	120400000	3.563263655760321	1.0110358984158823	True
X	120400000	120450000	3.563263655760321	0.9625387057065911	True
X	120450000	120500000	3.563263655760321	1.020936310276496	True
X	120500000	120550000	3.563263655760321	1.0131251835789599	True
X	120550000	120600000	3.563263655760321	0.9415673611905975	True
X	120600000	120650000	3.563263655760321	1.0034479178870828	True
X	120650000	120700000	3.563263655760321	1.0328295331856154	True
X	120700000	120750000	3.563263655760321	1.0172803886963093	True
X	120750000	120800000	3.563263655760321	1.100023145322098	True
X	120800000	120850000	3.563263655760321	0.9392504120104873	True
X	120850000	120900000	3.563263655760321	0.98073288937862	True
X	120900000	120950000	3.563263655760321	1.0010730556956393	True
X	120950000	121000000	3.563263655760321	1.0167146742610975	True
X	121000000	121050000	3.563263655760321	0.8945433948781064	True
X	121050000	121100000	3.563263655760321	0.9995605023841176	True
X	121100000	121150000	3.563263655760321	1.071893750694109	True
X	121150000	121200000	3.563263655760321	0.932085569923192	True
X	121200000	121250000	3.563263655760321	0.9783991368185032	True
X	121250000	121300000	3.563263655760321	0.9290390682702716	True
X	121300000	121350000	3.563263655760321	1.0026273629105933	True
X	121350000	121400000	3.563263655760321	0.9839289406317375	True
X	121400000	121450000	3.563263655760321	0.9459465712028806	True
X	121450000	121500000	3.563263655760321	0.9840116977979325	True
X	121500000	121550000	3.563263655760321	0.9694073760094298	True
X	121550000	121600000	3.563263655760321	0.9545178337901048	True
X	121600000	121650000	3.563263655760321	1.0052820964735705	True
X	121650000	121700000	3.563263655760321	0.9438172471766335	True
X	121700000	121750000	3.563263655760321	1.0081514678342125	True
X	121750000	121800000	3.563263655760321	1.0590190227824674	True
X	121800000	121850000	3.563263655760321	1.0331483606288552	True
X	121850000	121900000	2.041174028793586	1.5205560268868699	True
X	121900000	121950000	2.041174028793586	1.1480154187745082	True
X	121950000	122000000	2.041174028793586	1.0992308889104618	True
X	122000000	122050000	2.041174028793586	1.104753675355867	True
X	122050000	122100000	2.041174028793586	1.1898258697066757	True
X	122100000	122150000	2.041174028793586	0.9627898799175166	True
X	122150000	122200000	2.041174028793586	0.9776191734384789	True
X	122200000	122250000	2.041174028793586	0.9390434815862344	True
X	122250000	122300000	2.041174028793586	1.1339198731123157	True
X	122300000	122350000	2.041174028793586	1.2094459246262084	True
X	122350000	122400000	2.041174028793586	1.0663386792158742	True
X	122400000	122450000	2.041174028793586	1.1183445796191782	True
X	122450000	122500000	2.041174028793586	1.1337776485408537	True
X	122500000	122550000	2.041174028793586	1.1550967065900537	True
X	122550000	122600000	2.041174028793586	1.2147288116248558	True
X	122600000	122650000	2.041174028793586	1.1671364181063284	True
X	122650000	122700000	2.041174028793586	1.0896038577782696	True
X	122700000	122750000	3.017595101220588	0.7375392752553014	True
X	122750000	122800000	3.017595101220588	0.7798890238595487	True
X	122800000	122850000	3.017595101220588	0.9330485082171399	True
X	122850000	122900000	3.017595101220588	0.9216104560484487	True
X	122900000	122950000	3.017595101220588	0.9604223233985992	True
X	122950000	123000000	3.017595101220588	0.9678363339614423	True
X	123000000	123050000	3.017595101220588	0.8726880111324039	True
X	123050000	123100000	3.017595101220588	0.9192670582648828	True
X	123100000	123150000	3.017595101220588	0.8960960977653674	True
X	123150000	123200000	3.017595101220588	0.8561812541025549	True
X	123200000	123250000	3.017595101220588	0.7911724683839173	True
X	123250000	123300000	3.017595101220588	0.7504768337854479	True
X	123300000	123350000	2.015446118690761	1.26853315641104	True
X	123350000	123400000	2.015446118690761	1.1734907733894415	True
X	123400000	123450000	2.015446118690761	1.0095667947679459	True
X	123450000	123500000	2.015446118690761	1.0911969206654253	True
X	123500000	123550000	2.015446118690761	1.1482004419618945	True
X	123550000	123600000	2.015446118690761	1.0917566451812848	True
X	123600000	123650000	2.015446118690761	1.1889537622447544	True
X	123650000	123700000	2.015446118690761	1.21811952673975	True
X	123700000	123750000	2.015446118690761	1.309110329111497	True
X	123750000	123800000	2.015446118690761	1.0530395675644222	True
X	123800000	123850000	2.015446118690761	1.0436644531450479	True
X	123850000	123900000	2.015446118690761	1.0597643001695118	True
X	123900000	123950000	2.015446118690761	0.916303815112488	True
X	123950000	124000000	2.015446118690761	1.0352415073000276	True
X	124000000	124050000	2.015446118690761	1.1246682421890626	True
X	124050000	124100000	2.015446118690761	1.0952312140975302	True
X	124100000	124150000	2.015446118690761	0.9392535688467253	True
X	124150000	124200000	2.015446118690761	1.0698881643065572	True
X	124200000	124250000	2.015446118690761	1.130522212652438	True
X	124250000	124300000	2.015446118690761	1.0553639560465804	True
X	124300000	124350000	2.015446118690761	1.1335710117858484	True
X	124350000	124400000	2.015446118690761	0.9800075939723262	True
X	124400000	124450000	2.015446118690761	0.9820103746497759	True
X	124450000	124500000	2.015446118690761	1.035085725920605	True
X	124500000	124550000	2.015446118690761	1.1422770940519487	True
X	124550000	124600000	2.015446118690761	0.9373210844056852	True
X	124600000	124650000	2.015446118690761	1.1319412036055618	True
X	124650000	124700000	2.015446118690761	1.1468445428079908	True
X	124700000	124750000	2.015446118690761	0.9950315708604232	True
X	124750000	124800000	2.015446118690761	1.1504528815823585	True
X	124800000	124850000	2.015446118690761	1.0601829754466463	True
X	124850000	124900000	2.015446118690761	0.9871433080451488	True
X	124900000	124950000	2.015446118690761	0.9412130817070508	True
X	124950000	125000000	2.015446118690761	1.1454818458772758	True
X	125000000	125050000	2.015446118690761	1.0064574522543694	True
X	125050000	125100000	2.015446118690761	0.88531746855247	True
X	125100000	125150000	2.015446118690761	1.1643285060095105	True
X	125150000	125200000	2.015446118690761	0.9838445573935073	True
X	125200000	125250000	2.015446118690761	1.1171901364601482	True
X	125250000	125300000	2.015446118690761	1.3048785745318814	True
X	125300000	125350000	3.2406859788867246	0.9070451063089333	True
X	125350000	125400000	3.2406859788867246	0.9390145306924281	True
X	125400000	125450000	3.2406859788867246	0.9484905142232309	True
X	125450000	125500000	3.2406859788867246	0.9960014889514384	True
X	125500000	125550000	3.2406859788867246	0.917950967873409	True
X	125550000	125600000	3.2406859788867246	1.0109697218105984	True
X	125600000	125650000	3.2406859788867246	0.92818585187028	True
X	125650000	125700000	3.2406859788867246	0.9470348078437125	True
X	125700000	125750000	3.2406859788867246	0.9841835773508358	True
X	125750000	125800000	3.2406859788867246	1.0802069177649634	True
X	125800000	125850000	3.2406859788867246	1.074997647032946	True
X	125850000	125900000	3.2406859788867246	0.9976435456244701	True
X	125900000	125950000	3.2406859788867246	0.8736756644582389	True
X	125950000	126000000	3.2406859788867246	1.0199595391227179	True
X	126000000	126050000	3.2406859788867246	1.0645499839942847	True
X	126050000	126100000	3.2406859788867246	1.0636538350397347	True
X	126100000	126150000	3.2406859788867246	1.0480974963940741	True
X	126150000	126200000	3.2406859788867246	1.0854803708524765	True
X	126200000	126250000	3.2406859788867246	1.0431780073621923	True
X	126250000	126300000	3.2406859788867246	0.8688374396161517	True
X	126300000	126350000	3.2406859788867246	1.1052636384907515	True
X	126350000	126400000	3.2406859788867246	0.8810878424570335	True
X	126400000	126450000	3.2406859788867246	0.9736797083857407	True
X	126450000	126500000	3.2406859788867246	0.9707529331991976	True
X	126500000	126550000	3.2406859788867246	0.9176939465754009	True
X	126550000	126600000	3.2406859788867246	0.9758295826508957	True
X	126600000	126650000	3.2406859788867246	1.0451235220626287	True
X	126650000	126700000	3.2406859788867246	0.967745809040687	True
X	126700000	126750000	3.2406859788867246	0.9165366119728912	True
X	126750000	126800000	3.2406859788867246	1.0085738133050355	True
X	126800000	126850000	3.2406859788867246	1.0566051634496418	True
X	126850000	126900000	3.2406859788867246	0.9944716801843144	True
X	126900000	126950000	3.2406859788867246	0.9900249338374129	True
X	126950000	127000000	3.2406859788867246	0.9914640918126085	True
X	127000000	127050000	3.2406859788867246	1.0141045824082955	True
X	127050000	127100000	3.2406859788867246	1.091622775290504	True
X	127100000	127150000	3.2406859788867246	1.0798924400208938	True
X	127150000	127200000	3.2406859788867246	1.0595961514711214	True
X	127200000	127250000	3.2406859788867246	1.1279750080474453	True
X	127250000	127300000	3.2406859788867246	0.9846483616159271	True
X	127300000	127350000	3.2406859788867246	1.1059622394702067	True
X	127350000	127400000	3.2406859788867246	0.9044451535033103	True
X	127400000	127450000	3.2406859788867246	1.0806086339610221	True
X	127450000	127500000	3.2406859788867246	0.8770228075825731	True
X	127500000	127550000	3.2406859788867246	1.0855664573693065	True
X	127550000	127600000	3.2406859788867246	1.0265352296466999	True
X	127600000	127650000	3.2406859788867246	1.0249491020654495	True
X	127650000	127700000	3.2406859788867246	1.1279057782557564	True
X	127700000	127750000	3.2406859788867246	1.0149694078621392	True
X	127750000	127800000	3.2406859788867246	1.0038621688307603	True
X	127800000	127850000	3.2406859788867246	1.0006287921878187	True
X	127850000	127900000	3.2406859788867246	0.8640914195842884	True
X	127900000	127950000	3.2406859788867246	1.1336330195617248	True
X	127950000	128000000	3.2406859788867246	0.8992873272845545	True
X	128000000	128050000	3.2406859788867246	1.0811061745560524	True
X	128050000	128100000	3.2406859788867246	0.8952951074289682	True
X	128100000	128150000	3.2406859788867246	1.1389517878510305	True
X	128150000	128200000	3.2406859788867246	1.0186433389048093	True
X	128200000	128250000	3.2406859788867246	0.97122131595504	True
X	128250000	128300000	3.2406859788867246	1.0382543946012284	True
X	128300000	128350000	3.2406859788867246	1.0085729280531048	True
X	128350000	128400000	3.2406859788867246	0.9975829273824758	True
X	128400000	128450000	3.2406859788867246	0.978732276904022	True
X	128450000	128500000	3.2406859788867246	1.0820140749683504	True
X	128500000	128550000	3.2406859788867246	0.902785463643805	True
X	128550000	128600000	3.2406859788867246	1.236789027678533	True
X	128600000	128650000	3.2406859788867246	1.2377282271100085	True
X	128650000	128700000	3.2406859788867246	1.1696848306846523	True
X	128700000	128750000	3.2406859788867246	1.2450715659525353	True
X	128750000	128800000	3.2406859788867246	1.030327067236861	True
X	128800000	128850000	3.2406859788867246	1.041045420866191	True
X	128850000	128900000	3.2406859788867246	1.0955663298062688	True
X	128900000	128950000	3.2406859788867246	0.8913067865894047	True
X	128950000	129000000	3.2406859788867246	1.0403398527554417	True
X	129000000	129050000	3.2406859788867246	1.0954630833856107	True
X	129050000	129100000	3.2406859788867246	1.0397145327946633	True
X	129100000	129150000	3.2406859788867246	0.9937443166171185	True
X	129150000	129200000	3.2406859788867246	0.9936097851874294	True
X	129200000	129250000	3.2406859788867246	0.9346818659472176	True
X	129250000	129300000	2.1728656575422582	1.1472454243138992	True
X	129300000	129350000	2.1728656575422582	1.1374380662310781	True
X	129350000	129400000	2.1728656575422582	1.0650135606024442	True
X	129400000	129450000	2.1728656575422582	1.0839496756942208	True
X	129450000	129500000	2.1728656575422582	1.1018575083554016	True
X	129500000	129550000	2.1728656575422582	1.0469560560004278	True
X	129550000	129600000	2.1728656575422582	1.0374530162391633	True
X	129600000	129650000	2.1728656575422582	0.975640751370539	True
X	129650000	129700000	2.1728656575422582	0.9930411238514069	True
X	129700000	129750000	2.1728656575422582	1.0146324608304667	True
X	129750000	129800000	2.1728656575422582	0.9548747184620349	True
X	129800000	129850000	2.1728656575422582	1.0340682804507448	True
X	129850000	129900000	2.1728656575422582	1.0277044708455343	True
X	129900000	129950000	2.1728656575422582	1.0384769253878823	True
X	129950000	130000000	2.1728656575422582	0.9754672919064428	True
X	130000000	130050000	2.1728656575422582	1.2619789216864965	True
X	130050000	130100000	2.1728656575422582	1.1528250116032033	True
X	130100000	130150000	2.1728656575422582	1.0787019804170508	True
X	130150000	130200000	2.1728656575422582	1.0589378952873512	True
X	130200000	130250000	2.1728656575422582	0.9571398603425734	True
X	130250000	130300000	2.1728656575422582	0.9270732175908764	True
X	130300000	130350000	2.1728656575422582	1.0926070379486459	True
X	130350000	130400000	2.1728656575422582	1.1130173077531518	True
X	130400000	130450000	2.1728656575422582	1.495713197414649	True
X	130450000	130500000	2.1728656575422582	1.778170338931855	True
X	130500000	130550000	3.976224647072717	0.8185487527823264	True
X	130550000	130600000	3.976224647072717	0.9837142547118541	True
X	130600000	130650000	3.976224647072717	0.8973300247881387	True
X	130650000	130700000	3.976224647072717	1.0113454503070323	True
X	130700000	130750000	3.976224647072717	0.832156211856931	True
X	130750000	130800000	3.976224647072717	1.0248522735196735	True
X	130800000	130850000	3.976224647072717	0.8954116243856658	True
X	130850000	130900000	3.976224647072717	1.063898437411325	True
X	130900000	130950000	3.976224647072717	1.1715738708464052	True
X	130950000	131000000	3.976224647072717	0.9906218291720352	True
X	131000000	131050000	3.976224647072717	1.065923129330954	True
X	131050000	131100000	3.976224647072717	0.8930143987482149	True
X	131100000	131150000	2.2823169574485584	1.0263580225309223	True
X	131150000	131200000	2.2823169574485584	1.0808042168601164	True
X	131200000	131250000	2.2823169574485584	1.192636785230522	True
X	131250000	131300000	2.2823169574485584	0.9301320043544915	True
X	131300000	131350000	2.2823169574485584	1.0951267768962047	True
X	131350000	131400000	2.2823169574485584	1.24061193109709	True
X	131400000	131450000	2.2823169574485584	1.1748260022051051	True
X	131450000	131500000	2.2823169574485584	0.9619894061934257	True
X	131500000	131550000	2.2823169574485584	1.0081439437312456	True
X	131550000	131600000	2.2823169574485584	1.0225607168748458	True
X	131600000	131650000	2.2823169574485584	1.0666502189136722	True
X	131650000	131700000	2.2823169574485584	1.1208929658863043	True
X	131700000	131750000	2.2823169574485584	1.0609742754989946	True
X	131750000	131800000	2.2823169574485584	1.07361543125016	True
X	131800000	131850000	2.2823169574485584	0.9724889623716111	True
X	131850000	131900000	2.2823169574485584	1.1830972852393706	True
X	131900000	131950000	2.2823169574485584	1.0904844425151539	True
X	131950000	132000000	2.2823169574485584	1.0328379271970631	True
X	132000000	132050000	2.2823169574485584	1.0308764497985181	True
X	132050000	132100000	2.2823169574485584	1.1774589080210507	True
X	132100000	132150000	2.2823169574485584	1.1792949797773826	True
X	132150000	132200000	2.2823169574485584	1.1559831643365872	True
X	132200000	132250000	2.2823169574485584	1.0434683475336952	True
X	132250000	132300000	2.2823169574485584	1.0649574538204467	True
X	132300000	132350000	2.2823169574485584	1.0605013961600889	True
X	132350000	132400000	2.2823169574485584	1.269149380512928	True
X	132400000	132450000	2.2823169574485584	1.0055245851695187	True
X	132450000	132500000	2.2823169574485584	1.025221166096322	True
X	132500000	132550000	2.2823169574485584	0.9841660721057982	True
X	132550000	132600000	2.2823169574485584	0.9907714152143559	True
X	132600000	132650000	2.2823169574485584	1.0180278675806602	True
X	132650000	132700000	2.2823169574485584	0.8761098127412096	True
X	132700000	132750000	2.2823169574485584	1.0097322347701871	True
X	132750000	132800000	2.2823169574485584	1.0473436803208813	True
X	132800000	132850000	2.2823169574485584	1.1068548586646987	True
X	132850000	132900000	2.2823169574485584	1.1120723779700203	True
X	132900000	132950000	2.2823169574485584	1.04387721850175	True
X	132950000	133000000	2.2823169574485584	1.0520204914554527	True
X	133000000	133050000	2.2823169574485584	1.0158916716633501	True
X	133050000	133100000	2.2823169574485584	0.9583600075389894	True
X	133100000	133150000	2.2823169574485584	0.9303945764286616	True
X	133150000	133200000	2.2823169574485584	0.9839370483693979	True
X	133200000	133250000	2.2823169574485584	0.9552973745859772	True
X	133250000	133300000	2.2823169574485584	1.0725767197917848	True
X	133300000	133350000	2.2823169574485584	0.9898368251110068	True
X	133350000	133400000	2.2823169574485584	0.9870749384726313	True
X	133400000	133450000	2.2823169574485584	1.0539394446121322	True
X	133450000	133500000	2.2823169574485584	0.9901354451511362	True
X	133500000	133550000	2.2823169574485584	1.0910532974461717	True
X	133550000	133600000	2.2823169574485584	1.0613539563488086	True
X	133600000	133650000	2.2823169574485584	1.17740911578659	True
X	133650000	133700000	2.2823169574485584	1.0380365711495356	True
X	133700000	133750000	2.2823169574485584	1.0664813405024152	True
X	133750000	133800000	2.2823169574485584	1.0390933671969298	True
X	133800000	133850000	2.2823169574485584	0.9987579177353183	True
X	133850000	133900000	2.2823169574485584	1.108222780276153	True
X	133900000	133950000	2.2823169574485584	1.127829353780786	True
X	133950000	134000000	2.2823169574485584	1.1059167241185373	True
X	134000000	134050000	2.2823169574485584	1.1317178411105882	True
X	134050000	134100000	2.2823169574485584	1.0401821891402518	True
X	134100000	134150000	2.2823169574485584	0.9894159447331315	True
X	134150000	134200000	2.2823169574485584	0.9618349195773773	True
X	134200000	134250000	2.2823169574485584	0.9359089690968493	True
X	134250000	134300000	2.2823169574485584	0.5	True
X	134300000	134350000	2.2823169574485584	0.7928794624088201	True
X	134350000	134400000	2.2823169574485584	0.5	True
X	134400000	134450000	2.2823169574485584	0.9343404400943357	True
X	134450000	134500000	2.2823169574485584	0.9725801143460544	True
X	134500000	134550000	2.2823169574485584	0.9803178214152434	True
X	134550000	134600000	2.2823169574485584	0.9179743489298117	True
X	134600000	134650000	2.2823169574485584	1.1575068986789452	True
X	134650000	134700000	2.2823169574485584	1.0263953553688303	True
X	134700000	134750000	2.2823169574485584	0.8561088213262599	True
X	134750000	134800000	2.2823169574485584	0.813536380773494	True
X	134800000	134850000	2.2823169574485584	0.7586087490917447	True
X	134850000	134900000	2.2823169574485584	0.5	True
X	134900000	134950000	2.2823169574485584	0.5	True
X	134950000	135000000	2.2823169574485584	0.5670352151514262	True
X	135000000	135050000	2.2823169574485584	0.854659313447557	True
X	135050000	135100000	2.2823169574485584	1.1604550170715988	True
X	135100000	135150000	2.2823169574485584	0.9719019898042885	True
X	135150000	135200000	2.2823169574485584	0.9574910164915533	True
X	135200000	135250000	2.2823169574485584	1.0520791849193882	True
X	135250000	135300000	2.2823169574485584	1.0049805541988237	True
X	135300000	135350000	2.2823169574485584	0.9781949775389964	True
X	135350000	135400000	2.2823169574485584	0.944099963690008	True
X	135400000	135450000	2.2823169574485584	1.0097772794013364	True
X	135450000	135500000	2.2823169574485584	1.064836029179162	True
X	135500000	135550000	2.2823169574485584	0.9761998142997103	True
X	135550000	135600000	2.2823169574485584	0.9098694165497266	True
X	135600000	135650000	2.2823169574485584	0.999022485538206	True
X	135650000	135700000	2.2823169574485584	1.0360064800247937	True
X	135700000	135750000	2.2823169574485584	0.965510770577913	True
X	135750000	135800000	2.2823169574485584	1.1044940533662944	True
X	135800000	135850000	2.2823169574485584	1.0911755636372555	True
X	135850000	135900000	2.2823169574485584	1.0890307609070338	True
X	135900000	135950000	2.2823169574485584	1.1238371693528142	True
X	135950000	136000000	2.2823169574485584	0.9795586410553769	True
X	136000000	136050000	2.2823169574485584	1.0798626325814416	True
X	136050000	136100000	2.2823169574485584	0.8790463214435266	True
X	136100000	136150000	2.2823169574485584	0.980636086446527	True
X	136150000	136200000	2.2823169574485584	0.9794597916993448	True
X	136200000	136250000	2.2823169574485584	0.8932497503575421	True
X	136250000	136300000	2.2823169574485584	1.0105405021495821	True
X	136300000	136350000	1.0351925874543535	1.202284686560941	True
X	136350000	136400000	1.0351925874543535	0.9697053930420085	True
X	136400000	136450000	1.0351925874543535	0.9707223775682275	True
X	136450000	136500000	1.0351925874543535	1.0952982981828507	True
X	136500000	136550000	1.0351925874543535	0.9618976267678873	True
X	136550000	136600000	1.0351925874543535	1.079449607268492	True
X	136600000	136650000	1.0351925874543535	0.9473398912860459	True
X	136650000	136700000	1.0351925874543535	1.075134340103887	True
X	136700000	136750000	1.0351925874543535	1.0174946196407455	True
X	136750000	136800000	1.0351925874543535	0.9928510715008534	True
X	136800000	136850000	1.0351925874543535	0.9599055571488678	True
X	136850000	136900000	1.0351925874543535	0.969219772473107	True
X	136900000	136950000	1.0351925874543535	0.8048863882482843	True
X	136950000	137000000	1.0351925874543535	0.9464541881478933	True
X	137000000	137050000	1.0351925874543535	0.9916692302002058	True
X	137050000	137100000	1.0351925874543535	0.9756422723766957	True
X	137100000	137150000	1.0351925874543535	1.0216425638175923	True
X	137150000	137200000	1.0351925874543535	1.092988944310056	True
X	137200000	137250000	1.0351925874543535	0.9587563406621743	True
X	137250000	137300000	1.0351925874543535	1.0961262802328744	True
X	137300000	137350000	1.0351925874543535	0.8481456494108015	True
X	137350000	137400000	1.0351925874543535	1.016340304041661	True
X	137400000	137450000	1.0351925874543535	1.0096207283880048	True
X	137450000	137500000	1.0351925874543535	1.0339174848638122	True
X	137500000	137550000	1.0351925874543535	0.8696659103541753	True
X	137550000	137600000	1.0351925874543535	1.0280388591462861	True
X	137600000	137650000	1.0351925874543535	0.8733824036194181	True
X	137650000	137700000	1.0351925874543535	0.8756981354495424	True
X	137700000	137750000	1.0351925874543535	0.9921767536375948	True
X	137750000	137800000	1.0351925874543535	1.1037979499743553	True
X	137800000	137850000	1.0351925874543535	1.1703957577108106	True
X	137850000	137900000	1.0351925874543535	1.0761494707339538	True
X	137900000	137950000	1.0351925874543535	1.061762552720321	True
X	137950000	138000000	1.0351925874543535	1.1477301757751928	True
X	138000000	138050000	1.0351925874543535	1.0333063150079078	True
X	138050000	138100000	1.0351925874543535	0.9893173731855993	True
X	138100000	138150000	1.0351925874543535	1.1440704497577285	True
X	138150000	138200000	1.0351925874543535	1.1488478797874584	True
X	138200000	138250000	1.0351925874543535	1.0689011787828275	True
X	138250000	138300000	1.0351925874543535	1.1776334194203206	True
X	138300000	138350000	1.0351925874543535	1.048773839134836	True
X	138350000	138400000	1.0351925874543535	1.1168452725586575	True
X	138400000	138450000	1.0351925874543535	0.9968949443713132	True
X	138450000	138500000	1.0351925874543535	0.99863143178875	True
X	138500000	138550000	1.0351925874543535	1.0792481138157421	True
X	138550000	138600000	1.0351925874543535	1.064257969331942	True
X	138600000	138650000	1.0351925874543535	1.0167060842610511	True
X	138650000	138700000	1.0351925874543535	1.067122626956076	True
X	138700000	138750000	1.0351925874543535	1.1495414201377099	True
X	138750000	138800000	1.0351925874543535	1.0235091628731017	True
X	138800000	138850000	1.0351925874543535	1.0524364235996602	True
X	138850000	138900000	1.0351925874543535	0.9986665409428954	True
X	138900000	138950000	1.0351925874543535	1.0083166147493596	True
X	138950000	139000000	1.0351925874543535	0.99069227960206	True
X	139000000	139050000	1.0351925874543535	1.1527475778086833	True
X	139050000	139100000	1.0351925874543535	0.903665239037508	True
X	139100000	139150000	1.0351925874543535	0.9843405429970306	True
X	139150000	139200000	1.0351925874543535	0.9940025245695339	True
X	139200000	139250000	1.0351925874543535	1.0025238560651082	True
X	139250000	139300000	1.0351925874543535	0.9786464923720187	True
X	139300000	139350000	1.0351925874543535	0.9941334973488087	True
X	139350000	139400000	1.0351925874543535	1.0745401422501228	True
X	139400000	139450000	1.0351925874543535	1.1603384190379713	True
X	139450000	139500000	1.0351925874543535	0.9771541557001864	True
X	139500000	139550000	1.0351925874543535	0.9475557906033343	True
X	139550000	139600000	1.0351925874543535	0.9025492923188178	True
X	139600000	139650000	1.0351925874543535	1.1506194830491387	True
X	139650000	139700000	1.0351925874543535	0.9537173179712688	True
X	139700000	139750000	1.0351925874543535	1.0576782795612611	True
X	139750000	139800000	1.0351925874543535	1.0220900307738985	True
X	139800000	139850000	1.0351925874543535	1.0444383991652286	True
X	139850000	139900000	1.0351925874543535	1.1369376265929403	True
X	139900000	139950000	1.0351925874543535	1.0907776258336115	True
X	139950000	140000000	1.0351925874543535	0.9839113471070761	True
X	140000000	140050000	1.0351925874543535	1.096472954337524	True
X	140050000	140100000	1.0351925874543535	0.5976845750337508	True
X	140100000	140150000	1.0351925874543535	0.5	True
X	140150000	140200000	1.0351925874543535	0.5	True
X	140200000	140250000	1.0351925874543535	0.9954427643497128	True
X	140250000	140300000	1.0351925874543535	1.0043991884018293	True
X	140300000	140350000	1.0351925874543535	0.8109730835310867	True
X	140350000	140400000	1.0351925874543535	1.0928704869579802	True
X	140400000	140450000	1.0351925874543535	1.151437408761948	True
X	140450000	140500000	1.0351925874543535	0.9848797243444296	True
X	140500000	140550000	1.0351925874543535	1.1270114967577176	True
X	140550000	140600000	1.834515634645225	0.5	True
X	140600000	140650000	1.834515634645225	0.5	True
X	140650000	140700000	1.834515634645225	0.5	True
X	140700000	140750000	1.834515634645225	0.6201867485888591	True
X	140750000	140800000	1.834515634645225	0.5839356680747388	True
X	140800000	140850000	1.834515634645225	0.6429480173596954	True
X	140850000	140900000	1.834515634645225	0.6219710938649253	True
X	140900000	140950000	1.834515634645225	0.6259215752327832	True
X	140950000	141000000	1.834515634645225	0.5245800677986286	True
X	141000000	141050000	1.834515634645225	0.6927281545466254	True
X	141050000	141100000	1.834515634645225	0.7067373781458207	True
X	141100000	141150000	1.834515634645225	1.283808704373081	True
X	141150000	141200000	1.834515634645225	1.3125230938193049	True
X	141200000	141250000	1.834515634645225	1.1171925285750655	True
X	141250000	141300000	1.834515634645225	0.9521697865826901	True
X	141300000	141350000	1.834515634645225	1.2311415904086258	True
X	141350000	141400000	1.834515634645225	1.164110009276096	True
X	141400000	141450000	1.834515634645225	1.1373469635698725	True
X	141450000	141500000	1.834515634645225	1.1439872469545558	True
X	141500000	141550000	1.834515634645225	1.13546500936387	True
X	141550000	141600000	1.834515634645225	1.092459269291691	True
X	141600000	141650000	1.834515634645225	1.0818283362402628	True
X	141650000	141700000	1.834515634645225	1.0229197441440667	True
X	141700000	141750000	1.834515634645225	1.161236990035879	True
X	141750000	141800000	1.834515634645225	1.2254555016263176	True
X	141800000	141850000	1.834515634645225	1.10642986250013	True
X	141850000	141900000	1.834515634645225	1.0994982465506606	True
X	141900000	141950000	1.834515634645225	0.9378238414793566	True
X	141950000	142000000	1.834515634645225	0.995217794255619	True
X	142000000	142050000	1.834515634645225	1.1224730068455557	True
X	142050000	142100000	1.834515634645225	1.1310999586686517	True
X	142100000	142150000	1.834515634645225	1.1240880086139937	True
X	142150000	142200000	3.088698864310669	1.0385403723036153	True
X	142200000	142250000	3.088698864310669	0.9136219492858894	True
X	142250000	142300000	3.088698864310669	0.9748303091506368	True
X	142300000	142350000	3.088698864310669	1.0240798076159194	True
X	142350000	142400000	3.088698864310669	1.0059876144303173	True
X	142400000	142450000	3.088698864310669	0.9399356922604328	True
X	142450000	142500000	3.088698864310669	1.0046315797534198	True
X	142500000	142550000	3.088698864310669	1.1441862217123815	True
X	142550000	142600000	3.088698864310669	0.8741449426265817	True
X	142600000	142650000	3.088698864310669	0.9488960628261991	True
X	142650000	142700000	3.088698864310669	0.9771451185141636	True
X	142700000	142750000	3.088698864310669	1.02506353712627	True
X	142750000	142800000	3.088698864310669	1.1035143490950843	True
X	142800000	142850000	3.088698864310669	0.9890821553314858	True
X	142850000	142900000	3.088698864310669	1.0685628477556997	True
X	142900000	142950000	3.088698864310669	0.89535594436141	True
X	142950000	143000000	3.088698864310669	1.1478970475341626	True
X	143000000	143050000	3.088698864310669	0.9923811845255405	True
X	143050000	143100000	3.088698864310669	1.1460792962014528	True
X	143100000	143150000	3.088698864310669	0.9851878281418988	True
X	143150000	143200000	3.088698864310669	0.5	True
X	143200000	143250000	3.088698864310669	0.5	True
X	143250000	143300000	3.088698864310669	0.5	True
X	143300000	143350000	3.088698864310669	0.9454558857310013	True
X	143350000	143400000	3.088698864310669	0.998358579492539	True
X	143400000	143450000	3.088698864310669	0.8592590731944308	True
X	143450000	143500000	3.088698864310669	1.0886380037076864	True
X	143500000	143550000	1.836169160183097	0.5	True
X	143550000	143600000	1.836169160183097	1.3765855969011047	True
X	143600000	143650000	1.836169160183097	1.7730763775360021	True
X	143650000	143700000	1.836169160183097	1.572827652666702	True
X	143700000	143750000	1.836169160183097	1.7224681544534062	True
X	143750000	143800000	1.836169160183097	1.170704889373301	True
X	143800000	143850000	1.836169160183097	1.05989214434777	True
X	143850000	143900000	1.836169160183097	1.0971423882382618	True
X	143900000	143950000	1.836169160183097	1.0805312354129168	True
X	143950000	144000000	1.836169160183097	0.9950413204200682	True
X	144000000	144050000	1.836169160183097	1.071679712350401	True
X	144050000	144100000	1.836169160183097	1.0066844567748376	True
X	144100000	144150000	1.836169160183097	1.1678175071350145	True
X	144150000	144200000	1.836169160183097	1.1396809669869121	True
X	144200000	144250000	1.836169160183097	1.1494977314219719	True
X	144250000	144300000	1.836169160183097	1.2095713617695252	True
X	144300000	144350000	1.836169160183097	0.958826103615279	True
X	144350000	144400000	1.836169160183097	1.1386196781081996	True
X	144400000	144450000	1.836169160183097	1.0433718765438589	True
X	144450000	144500000	1.836169160183097	1.3049671532518274	True
X	144500000	144550000	1.836169160183097	0.9694338193515392	True
X	144550000	144600000	1.836169160183097	1.0548247225318634	True
X	144600000	144650000	1.836169160183097	1.0242185992255526	True
X	144650000	144700000	1.836169160183097	1.229615821924998	True
X	144700000	144750000	1.836169160183097	1.1087894282159734	True
X	144750000	144800000	1.836169160183097	1.009903763993029	True
X	144800000	144850000	1.836169160183097	1.016137418296755	True
X	144850000	144900000	1.836169160183097	1.1701876133135873	True
X	144900000	144950000	1.836169160183097	1.051068454216816	True
X	144950000	145000000	1.836169160183097	1.1693373183537297	True
X	145000000	145050000	1.836169160183097	1.1621659053757356	True
X	145050000	145100000	1.836169160183097	1.0038807598650474	True
X	145100000	145150000	1.836169160183097	1.0329297070218844	True
X	145150000	145200000	1.836169160183097	1.1827925218791844	True
X	145200000	145250000	1.836169160183097	0.9707576001272992	True
X	145250000	145300000	1.836169160183097	1.3397707684030233	True
X	145300000	145350000	1.836169160183097	0.956322546354344	True
X	145350000	145400000	1.836169160183097	1.1018462733996464	True
X	145400000	145450000	1.836169160183097	1.078193310777432	True
X	145450000	145500000	1.836169160183097	1.1008351326912853	True
X	145500000	145550000	1.836169160183097	1.244960642223954	True
X	145550000	145600000	1.836169160183097	0.8988260323604441	True
X	145600000	145650000	0.927937197122438	0.9997545769536641	True
X	145650000	145700000	0.927937197122438	1.081097984240208	True
X	145700000	145750000	0.927937197122438	1.0018666660689635	True
X	145750000	145800000	0.927937197122438	1.1168415016819238	True
X	145800000	145850000	0.927937197122438	1.04093431498641	True
X	145850000	145900000	0.927937197122438	0.6928824216838415	True
X	145900000	145950000	0.927937197122438	0.840933616408074	True
X	145950000	146000000	0.927937197122438	0.9788589760985461	True
X	146000000	146050000	0.927937197122438	1.0413730282251752	True
X	146050000	146100000	0.927937197122438	1.073096187159312	True
X	146100000	146150000	0.927937197122438	1.1683688047656131	True
X	146150000	146200000	0.927937197122438	1.0401712211728251	True
X	146200000	146250000	0.927937197122438	1.0729979802822691	True
X	146250000	146300000	0.927937197122438	1.0693596645336443	True
X	146300000	146350000	0.927937197122438	0.8768678690725612	True
X	146350000	146400000	0.927937197122438	0.888639360196955	True
X	146400000	146450000	0.927937197122438	0.9806911554573328	True
X	146450000	146500000	0.927937197122438	0.9887826289928368	True
X	146500000	146550000	0.927937197122438	1.1162890837494568	True
X	146550000	146600000	0.927937197122438	1.1122966801030791	True
X	146600000	146650000	0.927937197122438	1.1259287180047843	True
X	146650000	146700000	0.927937197122438	1.1200509829902376	True
X	146700000	146750000	0.927937197122438	0.9002328873167976	True
X	146750000	146800000	0.927937197122438	0.9019893600811105	True
X	146800000	146850000	0.927937197122438	1.086897602473116	True
X	146850000	146900000	0.927937197122438	1.1078052881854505	True
X	146900000	146950000	0.927937197122438	1.1077680957820397	True
X	146950000	147000000	0.927937197122438	1.1831042525649587	True
X	147000000	147050000	0.927937197122438	1.180985229838855	True
X	147050000	147100000	0.927937197122438	0.9699471748154488	True
X	147100000	147150000	0.927937197122438	1.2436116614852157	True
X	147150000	147200000	0.927937197122438	1.1558654329228495	True
X	147200000	147250000	0.927937197122438	1.1326031325196628	True
X	147250000	147300000	0.927937197122438	1.033777208649115	True
X	147300000	147350000	0.927937197122438	0.9964469696526085	True
X	147350000	147400000	0.927937197122438	1.046172658980972	True
X	147400000	147450000	0.927937197122438	0.9962648736978893	True
X	147450000	147500000	0.927937197122438	1.0524006592616306	True
X	147500000	147550000	0.927937197122438	1.0327185181672514	True
X	147550000	147600000	0.927937197122438	1.097774736221951	True
X	147600000	147650000	0.927937197122438	1.0080722908111543	True
X	147650000	147700000	0.927937197122438	1.1770836809903857	True
X	147700000	147750000	0.927937197122438	1.0710676214532409	True
X	147750000	147800000	0.927937197122438	0.9935789985377543	True
X	147800000	147850000	0.927937197122438	1.011427521794951	True
X	147850000	147900000	0.927937197122438	1.0488928665892012	True
X	147900000	147950000	0.927937197122438	1.0135936146222608	True
X	147950000	148000000	0.927937197122438	0.9824993424247513	True
X	148000000	148050000	0.927937197122438	1.1005711524750021	True
X	148050000	148100000	0.927937197122438	0.8781332369718017	True
X	148100000	148150000	0.927937197122438	1.0050423011582417	True
X	148150000	148200000	0.927937197122438	1.0231173114900944	True
X	148200000	148250000	0.927937197122438	1.1042751181661883	True
X	148250000	148300000	0.927937197122438	0.8998131697017099	True
X	148300000	148350000	0.927937197122438	1.2220911787439799	True
X	148350000	148400000	0.927937197122438	1.1867914462390015	True
X	148400000	148450000	0.927937197122438	1.1154690438063901	True
X	148450000	148500000	0.927937197122438	1.1469897396084203	True
X	148500000	148550000	0.927937197122438	1.1469050807480194	True
X	148550000	148600000	0.927937197122438	1.2670340951340857	True
X	148600000	148650000	0.927937197122438	0.563251552173131	True
X	148650000	148700000	0.927937197122438	0.5474733325463281	True
X	148700000	148750000	0.927937197122438	0.9426349019928828	True
X	148750000	148800000	0.927937197122438	0.7880333807104203	True
X	148800000	148850000	0.927937197122438	0.5770084040499772	True
X	148850000	148900000	0.927937197122438	0.5	True
X	148900000	148950000	0.927937197122438	0.5	True
X	148950000	149000000	0.927937197122438	0.9674156106069066	True
X	149000000	149050000	0.927937197122438	0.6830125312222974	True
X	149050000	149100000	0.927937197122438	0.5	True
X	149100000	149150000	0.927937197122438	1.051139346686858	True
X	149150000	149200000	0.927937197122438	1.0741157537385095	True
X	149200000	149250000	0.927937197122438	1.138908619304384	True
X	149250000	149300000	0.927937197122438	0.9981583050518609	True
X	149300000	149350000	0.927937197122438	0.8858573093099995	True
X	149350000	149400000	0.927937197122438	1.084059479679076	True
X	149400000	149450000	0.927937197122438	0.9065033374805723	True
X	149450000	149500000	0.927937197122438	1.0483690575880653	True
X	149500000	149550000	0.927937197122438	1.1627004927498725	True
X	149550000	149600000	0.927937197122438	1.1620910376525697	True
X	149600000	149650000	0.927937197122438	1.1276257636051505	True
X	149650000	149700000	0.927937197122438	1.1232968974951854	True
X	149700000	149750000	0.927937197122438	1.2040791309069196	True
X	149750000	149800000	0.927937197122438	1.0966977975533414	True
X	149800000	149850000	0.927937197122438	1.1478325102906257	True
X	149850000	149900000	0.927937197122438	1.2986384361917798	True
X	149900000	149950000	0.927937197122438	1.1130605164212584	True
X	149950000	150000000	0.927937197122438	1.283018755670908	True
X	150000000	150050000	0.927937197122438	1.1198670448802839	True
X	150050000	150100000	0.927937197122438	1.1065088493982485	True
X	150100000	150150000	0.927937197122438	1.0094597401794088	True
X	150150000	150200000	0.927937197122438	1.035679717222618	True
X	150200000	150250000	0.927937197122438	1.1152095941679736	True
X	150250000	150300000	0.927937197122438	1.1026881609479897	True
X	150300000	150350000	0.927937197122438	1.141066082129199	True
X	150350000	150400000	0.927937197122438	1.0299729795023311	True
X	150400000	150450000	0.927937197122438	1.0164477710464102	True
X	150450000	150500000	0.927937197122438	1.1176019221937665	True
X	150500000	150550000	0.927937197122438	0.8303282671595369	True
X	150550000	150600000	0.927937197122438	1.0160387565518887	True
X	150600000	150650000	0.927937197122438	1.0539651391815732	True
X	150650000	150700000	0.927937197122438	1.0942305809859605	True
X	150700000	150750000	0.927937197122438	0.9352502507190074	True
X	150750000	150800000	0.927937197122438	1.0286381332043781	True
X	150800000	150850000	0.927937197122438	1.078446432968109	True
X	150850000	150900000	0.927937197122438	1.090214122545706	True
X	150900000	150950000	0.927937197122438	1.0973392094979826	True
X	150950000	151000000	0.927937197122438	1.2769975856980664	True
X	151000000	151050000	0.927937197122438	1.0951973886438042	True
X	151050000	151100000	0.927937197122438	1.002753156334596	True
X	151100000	151150000	0.927937197122438	0.9464780430627282	True
X	151150000	151200000	0.927937197122438	1.0152452908203864	True
X	151200000	151250000	0.927937197122438	1.1773071216113231	True
X	151250000	151300000	0.927937197122438	0.9709046595934051	True
X	151300000	151350000	0.927937197122438	1.120956734312714	True
X	151350000	151400000	0.927937197122438	1.1538165616668294	True
X	151400000	151450000	0.927937197122438	0.9247554281955805	True
X	151450000	151500000	0.927937197122438	0.9977166283450676	True
X	151500000	151550000	0.927937197122438	1.2230097213153255	True
X	151550000	151600000	0.927937197122438	1.0951975172895614	True
X	151600000	151650000	0.927937197122438	1.1207249061062867	True
X	151650000	151700000	0.927937197122438	0.9337144791785889	True
X	151700000	151750000	0.927937197122438	0.9952645282352107	True
X	151750000	151800000	0.927937197122438	1.1445437808086865	True
X	151800000	151850000	0.927937197122438	0.9845908953974529	True
X	151850000	151900000	0.927937197122438	0.5	True
X	151900000	151950000	0.927937197122438	0.5	True
X	151950000	152000000	0.927937197122438	0.9187793566532492	True
X	152000000	152050000	0.927937197122438	1.1624402598650825	True
X	152050000	152100000	0.927937197122438	0.9617325291177048	True
X	152100000	152150000	0.927937197122438	1.2654224379832073	True
X	152150000	152200000	0.927937197122438	0.9056055904443312	True
X	152200000	152250000	0.927937197122438	0.6110910090438613	True
X	152250000	152300000	0.927937197122438	0.5	True
X	152300000	152350000	0.927937197122438	0.5	True
X	152350000	152400000	0.927937197122438	0.5	True
X	152400000	152450000	0.927937197122438	0.5	True
X	152450000	152500000	0.927937197122438	0.7913013348982083	True
X	152500000	152550000	0.927937197122438	0.5	True
X	152550000	152600000	0.927937197122438	0.8220419978385457	True
X	152600000	152650000	0.927937197122438	1.048445914286363	True
X	152650000	152700000	0.927937197122438	0.827360367549403	True
X	152700000	152750000	0.927937197122438	0.9491238552793125	True
X	152750000	152800000	0.927937197122438	0.6178907182837072	True
X	152800000	152850000	0.927937197122438	0.7117626128115185	True
X	152850000	152900000	0.927937197122438	0.9512022500246259	True
X	152900000	152950000	0.927937197122438	1.0293979347677062	True
X	152950000	153000000	0.927937197122438	0.8438158505306974	True
X	153000000	153050000	0.927937197122438	0.881349638554444	True
X	153050000	153100000	0.927937197122438	0.8268470594006769	True
X	153100000	153150000	0.927937197122438	0.8508711102931659	True
X	153150000	153200000	0.927937197122438	0.9956677705481913	True
X	153200000	153250000	0.927937197122438	0.8995288800633959	True
X	153250000	153300000	0.927937197122438	0.8639314105938607	True
X	153300000	153350000	0.927937197122438	1.5194112684444663	True
X	153350000	153400000	2.2194454032450226	0.8890928328717784	True
X	153400000	153450000	2.2194454032450226	0.5	True
X	153450000	153500000	2.2194454032450226	0.5	True
X	153500000	153550000	2.2194454032450226	0.6271135049166991	True
X	153550000	153600000	2.2194454032450226	0.570782261991767	True
X	153600000	153650000	2.2194454032450226	0.7393758377147899	True
X	153650000	153700000	2.2194454032450226	0.7657330878470845	True
X	153700000	153750000	2.2194454032450226	0.8190969692170089	True
X	153750000	153800000	2.2194454032450226	0.6771591614962423	True
X	153800000	153850000	2.2194454032450226	0.5	True
X	153850000	153900000	2.2194454032450226	0.5	True
X	153900000	153950000	2.2194454032450226	0.9257918413728168	True
X	153950000	154000000	2.2194454032450226	0.9156431526795153	True
X	154000000	154050000	2.2194454032450226	0.8849534675033525	True
X	154050000	154100000	2.2194454032450226	1.0451459936544698	True
X	154100000	154150000	2.2194454032450226	0.8798238215794749	True
X	154150000	154200000	2.2194454032450226	0.9393756685937953	True
X	154200000	154250000	2.2194454032450226	0.971272396840444	True
X	154250000	154300000	2.2194454032450226	0.9791650925879559	True
X	154300000	154350000	2.2194454032450226	0.9759807401490125	True
X	154350000	154400000	2.2194454032450226	0.8479264500246484	True
X	154400000	154450000	2.2194454032450226	0.947773617769977	True
X	154450000	154500000	2.2194454032450226	0.8931741920486274	True
X	154500000	154550000	2.2194454032450226	0.8811845462429266	True
X	154550000	154600000	2.2194454032450226	0.5	True
X	154600000	154650000	2.2194454032450226	0.617859528903203	True
X	154650000	154700000	2.2194454032450226	0.538706295957706	True
X	154700000	154750000	2.2194454032450226	0.5	True
X	154750000	154800000	2.2194454032450226	0.5430083645485168	True
X	154800000	154850000	2.2194454032450226	0.7003431222832089	True
X	154850000	154900000	2.2194454032450226	0.8296107915216215	True
X	154900000	154950000	2.2194454032450226	0.5	True
X	154950000	155000000	0.0181749983662989	1.0	False
X	155000000	155050000	0.0181749983662989	1.0	False
X	155050000	155100000	0.0181749983662989	1.0	False
X	155100000	155150000	0.0181749983662989	1.0	False
X	155150000	155200000	0.0181749983662989	1.0	False
X	155200000	155250000		1.0	False
X	155250000	155270560		1.0	False
